{"value":"{\"aid\": \"40220127\", \"title\": \"Training a Drink Classifier with Fastai\", \"url\": \"https://nickherrig.com/posts/drink-classifier/\", \"domain\": \"nickherrig.com\", \"votes\": 1, \"user\": \"zerojames\", \"posted_at\": \"2024-05-01 06:19:13\", \"comments\": 0, \"source_title\": \"Training a Drink Classifier with Fastai\", \"source_text\": \"Training a Drink Classifier with Fastai | Nick Herrig\\n\\n# Training a Drink Classifier with Fastai\\n\\ntraining classification models with fastai\\n\\nApril 28, 2024 \\u00b7 Me | Suggest Changes\\n\\nI recently started a new course called Practical Deep Learning. The course is\\ntaught by Jeremy Howard, a machine learning legend and founder of fast.ai. One\\nof the first lessons in the course was training a classifier to detect birds\\nin images. As part of learning the materials, I thought i\\u2019d be a fun\\nexperiment to extend this model to classify the top 10 most popular cocktails.\\nLet\\u2019s get started \\ud83c\\udf78\\ud83c\\udf79.\\n\\n## What we\\u2019re building#\\n\\nThe goal is to identify the most popular cocktails in images. We\\u2019ll be\\nfocusing on the below 10 cocktails.\\n\\n  1. Old Fashioned\\n  2. Margarita\\n  3. Mojito\\n  4. Pina Colada\\n  5. Manhattan\\n  6. Whiskey Sour\\n  7. Gin & Tonic\\n  8. Long Island Iced Tea\\n  9. Cosmopolitan\\n  10. Daiquiri\\n\\nIn order to accomplish this goal, we\\u2019ll be fine tuning a resnet18 model on\\nimages collected via the DuckDuckGo search engine. From there, we\\u2019ll feed the\\nmodel our images to see how it performs.\\n\\n## Installing our Dependencies#\\n\\nBefore we get started let\\u2019s pip install our python packages from fast.ai and\\nDuckDuckGo.\\n\\n    \\n    \\n    pip install -U fastai duckduckgo_search\\n\\nNow that we have our packages installed let\\u2019s collect our data.\\n\\n## Retrieving the Data#\\n\\nIn order to train the model, we need some images of cocktails. Luckily,\\nDuckDuckGo provides a nice way to do this. We\\u2019ll use a python package called\\nduckduckgo_search to accomplish fetching some images for training. Let\\u2019s\\ndefine a function that takes a search term and max_images and returns a list\\nof image urls for download\\n\\n    \\n    \\n    from duckduckgo_search import DDGS from fastcore.all import L def search_images(term, max_images=200): return L(DDGS().images(term, max_results=max_images)).itemgot('image') print(search_images(\\\"margarita\\\", max_images=1))\\n\\nRunning this script returns an image of a margarita\\n\\nLet\\u2019s now collect 100 images of each drink type for training. We\\u2019ll also\\ncleverly create drink directories so that we can use the parent directory name\\nfor training later. The last thing we\\u2019ll do is use the fastai verify_images\\nfunction to remove any images that weren\\u2019t downloaded correctly.\\n\\n    \\n    \\n    from fastcore.all import * from time import sleep drinks = \\\"old fashioned\\\", \\\"margarita\\\", \\\"mojito\\\", \\\"pina colada\\\", \\\"manhattan\\\", \\\"whiskey sour\\\", \\\"gin & tonic\\\", \\\"long island iced tea\\\", \\\"cosmopolitan\\\", \\\"daiquiri\\\" path = Path('drinks') # Loop over drinks and download 100 images. for o in drinks: dest = (path/o) dest.mkdir(exist_ok=True, parents=True) download_images(dest, urls=search_images(f'{o} drink photo', max_images=100)) sleep(5) resize_images(path/o, max_size=400, dest=path/o) # Remove any failed downloads failed = verify_images(get_image_files(path)) failed.map(Path.unlink) print(len(failed))\\n\\nAwesome, at this point we\\u2019ve got a organized file structure of our drink data.\\nLet\\u2019s take a peak.\\n\\n    \\n    \\n    drinks daiquiri 4790c0ff-e523-4e20-8168-6daff1dba026.jpg 8fd1dd30-aca2-452b-a8c1-5c7fe48ee46a.jpg old fashioned 303b9759-e221-4880-974e-bf80f8930514.jpg b00c262d-d6da-452e-9e9a-0ed6bd616ee4.jpg cosmopolitan 35171536-c66d-4d51-8a0c-91f553517095.jpg 29cdb5d0-3305-4798-b2b0-3523989defe2.jpg whiskey sour 2459b494-f28a-4cae-9d91-d47e654f2d43.jpg eae1d636-7f22-4a7b-8d0b-b3e8a5543b19.jpg long island iced tea a4c36272-f6da-4156-8243-e45fefb3a93e.jpg 58816b29-fa35-4c05-ba04-19ab8c218710.jpg manhattan 4a455be1-df81-40b1-becb-aa0819531316.jpg 05a71cdc-126c-4587-982a-98dc23117f7a.jpg mojito dbd52674-f6c1-4efc-8d17-afc42fd4b799.jpg 34420fb7-2e4f-42d6-9c0b-51c6299b6561.jpg gin & tonic 0e62862b-de77-4ba6-b425-0491cafc342a.jpg 88859bb4-f704-425c-bc00-5b3d82d8e5d5.jpg margarita 8595af09-f927-4381-813a-4b1c6b204c70.png 85997818-a971-43a5-a240-f38ae73ae9e7.jpg pina colada e85622b3-7ea8-44ce-8d4e-17571e2e85e7.jpg 9fcfc108-40d2-4247-a48e-f00c43614a91.jpg\\n\\n## Training the Model#\\n\\nNow that we\\u2019ve got our images installed, let\\u2019s get on with training our model.\\nWe\\u2019ll use the fastai DataBlock object to create a slice of training and\\nvalidation images.\\n\\n    \\n    \\n    from fastai.vision.all import * from matplotlib import pyplot path=\\\"drinks\\\" dls = DataBlock( blocks=(ImageBlock, CategoryBlock), get_items=get_image_files, splitter=RandomSplitter(valid_pct=0.2, seed=42), get_y=parent_label, item_tfms=[Resize(192, method='squish')] ).dataloaders(path) dls.show_batch(max_n=12) pyplot.show() # Note, this is only needed if running outside of a notebook\\n\\nSome important items to call out here are that we\\u2019re using the Image Block and\\nCategoryBlock to align our images with the parent_label of the directory, in\\nother words aligning the drink picture with the correct drink type. Let\\u2019s take\\na look at a few images in our training set.\\n\\ndrink batch\\n\\nPretty cool! Now, let\\u2019s get to training! We\\u2019ll use a vision_learner to fine\\ntune a resnet18 model on 20 epochs of the data. It\\u2019s interesting to see the\\ntrain_loss decrease showing that our model is learning from the data. We\\u2019ll\\nsave our model weights after training.\\n\\n    \\n    \\n    learn = vision_learner(dls, resnet18, metrics=error_rate) learn.fine_tune(20) learn.save(\\\"model-weights.pth\\\")\\n    \\n    \\n    Downloading: \\\"https://download.pytorch.org/models/resnet18-f37072fd.pth\\\" to /Users/nickherrig/.cache/torch/hub/checkpoints/resnet18-f37072fd.pth 100%|\\u2588\\u2588\\u2588\\u2588\\u2588\\u2588\\u2588\\u2588\\u2588\\u2588\\u2588\\u2588\\u2588\\u2588\\u2588\\u2588\\u2588\\u2588\\u2588\\u2588\\u2588\\u2588\\u2588\\u2588\\u2588\\u2588\\u2588\\u2588\\u2588\\u2588\\u2588\\u2588\\u2588\\u2588\\u2588\\u2588\\u2588\\u2588\\u2588\\u2588\\u2588\\u2588\\u2588\\u2588\\u2588\\u2588\\u2588\\u2588\\u2588\\u2588\\u2588\\u2588\\u2588\\u2588\\u2588\\u2588\\u2588\\u2588\\u2588\\u2588\\u2588\\u2588\\u2588\\u2588\\u2588\\u2588\\u2588\\u2588\\u2588| 44.7M/44.7M [00:03<00:00, 12.9MB/s] epoch train_loss valid_loss error_rate time 0 3.096997 1.252397 0.422460 00:08 epoch train_loss valid_loss error_rate time 0 1.606826 0.992143 0.320856 00:04 1 1.433372 0.864932 0.283422 00:02 2 1.200389 0.742975 0.235294 00:02 3 0.977225 0.647414 0.197861 00:02 4 0.781976 0.621067 0.203209 00:02 5 0.609433 0.641216 0.181818 00:02 6 0.482900 0.673247 0.197861 00:02 7 0.388355 0.690616 0.197861 00:02 8 0.310900 0.725696 0.181818 00:02 9 0.249916 0.718665 0.171123 00:02 10 0.201577 0.729631 0.160428 00:02 11 0.166233 0.751359 0.187166 00:02 12 0.134805 0.753634 0.181818 00:02 13 0.110021 0.742285 0.176471 00:02 14 0.090679 0.746338 0.181818 00:02 15 0.075912 0.746500 0.176471 00:02 16 0.063471 0.742904 0.171123 00:02 17 0.054150 0.740524 0.165775 00:02 18 0.045349 0.742151 0.165775 00:02 19 0.038965 0.745595 0.176471 00:02\\n\\n## Run the Model#\\n\\nLet\\u2019s test our model out! Remember that Margarita we grabbed before? Well it\\nwasn\\u2019t in our training set so let\\u2019s see how our model does!\\n\\n    \\n    \\n    from fastai.vision.all import * # Load the model weights learn = load_learner(\\\"model_weights.pth\\\") # Classify the image drink, test, probs = learn.predict(PILImage.create('test-drink.webp')) # Print the results print(\\\"the image is a\\\", drink) print(\\\"All Drink Probabilities\\\", probs)\\n    \\n    \\n    the image is a margarita All Drink Probabilities tensor([2.1035e-08, 1.2926e-07, 8.4791e-08, 8.0075e-12, 3.1995e-11, 1.0000e+00, 1.3793e-06, 1.8493e-08, 3.7605e-07, 1.3780e-06])\\n\\nI\\u2019d be lying if I told you I\\u2019m a fastai expert. What I will tell you though is\\nthat being able to train this model in a couple of seconds, and having a\\nusable drink classifier for an application is pretty incredible.\\n\\nSoftware is eating the world ladies and gents, and models are eating software.\\n\\nLooking forward to blogging more about these concepts and my learning while\\ncontinuing this class.\\n\\nCheers \\ud83e\\udd42\\n\\n  * ml\\n  * classification\\n\\n\\u00a9 2024 Nick Herrig \\u00b7 Powered by Hugo & PaperMod\\n\\n\", \"frontpage\": false}"}
