{"value":"{\"aid\": \"40219193\", \"title\": \"There's No Single Cradle of Humankind [video]\", \"url\": \"https://www.youtube.com/watch?v=WqcoMOxGWfs\", \"domain\": \"youtube.com\", \"votes\": 1, \"user\": \"peutetre\", \"posted_at\": \"2024-05-01 03:28:24\", \"comments\": 0, \"source_title\": \"There's No Single Cradle of Humankind\", \"source_text\": \"There's No Single Cradle of Humankind - YouTube\\n\\nThere's No Single Cradle of Humankind\\n\\n2x\\n\\nIf playback doesn't begin shortly, try restarting your device.\\n\\n\\u2022\\n\\nUp next\\n\\nLive\\n\\nUpcoming\\n\\nPlay Now\\n\\nYou're signed out\\n\\nVideos you watch may be added to the TV's watch history and influence TV\\nrecommendations. To avoid this, cancel and sign in to YouTube on your\\ncomputer.\\n\\nPBS Eons\\n\\nSubscribe\\n\\nSubscribed\\n\\nJoin hosts Kallie Moore, Michelle Barboza-Ramirez and Blake de Pastino as they\\ntake you on a journey through the history of life on Earth. From the dawn of\\nlife in the Archaean Eon through the Mesozoic Era \\u2014 the so-called \\u201cAge of\\nDinosaurs\\u201d -- right up to the end of the most recent Ice Age. Produced in\\ncollaboration with PBS Digital Studios: http://youtube.com/pbsdigitalstudios\\n\\nOur Most Mysterious Extinct Cousins\\n\\n12:21\\n\\nShare\\n\\nAn error occurred while retrieving sharing information. Please try again\\nlater.\\n\\n0:00\\n\\n0:00 / 12:26\\u2022Watch full video\\n\\n\\u2022\\n\\nNaN / NaN\\n\\nBack\\n\\n\", \"frontpage\": false}"}
