{"value":"{\"aid\": \"40220861\", \"title\": \"Was I Wrong About Rust? [video]\", \"url\": \"https://www.youtube.com/watch?v=MS1W7UqrX3I\", \"domain\": \"youtube.com\", \"votes\": 1, \"user\": \"amalinovic\", \"posted_at\": \"2024-05-01 08:30:10\", \"comments\": 0, \"source_title\": \"Was I Wrong About Rust?\", \"source_text\": \"Was I Wrong About Rust? - YouTube\\n\\n\\u2022\\n\\nNaN / NaN\\n\\nBack\\n\\nDE\\n\\nDE\\n\\nWas I Wrong About Rust?\\n\\n2x\\n\\nIf playback doesn't begin shortly, try restarting your device.\\n\\n\\u2022\\n\\nYou're signed out\\n\\nVideos you watch may be added to the TV's watch history and influence TV\\nrecommendations. To avoid this, cancel and sign in to YouTube on your\\ncomputer.\\n\\nUp next\\n\\nLive\\n\\nUpcoming\\n\\nPlay Now\\n\\nShare\\n\\nAn error occurred while retrieving sharing information. Please try again\\nlater.\\n\\n0:00\\n\\n0:00 / 37:30\\u2022Watch full video\\n\\n## Description\\n\\nWas I Wrong About Rust?\\n\\n330Likes\\n\\n5,650Views\\n\\nMay 12024\\n\\nI did a video a few weeks ago about how moving from Go to Rust may have been a\\nmistake. After a lot of chats with a lot of Rust devs, I MIGHT be wrong. Even\\nif Prime agreed with me before. SOURCE https://ielm.io/blog/turbo Check out my\\nTwitch, Twitter, Discord more at https://t3.gg S/O Ph4se0n3 for the awesome\\nedit \\ud83d\\ude4f\\n\\nShow less Show more\\n\\nTranscript\\n\\nFollow along using the transcript.\\n\\n### Theo - t3.gg\\n\\n277K subscribers\\n\\nVideos\\n\\nAbout\\n\\nVideos\\n\\nAbout\\n\\nSecond Channel\\n\\nThird Channel\\n\\nTwitter\\n\\nTwitch\\n\\n## Comments 50\\n\\nTop comments\\n\\nNewest first\\n\\n## Transcript\\n\\nNaN / NaN\\n\\n# Was I Wrong About Rust?\\n\\nTheo - t3.gg\\n\\nTheo - t3.gg\\n\\n277K subscribers\\n\\n<__slot-el>\\n\\n<__slot-el>\\n\\nDownload\\n\\n5,650 views 1 hour ago\\n\\n5,650 views \\u2022 May 1, 2024\\n\\nShow less\\n\\nI did a video a few weeks ago about how moving from Go to Rust may have been a\\nmistake. After a lot of chats with a lot of Rust devs, I MIGHT be wrong. Even\\nif Prime agreed with me before. ......more\\n\\n...more\\n\\nTranscript\\n\\nFollow along using the transcript.\\n\\n### Theo - t3.gg\\n\\n277K subscribers\\n\\nVideos\\n\\nAbout\\n\\nVideos\\n\\nAbout\\n\\nSecond Channel\\n\\nThird Channel\\n\\nTwitter\\n\\nTwitch\\n\\nShow less\\n\\n# Was I Wrong About Rust?\\n\\n5,650 views\\n\\nMay 1, 2024\\n\\nDownload\\n\\n### Episode #200 ... The postmodernist subject and \\\"ideology without ideology\\\"\\n(Zizek, Byung Chul Han)\\n\\nPhilosophize This!\\n\\nPhilosophize This!\\n\\n\\u2022\\n\\n\\u2022\\n\\n5.4K views 3 days ago\\n\\nNew\\n\\n### Building a Full Stack Workout Tracker with React Native & MongoDB\\n\\nnotJust.dev\\n\\nnotJust.dev\\n\\n\\u2022\\n\\n\\u2022\\n\\n117K views Streamed 3 months ago\\n\\n### This Man Keeps Destroying Companies...\\n\\nSomeOrdinaryGamers\\n\\nSomeOrdinaryGamers\\n\\n\\u2022\\n\\n\\u2022\\n\\n289K views 10 hours ago\\n\\nNew\\n\\n### Pretty much every website uses the wrong font size...\\n\\nTheo - t3.gg\\n\\nTheo - t3.gg\\n\\n\\u2022\\n\\n\\u2022\\n\\n36K views 1 day ago\\n\\nNew\\n\\nSaving your choice\\n\\nAn error occurred while saving your choice. Please try again.\\n\\nA Google company\\n\\nSign in\\n\\nSign in\\n\\n## Before you continue to YouTube\\n\\nWe use cookies and data to\\n\\n  * Deliver and maintain Google services\\n\\n  * Track outages and protect against spam, fraud, and abuse\\n\\n  * Measure audience engagement and site statistics to understand how our services are used and enhance the quality of those services\\n\\nIf you choose to \\u201cAccept all,\\u201d we will also use cookies and data to\\n\\n  * Develop and improve new services\\n\\n  * Deliver and measure the effectiveness of ads\\n\\n  * Show personalized content, depending on your settings\\n\\n  * Show personalized ads, depending on your settings\\n\\nIf you choose to \\u201cReject all,\\u201d we will not use cookies for these additional\\npurposes.\\n\\nNon-personalized content and ads are influenced by things like the content\\nyou\\u2019re currently viewing and your location (ad serving is based on general\\nlocation). Personalized content and ads can also include things like video\\nrecommendations, a customized YouTube homepage, and tailored ads based on past\\nactivity, like the videos you watch and the things you search for on YouTube.\\nWe also use cookies and data to tailor the experience to be age-appropriate,\\nif relevant.\\n\\nSelect \\u201cMore options\\u201d to see additional information, including details about\\nmanaging your privacy settings. You can also visit g.co/privacytools at any\\ntime.\\n\\nMore options\\n\\nPrivacy Policy \\u2022 Terms of Service\\n\\n\", \"frontpage\": false}"}
