{"value":"{\"aid\": \"40219642\", \"title\": \"Negative-mass exciton polaritons induced by light-matter coupling semiconductor\", \"url\": \"https://www.nature.com/articles/s41467-023-36618-6\", \"domain\": \"nature.com\", \"votes\": 6, \"user\": \"keepamovin\", \"posted_at\": \"2024-05-01 04:54:28\", \"comments\": 0, \"source_title\": \"Negative-mass exciton polaritons induced by dissipative light-matter coupling in an atomically thin semiconductor\", \"source_text\": \"Negative-mass exciton polaritons induced by dissipative light-matter coupling in an atomically thin semiconductor | Nature Communications\\n\\nLoading [MathJax]/jax/output/HTML-CSS/config.js\\n\\nSkip to main content\\n\\nThank you for visiting nature.com. You are using a browser version with\\nlimited support for CSS. To obtain the best experience, we recommend you use a\\nmore up to date browser (or turn off compatibility mode in Internet Explorer).\\nIn the meantime, to ensure continued support, we are displaying the site\\nwithout styles and JavaScript.\\n\\nAdvertisement\\n\\n  * View all journals\\n  * Search\\n\\n## Search\\n\\nAdvanced search\\n\\n### Quick links\\n\\n    * Explore articles by subject\\n    * Find a job\\n    * Guide to authors\\n    * Editorial policies\\n\\n  * Log in\\n\\n  * Explore content\\n  * About the journal\\n  * Publish with us\\n\\n  * Sign up for alerts\\n  * RSS feed\\n\\nNegative-mass exciton polaritons induced by dissipative light-matter coupling\\nin an atomically thin semiconductor\\n\\nDownload PDF\\n\\nDownload PDF\\n\\n  * Article\\n  * Open access\\n  * Published: 23 February 2023\\n\\n# Negative-mass exciton polaritons induced by dissipative light-matter\\ncoupling in an atomically thin semiconductor\\n\\n  * M. Wurdack ORCID: orcid.org/0000-0003-3759-9574^1,\\n  * T. Yun^1,2,3,4,\\n  * M. Katzer ORCID: orcid.org/0000-0002-8206-7537^5,\\n  * A. G. Truscott ORCID: orcid.org/0000-0003-2106-8613^6,\\n  * A. Knorr^5,\\n  * M. Selig^5,\\n  * E. A. Ostrovskaya ORCID: orcid.org/0000-0002-8657-6048^1 &\\n  * ...\\n  * E. Estrecho ORCID: orcid.org/0000-0003-0523-6533^1\\n\\nNature Communications volume 14, Article number: 1026 (2023) Cite this article\\n\\n  * 4942 Accesses\\n\\n  * 7 Citations\\n\\n  * 21 Altmetric\\n\\n  * Metrics details\\n\\nA Publisher Correction to this article was published on 02 March 2023\\n\\nThis article has been updated\\n\\n## Abstract\\n\\nDispersion engineering is a powerful and versatile tool that can vary the\\nspeed of light signals and induce negative-mass effects in the dynamics of\\nparticles and quasiparticles. Here, we show that dissipative coupling between\\nbound electron-hole pairs (excitons) and photons in an optical microcavity can\\nlead to the formation of exciton polaritons with an inverted dispersion of the\\nlower polariton branch and hence, a negative mass. We perform direct\\nmeasurements of the anomalous dispersion in atomically thin (monolayer) WS_2\\ncrystals embedded in planar microcavities and demonstrate that the propagation\\ndirection of the negative-mass polaritons is opposite to their momentum. Our\\nstudy introduces the concept of non-Hermitian dispersion engineering for\\nexciton polaritons and opens a pathway for realising new phases of quantum\\nmatter in a solid state.\\n\\n### Similar content being viewed by others\\n\\n### Light-wave-controlled Haldane model in monolayer hexagonal boron nitride\\n\\nArticle Open access 15 April 2024\\n\\n### Terahertz electric-field-driven dynamical multiferroicity in SrTiO3\\n\\nArticle Open access 10 April 2024\\n\\n### Upconversion electroluminescence in 2D semiconductors integrated with\\nplasmonic tunnel junctions\\n\\nArticle 19 April 2024\\n\\n## Introduction\\n\\nLosses are ubiquitous in nature and are usually perceived as detrimental to\\nthe performance of electronic and photonic devices. However, recent\\nunderstanding of the physics of non-Hermitian systems with loss and gain has\\nled to the possibility of novel properties and functionalities by judicious\\ncontrol of losses. This concept is most powerfully demonstrated in non-\\nHermitian photonics^1,2,3, where non-Hermitian spectral degeneracies\\n(exceptional points) and associated symmetry-breaking transitions\\nfundamentally change the laws of wave propagation and scattering. Although the\\nstudy of non-Hermitian physics in quantum electronic systems remains\\ndifficult, significant progress has been achieved in hybrid photonic systems,\\nwhere photons are strongly coupled to electronic excitations in a solid state\\nto form exciton polaritons, part-light part-matter hybrid quasiparticles^4.\\nNontrivial topology of the eigenstates^5,6 and mode selectivity^7 in the\\nvicinity of the exceptional points, band engineering^8 and nonlinear\\nlocalisation^9 in non-Hermitian lattices, emergence of non-Hermitian\\ntopology^10 and divergent quantum geometric metric near an exceptional\\npoint^11 have been demonstrated in the strong light-matter coupling regime.\\n\\nHere, we dramatically modify the exciton\\u2013polariton dispersion by exploiting a\\npreviously undetected non-Hermitian component of exciton\\u2013photon interaction\\ncalled dissipative coupling^12. Our microscopic theory shows that this type of\\ncoupling can arise from the interplay of exciton\\u2013phonon scattering in\\nmonolayers of transition metal dichalcogenide crystals (TMDCs) and photon\\nlosses. Also known as external coupling via the continuum^13, dissipative\\ncoupling leads to level attraction or clustering^13,14 and resonance\\ntrapping^15 in other physical systems. This is in contrast to the well-known\\ncoherent (or internal) coupling which always leads to level repulsion. We show\\ntheoretically that the interplay between the coherent and dissipative light-\\nmatter coupling results in an inverted dispersion of exciton polaritons in a\\nplanar microcavity with an embedded monolayer TMDC. We directly measure this\\nanomalous dispersion in several planar microcavities with integrated monolayer\\nWS_2^16 at room temperature, and demonstrate the negative-mass transport of\\nexciton polaritons. The key role of the exciton\\u2013phonon scattering in the\\ndissipative coupling mechanism is further confirmed by temperature-dependent\\nmeasurements.\\n\\n## Results\\n\\n### Theory\\n\\nTo demonstrate the principle of non-Hermitian dispersion engineering, we start\\nwith an effective Hamiltonian given by H = H_0 \\u2212 iWW^\\u2020^15 describing the\\ncoherent (internal) and dissipative (external) coupling of cavity photons\\n\\\\\\\\(\\\\left|C\\\\right\\\\rangle\\\\\\\\) and excitons \\\\\\\\(\\\\left|X\\\\right\\\\rangle\\\\\\\\):\\n\\n$$H=\\\\left(\\\\begin{array}{cc}{E}_{c}&V\\\\\\\\\\\\\\nV&{E}_{x}\\\\end{array}\\\\right)-i\\\\left(\\\\begin{array}{cc}\\\\sqrt{{\\\\gamma\\n}_{c}}&\\\\sqrt{{g}_{x}}\\\\\\\\\\\\ \\\\sqrt{{g}_{c}}&\\\\sqrt{{\\\\gamma\\n}_{x}}\\\\end{array}\\\\right)\\\\left(\\\\begin{array}{cc}\\\\sqrt{{\\\\gamma\\n}_{c}}&\\\\sqrt{{g}_{c}}\\\\\\\\\\\\ \\\\sqrt{{g}_{x}}&\\\\sqrt{{\\\\gamma\\n}_{x}}\\\\end{array}\\\\right).$$\\n\\n(1)\\n\\nHere, the Hermitian term H_0 models the coherent coupling of excitons and\\nphotons with the bare energies E_c,x, respectively. The coherent coupling\\nstrength V is proportional to the exciton oscillator strength and the overlap\\nof the exciton dipole with the confined electric field of the cavity photon^4.\\nThe matrix W describes the external coupling to two dissipative channels in\\nthe system^15: \\u03b3_c is the coupling of cavity photons to the continuum of\\nstates outside the cavity due to the imperfect mirrors limiting their\\nlifetimes, \\u03b3_x is the coupling to radiative and non-radiative channels\\nresulting in the homogeneous linewidth broadening of excitons^17,18, and g_x,c\\nquantifies the effective dissipative coupling between excitons and cavity\\nphotons via the two decay channels.\\n\\nThis non-Hermitian, phenomenological Hamiltonian, Eq. (1), is motivated by a\\nfull microscopic model (see Supplementary Note 1). In a self-consistent theory\\nwithout free parameters, with all values from ab initio calculations, we show\\nthat the off-diagonal dissipation terms in W (cp. Eq. (1)) arise due to the\\nmixing of the two decay channels: (i) the dissipation of energy from the\\nexcitons via phonon scattering events in the TMDC, i.e. due to the phonon\\nbath, leading to g_x and (ii) the energy loss due to leakage of photons out of\\nthe cavity leading to g_c. Only for nonzero off-diagonal dissipation terms in\\nEq. (1) one can observe level attraction and anomalous dispersion as described\\nbelow.\\n\\nRemarkably, when the coupling to the phonon bath is \\u2018turned off\\u2019 in the\\nmicroscopic model, the effects arising from the dissipative coupling disappear\\n(see Supplementary Note 1). Since the exciton\\u2013phonon scattering is known to be\\nsignificant in TMDCs^17,18,19,20, we expect strong effects of dissipative\\ncoupling via this channel in this material system. Furthermore, for all-\\ndielectric TMDC microcavities at room temperature, we expect g_c to be much\\nsmaller than g_x, since photon losses (affecting the cavity photon linewidth)\\nare much weaker than phonon-induced losses (affecting the exciton\\nlinewidth)^16,21. Hence, herein, we set g_c = 0 and g_x = g.\\n\\nThe exciton\\u2013photon coupling in Eq. (1) gives rise to the complex upper (U) and\\nlower (L) eigenvalue branches:\\n\\n$${E}_{U,L}-i{\\\\gamma }_{U,L}=\\\\langle \\\\tilde{E}\\\\rangle \\\\pm\\n\\\\frac{1}{2}\\\\sqrt{{\\\\left(\\\\Delta -i\\\\delta \\\\right)}^{2}+4{\\\\left(V-i\\\\sqrt{g{\\\\gamma\\n}_{x}}\\\\right)}^{2}},$$\\n\\n(2)\\n\\nwhere \\\\\\\\(\\\\langle \\\\tilde{E}\\\\rangle=\\\\langle E\\\\rangle -i\\\\langle \\\\gamma \\\\rangle\\\\\\\\)\\nis the mean complex eigenvalue with \\u3008\\u03b3\\u3009 = (\\u03b3_c + g + \\u03b3_x)/2, \\u0394 = E_c \\u2212 E_x is\\nthe bare energy difference and \\u03b4 = \\u03b3_c + g \\u2212 \\u03b3_x. The eigenvalues and\\neigenvectors will simultaneously coalesce at the exceptional point when V =\\n\\u2223\\u03b4\\u2223/2 and \\\\\\\\(\\\\Delta=2\\\\sqrt{g{\\\\gamma }_{x}}\\\\\\\\). Note that when g = 0, the non-\\nHermitian term \\u2212iWW^\\u2020 simply describes the decay rates \\u03b3_c,x/\\u0127 of the bare\\n(uncoupled) cavity photon and exciton, respectively.\\n\\nThe level and linewidth dynamics for different strengths of V and g are shown\\nin Fig. 1a, b. The general behaviour in \\u0394-g parameter space is discussed in\\nSupplementary Note 2. We focus on the strong coupling regime at V > \\u2223\\u03b4\\u2223/2\\ncharacterised by energy anticrossings and linewidth crossings. In this regime,\\nthe eigenstates correspond to the hybrid exciton\\u2013polariton\\nquasiparticles^4,22,23,24. The corresponding shifts of the polariton energies\\nfrom the bare exciton and photon energies, defined as \\\\\\\\({\\\\Delta\\n}_{UL}={\\\\mathfrak{Re}}({E}_{U}-{E}_{L})-\\\\Delta\\\\\\\\), is plotted in Fig. 1c as a\\nfunction of \\u0394. In the purely coherent coupling regime (g = 0), the energies\\nexhibit level repulsion (positive \\u0394_UL) with a maximum value at resonance (\\u0394 =\\n0) where the linewidths cross. The level repulsion decreases monotonically\\nwith \\u2223\\u0394\\u2223, reminiscent of the familiar Hermitian limit, \\u03b3_c,x, g \\u2192 0^4.\\n\\nFig. 1: Coherent and dissipative coupling.\\n\\na Energy E_U,L and b linewidth \\u03b3_U,L dynamics for different values of coherent\\nV and dissipative g coupling strengths. Dashed lines in a are the bare exciton\\nE_x and cavity E_c energies while those in (b) correspond to the bare exciton\\n\\u03b3_x and cavity \\u03b3_c decay rates. c Energy shift \\u0394_UL (see text) for the\\nparameters used in (a) and (b). In all cases, we tuned the cavity energy E_c\\nwhile fixing E_x and \\u03b3_c = 0.1\\u03b3_x.\\n\\nFull size image\\n\\nThe behaviour of the energy levels and linewidths is drastically modified when\\nthe dissipative coupling g is introduced. The linewidth crossing shifts\\ntowards higher \\u0394 leaving a linewidth repulsion close to resonance, which leads\\nto the so-called resonance trapping of the long-lived state^15. Remarkably,\\nthe energy shift \\u0394_UL becomes negative for a wide range of \\u0394, indicating level\\nattraction which peaks at a positive \\\\\\\\(\\\\Delta \\\\approx 2\\\\sqrt{g{\\\\gamma\\n}_{x}}\\\\\\\\) before monotonically decreasing. This strongly \\u0394-dependent energy\\nshift is responsible for the anomalous dispersion of exciton polaritons\\npresented in this work.\\n\\nTo describe the exciton\\u2013photon dispersion, we approximate the cavity photon\\ndispersion as^4 E_c(k) = E_0 + \\u0127^2k^2/2m_c, where E_0 is the cavity resonance\\nenergy at normal incidence, \\u0127k is the momentum along the plane of the cavity,\\nand m_c is the in-plane effective mass of the cavity photon. The exciton\\nenergy E_x is approximately constant within the relevant momentum range probed\\nhere. Typical dispersion curves at a positive exciton\\u2013photon detuning, \\u0394_0 =\\nE_0 \\u2212 E_x, are presented in Fig. 2a. Without the dissipative coupling (g = 0),\\nthe dispersion features repelling branches corresponding to the well-known\\nupper and lower exciton polaritons^4, where the lower branch is always\\nredshifted from the exciton line. With increasing dissipative coupling\\nstrength g, level attraction starts to dominate, firstly starting at higher k.\\nWhen g is large enough compared to V, the entire lower polariton branch is\\nblueshifted from the exciton line.\\n\\nFig. 2: Anomalous dispersion of exciton polaritons.\\n\\na Dispersion for different values of coherent and dissipative coupling\\nstrenghs at fixed exciton\\u2013photon detuning \\u0394_0 = \\u03b3_x. Thin grey lines are the\\nbare exciton E_x and cavity photon E_c dispersions. b k-dependent mass\\nparameters m_1 (red) and m_2 (blue) corresponding to the two dispersions in\\n(a) (see arrows). m_1 < 0 in the shaded region. c Lower polariton dispersion\\nin two-dimensional k-space corresponding to (a) with V = 0.3\\u03b3_x and g =\\n0.6\\u03b3_x. d\\u2013f Negative-mass (m_1 < 0) regions (shaded) in k-space as a function\\nof d V for g = 0.6\\u03b3_x, \\u0394_0 = \\u03b3_x, e g for V = 0.6\\u03b3_x, \\u0394_0 = \\u03b3_x, and f \\u0394_0 for\\nV = 0.3\\u03b3_x, g = 0.6\\u03b3_x.\\n\\nFull size image\\n\\nNote that, for this set of parameters, the strongest level attraction occurs\\nat a finite k, i.e., where \\\\\\\\(\\\\Delta (k) \\\\, \\\\approx \\\\, 2\\\\sqrt{g{\\\\gamma\\n}_{x}}\\\\\\\\) and the level attraction peaks (see Fig. 1c). However, for a very\\nlarge exciton\\u2013photon detuning, i.e. \\\\\\\\({\\\\Delta }_{0} \\\\, > \\\\, 2\\\\sqrt{g{\\\\gamma\\n}_{x}}\\\\\\\\), the strength of level attraction monotonically decreases for all k,\\nresulting in a single inversion peak at k = 0 (see Supplementary Note 3).\\n\\nTo characterise the dispersion, we define the mass parameters^25\\n\\\\\\\\({m}_{1}(k)={\\\\hslash }^{2}k{[{\\\\partial }_{k}E(k)]}^{-1}\\\\\\\\), which determines\\nthe group velocity v_g = \\u0127k/m_1, and \\\\\\\\({m}_{2}(k)={\\\\hslash }^{2}{[{\\\\partial\\n}_{k}^{2}E(k)]}^{-1}\\\\\\\\), which determines the acceleration due to an external\\nfield. Note that m_1 is only negative around the inverted dispersion whereas\\nm_2 switches signs at the inflection points. The masses are plotted in Fig. 2b\\nfor the lower branches in Fig. 2a (indicated by arrows) with and without\\ndissipative coupling. When g = 0, m_1 is positive for all momenta and m_2 is\\nonly negative at finite k, a known feature of exciton polaritons^25. This is\\nin stark contrast to the case with g \\u2260 0, where both masses become negative\\nnear the inversion peak. While m_2 switches back to positive sign, m_1 remains\\nnegative for the plotted range of momenta, shown by the shaded region in Fig.\\n2b. Note that the sign of the m_1 and m_2 for the upper branch is largely\\nunaffected by g.\\n\\nIt is important to point out that the inverted dispersion is isotropic,\\nforming a ring in k-space, as shown in Fig. 2c. This is distinct from the\\ninverted bands in periodic band structures, where the inversion peaks are\\nlocalised at high-symmetry points only^26.\\n\\nWe further analyse the \\u0394_0-V-g parameter space as a function of \\u0127k to\\ndetermine under which conditions the inverted dispersion appears. Notably, the\\nmodel predicts that the negative-mass regions disappear when coherent coupling\\nsignificantly dominates over dissipative coupling, as shown by the plots in\\nFig. 2d, e. Hence, either V has to be decreased or g increased to observe the\\ninverted dispersion. The negative-mass regime also persists for a wide range\\nof the exciton\\u2013photon detuning \\u0394_0, as shown in Fig. 2f. However, the momentum\\nrange corresponding to the negative mass increases with the detuning \\u0394_0 and\\nthe dispersion becomes completely inverted at large positive \\u0394_0/\\u03b3_x. In\\nsummary, positive exciton\\u2013photon detunings \\u0394_0 and strong g with respect to V\\nfavour the negative-mass regime in our system.\\n\\n### Anomalous dispersion experiments\\n\\nTo demonstrate the effects of the anomalous dispersion experimentally, we\\nfabricated several planar microcavities with integrated monolayer WS_2 at\\npositive exciton\\u2013photon detunings and with reduced coherent coupling strength\\nV. We achieved this by using substrate engineering and our recently developed\\ntechnology for integrating monolayer WS_2 into polymethyl-methacrylate\\n(PMMA)/SiO_x spaced planar microcavitites^16. The relative exciton oscillator\\nstrength, and hence V, of the monolayer is weakened after the transfer onto\\nour distributed Bragg reflector (DBR) and further material deposition (see\\nSupplementary Note 4).\\n\\nFigure 3a illustrates the sample design. Here, the WS_2 monolayer is\\nmechanically transferred onto the bottom DBR protected with PMMA against\\nfurther deposition of the thin SiO_x spacer and the top DBR (see \\u2018Methods\\u2019).\\nThe thin SiO_x spacer allows us to carefully adjust the exciton\\u2013photon\\ndetuning \\u0394_0 and the two distributed Bragg reflectors enable a Q-factor of\\nabove 10^3 (see Supplementary Note 4).\\n\\nFig. 3: Experimental realisation of negative mass.\\n\\na Schematics of the fabricated microcavity with embedded monolayer WS_2. b, c\\nMomentum-resolved PL spectra of two samples with different values of the\\nexciton\\u2013photon detuning, \\u0394_0. The maximum intensity at each k value is scaled\\nto unity to visualise the shape of the lower branch. In panel c, the\\nnormalisation of the spectrum is performed for E < 2.028 eV to suppress the\\nstrong emission from the upper branch. The black circles are the fitted peak\\npositions of the two branches. The solid red lines are the fitted dispersion\\nof the upper (E_U) and lower (E_L) polaritons and the black dashed lines are\\nthe bare microcavity photons (E_c) and excitons (E_x). Error bars in b, c\\nrepresent 95% confidence interval. d Mass parameters (red) m_1 and (blue) m_2\\nof the lower branches in panel (b) and panel (c), with the negative-mass\\nregions shaded in red.\\n\\nFull size image\\n\\nThe momentum-resolved photoluminescence (PL) spectra of the room temperature\\npolariton emission in two samples with different \\u0394_0 are shown in Fig. 3b, c,\\ntogether with the extracted peak energies of the lower and upper\\nexciton\\u2013polariton branches. The observed PL intensities are dictated by the\\nphotonic Hopfield coefficients and thermalisation of polaritons^27. Hence, the\\nPL of the upper branch in Fig. 3c, which is highly photonic at such a large\\npositive \\u0394_0, strongly dominates the emission of the structure and decreases\\nat larger energies due to thermalisation. To highlight the emission of the\\nlower polariton branch in Fig. 3b, c we scaled the maximum values of the PL\\nspectra to unity at each value of k. In Fig. 3c we defined a cut-off energy\\nfor normalisation at E \\u2248 2.028 eV due to the strongly dominating emission from\\nthe upper branch. As seen in Fig. 3b, c, the lower branch energy decreases\\ntowards E_x at large momenta, demonstrating the level attraction shown in Fig.\\n2a. We also observe similar behaviour in reflectance measurements (see\\nSupplementary Note 6 for more details).\\n\\nThe complex-valued dispersion branches are extracted by fitting the spectrum\\nat each value of k using a two-peak Voigt function, with the peak energy and\\nlinewidth corresponding to the real and imaginary parts of the complex\\neigenvalues of the system Hamiltonian, respectively (see Supplementary Note\\n5). The k-dependence of the extracted peaks were then fitted using the model\\nEq. (2), with the fitting results presented as red solid lines in Fig. 3b, c.\\nHere, the energies and linewidths of the cavity photons were extracted from\\nthe reflectivity measurements of the empty microcavities next to the\\nmonolayers (see Supplementary Note 4), and fixed for the fits, with the\\nenergies shifted by approximately \\u22128 meV due to the optical thickness of the\\nmonolayer. The exciton linewidths and energies are expected to change after\\nthe deposition of the top DBR^16, thus, these values were chosen as free-\\nfitting parameters together with the coherent and dissipative coupling\\nstrengths V and g. For Fig. 3b, the fitting yields the values: \\u0394_0 = (24 \\u00b1 2)\\nmeV, \\u03b3_x = (31 \\u00b1 12) meV, V = (13 \\u00b1 6) meV and g = (18 \\u00b1 9) meV, and for Fig.\\n3c, \\u0394_0 = (51 \\u00b1 1) meV, \\u03b3_x = (42 \\u00b1 8) meV, V = (12 \\u00b1 5) meV and g = (23 \\u00b1 4)\\nmeV.\\n\\nThe values of the parameters for the two samples are consistent (within\\nerrors) and satisfy the condition 2V > \\u2223\\u03b4\\u2223, confirming that the samples\\noperate in the strong coupling regime and thus host exciton polaritons.\\nHowever, due to the suppressed exciton oscillator strength in our samples^16\\nthe coupling strength V is smaller than g, leading to level attraction and the\\nanomalous dispersion. The level attraction at k = 0 is stronger in the more\\npositively detuned sample. This agrees with the calculations shown in Fig. 1c,\\nwhere the magnitude of level attraction increases as \\\\\\\\(\\\\Delta\\n/(2\\\\sqrt{g{\\\\gamma }_{x}})\\\\\\\\) approaches unity. Indeed, \\\\\\\\({\\\\Delta\\n}_{0}/(2\\\\sqrt{g{\\\\gamma }_{x}})\\\\\\\\) is ~0.8 (~0.5) for the more (less)\\npositively detuned sample. Since \\\\\\\\({\\\\Delta }_{0}/(2\\\\sqrt{g{\\\\gamma }_{x}}) \\\\,\\n< \\\\, 1\\\\\\\\) in these samples, the maximum level attraction occurs at a larger \\u0394\\nand k, and therefore, the inversion peaks in these samples are located at a\\nfinite momentum, endowing a negative mass m_1 to the lower polaritons with\\nmomenta k \\u2273 \\u00b1 2.7 \\u03bcm^\\u22121 for Fig. 3b and k \\u2273 \\u00b1 2 \\u03bcm^\\u22121 for Fig. 3c.\\n\\nNote that in samples with the same detuning, \\\\\\\\({\\\\Delta }_{0}/(2\\\\sqrt{g{\\\\gamma\\n}_{x}})\\\\\\\\) can be made larger than 1 by decreasing dissipative coupling g or\\nnarrowing the exciton linewidth \\u03b3_x, which results in suppressed level\\nattraction and an inversion peak located k = 0 (see Fig. 2f). We demonstrated\\nthis effect experimentally in a sample made using a high-quality DBR and a\\nmicrocavity fabrication technique that does not reduce the oscillator strength\\nof the monolayer exciton and therefore preserves the coherent coupling V^21,28\\n(see Supplementary Note 7). In this sample, which has the same exciton\\u2013photon\\ndetuning as that shown in Fig. 3c, we observe much less attraction compared to\\nthe samples with weakened V discussed above. This agrees with our model, where\\nthe effect of dissipative coupling on the dispersion, i.e., level attraction,\\ndepends on the strength of coherent coupling. Nevertheless, the observed level\\nattraction, albeit weak, suggests that dissipative exciton\\u2013photon coupling is\\nubiquitous in monolayer TMDCs but is often screened by the strong coherent\\nexciton\\u2013photon coupling.\\n\\n### Negative-mass dynamics\\n\\nFinally, we show that the anomalous dispersion has a dramatic effect on the\\ndynamics of the lower polaritons using the more positively detuned sample from\\nFig. 3c. In contrast to positive mass particles, such as the upper polaritons,\\nnegative-mass particles move in the opposite direction to their momentum \\u0127k,\\ni.e. their group velocity is opposite to their momentum, as given by the\\nrelation m_1v_g = \\u0127k. To demonstrate this behaviour in the experiment, we\\nexcite the sample with a tightly-focused off-resonant laser spot, which\\nresults in a spatially localised distribution of polaritons with a wide range\\nof momenta, as shown by the distributions in Fig. 3b. Polaritons will then\\nmove away from the excitation spot in the direction determined by their group\\nvelocity v_g (see Fig. 4a). Hence, polaritons displaced to the positive\\n(negative) x direction with respect to the spot must have an average velocity\\ntowards the same direction^21. We then measure the momentum distribution of\\nthe polaritons displaced from the laser spot by Fourier transforming only a\\nsmall region in real space (see Fig. 4b\\u2013g) using a spatial filter (see\\n\\u2018Methods\\u2019).\\n\\nFig. 4: Negative mass effect on polariton dynamics.\\n\\na Schematic of the creation of polaritons in real space (red) by a tight pump\\nlaser (green). The polaritons move away from the pump spot with a certain\\ngroup velocity v_g (red arrows). A real space filter (dashed box) is used to\\nisolate the detection area in real space before Fourier-transforming to\\nmeasure the momentum space distribution. b\\u2013d Experimental angle-resolved\\nspectra along k_x for different configurations. The fitted upper (E_U) and\\nlower (E_L) polariton branches extracted from Fig. 3b are shown on top of the\\ndispersion measurements for guidance. Insets show the position of the filter\\ndisplaced along the x-direction with respect to the pump spot (arrows\\nrepresent the average v_g inside the detection window). e\\u2013g Momentum\\ndistributions of the (black) lower and the (red) upper branch.\\n\\nFull size image\\n\\nPolaritons directly at the excitation spot, measured with a filter centred on\\nthe spot (see inset of Fig. 4c), feature a symmetric momentum distribution for\\nboth upper and lower branches, as shown by the momentum-resolved PL spectrum\\nin Fig. 4c. This is clearly seen in Fig. 4f, where we directly plot the\\nmomentum distribution of the two branches by separating the spectrum at ~2.02\\neV. To obtain these plots, we integrate the intensities for each panel above\\nand below the cut-off energy, and scale the respective maximum values to\\nunity. The PL spectrum shows a dramatic change in the distribution for\\nparticles displaced to the right of the spot, as shown in Fig. 4b, e. The\\nupper polariton emission is skewed to the right, i.e., the average momentum\\nhas the same direction as its group velocity, but remarkably, the lower\\npolariton emission is skewed to the left, i.e., its average momentum is\\nopposite to the particle displacement or the group velocity. The additional\\npeak to the left of the upper polariton distribution likely arises from the\\ntail of the lower polariton distribution, which has a much larger linewidth.\\nThis opposite behaviour of momentum and group velocity of the lower polaritons\\nis consistently observed to the left of the laser spot, as demonstrated by\\nFig. 4d, g, where the particles displaced to the left, or with leftward group\\nvelocity, have the opposite, rightward average momentum. In all\\nconfigurations, the upper polariton branch with the positive mass behaves as\\nexpected, i.e., the group velocity and momentum are parallel. Therefore, we\\nhave confirmed the negative-mass dynamics of the polaritons using a mixture of\\nparticles with distinct signs of effective masses m_1.\\n\\n## Discussion\\n\\nIn summary, we have observed dissipative coupling of excitons and photons in\\nmonolayer TMDCs (WS_2) embedded in planar microcavities at room temperature.\\nThis coupling drastically modifies the dispersion of the coupled\\nexciton\\u2013photon system, leading to an anomalous (inverted) dispersion for the\\nlower polariton branch. The anomalous dispersion arises when the dissipative\\ncoupling between excitons and cavity photons overcomes their coherent\\ncoupling, which leads to a negative-mass regime in a large range of momenta at\\na positive exciton\\u2013photon detuning. We have demonstrated the negative-mass\\neffect on the dynamics of polaritons, resulting in the opposing directions of\\ngroup velocity and momentum. This dynamics should also occur for trion\\npolaritons with anomalous dispersion^29,30.\\n\\nThe dissipative coupling causing the observed effects can arise from the\\ncoupling of both excitons and photons to the same decay channel^15, or to a\\nthird dissipative mode^31. As discussed above and confirmed by our microscopic\\ntheory (see Supplementary Note 1), for TMDCs, such as WS_2, this coupling\\nlikely arises from exciton\\u2013phonon interactions^18,19,32. Recent studies have\\nalready shown that phonons play a significant role in exciton\\u2013photon\\ninteractions^20. Furthermore, our hypothesis is supported by the temperature-\\ndependent measurements shown in Supplementary Note 6, where the polariton\\ndispersion exhibits a transition from level attraction to level repulsion by\\nlowering the temperature. This is likely because the exciton\\u2013phonon\\ninteractions and the relative values of dissipative coupling strength g versus\\nthe coherent coupling strength V diminish at lower temperature. Dissipative\\ncoupling can also arise via coupling to a \\u2018hidden\\u2019 photon mode^31, but this\\nmode with opposite polarisation is not present in our planar DBR-based\\nmicrocavities.\\n\\nWe note that in ref. ^29, a similar level attraction and inverted dispersion\\nwas observed for the trion-polariton branch at a large trion-photon detuning.\\nHowever, their qualitative and heuristic model supporting this finding is not\\napplicable in samples without large doping. We expect doping to be low in our\\nas-exfoliated monolayer integrated into the high-quality flip-chip cavity, as\\npresented previously^33, where an anomalous dispersion is also observed at the\\nexciton energy (see Supplementary Note 7). In contrast to ref. ^29, our\\napproach explains all observed features by incorporating exciton\\u2013phonon\\ncoupling and cavity losses, which are always present in these TMDC\\nmicrocavities and are determined from ab initio calculations. As a result, we\\nwould expect that the joint action of cavity losses and exciton\\u2013phonon\\nscattering should also contribute to the experimental scenario of ref. ^29,\\nand an effective non-Hermitian Hamiltonian with dissipative coupling could be\\nan appropriate model.\\n\\nVarious types of dissipative coupling of different origins have been observed\\nin optomechanical^12 and magnon\\u2013photon systems^14, and open microwave\\ncavities^13,15. It also appears in theoretical studies of fragmented\\nexciton\\u2013polariton condensates^34 and excitons polaritons coupled to an\\noptomechanical resonator^35. Similarly to cavity magnonics and optomechanics,\\ndissipative coupling might be ubiquitous in exciton\\u2013photon systems and hence,\\nthe anomalous dispersion observed here could potentially also be observed in\\nother semiconductor microcavities^36, e.g., with III/V-semiconductors^24,\\nperovskites^10,37, and organic semiconductors^38.\\n\\nOur work extends the arsenal of dispersion engineering tools for hybrid light-\\nmatter particles beyond the application of periodic fields and spin\\u2013orbit\\ncoupling^39,40 by adding the possibility of novel, non-Hermitian disperison\\nengineering. Here, we only showed the dynamics induced by negative m_1.\\nHowever, the anomalous dispersion can be further employed to demonstrate\\nnontrivial wavepacket dynamics^25 and negative-mass hydrodynamics^39 due to\\nboth negative m_1 and m_2. For example, the negative-mass polaritons are\\nexpected to accelerate in the direction opposite to an applied force. It would\\nbe interesting to study bosonic condensation of polaritons in the anomalous\\ndispersion regime^41, where the energy minimum around k = 0 (see Fig. 2c) is\\nnot the global one. The inverted dispersion can also eliminate instabilities\\nof exciton\\u2013polariton condensates^26, which can, for example, enable studies of\\nthe Kardar-Parisi-Zhang phase in quantum systems without the complexities of\\nan underlying lattice structure^42.\\n\\n## Methods\\n\\n### Sample fabrication\\n\\nThe DBRs used for the microcavities presented in the main text are grown by\\nplasma-enhanced chemical vapour deposition (PECVD) and consist of (bottom)\\n17.5 and (top) 15.5 alternating quarter-wave stack of SiO_x and SiN_x, as\\nschematically shown in Fig. 3a. Further, the first half of the SiO_2 cavity\\nspacer is deposited via RF-sputtering and finished with atomic layer\\ndeposition (ALD). The monolayer is then mechanically transferred at 120 ^\\u2218C on\\ntop of the oxygen-plasma-treated DBR substrate to increase the bonding between\\nthe monolayer and the substrate. To protect the monolayer against further\\nmaterial deposition, a 80 nm thick layer of poly-methyl-methacrylate (PMMA) is\\nspin-coated on top of the structure. Before depositing the top DBR via PECVD\\nto complete the structure, the cavity thickness and hence, the cavity mode, is\\nfine-tuned with an intermediate PECVD grown SiO_x layer. The two DBRs enable a\\nQ-factor of above 10^3 (see Supplementary Note 4). More details about the\\nfabrication process are reported in ref. ^16.\\n\\n### Optical measurements\\n\\nThe microcavity is excited with a frequency doubled Nd:YAG laser source at \\u03bb =\\n532 nm (E \\u2248 2.33 eV), which is tightly focused onto the sample surface with a\\ninfinity corrected Mitutoyo NIR objective (NA = 0.65). The PL is collected\\nwith an in-house built optical microscope, which allows for spatial filtering\\nwith a square edge-filter prior to momentum-resolved imaging. The momentum-\\nresolved PL-spectra are recorded with an Andor Shamrock 500i spectrograph\\nequipped with an Andor iXon 888 EMCCD camera.\\n\\n## Data availability\\n\\nThe data that support the findings of this study are available from the\\ncorresponding authors upon request.\\n\\n## Change history\\n\\n  * ### 02 March 2023\\n\\nA Correction to this paper has been published:\\nhttps://doi.org/10.1038/s41467-023-36962-7\\n\\n## References\\n\\n  1. El-Ganainy, R., Khajavikhan, M., Christodoulides, D. N. & \\u00d6zdemir, \\u015e. K. The dawn of non-Hermitian optics. Comm. Phys. 2, 37 (2019).\\n\\nArticle ADS Google Scholar\\n\\n  2. Miri, M.-A. & Al\\u00f9, A. Exceptional points in optics and photonics. Science 363, eaar7709 (2019).\\n\\nArticle MathSciNet CAS PubMed MATH Google Scholar\\n\\n  3. \\u00d6zdemir, \\u015e. K., Rotter, S., Nori, F. & Yang, L. Parity-time symmetry and exceptional points in photonics. Nat. Mater. 18, 783 (2019).\\n\\nArticle ADS PubMed Google Scholar\\n\\n  4. Kavokin, A. V., Baumberg, J. J., Malpuech, G. & Laussy, F. P. Microcavities. (Oxford Univ. Press, 2017).\\n\\nBook Google Scholar\\n\\n  5. Gao, T. et al. Observation of non-Hermitian degeneracies in a chaotic exciton-polariton billiard. Nature 526, 554 (2015).\\n\\nArticle ADS CAS PubMed Google Scholar\\n\\n  6. Gao, T. et al. Chiral modes at exceptional points in exciton-polariton quantum fluids. Phys. Rev. Lett. 120, 065301 (2018).\\n\\nArticle ADS CAS PubMed Google Scholar\\n\\n  7. Li, Y. et al. Switching off a microcavity polariton condensate near the exceptional point. ACS Photonics 9, 2079 (2022).\\n\\nArticle MathSciNet CAS Google Scholar\\n\\n  8. Pickup, L., Sigurdsson, H., Ruostekoski, J. & Lagoudakis, P. G. Synthetic band-structure engineering in polariton crystals with non-Hermitian topological phases. Nat. Commun. 11, 4431 (2020).\\n\\nArticle ADS CAS PubMed PubMed Central Google Scholar\\n\\n  9. Pernet, N. et al. Gap solitons in a one-dimensional driven-dissipative topological lattice. Nat. Phys. 18, 678 (2022).\\n\\nArticle CAS Google Scholar\\n\\n  10. Su, R. et al. Direct measurement of a non-Hermitian topological invariant in a hybrid light-matter system. Sci. Adv. 7, 45 (2021).\\n\\nArticle Google Scholar\\n\\n  11. Liao, Q. et al. Experimental measurement of the divergent quantum metric of an exceptional point. Phys. Rev. Lett. 127, 107402 (2021).\\n\\nArticle ADS CAS PubMed Google Scholar\\n\\n  12. Elste, F., Girvin, S. M. & Clerk, A. A. Quantum noise interference and backaction cooling in cavity nanomechanics. Phys. Rev. Lett. 102, 207209 (2009).\\n\\nArticle ADS PubMed Google Scholar\\n\\n  13. Oko\\u0142owicz, J., P\\u0142oszajczak, M. & Rotter, I. Dynamics of quantum systems embedded in a continuum. Phys. Rep. 374, 271 (2003).\\n\\nArticle ADS MathSciNet MATH Google Scholar\\n\\n  14. Harder, M. et al. Level attraction due to dissipative magnon-photon coupling. Phys. Rev. Lett. 121, 137203 (2018).\\n\\nArticle ADS CAS PubMed Google Scholar\\n\\n  15. Persson, E., Rotter, I., St\\u00f6ckmann, H.-J. & Barth, M. Observation of resonance trapping in an open microwave cavity. Phys. Rev. Lett. 85, 2478 (2000).\\n\\nArticle ADS CAS PubMed Google Scholar\\n\\n  16. Yun, T., Estrecho, E., Truscott, A. G., Ostrovskaya, E. A. & Wurdack, M. Fabrication of high-quality PMMA/SiO_x spaced planar microcavities for strong coupling of light with monolayer WS_2 excitons. Appl. Phys. Lett. 121, 081105 (2022).\\n\\nArticle ADS CAS Google Scholar\\n\\n  17. Selig, M. et al. Excitonic linewidth and coherence lifetime in monolayer transition metal dichalcogenides. Nat. Commun. 7, 13279 (2016).\\n\\nArticle ADS CAS PubMed PubMed Central Google Scholar\\n\\n  18. Moody, G. et al. Intrinsic homogeneous linewidth and broadening mechanisms of excitons in monolayer transition metal dichalcogenidese. Nat. Commun. 6, 8315 (2015).\\n\\nArticle ADS CAS PubMed Google Scholar\\n\\n  19. Li, D. et al. Exciton-phonon coupling strength in single-layer MoSe_2 at room temperature. Nat. Commun. 12, 954 (2021).\\n\\nArticle ADS CAS PubMed PubMed Central Google Scholar\\n\\n  20. Li, D. et al. Hybridized exciton-photon-phonon states in a transition metal dichalcogenide. Phys. Rev. Lett. 128, 087401 (2022).\\n\\nArticle ADS CAS PubMed Google Scholar\\n\\n  21. Wurdack, M. et al. Motional narrowing, ballistic transport, and trapping of room-temperature exciton polaritons in an atomically-thin semiconductor. Nat. Commun. 12, 5366 (2021).\\n\\nArticle ADS CAS PubMed PubMed Central Google Scholar\\n\\n  22. Deng, H., Haug, H. & Yamamoto, Y. Exciton-polariton Bose-Einstein condensation. Rev. Mod. Phys. 82, 1489\\u20131537 (2010).\\n\\nArticle ADS CAS Google Scholar\\n\\n  23. Liu, X. et al. Strong light-matter coupling in two-dimensional atomic crystals. Nat. Photon. 9, 30\\u201334 (2015).\\n\\nArticle ADS CAS Google Scholar\\n\\n  24. Weisbuch, C., Nishioka, M., Ishikawa, A. & Arakawa, Y. Observation of the coupled exciton-photon mode splitting in a semiconductor quantum microcavity. Phys. Rev. Lett. 69, 3314\\u20133317 (1992).\\n\\nArticle ADS CAS PubMed Google Scholar\\n\\n  25. Colas, D., Laussy, F. P. & Davis, M. J. Negative-mass effects in spin-orbit coupled Bose-Einstein condensates. Phys. Rev. Lett. 121, 055302 (2018).\\n\\nArticle ADS PubMed Google Scholar\\n\\n  26. Baboux, F. et al. Unstable and stable regimes of polariton condensation. Optica 5, 1163\\u20131170 (2018).\\n\\nArticle ADS Google Scholar\\n\\n  27. Lundt, N. et al. Room-temperature Tamm-plasmon exciton-polaritons with a WSe_2 monolayer. Nat. Commun. 7, 13328 (2016).\\n\\nArticle ADS CAS PubMed PubMed Central Google Scholar\\n\\n  28. Rupprecht, C. et al. Micro-mechanical assembly and characterization of high-quality Fabry-Perot microcavities for the integration of two-dimensional materials. Appl. Phys. Lett. 118, 103103 (2021).\\n\\nArticle ADS CAS Google Scholar\\n\\n  29. Dhara, S. et al. Anomalous dispersion of microcavity trion-polaritons. Nat. Phys. 14, 130\\u2013133 (2018).\\n\\nArticle CAS Google Scholar\\n\\n  30. Lyons, T. P. et al. Giant effective Zeeman splitting in a monolayer semiconductor realized by spin-selective strong light-matter coupling. Nat. Photon. 16, 632\\u2013636 (2022).\\n\\n  31. Yu, W., Wang, J., Yuan, H. Y. & Xiao, J. Prediction of attractive level crossing via a dissipative mode. Phys. Rev. Lett. 123, 227201 (2019).\\n\\nArticle ADS CAS PubMed Google Scholar\\n\\n  32. Christiansen, D. et al. Phonon sidebands in monolayer transition metal dichalcogenides. Phys. Rev. Lett. 119, 187402 (2017).\\n\\nArticle ADS PubMed Google Scholar\\n\\n  33. Wurdack, M. et al. Enhancing ground state population and macroscopic coherence of room-temperature WS2 polaritons through engineered confinement. Phys. Rev. Lett. 129, 147402 (2022).\\n\\n  34. Aleiner, I. L., Altshuler, B. L. & Rubo, Y. G. Radiative coupling and weak lasing of exciton-polariton condensates. Phys. Rev. B 85, 121301(R) (2012).\\n\\nArticle ADS Google Scholar\\n\\n  35. Kyriienko, O., Liew, T. C. H. & Shelykh, I. A. Optomechanics with cavity polaritons: dissipative coupling and unconventional bistability. Phys. Rev. Lett. 112, 076402 (2014).\\n\\nArticle ADS CAS PubMed Google Scholar\\n\\n  36. Bleu, O., Choo, K., Levinsen, J. & Parish, M. M. Effective dissipative light-matter coupling in nonideal cavities. Preprint at https://arxiv.org/abs/2301.02221 (2023).\\n\\n  37. Su, R. et al. Observation of exciton polariton condensation in a perovskite lattice at room temperature. Nat. Phys. 16, 301\\u2013306 (2020).\\n\\nArticle CAS Google Scholar\\n\\n  38. Plumhof, J. D., St\\u00f6ferle, T., Mai, L., Scherf, U. & Mahrt, R. F. Room-temperature Bose-Einstein condensation of cavity exciton-polaritons in a polymer. Nat. Mater. 13, 247\\u2013252 (2014).\\n\\nArticle ADS CAS PubMed Google Scholar\\n\\n  39. Khamehchi, M. A. et al. Negative-mass hydrodynamics in a spin-orbit-coupled Bose-Einstein condensate. Phys. Rev. Lett. 118, 155301 (2017).\\n\\nArticle ADS CAS PubMed Google Scholar\\n\\n  40. Kuehn, W. et al. Coherent ballistic motion of electrons in a periodic potential. Phys. Rev. Lett. 104, 146602 (2010).\\n\\nArticle ADS CAS PubMed Google Scholar\\n\\n  41. Ardizzone, V. et al. Polariton Bose-Einstein condensate from a bound state in the continuum. Nature 605, 447\\u2013452 (2022).\\n\\nArticle ADS CAS PubMed Google Scholar\\n\\n  42. Fontaine, Q. et al. Observation of KPZ universal scaling in a one-dimensional polariton condensate. Nature 608, 687 (2022).\\n\\nArticle ADS CAS PubMed Google Scholar\\n\\nDownload references\\n\\n## Acknowledgements\\n\\nThis work was supported by the Australian Research Council (ARC) Centre of\\nExcellence Grant No. CE170100039. We acknowledge the Australian National\\nFabrication Facility (ANFF) OptoFab, a company established under the National\\nCollaborative Research Infrastructure Strategy to provide nano and\\nmicrofabrication facilities for Australia\\u2019s researchers, for fabricating the\\nhigh-quality DBR substrate, and the ANFF ACT node for the technical support in\\nsample fabrication. M.K., M.S. and A.K. gratefully acknowledge funding from\\nthe Deutsche Forschungsgemeinschaft (DFG) through SFB 951, project number\\n182087777. E.E. was supported through the Australian Research Council\\nDiscovery Early Career Research Award DE220100712.\\n\\n## Author information\\n\\n### Authors and Affiliations\\n\\n  1. ARC Centre of Excellence in Future Low-Energy Electronics Technologies and Department of Quantum Science and Technology, Research School of Physics, The Australian National University, Canberra, ACT, 2601, Australia\\n\\nM. Wurdack, T. Yun, E. A. Ostrovskaya & E. Estrecho\\n\\n  2. Department of Materials Science and Engineering, Monash University, Clayton, Victoria, 3800, Australia\\n\\nT. Yun\\n\\n  3. Songshan Lake Materials Laboratory, Dongguan, 523808, Guangdong, China\\n\\nT. Yun\\n\\n  4. Institute of Physics, Chinese Academy of Science, Beijing, 100190, China\\n\\nT. Yun\\n\\n  5. Nichtlineare Optik und Quantenelektronik, Institut f\\u00fcr Theoretische Physik, Technische Universit\\u00e4t Berlin, 10623, Berlin, Germany\\n\\nM. Katzer, A. Knorr & M. Selig\\n\\n  6. Department of Quantum Science and Technology, Research School of Physics, The Australian National University, Canberra, ACT, 2601, Australia\\n\\nA. G. Truscott\\n\\nAuthors\\n\\n  1. M. Wurdack\\n\\nView author publications\\n\\nYou can also search for this author in PubMed Google Scholar\\n\\n  2. T. Yun\\n\\nView author publications\\n\\nYou can also search for this author in PubMed Google Scholar\\n\\n  3. M. Katzer\\n\\nView author publications\\n\\nYou can also search for this author in PubMed Google Scholar\\n\\n  4. A. G. Truscott\\n\\nView author publications\\n\\nYou can also search for this author in PubMed Google Scholar\\n\\n  5. A. Knorr\\n\\nView author publications\\n\\nYou can also search for this author in PubMed Google Scholar\\n\\n  6. M. Selig\\n\\nView author publications\\n\\nYou can also search for this author in PubMed Google Scholar\\n\\n  7. E. A. Ostrovskaya\\n\\nView author publications\\n\\nYou can also search for this author in PubMed Google Scholar\\n\\n  8. E. Estrecho\\n\\nView author publications\\n\\nYou can also search for this author in PubMed Google Scholar\\n\\n### Contributions\\n\\nM.W., E.A.O. and E.E. conceived and supervised the project. M.W., T.Y. and\\nE.E. designed and fabricated the samples, performed the measurements, and\\nanalysed the experimental results with input from E.A.O. and A.G.T. E.E., M.W.\\nand E.O.A. developed and analysed the phenomenological model. M.K., A.K. and\\nM.S. developed the microscopic theory and performed numerical investigations.\\nM.W., E.A.O. and E.E. wrote the paper with input from all authors.\\n\\n### Corresponding authors\\n\\nCorrespondence to M. Wurdack, E. A. Ostrovskaya or E. Estrecho.\\n\\n## Ethics declarations\\n\\n### Competing interests\\n\\nThe authors declare no competing interests.\\n\\n## Peer review\\n\\n### Peer review information\\n\\nNature Communications thanks the anonymous reviewer(s) for their contribution\\nto the peer review of this work.\\n\\n## Additional information\\n\\nPublisher\\u2019s note Springer Nature remains neutral with regard to jurisdictional\\nclaims in published maps and institutional affiliations.\\n\\n## Supplementary information\\n\\n### Supplementary Information\\n\\n## Rights and permissions\\n\\nOpen Access This article is licensed under a Creative Commons Attribution 4.0\\nInternational License, which permits use, sharing, adaptation, distribution\\nand reproduction in any medium or format, as long as you give appropriate\\ncredit to the original author(s) and the source, provide a link to the\\nCreative Commons license, and indicate if changes were made. The images or\\nother third party material in this article are included in the article\\u2019s\\nCreative Commons license, unless indicated otherwise in a credit line to the\\nmaterial. If material is not included in the article\\u2019s Creative Commons\\nlicense and your intended use is not permitted by statutory regulation or\\nexceeds the permitted use, you will need to obtain permission directly from\\nthe copyright holder. To view a copy of this license, visit\\nhttp://creativecommons.org/licenses/by/4.0/.\\n\\nReprints and permissions\\n\\n## About this article\\n\\n### Cite this article\\n\\nWurdack, M., Yun, T., Katzer, M. et al. Negative-mass exciton polaritons\\ninduced by dissipative light-matter coupling in an atomically thin\\nsemiconductor. Nat Commun 14, 1026 (2023).\\nhttps://doi.org/10.1038/s41467-023-36618-6\\n\\nDownload citation\\n\\n  * Received: 17 August 2022\\n\\n  * Accepted: 08 February 2023\\n\\n  * Published: 23 February 2023\\n\\n  * DOI: https://doi.org/10.1038/s41467-023-36618-6\\n\\n### Share this article\\n\\nAnyone you share the following link with will be able to read this content:\\n\\nSorry, a shareable link is not currently available for this article.\\n\\nProvided by the Springer Nature SharedIt content-sharing initiative\\n\\n### Subjects\\n\\n  * Polaritons\\n  * Two-dimensional materials\\n\\n## This article is cited by\\n\\n  * ### Reconfigurable quantum fluid molecules of bound states in the continuum\\n\\n    * Antonio Gianfrate\\n    * Helgi Sigur\\u00f0sson\\n    * Daniele Sanvitto\\n\\nNature Physics (2024)\\n\\n  * ### Intercavity polariton slows down dynamics in strongly coupled cavities\\n\\n    * Yesenia A. Garc\\u00eda Jomaso\\n    * Brenda Vargas\\n    * Giuseppe Pirruccio\\n\\nNature Communications (2024)\\n\\n## Comments\\n\\nBy submitting a comment you agree to abide by our Terms and Community\\nGuidelines. If you find something abusive or that does not comply with our\\nterms or guidelines please flag it as inappropriate.\\n\\nDownload PDF\\n\\nAdvertisement\\n\\nNature Communications (Nat Commun) ISSN 2041-1723 (online)\\n\\n## nature.com sitemap\\n\\n### About Nature Portfolio\\n\\n  * About us\\n  * Press releases\\n  * Press office\\n  * Contact us\\n\\n### Discover content\\n\\n  * Journals A-Z\\n  * Articles by subject\\n  * protocols.io\\n  * Nature Index\\n\\n### Publishing policies\\n\\n  * Nature portfolio policies\\n  * Open access\\n\\n### Author & Researcher services\\n\\n  * Reprints & permissions\\n  * Research data\\n  * Language editing\\n  * Scientific editing\\n  * Nature Masterclasses\\n  * Research Solutions\\n\\n### Libraries & institutions\\n\\n  * Librarian service & tools\\n  * Librarian portal\\n  * Open research\\n  * Recommend to library\\n\\n### Advertising & partnerships\\n\\n  * Advertising\\n  * Partnerships & Services\\n  * Media kits\\n  * Branded content\\n\\n### Professional development\\n\\n  * Nature Careers\\n  * Nature Conferences\\n\\n### Regional websites\\n\\n  * Nature Africa\\n  * Nature China\\n  * Nature India\\n  * Nature Italy\\n  * Nature Japan\\n  * Nature Middle East\\n\\n  * Privacy Policy\\n  * Use of cookies\\n  * Legal notice\\n  * Accessibility statement\\n  * Terms & Conditions\\n  * Your US state privacy rights\\n  * Cancel contracts here\\n\\n\\u00a9 2024 Springer Nature Limited\\n\\nSign up for the Nature Briefing newsletter \\u2014 what matters in science, free to\\nyour inbox daily.\\n\\nGet the most important science stories of the day, free in your inbox. Sign up\\nfor Nature Briefing\\n\\n\", \"frontpage\": true}"}
