{"value":"{\"aid\": \"40219218\", \"title\": \"Chinese virologist shared Covid-19 data. Now his research has hit hurdles\", \"url\": \"https://www.cnn.com/2024/04/30/china/zhang-yongzhen-china-scientist-protest-intl-hnk-scn/index.html\", \"domain\": \"cnn.com\", \"votes\": 1, \"user\": \"priyankanath\", \"posted_at\": \"2024-05-01 03:32:38\", \"comments\": 0, \"source_title\": \"edition.cnn.com\", \"source_text\": \"edition.cnn.com\\n\\n# This edition.cnn.com page can\\u2019t be found\\n\\nNo webpage was found for the web address:\\nhttps://edition.cnn.com/2024/04/30/china/zhang-yongzhen-china-scientist-\\nprotest-intl-hnk-scn/index.html\\n\\nHTTP ERROR 404\\n\\nnull\\n\\nNo webpage was found for the web address:\\nhttps://edition.cnn.com/2024/04/30/china/zhang-yongzhen-china-scientist-\\nprotest-intl-hnk-scn/index.html\\n\\n\", \"frontpage\": false}"}
