{"value":"{\"aid\": \"40219810\", \"title\": \"Cascadia Code 2404.23\", \"url\": \"https://github.com/microsoft/cascadia-code/releases/tag/v2404.23\", \"domain\": \"github.com/microsoft\", \"votes\": 1, \"user\": \"yau8edq12i\", \"posted_at\": \"2024-05-01 05:28:14\", \"comments\": 0, \"source_title\": \"Release Cascadia Code 2404.23 \\u00b7 microsoft/cascadia-code\", \"source_text\": \"Release Cascadia Code 2404.23 \\u00b7 microsoft/cascadia-code \\u00b7 GitHub\\n\\nSkip to content\\n\\n## Navigation Menu\\n\\nSign in\\n\\n# Search code, repositories, users, issues, pull requests...\\n\\nSearch syntax tips\\n\\nSign in\\n\\nSign up\\n\\nYou signed in with another tab or window. Reload to refresh your session. You\\nsigned out in another tab or window. Reload to refresh your session. You\\nswitched accounts on another tab or window. Reload to refresh your session.\\nDismiss alert\\n\\nmicrosoft / cascadia-code Public\\n\\n  * Notifications\\n  * Fork 782\\n  * Star 24.2k\\n\\n# Cascadia Code 2404.23\\n\\nLatest\\n\\nLatest\\n\\nDHowett released this 30 Apr 22:04\\n\\n\\u00b7 1 commit to main since this release\\n\\nv2404.23\\n\\n1034791\\n\\nI don't think I could say anything to top this one, so here's the release\\nnotes for the first version of Cascadia in three years!\\n\\n## New Features\\n\\n### Symbols for Legacy Computing (and more!)\\n\\nThanks to the tireless work of @PhMajerus, the Cascadia family now supports a\\nwhopping 1140 new glyphs covering sextants, octants, large type pieces,\\neights, sedecimants, quadrants (separated), segmented digits, circles and\\ncheckerboards. In addition, the existing block elements have been aligned to\\nfit the same grid as the new characters to make for seamless ANSI art.\\n\\nSee #708, #721, #723 and #727 for more details.\\n\\n### \\\"Nerd Fonts\\\"\\n\\nIn addition to all of the above characters, the Cascadia family now comes with\\na native \\\"Nerd Font\\\" variant! It includes the entire set of glyphs as of April\\n2024 (all 9209 of them), and supersedes both unofficial variants \\\"Caskaydia\\nCove\\\" and \\\"Delugia Code\\\". Every glyph is metrics-compatible with the rest of\\nCascadia, so there should be no (or very few?) visual aberrations. @aaronbell\\nis the star of Nerd Fonts for this release!\\n\\nSee #720 for all the details!\\n\\n### Contributors\\n\\naaronbell and PhMajerus\\n\\n69 people reacted\\n\\n7 Join discussion\\n\\n## Footer\\n\\n\\u00a9 2024 GitHub, Inc.\\n\\nYou can\\u2019t perform that action at this time.\\n\\n\", \"frontpage\": false}"}
