{"value":"{\"aid\": \"40219794\", \"title\": \"Starbucks Shares Plunge After Sales, Earnings Miss\", \"url\": \"https://drjohnb.substack.com/p/starbucks-shares-plunge-after-sales\", \"domain\": \"drjohnb.substack.com\", \"votes\": 6, \"user\": \"faroha\", \"posted_at\": \"2024-05-01 05:24:25\", \"comments\": 0, \"source_title\": \"Starbucks Shares Plunge After Sales, Earnings Miss\", \"source_text\": \"Starbucks Shares Plunge After Sales, Earnings Miss\\n\\n# Dr.John B\\u2019s Newsletter\\n\\nShare this post\\n\\n#### Starbucks Shares Plunge After Sales, Earnings Miss\\n\\ndrjohnb.substack.com\\n\\n#### Discover more from Dr.John B\\u2019s Newsletter\\n\\nGet smarter about what matters to you.\\n\\nContinue reading\\n\\nSign in\\n\\n# Starbucks Shares Plunge After Sales, Earnings Miss\\n\\nJohn B\\n\\nMay 01, 2024\\n\\nShare this post\\n\\n#### Starbucks Shares Plunge After Sales, Earnings Miss\\n\\ndrjohnb.substack.com\\n\\nShare\\n\\nStarbucks has disappointed the market with accounts that show a drop in the\\nturnover of its cafes. The company reported that global comparable store sales\\ndecreased 4%. There were 6% fewer transactions, so the 2% increase in the\\naverage ticket could only partially offset this. Although Starbucks has been\\nthe subject of a boycott related to the Gaza war, what has acted as a real\\nburden has been the Chinese market, where competitors have appeared at\\ncompetitive prices. Shares have plummeted after the close of the session.\\n\\nComparable store sales in North America and the United States decreased 3%,\\nwhile international sales fell 6%. In China, the decrease was 11%. The company\\nhas had to moderate prices due to the new competitive situation and has had an\\n8% decrease in the average ticket and a 4% decrease in transactions: fewer\\ncustomers who also spend less.\\n\\nThe group opened 364 net new stores in the second quarter of its fiscal year\\n(January to March), closing the period with 38,951 stores, of which 52% are\\noperated by the company and 48% are franchised. At the end of the second\\nquarter, stores in the United States and China represented 61% of the\\ncompany's global portfolio, with 16,600 cafes in the United States and 7,093\\nin China.\\n\\nNot even these new openings made it possible to compensate for the drop in\\nsales in existing cafeterias. Consolidated net income decreased by 2%, to\\n8,563 million dollars (just over 8,000 million euros at the current exchange\\nrate). Net profit fell 15% to $772.4 million.\\n\\nStarbucks' results reflect the impact of colder-than-usual weather in January,\\nwhich affected store visits across the industry, a more cautious consumer\\naround the world and conflict in the Middle East, it said in an interview.\\nwith Bloomberg CFO Rachel Ruggeri.\\n\\nAccording to Ruggeri, the chain wants to reverse the trend by focusing on\\nmeeting demand in the mornings. Starbucks wants to increase product\\navailability and reduce wait times, including by updating the way it makes\\nsome drinks. It is also working on new products that attract customers in the\\nafternoons and attracting more customers to its app.\\n\\nProfitability was impaired by increased spending on store associate salaries\\nand benefits, increased promotional activities, offsetting gain from the sale\\nof Seattle's Best Coffee brand, as well as increased overhead expenses. and\\nadministrative. That was partially offset by pricing and in-store operational\\nefficiencies.\\n\\nThe company's price plummeted 12.5% after the publication of results, in\\noperations after the usual session hours. Excluding that drop, Starbucks\\nshares are down 5% so far this year and 23% in the last 12 months. The company\\nis worth $100 billion on the stock market.\\n\\n\\u201cIn a very challenging environment, this quarter's results do not reflect the\\npower of our brand, our capabilities or the opportunities that lie ahead,\\u201d\\nsaid Laxman Narasimhan, CEO, in a statement. \\u201cWe have not met our\\nexpectations, but we understand the specific challenges and opportunities\\nbefore us. We have a clear plan to execute and the entire organization is\\nmobilized around it. \\u201cWe are very confident in our long term,\\u201d he added.\\n\\n\\u201cAlthough it has been a difficult quarter, we have learned from our own poor\\nperformance and have sharpened our approach with a comprehensive roadmap of\\nthoughtful actions that make the path forward clear,\\u201d said CFO Rachel Ruggeri.\\n\\u201cAlong this path, we remain committed to our disciplined approach to capital\\nallocation as we navigate this complex and dynamic environment,\\u201d she added.\\n\\nIn the case of Starbucks, the trigger for the boycott was a lawsuit against\\nWorkers United, the union that organizes its workers, after a social media\\naccount of said organization published a pro-Palestinian message in the wake\\nof the conflict in Gaza. The company alleged that the lawsuit was for improper\\nuse of its name and because it wanted to stay away from taking political\\npositions.\\n\\nFollowing calls for a boycott, Narasimhan published an open letter to\\nemployees in December stating that Starbucks condemns \\u201cviolence against the\\ninnocent, hate and armed speech and lies.\\u201d \\u201cWe are a company with a mission\\nand promises based on humanity and giving. We hate hate. \\u201cWe strongly reject\\nviolence against the innocent,\\u201d he maintained.\\n\\n### Subscribe to Dr.John B\\u2019s Newsletter\\n\\nBy John B \\u00b7 Launched 5 days ago\\n\\nGet smarter about what matters to you.\\n\\nShare this post\\n\\n#### Starbucks Shares Plunge After Sales, Earnings Miss\\n\\ndrjohnb.substack.com\\n\\nShare\\n\\nComments\\n\\nPinterest\\u2019s stock soars 17% on big revenue and profit beat, 500 million\\nmonthly active users\\n\\nThe social image network Pinterest increased its revenue by 23% in the first\\nquarter of the year, to $740 million, according to the accounts it reported...\\n\\n2 hrs ago \\u2022\\n\\nJohn B\\n\\nShare this post\\n\\n#### Pinterest\\u2019s stock soars 17% on big revenue and profit beat, 500 million\\nmonthly active users\\n\\ndrjohnb.substack.com\\n\\nCoca-Cola is getting a boost from higher prices\\n\\nThe strength of the Coca-Cola group's brands has allowed the company to raise\\nprices and gain market share. In an inflationary context, these price...\\n\\n2 hrs ago \\u2022\\n\\nJohn B\\n\\nShare this post\\n\\n#### Coca-Cola is getting a boost from higher prices\\n\\ndrjohnb.substack.com\\n\\nMeta loses $200 billion in value as Zuckerberg focuses earnings call on all\\nthe ways company bleeds cash\\n\\nMark Zuckerberg declared 2023 as the year of austerity in Meta. With a plan of\\nlayoffs, office closures and adjustment of operating expenses, he...\\n\\nApr 26 \\u2022\\n\\nJohn B\\n\\nShare this post\\n\\n#### Meta loses $200 billion in value as Zuckerberg focuses earnings call on\\nall the ways company bleeds cash\\n\\ndrjohnb.substack.com\\n\\nReady for more?\\n\\n\\u00a9 2024 Aboel3z\\n\\nPrivacy \\u2219 Terms \\u2219 Collection notice\\n\\nStart WritingGet the app\\n\\nSubstack is the home for great culture\\n\\nShare\\n\\n## Create your profile\\n\\n## Only paid subscribers can comment on this post\\n\\nAlready a paid subscriber? Sign in\\n\\n#### Check your email\\n\\nFor your security, we need to re-authenticate you.\\n\\nClick the link we sent to , or click here to sign in.\\n\\n\", \"frontpage\": false}"}
