{"value":"{\"aid\": \"40220542\", \"title\": \"Fast, simple, hard real time allocator for Rust\", \"url\": \"https://github.com/pcwalton/offset-allocator\", \"domain\": \"github.com/pcwalton\", \"votes\": 1, \"user\": \"practicalrs\", \"posted_at\": \"2024-05-01 07:39:09\", \"comments\": 0, \"source_title\": \"GitHub - pcwalton/offset-allocator: A port of Sebastian Aaltonen's `OffsetAllocator` to Rust\", \"source_text\": \"GitHub - pcwalton/offset-allocator: A port of Sebastian Aaltonen's\\n`OffsetAllocator` to Rust\\n\\nSkip to content\\n\\n## Navigation Menu\\n\\nSign in\\n\\n# Search code, repositories, users, issues, pull requests...\\n\\nSearch syntax tips\\n\\nSign in\\n\\nSign up\\n\\nYou signed in with another tab or window. Reload to refresh your session. You\\nsigned out in another tab or window. Reload to refresh your session. You\\nswitched accounts on another tab or window. Reload to refresh your session.\\nDismiss alert\\n\\npcwalton / offset-allocator Public\\n\\n  * Notifications\\n  * Fork 0\\n  * Star 13\\n\\nA port of Sebastian Aaltonen's `OffsetAllocator` to Rust\\n\\n### License\\n\\nMIT license\\n\\n13 stars 0 forks Branches Tags Activity\\n\\nStar\\n\\nNotifications\\n\\n# pcwalton/offset-allocator\\n\\nThis commit does not belong to any branch on this repository, and may belong\\nto a fork outside of the repository.\\n\\n1 Branch\\n\\n0 Tags\\n\\n## Folders and files\\n\\nName| Name| Last commit message| Last commit date  \\n---|---|---|---  \\n  \\n## Latest commit\\n\\npcwaltonAdd some more Cargo metadataMay 1, 202401348bd \\u00b7 May 1, 2024May 1,\\n2024\\n\\n## History\\n\\n12 Commits  \\n  \\n### src\\n\\n|\\n\\n### src\\n\\n| Rustfmt| May 1, 2024  \\n  \\n### .gitignore\\n\\n|\\n\\n### .gitignore\\n\\n| Initial commit| Apr 28, 2024  \\n  \\n### Cargo.toml\\n\\n|\\n\\n### Cargo.toml\\n\\n| Add some more Cargo metadata| May 1, 2024  \\n  \\n### LICENSE-MIT\\n\\n|\\n\\n### LICENSE-MIT\\n\\n| Initial porting of code| Apr 28, 2024  \\n  \\n### README.md\\n\\n|\\n\\n### README.md\\n\\n| Add docs| May 1, 2024  \\n  \\n## Repository files navigation\\n\\n# offset-allocator\\n\\n## Overview\\n\\nThis is a port of Sebastian Aaltonen's OffsetAllocator package for C++ to 100%\\nsafe Rust. It's a fast, simple, hard real time allocator. This is especially\\nuseful for managing GPU resources, and the goal is to use it in Bevy.\\n\\nThe port has been made into more or less idiomatic Rust but is otherwise\\nmostly line-for-line, preserving comments. That way, patches for the original\\nOffsetAllocator should be readily transferable to this Rust port.\\n\\nPlease note that offset-allocator isn't a Rust allocator conforming to the\\nGlobalAlloc trait. You can't use this crate as a drop-in replacement for the\\nsystem allocator, jemalloc, wee_alloc, etc. A Rust allocator could be built\\nout of this crate, but it doesn't come with one. This is by design, so that\\nthis allocator can be used to manage resources that aren't just CPU memory: in\\nparticular, you can manage allocations inside GPU buffers with it. By\\ncontrast, Rust allocators are hard-wired to the CPU and can't be used to\\nmanage GPU resources.\\n\\n## Description\\n\\nThis allocator is completely agnostic to what it's allocating: it only knows\\nabout a contiguous block of memory of a specific size. That size need not be\\nin bytes: this is especially useful when allocating inside a buffer of fixed-\\nsize structures. For example, if using this allocator to divide up a GPU index\\nbuffer object, one want to treat the units of allocation as 32-bit floats.\\n\\nFrom the original README:\\n\\n> Fast hard realtime O(1) offset allocator with minimal fragmentation.\\n\\n> Uses 256 bins with 8 bit floating point distribution (3 bit mantissa + 5 bit\\n> exponent) and a two level bitfield to find the next available bin using 2x\\n> LZCNT instructions to make all operations O(1). Bin sizes following the\\n> floating point distribution ensures hard bounds for memory overhead\\n> percentage regarless of size class. Pow2 bins would waste up to +100% memory\\n> (+50% on average). Our float bins waste up to +12.5% (+6.25% on average).\\n\\n> The allocation metadata is stored in a separate data structure, making this\\n> allocator suitable for sub-allocating any resources, such as GPU heaps,\\n> buffers and arrays. Returns an offset to the first element of the allocated\\n> contiguous range.\\n\\n## References\\n\\nAgain per the original README:\\n\\n> This allocator is similar to the two-level segregated fit (TLSF) algorithm.\\n\\n> Comparison paper shows that TLSF algorithm provides best in class\\n> performance and fragmentation: https://www.researchgate.net/profile/Alfons-\\n> Crespo/publication/234785757_A_comparison_of_memory_allocators_for_real-\\n> time_applications/links/5421d8550cf2a39f4af765f4/A-comparison-of-memory-\\n> allocators-for-real-time-applications.pdf\\n\\n## Author\\n\\nC++ version: Sebastian Aaltonen\\n\\nRust port: Patrick Walton, @pcwalton\\n\\n## License\\n\\nLicensed under the MIT license. See LICENSE-MIT for details.\\n\\n## Code of conduct\\n\\noffset-allocator follows the same code of conduct as Rust itself. Reports can\\nbe made to the project authors.\\n\\n## About\\n\\nA port of Sebastian Aaltonen's `OffsetAllocator` to Rust\\n\\n### Resources\\n\\nReadme\\n\\n### License\\n\\nMIT license\\n\\nActivity\\n\\n### Stars\\n\\n13 stars\\n\\n### Watchers\\n\\n1 watching\\n\\n### Forks\\n\\n0 forks\\n\\nReport repository\\n\\n## Releases\\n\\nNo releases published\\n\\n## Packages 0\\n\\nNo packages published\\n\\n## Languages\\n\\n  * Rust 100.0%\\n\\n## Footer\\n\\n\\u00a9 2024 GitHub, Inc.\\n\\nYou can\\u2019t perform that action at this time.\\n\\n\", \"frontpage\": false}"}
