{"value":"{\"aid\": \"40220235\", \"title\": \"Paul Auster Dies at 77\", \"url\": \"https://www.npr.org/2024/05/01/1212212960/paul-auster-dead\", \"domain\": \"npr.org\", \"votes\": 1, \"user\": \"frag\", \"posted_at\": \"2024-05-01 06:38:59\", \"comments\": 0, \"source_title\": \"Bestselling novelist Paul Auster, author of 'The New York Trilogy,' dies at 77\", \"source_text\": \"Paul Auster, bestselling novelist who wrote 'City of Glass,' has died at 77 :\\nNPR\\n\\nAccessibility links\\n\\n  * Skip to main content\\n  * Keyboard shortcuts for audio player\\n\\nPaul Auster, bestselling novelist who wrote 'City of Glass,' has died at 77 A\\nleading figure in his generation of postmodern American writers, Auster wrote\\nmore than 20 novels, including City of Glass, Sunset Park, 4 3 2 1 and The\\nBrooklyn Follies.\\n\\n### Obituaries\\n\\n# Bestselling novelist Paul Auster, author of 'The New York Trilogy,' dies at\\n77\\n\\nMay 1, 202412:33 AM ET\\n\\nBy\\n\\nTom Vitale\\n\\n\\\"You think it will never happen to you,\\\" Paul Auster wrote about aging and\\nmortality in his 2012 book Winter Journal. He's pictured above in New York in\\nApril 2007. Nicholas Roberts/AFP via Getty Images hide caption\\n\\ntoggle caption\\n\\nNicholas Roberts/AFP via Getty Images\\n\\n\\\"You think it will never happen to you,\\\" Paul Auster wrote about aging and\\nmortality in his 2012 book Winter Journal. He's pictured above in New York in\\nApril 2007.\\n\\nNicholas Roberts/AFP via Getty Images\\n\\nBest-selling author Paul Auster, whose novels addressed existential questions\\nof identity, language, and literature and created mysteries that raised more\\nquestions than they answered, has died. He was 77.\\n\\nHis death was confirmed by friend Jacki Lyden on behalf of Auster's family.\\n\\nA leading figure in his generation of postmodern American writers, Auster\\nwrote more than 20 novels, including The New York Trilogy, which included his\\n1985 breakthrough book, City of Glass, and his ambitious 2017 novel 4 3 2 1,\\nwhich ran close to 1,000 pages.\\n\\n\\\"I think he was a really exciting and compelling voice of his generation,\\\"\\nsays Alys Moody, a professor who teaches postwar American literature. \\\"Auster\\nwill be remembered for being one of the leading figures in a post-modern\\ntradition that's reimagining how central language is, and how central writing\\nis, and how central above all storytelling is.\\\"\\n\\n### Author Interviews\\n\\n### Paul Auster meditates on life, death and near misses\\n\\n### Author Interviews\\n\\n### Paul Auster tackles homelessness and broken hearts\\n\\nAuster was born in 1937 in Newark, N.J., to Jewish middle-class parents of\\nAustrian descent. After he graduated from Columbia University with\\nundergraduate and Master's degrees, he moved to Paris. There, he supported\\nhimself by translating French literature. Auster returned to the United States\\nin 1974, part of a disillusioned generation. In a private 1992 interview with\\nme, he said his novel Leviathan was about a character much like himself:\\n\\\"Someone filled with a kind of idealistic hope about what could be done about\\nthe future of the country and the world, who saw all these dreams bit by bit\\nbe dismantled by subsequent political events.\\\"\\n\\nIn his 20s, Auster published his own essays, poems, and translations. A\\nstrange event in 1980 led to his first novel.\\n\\n\\\"I was living alone in Brooklyn. And I did receive a telephone call,\\\" he\\nrecalled. \\\"And the person on the other end asked if he had reached the\\nPinkerton Agency. And, of course, I said no and hung up. But after the second\\nor third time, I said, well, what if I said Yes? And that was the genesis of\\nthe novel.\\\"\\n\\nThe story of that novel, City of Glass, is set in motion when the main\\ncharacter, a detective fiction writer named Quinn, gets a late night phone\\ncall:\\n\\n### Book Reviews\\n\\n### 'Winter Journal': Paul Auster on aging and mortality\\n\\n#### Author Interviews\\n\\n## A Personal 'Report From The Interior' Of Author Paul Auster\\n\\n#### A Personal 'Report From The Interior' Of Author Paul Auster\\n\\n5-Minute Listen\\n\\n  * Download\\n  * <iframe src=\\\"https://www.npr.org/player/embed/250022407/251364454\\\" width=\\\"100%\\\" height=\\\"290\\\" frameborder=\\\"0\\\" scrolling=\\\"no\\\" title=\\\"NPR embedded audio player\\\">\\n\\n  * Transcript\\n\\n> \\\"I would like to speak to Mr. Paul Auster.\\\"\\n>\\n> \\\"There's no one here by that name.\\\"\\n>\\n> \\\"Paul Auster. Of the Auster Detective Agency.\\\"\\n>\\n> \\\"I'm sorry,\\\" said Quinn. \\\"You must have the wrong number.\\\"\\n>\\n> \\\"This is a matter of utmost urgency,\\\" said the voice.\\n>\\n> \\\"There's nothing I can do for you,\\\" said Quinn. \\\"There is no Paul Auster\\n> here.\\\"\\n>\\n> \\\"You don't understand,\\\" said the voice. \\\"Time is running out.\\\"\\n\\nThe writer in the novel takes on the identity of the detective, who sets out\\nto solve the mystery of \\\"what is reality?\\\" He was sometimes criticized for the\\nbizarre coincidences in his work, but the events of his life, he said,\\noutstripped the implausibility in his fiction.\\n\\n\\\"When I was about 13 or 14 years old and, I was off at a summer camp, and we\\ngot caught in a storm. And a boy standing next to me was killed by a bolt of\\nlightning. Dropped dead. Struck down by the sky. I think maybe that informs my\\nwork more than any book I have ever read,\\\" he explained.\\n\\n### Book Reviews\\n\\n### 4 lives in parallel run through ambitious '4 3 2 1'\\n\\n#### Author Interviews\\n\\n## 1 character, 4 different lives in Paul Auster's '4 3 2 1'\\n\\n#### 1 Character, 4 Different Lives In Paul Auster's '4 3 2 1'\\n\\n7-Minute Listen\\n\\n  * Download\\n  * <iframe src=\\\"https://www.npr.org/player/embed/513769948/513769949\\\" width=\\\"100%\\\" height=\\\"290\\\" frameborder=\\\"0\\\" scrolling=\\\"no\\\" title=\\\"NPR embedded audio player\\\">\\n\\n  * Transcript\\n\\nAuster also wrote and co-directed a handful of independent films. He was never\\nat a loss for words. In 2017, he published an 880-page novel called 4 3 2 1\\nthat told the story of one main character in four different versions, in\\nalternating chapters. When he finished that book, he decided to take a break\\nfrom fiction, so he began writing a 780-page biography of 19^th century author\\nStephen Crane.\\n\\n\\\"I have tried in my books to turn myself inside out as much as possible,\\\" he\\nsaid. \\\"And not to hide behind style, tricks \\u2014 whatever you might call it.\\\"\\n\\nAuster, whose literary influences included Franz Kafka and Samuel Beckett,\\nwill be remembered for the purity of his language, and the seriousness of his\\nintent.\\n\\n  * City of Glass\\n  * New York City writers\\n\\n### More Stories From NPR\\n\\n##### Obituaries\\n\\n#### Dickey Betts, founding member of the Allman Brothers Band, dies at 80\\n\\n##### Obituaries\\n\\n#### Faith Ringgold, quilt and visual artist, dies at 93\\n\\n##### Obituaries\\n\\n#### Ethiopian singer Muluken Melesse dies at 73\\n\\n##### Obituaries\\n\\n#### O.J. Simpson's trial divided the nation. What legacy does he leave\\nbehind?\\n\\n##### Obituaries\\n\\n#### O.J. Simpson, football legend acquitted of notorious killings, dies at 76\\n\\n##### Art & Design\\n\\n#### Photos: Remembering Richard Serra, a world-renowned 'poet' of metals\\n\\n### Popular on NPR.org\\n\\n##### National\\n\\n#### A simple smile saved this man's life\\n\\n##### Education\\n\\n#### Police enter Columbia University's Hamilton Hall amid pro-Palestinian\\nprotests\\n\\n##### News\\n\\n#### ICC reportedly weighs arrest warrants for Israeli officials; new abortion\\nlawsuit\\n\\n##### Climate\\n\\n#### The Sunday Story: Startups want to cool Earth by reflecting sunlight\\n\\n##### Media\\n\\n#### Fox News pulls down series as Hunter Biden threatens lawsuit\\n\\n##### Music News\\n\\n#### Kendrick Lamar is Drake's biggest hater \\u2014 and proud of it\\n\\n### NPR Editors' Picks\\n\\n##### Middle East\\n\\n#### Israel will invade Gaza's Rafah 'with or without' a hostage deal,\\nNetanyahu says\\n\\n##### Culture\\n\\n#### Here's this year's list of the most endangered historic places in the\\nU.S.\\n\\n##### Politics\\n\\n#### The Biden administration is moving to reclassify marijuana. Here's what\\nthat means\\n\\n##### Economy\\n\\n#### Wages, employment, inflation are up, causing headaches for the Fed\\n\\n##### Middle East\\n\\n#### Kamala Harris called for a cease-fire in Gaza. Here's what we know about\\nthe talks\\n\\n##### Climate\\n\\n#### With a deadline looming, countries race for a global agreement to cut\\nplastic waste\\n\\n###### Read & Listen\\n\\n  * Home\\n  * News\\n  * Culture\\n  * Music\\n  * Podcasts & Shows\\n\\n###### Connect\\n\\n  * Newsletters\\n  * Facebook\\n  * Instagram\\n  * Press\\n  * Public Editor\\n  * Corrections\\n  * Contact & Help\\n\\n###### About NPR\\n\\n  * Overview\\n  * Diversity\\n  * NPR Network\\n  * Accessibility\\n  * Ethics\\n  * Finances\\n\\n###### Get Involved\\n\\n  * Support Public Radio\\n  * Sponsor NPR\\n  * NPR Careers\\n  * NPR Shop\\n  * NPR Events\\n  * NPR Extra\\n\\n  * Terms of Use\\n  * Privacy\\n  * Your Privacy Choices\\n  * Text Only\\n  * \\u00a9 2024 npr\\n\\nSponsor Message\\n\\nBecome an NPR sponsor\\n\\n## Cookie Consent & Sponsorship Choices\\n\\nWe and our 165 partners store and/or access information on a device, such as\\nunique IDs in cookies to process personal data. You may accept or manage your\\nchoices by clicking below, including your right to object where legitimate\\ninterest is used, or at any time in the privacy policy page. These choices\\nwill be signaled to our partners and will not affect browsing data.\\n\\nBy clicking \\u201cAccept All,\\u201d you agree to the use of cookies, similar tracking\\nand storage technologies, and information about your device to enhance your\\nviewing, listening and user experience, personalize content, personalize\\nmessages from NPR\\u2019s sponsors, provide social media features, and analyze NPR\\u2019s\\ntraffic. This information is shared with social media, sponsorship, analytics,\\nand other vendors or service providers.\\n\\n### We and our partners process data to provide:\\n\\nActively scan device characteristics for identification. Store and/or access\\ninformation on a device. Personalised advertising and content, advertising and\\ncontent measurement, audience research and services development.\\n\\nYour Opt Out Preference Signal is Honored\\n\\n## Manage Preferences\\n\\nWe process your data to deliver content or advertisements and measure the\\ndelivery of such content or advertisements to extract insights about our\\nwebsite. We share this information with our partners on the basis of consent\\nand legitimate interest. You may exercise your right to consent or object to a\\nlegitimate interest, based on a specific purpose below or at a partner level\\nin the link under each purpose. These choices will be signaled to our vendors\\nparticipating in the Transparency and Consent Framework.\\n\\nUser ID: 0a122aaf-46f0-45f2-a63d-70fce69bf1aa\\n\\n### Manage Consent Preferences\\n\\n#### Strictly Necessary or Essential Cookies\\n\\nAlways Active\\n\\nThese cookies are essential to provide you with services available through the\\nNPR Services and to enable you to use some of their features. For example,\\nthese cookies allow NPR to remember your registration information while you\\nare logged in. Local station customization, the NPR Shop, and other\\ninteractive features also use cookies. Without these cookies, the services\\nthat you have asked for cannot be provided, and we only use these cookies to\\nprovide you with those services.\\n\\n#### Performance and Analytics Cookies\\n\\nThese cookies are used to collect information about traffic to our Services\\nand how users interact with the NPR Services. The information collected\\nincludes the number of visitors to the NPR Services, the websites that\\nreferred visitors to the NPR Services, the pages that they visited on the NPR\\nServices, what time of day they visited the NPR Services, whether they have\\nvisited the NPR Services before, and other similar information. We use this\\ninformation to help operate the NPR Services more efficiently, to gather broad\\ndemographic information and to monitor the level of activity on the NPR\\nServices.\\n\\n#### Functional Cookies\\n\\nThese cookies allow our Services to remember choices you make when you use\\nthem, such as remembering your Member station preferences and remembering your\\naccount details. The purpose of these cookies is to provide you with a more\\npersonal experience and to prevent you from having to re-enter your\\npreferences every time you visit the NPR Services.\\n\\n#### Targeting and Sponsor Cookies\\n\\nThese cookies track your browsing habits or other information, such as\\nlocation, to enable us to show sponsorship credits which are more likely to be\\nof interest to you. These cookies use information about your browsing history\\nto group you with other users who have similar interests. Based on that\\ninformation, and with our permission, we and our sponsors can place cookies to\\nenable us or our sponsors to show sponsorship credits and other messages that\\nwe think will be relevant to your interests while you are using third-party\\nservices.\\n\\n#### Store and/or access information on a device 114 partners can use this\\npurpose\\n\\nCookies, device or similar online identifiers (e.g. login-based identifiers,\\nrandomly assigned identifiers, network based identifiers) together with other\\ninformation (e.g. browser type and information, language, screen size,\\nsupported technologies etc.) can be stored or read on your device to recognise\\nit each time it connects to an app or to a website, for one or several of the\\npurposes presented here.\\n\\n#### Personalised advertising and content, advertising and content\\nmeasurement, audience research and services development 150 partners can use\\nthis purpose\\n\\n  * ##### Use limited data to select advertising 105 partners can use this purpose\\n\\nAdvertising presented to you on this service can be based on limited data,\\nsuch as the website or app you are using, your non-precise location, your\\ndevice type or which content you are (or have been) interacting with (for\\nexample, to limit the number of times an ad is presented to you).\\n\\n  * ##### Create profiles for personalised advertising 80 partners can use this purpose\\n\\nInformation about your activity on this service (such as forms you submit,\\ncontent you look at) can be stored and combined with other information about\\nyou (for example, information from your previous activity on this service and\\nother websites or apps) or similar users. This is then used to build or\\nimprove a profile about you (that might include possible interests and\\npersonal aspects). Your profile can be used (also later) to present\\nadvertising that appears more relevant based on your possible interests by\\nthis and other entities.\\n\\n  * ##### Use profiles to select personalised advertising 78 partners can use this purpose\\n\\nAdvertising presented to you on this service can be based on your advertising\\nprofiles, which can reflect your activity on this service or other websites or\\napps (like the forms you submit, content you look at), possible interests and\\npersonal aspects.\\n\\n  * ##### Create profiles to personalise content 43 partners can use this purpose\\n\\nInformation about your activity on this service (for instance, forms you\\nsubmit, non-advertising content you look at) can be stored and combined with\\nother information about you (such as your previous activity on this service or\\nother websites or apps) or similar users. This is then used to build or\\nimprove a profile about you (which might for example include possible\\ninterests and personal aspects). Your profile can be used (also later) to\\npresent content that appears more relevant based on your possible interests,\\nsuch as by adapting the order in which content is shown to you, so that it is\\neven easier for you to find content that matches your interests.\\n\\n  * ##### Use profiles to select personalised content 34 partners can use this purpose\\n\\nContent presented to you on this service can be based on your content\\npersonalisation profiles, which can reflect your activity on this or other\\nservices (for instance, the forms you submit, content you look at), possible\\ninterests and personal aspects, such as by adapting the order in which content\\nis shown to you, so that it is even easier for you to find (non-advertising)\\ncontent that matches your interests.\\n\\n  * ##### Measure advertising performance 138 partners can use this purpose\\n\\nInformation regarding which advertising is presented to you and how you\\ninteract with it can be used to determine how well an advert has worked for\\nyou or other users and whether the goals of the advertising were reached. For\\ninstance, whether you saw an ad, whether you clicked on it, whether it led you\\nto buy a product or visit a website, etc. This is very helpful to understand\\nthe relevance of advertising campaigns.\\n\\n  * ##### Measure content performance 67 partners can use this purpose\\n\\nInformation regarding which content is presented to you and how you interact\\nwith it can be used to determine whether the (non-advertising) content e.g.\\nreached its intended audience and matched your interests. For instance,\\nwhether you read an article, watch a video, listen to a podcast or look at a\\nproduct description, how long you spent on this service and the web pages you\\nvisit etc. This is very helpful to understand the relevance of (non-\\nadvertising) content that is shown to you.\\n\\n  * ##### Understand audiences through statistics or combinations of data from different sources 78 partners can use this purpose\\n\\nReports can be generated based on the combination of data sets (like user\\nprofiles, statistics, market research, analytics data) regarding your\\ninteractions and those of other users with advertising or (non-advertising)\\ncontent to identify common characteristics (for instance, to determine which\\ntarget audiences are more receptive to an ad campaign or to certain contents).\\n\\n  * ##### Develop and improve services 105 partners can use this purpose\\n\\nInformation about your activity on this service, such as your interaction with\\nads or content, can be very helpful to improve products and services and to\\nbuild new products and services based on user interactions, the type of\\naudience, etc. This specific purpose does not include the development or\\nimprovement of user profiles and identifiers.\\n\\n  * ##### Use limited data to select content 30 partners can use this purpose\\n\\nContent presented to you on this service can be based on limited data, such as\\nthe website or app you are using, your non-precise location, your device type,\\nor which content you are (or have been) interacting with (for example, to\\nlimit the number of times a video or an article is presented to you).\\n\\n#### Actively scan device characteristics for identification 25 partners can\\nuse this purpose\\n\\nWith your acceptance, certain characteristics specific to your device might be\\nrequested and used to distinguish it from other devices (such as the installed\\nfonts or plugins, the resolution of your screen) in support of the purposes\\nexplained in this notice.\\n\\n#### Ensure security, prevent and detect fraud, and fix errors 104 partners\\ncan use this purpose\\n\\nAlways Active\\n\\nYour data can be used to monitor for and prevent unusual and possibly\\nfraudulent activity (for example, regarding advertising, ad clicks by bots),\\nand ensure systems and processes work properly and securely. It can also be\\nused to correct any problems you, the publisher or the advertiser may\\nencounter in the delivery of content and ads and in your interaction with\\nthem.\\n\\n#### Deliver and present advertising and content 98 partners can use this\\npurpose\\n\\nAlways Active\\n\\nCertain information (like an IP address or device capabilities) is used to\\nensure the technical compatibility of the content or advertising, and to\\nfacilitate the transmission of the content or ad to your device.\\n\\n#### Match and combine data from other data sources 76 partners can use this\\npurpose\\n\\nAlways Active\\n\\nInformation about your activity on this service may be matched and combined\\nwith other information relating to you and originating from various sources\\n(for instance your activity on a separate online service, your use of a\\nloyalty card in-store, or your answers to a survey), in support of the\\npurposes explained in this notice.\\n\\n#### Link different devices 60 partners can use this purpose\\n\\nAlways Active\\n\\nIn support of the purposes explained in this notice, your device might be\\nconsidered as likely linked to other devices that belong to you or your\\nhousehold (for instance because you are logged in to the same service on both\\nyour phone and your computer, or because you may use the same Internet\\nconnection on both devices).\\n\\n#### Identify devices based on information transmitted automatically 98\\npartners can use this purpose\\n\\nAlways Active\\n\\nYour device might be distinguished from other devices based on information it\\nautomatically sends when accessing the Internet (for instance, the IP address\\nof your Internet connection or the type of browser you are using) in support\\nof the purposes exposed in this notice.\\n\\n### Cookie List\\n\\nlabel\\n\\nConsent Leg.Interest\\n\\nlabel\\n\\nlabel\\n\\nlabel\\n\\n\", \"frontpage\": false}"}
