{"value":"{\"aid\": \"40220523\", \"title\": \"AI catches 114 drivers on mobiles in one week\", \"url\": \"https://www.bbc.com/news/uk-england-northamptonshire-68920267\", \"domain\": \"bbc.com\", \"votes\": 1, \"user\": \"belter\", \"posted_at\": \"2024-05-01 07:34:28\", \"comments\": 0, \"source_title\": \"AI technology in Northamptonshire catches drivers on mobiles\", \"source_text\": \"AI technology in Northamptonshire catches drivers on mobiles\\n\\n## Let us know you agree to cookies\\n\\nWe use cookies to give you the best online experience.\\n\\nPlease let us know if you agree to all of these cookies.\\n\\n  * No, take me to settings\\n\\n\", \"frontpage\": false}"}
