{"value":"{\"aid\": \"40219510\", \"title\": \"Engineer 'builds a GPU from scratch' in two weeks\", \"url\": \"https://www.tomshardware.com/pc-components/gpus/engineer-builds-a-gpu-from-scratch-in-two-weeks-process-much-harder-than-he-expected\", \"domain\": \"tomshardware.com\", \"votes\": 17, \"user\": \"blcArmadillo\", \"posted_at\": \"2024-05-01 04:29:05\", \"comments\": 3, \"source_title\": \"Engineer 'builds a GPU from scratch' in two weeks \\u2014 process much harder than he expected\", \"source_text\": \"Engineer 'builds a GPU from scratch' in two weeks \\u2014 process much harder than he expected | Tom's Hardware\\n\\nSkip to main content\\n\\nWhen you purchase through links on our site, we may earn an affiliate\\ncommission. Here\\u2019s how it works.\\n\\n# Engineer 'builds a GPU from scratch' in two weeks \\u2014 process much harder than\\nhe expected\\n\\nNews\\n\\nBy Mark Tyson\\n\\npublished 2 days ago\\n\\nThe 'CPU from scratch' guy has done it again.\\n\\n(Image credit: Adam Majmudar)\\n\\nAn engineer has shared his journey in \\u201cbuilding a GPU from scratch with no\\nprior experience.\\u201d As with his prior project of designing a CPU from scratch,\\nAdam Majmudar took just two weeks to complete this cerebral feat. In a\\nTwitter/X thread Majmudar takes us through the process, step-by-step, and\\nadmits GPU designing was a much harder task than expected. To be clear, the\\ncurrent conclusion of the project is a chip layout in Verilog which was\\nfinally passed through OpenLane EDA software to verify it. However, the GPU is\\ngoing to be submitted for tapeout via Tiny Tapeout 7 so is destined to become\\na physical chip in the coming months.\\n\\n(Image credit: Adam Majmudar)\\n\\nAbove you can see the flow of tasks Majmudar worked through to design his GPU.\\nYet, as a \\u2018from scratch\\u2019 project, a lot of study and thought was required even\\nbefore the first step was tentatively taken. Last time we highlighted the\\nengineer\\u2019s concerns that GPUs would be a relatively difficult field of study,\\ndue to the dominance of proprietary tech, as that prediction came true.\\n\\n(Image credit: Adam Majmudar)\\n\\nThrough several iterations of the above architecture, Majmudar decided to\\nfocus on general-purpose parallel computing (GPGPUs) capabilities. Thus he\\nadjusted his Instruction Set Architecture (ISA), which features just 11\\ninstructions, to achieve this goal. Next up, the engineer wrote two matrix\\nmath kernels to run on his GPU. These matrix addition and multiplication\\nkernels would demonstrate the key functionality of the GPU and provide\\nevidence of its useful application in graphics and machine learning tasks.\\n\\nIt had been relatively easy for the engineer so far, but building his GPU in\\nVerilog presented \\u201cmany issues.\\u201d Advice from the (in)famous George Hotz helped\\nMajmudar move past one of his first (and second) hurdles regarding memory and\\na warp-scheduler implementation. A third rewrite of his code did the trick\\nthough, fixing compute core execution scheduling.\\n\\nLATEST VIDEOS FROM tomshardware\\n\\nSome more unspecified redesigns later and the proof of the pudding, a video\\nshowing the matrix addition kernel running and validating, was shared in the\\nTweet thread.\\n\\n(Image credit: Adam Majmudar)\\n\\nLastly, the completed Verilog design was passed through OpenLane EDA,\\ntargeting the Skywater 130nm process node (for Tiny Tapeout). Again some\\nissues needed to be ironed out. In particular, Majmudar explains that some\\nDesign Rule Checks (DRCs) failed and necessitated rework.\\n\\nAfter the two-week effort, the engineer enjoyed playing with a cool 3D\\nvisualization of his GPU design. That will have to suffice until TT7 returns\\nsilicon to participants. Of course, the work isn't going to rank among the\\nbest graphics cards. If you want to read more about this homemade GPU check\\nout the entertaining social media thread and / or investigate the dedicated\\nTiny-GPU GitHub page.\\n\\n## Stay on the Cutting Edge\\n\\nJoin the experts who read Tom's Hardware for the inside track on enthusiast PC\\ntech news \\u2014 and have for over 25 years. We'll send breaking news and in-depth\\nreviews of CPUs, GPUs, AI, maker hardware and more straight to your inbox.\\n\\nBy submitting your information you agree to the Terms & Conditions and Privacy\\nPolicy and are aged 16 or over.\\n\\nMark Tyson\\n\\nFreelance News Writer\\n\\nMark Tyson is a Freelance News Writer at Tom's Hardware US. He enjoys covering\\nthe full breadth of PC tech; from business and semiconductor design to\\nproducts approaching the edge of reason.\\n\\nSee more GPUs News\\n\\nMore about gpus\\n\\nXFX unveils Radeon RX 7900 XTX Phoenix Nirvana graphics card with phase-change\\nthermal pad\\n\\nNvidia has another RTX 4070 variant brewing \\u2014 this one uses a down-binned\\nAD103 GPU from the RTX 4080 Super\\n\\nLatest\\n\\nTSMC details 12.8 Tbps on-package communication solution \\u2014 an efficient\\nsilicon photonics interconnect for AI\\n\\nSee more latest \\u25ba\\n\\n5 Comments Comment from the forums\\n\\n  * Order 66\\n\\nSo, how powerful is this thing? I mean on a 130nm process node, it can't be\\nthat fast considering 130nm was used in GPUs in 2001.\\n\\nReply\\n\\n  * cyrusfox\\n\\nI will be interested to see how they navigate the display drivers as well as\\nwhat resolutions and output technologies this can support. Doing all this solo\\nin 2 weeks is amazing, hope it powers on with first tape out. Best of luck.\\n\\nReply\\n\\n  * rfdevil\\n\\n> Order 66 said:\\n>\\n> So, how powerful is this thing? I mean on a 130nm process node, it can't be\\n> that fast considering 130nm was used in GPUs in 2001.\\n\\n> cyrusfox said:\\n>\\n> I will be interested to see how they navigate the display drivers as well as\\n> what resolutions and output technologies this can support. Doing all this\\n> solo in 2 weeks is amazing, hope it powers on with first tape out. Best of\\n> luck.\\n\\nIt's not a GPU. Back in the day (like 30 years ago) something like this might\\nget slotted into a CPU as an accelerated math unit or a co-processor to a CPU\\nto help with certain math functions. Interesting project but far away from\\nwhat it is being reported as. Same applies to the CPU article which design was\\neven further away from a CPU than this design is to a GPU.\\n\\nReply\\n\\n  * Sam Bridges\\n\\nI gotta ask. Can it run Crysis?\\n\\nCheers. \\ud83e\\udd23\\n\\nReply\\n\\n  * helfer.pesche\\n\\n> Sam Bridges said:\\n>\\n> I gotta ask. Can it run Crysis?\\n>\\n> Cheers. \\ud83e\\udd23\\n\\nNo, but maybe someone will run Doom on it ;)\\n\\nReply\\n\\n##### Most Popular\\n\\nNASA demonstrates space network speeds of up to 267 Mbps \\u2014 Deep Space Optical\\nCommunications stretch beyond 140 million miles\\n\\nChinese vendor appears to be selling Arrow Lake-S engineering samples for $14\\n\\nUS justifies Huawei's Intel-powered AI laptops, saying chip bans aren't meant\\nto hobble China's growth\\n\\nNvidia has another RTX 4070 variant brewing \\u2014 this one uses a down-binned\\nAD103 GPU from the RTX 4080 Super\\n\\nModders build PC with coffee machine inside \\u2014 full roaster and grinder fit in\\nthe chassis\\n\\nMSI Claw claims up to 150% added performance from new BIOS and GPU driver\\nupdates \\u2014 28% improvement on average across 19 tested games\\n\\nNew PCB design is repeatably recyclable \\u2014 vitrimer PCBs could save millions of\\ntons in eWaste, say UW researchers\\n\\nEngineer 'builds a GPU from scratch' in two weeks \\u2014 process much harder than\\nhe expected\\n\\n12 diehard Razer fans got tattoos of the Razer Toaster \\u2014 5 years later,\\nthey're still patiently waiting for it to come out\\n\\nIBM to invest $730 million in Canadian semiconductor sector: Report\\n\\nDrone maker DJI facing U.S. FCC ban \\u2014 the national security risk and part\\nChina-state ownership are key issues\\n\\nTom's Hardware is part of Future US Inc, an international media group and\\nleading digital publisher. Visit our corporate site.\\n\\n\\u00a9 Future US, Inc. Full 7th Floor, 130 West 42nd Street, New York, NY 10036.\\n\\n\", \"frontpage\": true}"}
