{"value":"{\"aid\": \"40219499\", \"title\": \"A major Chinese car company already has a Cybertruck knockoff\", \"url\": \"https://www.sfgate.com/tech/article/cybertruck-knockoff-dongfeng-concept-car-19431449.php\", \"domain\": \"sfgate.com\", \"votes\": 1, \"user\": \"c420\", \"posted_at\": \"2024-05-01 04:25:51\", \"comments\": 0, \"source_title\": \"Access to this page has been denied\", \"source_text\": \"Access to this page has been denied\\n\\nPress & Hold to confirm you are a human (and not a bot).\\n\\nHaving a problem?\\n\\nReference ID 7851fbde-077b-11ef-8323-d737a987e51f\\n\\nReport a problem\\n\\nExperiencing issues with this page? please let us know:\\n\\nYou can contact us for assistance. You should use Ref ID:\\n\\n7851fbde-077b-11ef-8323-d737a987e51f\\n\\nYou can also send us your feedback:\\n\\n\\u2713Thank you for the feedback\\n\\n\", \"frontpage\": false}"}
