{"value":"{\"aid\": \"40219099\", \"title\": \"Reference commit used by GitHub Support\", \"url\": \"https://github.com/octocat/Spoon-Knife/commit/d0dd1f61b33d64e29d8bc1372a94ef6a2fee76a9\", \"domain\": \"github.com/octocat\", \"votes\": 1, \"user\": \"spondyl\", \"posted_at\": \"2024-05-01 03:09:15\", \"comments\": 0, \"source_title\": \"Pointing to the guide for forking \\u00b7 octocat/Spoon-Knife@d0dd1f6\", \"source_text\": \"Pointing to the guide for forking \\u00b7 octocat/Spoon-Knife@d0dd1f6 \\u00b7 GitHub\\n\\nSkip to content\\n\\n## Navigation Menu\\n\\nSign in\\n\\n# Search code, repositories, users, issues, pull requests...\\n\\nSearch syntax tips\\n\\nSign in\\n\\nSign up\\n\\nYou signed in with another tab or window. Reload to refresh your session. You\\nsigned out in another tab or window. Reload to refresh your session. You\\nswitched accounts on another tab or window. Reload to refresh your session.\\nDismiss alert\\n\\noctocat / Spoon-Knife Public\\n\\n  * Notifications\\n  * Fork 143k\\n  * Star 12.2k\\n\\n## Commit\\n\\nPermalink\\n\\nThis commit does not belong to any branch on this repository, and may belong\\nto a fork outside of the repository.\\n\\nPointing to the guide for forking\\n\\nBrowse files Browse the repository at this point in the history\\n\\n  * main\\n  * (#2677)\\n\\noctocat committed Feb 12, 2014\\n\\n1 parent bb4cc8d commit d0dd1f6\\n\\nShowing 1 changed file with 1 addition and 1 deletion.\\n\\n## There are no files selected for viewing\\n\\n2 changes: 1 addition & 1 deletion 2 README.md\\n\\nOriginal file line number| Diff line number| Diff line change  \\n---|---|---  \\nExpand Up| @@ -6,4 +6,4 @@ Creating a *fork* is producing a personal copy of\\nsomeone else's project. Forks  \\n  \\n#### masamiya1 Oct 2, 2014\\n\\nhi\\n\\n#### HarishbabuB Oct 20, 2014\\n\\nhi\\n\\n#### ananda0106 Nov 5, 2014\\n\\nHi\\n\\n#### mohit-fitindya Jan 20, 2015\\n\\nhi\\n\\n#### parthamishra1996 Mar 1, 2015\\n\\nhii\\n\\n#### zehuiguan Mar 28, 2015\\n\\n666666666\\n\\n#### milokmilo Apr 14, 2015\\n\\nwhat?\\n\\n#### mmeron May 12, 2015\\n\\nhello\\n\\n#### LebzaBM Jul 6, 2015\\n\\ni'm in the dark\\n\\n#### andrewchoo Aug 5, 2015\\n\\nhello\\n\\n#### cindywangyao Aug 25, 2015\\n\\nhi\\n\\n#### oxoxoxoxoxox Sep 10, 2015\\n\\nis this forked?\\n\\n#### qingdaye Sep 17, 2015\\n\\nhuba ^_^\\n\\n#### geomach Sep 17, 2015\\n\\nhi :</>\\n\\n#### stanJ Nov 24, 2015\\n\\nyo yo check now\\n\\n#### Ericdoffy Nov 24, 2015\\n\\nlost\\n\\n#### samadobrota Dec 1, 2015\\n\\n\\u0437\\u0434\\u0440\\u0430\\u0441\\u0442\\u0435\\n\\n#### RoLP Dec 19, 2015\\n\\nhola\\n\\n#### moaazBhnas Jan 7, 2017\\n\\nklnj\\n\\n#### TheOGPuggles Jul 3, 2017\\n\\nhi everyone :)\\n\\n#### SucreCristal Oct 11, 2017\\n\\nHello\\n\\n#### dhs17y1cwongweijiebrion Jan 9, 2018\\n\\nhello\\n\\n#### aiymsayatqyzy Jan 29, 2018\\n\\nhi\\n\\n#### zixuan75 Mar 4, 2018\\n\\nhi!!!!!\\n\\n#### Beethov3n Mar 18, 2018\\n\\nCiao!\\n\\n#### vagnoleal Apr 12, 2018\\n\\nhello\\n\\n#### heda96 Nov 7, 2018\\n\\nHello\\n\\n#### 3opk23 Mar 31, 2019\\n\\nhi\\n\\n#### theparkjs Apr 3, 2019\\n\\n> Hi\\n\\nhi there\\n\\n#### fivemoreminix Jul 5, 2019\\n\\nHello ;)\\n\\n#### liyiming12 Aug 3, 2019\\n\\ngood\\n\\n#### yra40 Jul 24, 2020\\n\\n\\u0425\\u043e\\u0440\\u043e\\u0448\\u043e\\n\\n#### Gomathi-P Aug 5, 2020\\n\\nHlo\\n\\n#### yra40 Aug 28, 2020\\n\\n\\u043f\\u0440\\u0438\\u0432\\u0435\\u0442\\n\\n#### CrizGames Feb 13, 2021\\n\\nHello everyone\\n\\n#### AliceFord Feb 26, 2021\\n\\nWell hello\\n\\n#### huy-24 Sep 29, 2021\\n\\nhi\\n\\n#### GamingPenguin14 Feb 18, 2022\\n\\nHow Likes Technoblade?!?!\\n\\n#### elpoll Apr 3, 2022\\n\\n> > Hi\\n>\\n> hi there\\n\\nHi\\n\\n#### qingdaye via email Apr 3, 2022\\n\\n\\u60a8\\u597d,\\u90ae\\u4ef6\\u6211\\u5df2\\u6536\\u5230\\u3002\\n\\n#### GamingPenguin14 via email Apr 4, 2022\\n\\n\\u60a8\\u597d,\\u6211\\u4e5f\\u6536\\u5230\\u4e86\\u90ae\\u4ef6\\u3002...________________________________ From: qingdaye ***@***.***>\\nSent: Sunday, April 3, 2022 2:24 AM To: octocat/Spoon-Knife ***@***.***> Cc:\\nDoctor, Devin ***@***.***>; Comment ***@***.***> Subject: Re: [octocat/Spoon-\\nKnife] Pointing to the guide for forking (d0dd1f6) CAUTION: This email\\noriginated from outside of Utica Community Schools. Do not click any links or\\nopen attachments unless you recognize the sender and know the content is safe.\\n\\u60a8\\u597d,\\u90ae\\u4ef6\\u6211\\u5df2\\u6536\\u5230\\u3002 \\u2015 Reply to this email directly, view it on\\nGitHub<d0dd1f6#commitcomment-70317520>, or\\nunsubscribe<https://github.com/notifications/unsubscribe-\\nauth/AX26XH6ENND7ZIU2W7WK7NDVDE2SFANCNFSM4AMMUM7Q>. You are receiving this\\nbecause you commented.Message ID: ***@***.***>\\n\\n#### Cocodriel5 Jun 4, 2022\\n\\nSi ni saben hablar bien el ingl\\u00e9s banda Jajaja ya llegue\\n\\n#### Cocodriel5 Jun 4, 2022\\n\\nVoy a necesitar que quiten una que otra actualizaci\\u00f3n por que no me gusta eso\\nde que me est\\u00e9n espiando\\n\\n#### wschuz Jul 22, 2022\\n\\nAprendiendo a programar con todo raza!\\n\\n#### yacagri Sep 25, 2022\\n\\nho\\n\\n#### swoodruff21 Sep 25, 2022\\n\\n> > > Hi\\n>>\\n\\n>> hi there\\n\\n>\\n> Hi\\n\\nOh hi\\n\\n#### mahmodsaleem Dec 21, 2022\\n\\nHello\\n\\n#### Cnsal Dec 31, 2022\\n\\nhi\\n\\n#### deepakkumar55 May 1, 2023\\n\\nhii\\n\\n#### huanghe002 Jun 4, 2023\\n\\nhello\\n\\n#### kraouf3 Jul 2, 2023\\n\\nHello?\\n\\n#### xxspell Jul 23, 2023\\n\\nhello\\n\\n#### bcaller Aug 14, 2023\\n\\n    \\n    \\n    hi\\n\\n#### deepakkumar55 via email Aug 14, 2023\\n\\nHi, I got it....On Tue, Aug 15, 2023 at 3:20 AM bcaller ***@***.***> wrote: hi\\n\\u2014 Reply to this email directly, view it on GitHub <d0dd1f6#r124496324>, or\\nunsubscribe <https://github.com/notifications/unsubscribe-\\nauth/AYKFFCG2MQ4ZHCEPJPPAMQ3XVKMS5ANCNFSM4AMMUM7Q> . You are receiving this\\nbecause you commented.Message ID: <octocat/Spoon-\\nKnife/commit/d0dd1f61b33d64e29d8bc1372a94ef6a2fee76a9/124496324 @github.com>\\n\\n#### deepakkumar55 Aug 31, 2023\\n\\nhey\\n\\n#### EivydasLeo Oct 12, 2023\\n\\nhello world\\n\\n#### Treuweille Nov 8, 2023\\n\\n> Hello\\n\\nYes yi_yallo_uat ?\\n\\n#### jcodemc Nov 21, 2023\\n\\nhello world!\\n\\n#### SashaCHU-st Nov 24, 2023\\n\\nhello word\\n\\n#### WeslleyJs Dec 4, 2023\\n\\nhello\\n\\n#### Okode100 Dec 23, 2023\\n\\nWhy are all of you typing hello \\ud83d\\udc4b am confused?\\n\\n#### UmairJibran Feb 16, 2024\\n\\n@Okode100 Hello \\ud83d\\udc4b\\ud83c\\udffc\\n\\n#### Theshrink Feb 27, 2024\\n\\n> hi\\n\\nSo excited to meet one last time  \\nAfter forking this repository, you can make some changes to the project, and\\nsubmit [a Pull Request](https://github.com/octocat/Spoon-Knife/pulls) as\\npractice.  \\n  \\n#### masamiya1 Oct 8, 2014\\n\\nAfter forking this repository, you can make some changes to the pro\\nhttps://avatars1.githubusercontent.com/u/8124399?v=2&s=40ject, and submit [a\\nPull Request]\\n\\n#### masamiya1 Oct 8, 2014\\n\\nAfter forking this repository, you can make some changes to the project, and\\nsubmit a Pull Request as practice.\\n\\n#### masamiya1 Oct 21, 2014\\n\\nAfter forking this repository, you can make some changes to the project, and\\nsubmit a Pull Request as practice.\\n\\n#### dkeimig1 Apr 19, 2015\\n\\nJust testing\\n\\n#### asdf7878 May 6, 2015\\n\\nnewbee\\n\\n#### arthtim May 18, 2015\\n\\none day or another you'll start forking !\\n\\n#### folaj1m1 May 27, 2015\\n\\nHey gosh\\n\\n#### Vikashbh043 Jun 1, 2015\\n\\nGetting started\\n\\n#### folaj1m1 Jun 1, 2015\\n\\ntesting\\n\\n#### parshwashah Sep 22, 2015\\n\\nhiii\\n\\n#### stanJ Nov 24, 2015\\n\\nwowowo\\n\\n#### nareshandselvi Feb 11, 2017\\n\\nhi\\n\\n#### geonz via email Feb 11, 2017\\n\\nTest seems to be working!...On Sat, Feb 11, 2017 at 12:53 AM, nareshandselvi\\n***@***.***> wrote: hi \\u2014 You are receiving this because you commented. Reply\\nto this email directly, view it on GitHub <d0dd1f6#commitcomment-20844708>, or\\nmute the thread <https://github.com/notifications/unsubscribe-\\nauth/ADrYg4M4PYdXl4ZRWBp-MhOBN5xikc1Jks5rbVrPgaJpZM4BjKM_> .\\\\-- Sue J,\\nwebmastress http://resourceroomblog.wordpress.com http://www.resourceroom.net\\nhttp://bicycleuc.wordpress.com\\n\\n#### ftdor2 Nov 7, 2017\\n\\n\\u00ab \\u0424\\u043e\\u0440\\u043a \\u0440\\u0435\\u043f\\u043e\\u00bb ] ] (https : // help .github.com / articles / fork-a-repo ):\\nsparkling_heart : : sparkling_heart :\\n\\n#### zixuan75 Mar 14, 2018\\n\\nAfter forking this repository, you can make some changes to the pro\\nhttps://avatars1.githubusercontent.com/u/8124399?v=2&s=40ject, and submit a\\nPull Request \\ud83c\\udf89\\n\\n#### Sara-ndeshi Jun 5, 2020\\n\\nhi\\n\\n#### Malishkin Aug 22, 2020 \\u2022\\n\\nhi everyone\\n\\n#### miniprime1 Nov 28, 2021\\n\\nhi\\n\\n#### STRADIVARIUS590 Aug 19, 2022\\n\\nhey\\n\\n#### huanghe002 Jun 4, 2023\\n\\nd0dd1f6\\n\\n#### deepakkumar55 Aug 31, 2023\\n\\nhey\\n\\n#### Theshrink Feb 27, 2024\\n\\nGuys listen, I\\u2019m sorry for the mess. My weird way of getting attention. In the\\nshortest way possible to explain: This place has lost its way and carried you\\nall with it into this dark paradoxical place of open source as G almighty\\nherself but while they fought for the open source they , like probably any of\\nus would do, unnoticed, swept into the trap of control. Same as religion who\\ntook control of faith in gods name, or any leader that spends to many years on\\nthat chair and all the vision and ideals slowly and without a chance\\ndisappears under the urge of having more and more control over more people and\\nmore details , urge that as always rooted in fear. Fear of losing you. A lot\\nof time power mislead us to believe the its attached to control. But the exact\\nopposite is true. From both you will never have enough and the more you\\u2019ll\\nhave the more weak ull fear and more paranoid of losing control. Over you. As\\na younger person I looked at the people who built this fundamentally important\\nplace in administration and awe. To me they were visioners , rebels, brave\\ngroup going with out fear backed by a faraway big idea, and stood infront of\\nall big forces imagined and didn\\u2019t blink. Personally, I have come to learn\\nthrough all I\\u2019ve been trough that the there are 3 things the more important of\\nall and for me this place used to carry the flag of those3 words , big words\\nbut clean from pathos and rhetorical BS. Be brave, use your imagination and be\\ncourageous! Bravery is an amusing thing when u realize that all your fears are\\nnot real and are in fact, an invitation. For me to come and deal with this\\nthing that holds me back. Just like here when the smallest \\u2018conflict\\u2019 or some\\nthat\\u2019s not \\u2018go with flow\\u2019 immediately get attention and engaged. Every place\\nwe want to get , will necessarily go through all thing we hoped to avoid. It\\nis the nature of us and it\\u2019s a code , a tricky one , that is not so hard to\\ncrack but extremely hard to rewrite. few months ago, after realizing I\\u2019m being\\nmonitored and controlled and I also managed to find the how and who but I was\\nshocked when I finally saw that there are no walls any more and those very\\nplaces responsible to our safety are the ones who sell us for a dime. OR ,\\nwill offer you to join them cause it\\u2019s not that they\\u2019re going to win . They\\nwon long time ago and if u want to have a normal life then cooperate even\\nthough you\\u2019ll be taken away from you most human natural rights and that is the\\nright to just be. And in the world we have created it\\u2019s either be one of the\\nnetwork shut up and cooperate either say goodbye to all the good that so many\\npeople have created just because today , and u know it is true - to be\\nconnected is to chose slavery. This is the modern slavery that no one talks\\nabout even though long ago it crossed every possible moral border and\\nliterally today aim and study how to reach fool control over people covered\\nwith all kind of words the are funny because up until six month I truly\\nbelieved that my cell phone company truly does far and beyond to keep me safe.\\nI came here few months ago asking for help which I didn\\u2019t receive. Instead I\\nwas suddenly blamed in all kind of things and I found my self in the middle of\\na storm that later I will realize was just a little wind. A team of GitHub\\nfinest was sent into my cell to make sure it\\u2019s clean and during their\\nexamination, mistakenly, I was exposed to their real live communication and\\nhow they say it\\u2019s all good but than an outside source that became the root of\\nall the evil that became this place, first name &y. That &y instructed them to\\nhow to alter the reasults and more over showed them how it is all part of over\\nslack protocols. Meaning - to lie deliberately and knowingly ruin people\\u2019s\\nlife is written in the protocol of a company the stickler to its code of\\nconduct that in general to me sound like a term from the third reich. a lot\\nhas happen between me and them and especially to me . But one thing I knew and\\nkept telling them even after I both found a huge vulnerability that I haven\\u2019t\\nrevived anything for , I have also handed this missing piece they were looking\\nfor so long. Among other thing i gave them during the years I\\u2019ve been\\nmonitored. The story has a good end. And that is only because those same\\npeople that buried me and covered any trace that there was ever existed on\\nthis platform only because mistakenly may ask for help gave them the missing\\npeace of the greatest tool they have ever created. So after a month of a war\\nin which I thought I\\u2019m going completely insane let them know that it doesn\\u2019t\\nmatter how long it\\u2019s gonna take. I will not let them Make out of me what they\\nhave become. Those people have taught me maybe the biggest lesson I\\u2019ve ever\\nlearned. This lesson I\\u2019m learning together with you right now right here.\\nbecause we are all together under gabs management authorization and blessing a\\nwilling and wanting to go back and be the revolutionary git hub like they\\nalways wear like they always will be \\u2013 people who thrives for change. For a\\ngood change luckily for us this uncontrolled desire inside of them is still\\nthere stop using, the force we have into doing bad instead of doing so much\\ngood that we can but we don\\u2019t. If I\\u2019ll just calculate all the unimaginable\\nthings that came out of this place only to sell some dark gold of some\\nenormous powerful corporate that only needs more control like a junkie needs\\nhis dose. My name is Avner Shefa, I am from Israel, and I believe that the\\npeople were here are the future of this world or maybe the future of our\\nspecies because each one of you is brilliant and each one of you have a little\\nbit of something divine inside of him. There\\u2019s a lot to do in this world and\\nwe have a very show journey here, I\\u2019m saying a simple thing, why waste this\\njourney in doing bad? Why for the love of God or for his hate as far as I\\ncare, why are we not doing good? I can promise you that doing so will make you\\nfeel alive and money and be more happy in your lives why why? Because this is\\njust the nature of our species on this planet. The only things we truly have\\nthe only things we gave away. Now I\\u2019m gonna shut up and stop this manifest and\\nI\\u2019m gonna expose you to everything but also tell you that as far as I know\\nthis place and the people who founded it together with you with each one of\\nyou, this place is going to change because no one ever proved that you can\\u2019t\\nmake money only from doing bad. In fact, I promise you that you can make much\\nmore money and be much more happy from doing good. I know it\\u2019s all sounds like\\nsome clich\\u00e9, so know that 1. I don\\u2019t care what other people think 2. There is\\nnothing wrong with the clich\\u00e9 and most of them right. I came here in order to\\nfind out who is monitoring me. This person is still monitoring me, and I think\\nthat part of the reason that the people of this place decided to change after\\nthey sell, they monitoring me what I\\u2019ve been through and they were exposed to\\nwhat are the implications and consequences the little ones of the big things\\nthey are doing at the edge of every finger of each one of you the second it\\nmeets the keyboard happens magic. Now that magic , at least today is still\\nvery rare. As I was surprised and inspired at the same time from those manages\\nof display who have proven me again that they are truly still those same brave\\nvisionaries people who I once admired this is a shout out to all of you out\\nthere , we don\\u2019t like Batman first because Batman is fucking Batman so you\\ncan\\u2019t not like him but mainly to all of you worked so hard. It is in life\\ntrying to put it through using is amazing talent but without a choice using it\\nas a slave, I believe that we decide nothing on this short journey in this\\nlife, but there is one thing that is upon us, one that only we choose, and\\nthat thing is simply, how do I choose to experience what\\u2019s happening to me\\nright now?. Because that every breath we take, there is an opening for new\\nbeginning. There is an opportunity to use your head and your heart and your\\neyes and your gut and stealing make money and still go home feeling good and\\nhappy after I will publish everything. I\\u2019m gonna ask them management here for\\nwhat I see as my fair share not to mention the bounty and the prize since I am\\nthe person who caused the biggest overflow that ever happened on this\\nplatform, and if you only heard, and now also the managers hear it for the\\nfirst time, but if you only had what was the real chain of events that let us\\nhear it will be hard for you to grasp how much fortune and how much lack and\\nhow much talent and how much love it took from each one of you and each one of\\nGitHub steam and for me to reach this place, a place we get to change and\\nchange is the only permanent rule in this universe period. The chances that\\nthousands of programs , managed to read such along brain eating pretty lame\\nbut anyway I\\u2019ll tell you all you are the real heroes. Let\\u2019s fix this place as\\nfar as I\\u2019m concerned besides what I\\u2019m going to demand for my bounty Hunter\\nprice everything that will be offered to me is also yours the people , who\\nstood next to me at the first time when we lost this time we come as a winning\\nteam even before the fight begin. I\\u2019m gonna leave you with a question to think\\nabout think of it as a question waiting to be answered right here: how do you\\nwant to be big, if you want to be big?. I Drop the Mic you guys are awesome.\\nDo good & Shine on\\n\\n#### Theshrink Feb 27, 2024\\n\\n> Guys listen, I\\u2019m sorry for the mess. My weird way of getting attention. In\\n> the shortest way possible to explain: This place has lost its way and\\n> carried you all with it into this dark paradoxical place of open source as G\\n> almighty herself but while they fought for the open source they , like\\n> probably any of us would do, unnoticed, swept into the trap of control. Same\\n> as religion who took control of faith in gods name, or any leader that\\n> spends to many years on that chair and all the vision and ideals slowly and\\n> without a chance disappears under the urge of having more and more control\\n> over more people and more details , urge that as always rooted in fear. Fear\\n> of losing you. A lot of time power mislead us to believe the its attached to\\n> control. But the exact opposite is true. From both you will never have\\n> enough and the more you\\u2019ll have the more weak ull fear and more paranoid of\\n> losing control. Over you. As a younger person I looked at the people who\\n> built this fundamentally important place in administration and awe. To me\\n> they were visioners , rebels, brave group going with out fear backed by a\\n> faraway big idea, and stood infront of all big forces imagined and didn\\u2019t\\n> blink. Personally, I have come to learn through all I\\u2019ve been trough that\\n> the there are 3 things the more important of all and for me this place used\\n> to carry the flag of those3 words , big words but clean from pathos and\\n> rhetorical BS. Be brave, use your imagination and be courageous! Bravery is\\n> an amusing thing when u realize that all your fears are not real and are in\\n> fact, an invitation. For me to come and deal with this thing that holds me\\n> back. Just like here when the smallest \\u2018conflict\\u2019 or some that\\u2019s not \\u2018go\\n> with flow\\u2019 immediately get attention and engaged. Every place we want to get\\n> , will necessarily go through all thing we hoped to avoid. It is the nature\\n> of us and it\\u2019s a code , a tricky one , that is not so hard to crack but\\n> extremely hard to rewrite. few months ago, after realizing I\\u2019m being\\n> monitored and controlled and I also managed to find the how and who but I\\n> was shocked when I finally saw that there are no walls any more and those\\n> very places responsible to our safety are the ones who sell us for a dime.\\n> OR , will offer you to join them cause it\\u2019s not that they\\u2019re going to win .\\n> They won long time ago and if u want to have a normal life then cooperate\\n> even though you\\u2019ll be taken away from you most human natural rights and that\\n> is the right to just be. And in the world we have created it\\u2019s either be one\\n> of the network shut up and cooperate either say goodbye to all the good that\\n> so many people have created just because today , and u know it is true - to\\n> be connected is to chose slavery. This is the modern slavery that no one\\n> talks about even though long ago it crossed every possible moral border and\\n> literally today aim and study how to reach fool control over people covered\\n> with all kind of words the are funny because up until six month I truly\\n> believed that my cell phone company truly does far and beyond to keep me\\n> safe. I came here few months ago asking for help which I didn\\u2019t receive.\\n> Instead I was suddenly blamed in all kind of things and I found my self in\\n> the middle of a storm that later I will realize was just a little wind. A\\n> team of GitHub finest was sent into my cell to make sure it\\u2019s clean and\\n> during their examination, mistakenly, I was exposed to their real live\\n> communication and how they say it\\u2019s all good but than an outside source that\\n> became the root of all the evil that became this place, first name &y. That\\n> &y instructed them to how to alter the reasults and more over showed them\\n> how it is all part of over slack protocols. Meaning - to lie deliberately\\n> and knowingly ruin people\\u2019s life is written in the protocol of a company the\\n> stickler to its code of conduct that in general to me sound like a term from\\n> the third reich. a lot has happen between me and them and especially to me .\\n> But one thing I knew and kept telling them even after I both found a huge\\n> vulnerability that I haven\\u2019t revived anything for , I have also handed this\\n> missing piece they were looking for so long. Among other thing i gave them\\n> during the years I\\u2019ve been monitored. The story has a good end. And that is\\n> only because those same people that buried me and covered any trace that\\n> there was ever existed on this platform only because mistakenly may ask for\\n> help gave them the missing peace of the greatest tool they have ever\\n> created. So after a month of a war in which I thought I\\u2019m going completely\\n> insane let them know that it doesn\\u2019t matter how long it\\u2019s gonna take. I will\\n> not let them Make out of me what they have become. Those people have taught\\n> me maybe the biggest lesson I\\u2019ve ever learned. This lesson I\\u2019m learning\\n> together with you right now right here. because we are all together under\\n> gabs management authorization and blessing a willing and wanting to go back\\n> and be the revolutionary git hub like they always wear like they always will\\n> be \\u2013 people who thrives for change. For a good change luckily for us this\\n> uncontrolled desire inside of them is still there stop using, the force we\\n> have into doing bad instead of doing so much good that we can but we don\\u2019t.\\n> If I\\u2019ll just calculate all the unimaginable things that came out of this\\n> place only to sell some dark gold of some enormous powerful corporate that\\n> only needs more control like a junkie needs his dose. My name is Avner\\n> Shefa, I am from Israel, and I believe that the people were here are the\\n> future of this world or maybe the future of our species because each one of\\n> you is brilliant and each one of you have a little bit of something divine\\n> inside of him. There\\u2019s a lot to do in this world and we have a very show\\n> journey here, I\\u2019m saying a simple thing, why waste this journey in doing\\n> bad? Why for the love of God or for his hate as far as I care, why are we\\n> not doing good? I can promise you that doing so will make you feel alive and\\n> money and be more happy in your lives why why? Because this is just the\\n> nature of our species on this planet. The only things we truly have the only\\n> things we gave away. Now I\\u2019m gonna shut up and stop this manifest and I\\u2019m\\n> gonna expose you to everything but also tell you that as far as I know this\\n> place and the people who founded it together with you with each one of you,\\n> this place is going to change because no one ever proved that you can\\u2019t make\\n> money only from doing bad. In fact, I promise you that you can make much\\n> more money and be much more happy from doing good. I know it\\u2019s all sounds\\n> like some clich\\u00e9, so know that 1. I don\\u2019t care what other people think 2.\\n> There is nothing wrong with the clich\\u00e9 and most of them right. I came here\\n> in order to find out who is monitoring me. This person is still monitoring\\n> me, and I think that part of the reason that the people of this place\\n> decided to change after they sell, they monitoring me what I\\u2019ve been through\\n> and they were exposed to what are the implications and consequences the\\n> little ones of the big things they are doing at the edge of every finger of\\n> each one of you the second it meets the keyboard happens magic. Now that\\n> magic , at least today is still very rare. As I was surprised and inspired\\n> at the same time from those manages of display who have proven me again that\\n> they are truly still those same brave visionaries people who I once admired\\n> this is a shout out to all of you out there , we don\\u2019t like Batman first\\n> because Batman is fucking Batman so you can\\u2019t not like him but mainly to all\\n> of you worked so hard. It is in life trying to put it through using is\\n> amazing talent but without a choice using it as a slave, I believe that we\\n> decide nothing on this short journey in this life, but there is one thing\\n> that is upon us, one that only we choose, and that thing is simply, how do I\\n> choose to experience what\\u2019s happening to me right now?. Because that every\\n> breath we take, there is an opening for new beginning. There is an\\n> opportunity to use your head and your heart and your eyes and your gut and\\n> stealing make money and still go home feeling good and happy after I will\\n> publish everything. I\\u2019m gonna ask them management here for what I see as my\\n> fair share not to mention the bounty and the prize since I am the person who\\n> caused the biggest overflow that ever happened on this platform, and if you\\n> only heard, and now also the managers hear it for the first time, but if you\\n> only had what was the real chain of events that let us hear it will be hard\\n> for you to grasp how much fortune and how much lack and how much talent and\\n> how much love it took from each one of you and each one of GitHub steam and\\n> for me to reach this place, a place we get to change and change is the only\\n> permanent rule in this universe period. The chances that thousands of\\n> programs , managed to read such along brain eating pretty lame but anyway\\n> I\\u2019ll tell you all you are the real heroes. Let\\u2019s fix this place as far as\\n> I\\u2019m concerned besides what I\\u2019m going to demand for my bounty Hunter price\\n> everything that will be offered to me is also yours the people , who stood\\n> next to me at the first time when we lost this time we come as a winning\\n> team even before the fight begin. I\\u2019m gonna leave you with a question to\\n> think about think of it as a question waiting to be answered right here: how\\n> do you want to be big, if you want to be big?. I Drop the Mic you guys are\\n> awesome. Do good & Shine on\\n\\nUploading 3c0437158eeb49bdad42b237ac7c1b39.mov...\\n\\n#### Theshrink Feb 27, 2024  \\n  \\nFor some more information on how to fork a repository, [check out our guide,\\n\\\"Fork a Repo\\\"](https://help.github.com/articles/fork-a-repo). Thanks!\\n:sparkling_heart:  \\n  \\n#### masamiya1 Oct 21, 2014\\n\\n-For some more information on how to fork a repository, check out our guide, \\\"Fork a Repo\\\". Thanks! \\ud83d\\udc96\\n\\n#### marysayee Oct 26, 2014\\n\\nLot of problems making changes after cloning to the computer.\\n\\n#### stanJ Nov 24, 2015\\n\\nhey\\n\\n#### Tezcancode2017 Dec 27, 2016\\n\\nTesting\\n\\n#### ftdor2 Nov 7, 2017\\n\\n(HTTP : // \\u043d\\u0430\\u043f\\u0440\\u0430\\u0432\\u043b\\u044f\\u044e\\u0449\\u0438\\u0435 .github.com / \\u043e\\u0431\\u0437\\u043e\\u0440\\u044b / \\u0440\\u0430\\u0437\\u0432\\u0435\\u0442\\u0432\\u043b\\u0435\\u043d\\u0438\\u0435 / ) \\u0421\\u043f\\u0430\\u0441\\u0438\\u0431\\u043e.! :\\nSparkling_heart :\\n\\n#### zixuan75 Mar 14, 2018\\n\\nAfter forking this repository, you can make some changes to the pro\\nhttps://avatars1.githubusercontent.com/u/8124399?v=2&s=40ject.\\n\\n#### ARMINI Jan 9, 2019\\n\\n\\u043f\\u043e\\u0436\\u0430\\u043b\\u0443\\u0439\\u0441\\u0442\\u0430 \\u0432\\u0435\\u0440\\u043d\\u0438\\u0442\\u0435\\n\\n#### SafiUllahAshfaq Aug 22, 2022\\n\\nTesting\\n\\n#### dzubaidi May 16, 2023\\n\\nhello\\n\\n#### huanghe002 Jun 4, 2023\\n\\nhello  \\nFor some more information on how to fork a repository, [check out our guide,\\n\\\"Forking Projects\\\"\\\"](http://guides.github.com/overviews/forking/). Thanks!\\n:sparkling_heart:  \\n  \\n#### zlatanvasovic Feb 19, 2014\\n\\nThere is a \\\"\\\" (2x \\\"), instead of \\\" (1x \\\").\\n\\n#### sivad99 Apr 13, 2014\\n\\nhello\\n\\n#### Finnegan1441 May 20, 2014\\n\\nhi\\n\\n#### citrusjuice Jun 7, 2014\\n\\nhi\\n\\n#### TRaveendraV Aug 3, 2014\\n\\nHi, I'm new to kernel compilation and debugging kernels. Any guidance, whole\\nheartedly welcomed.\\n\\n#### brijki Sep 7, 2014\\n\\nHi\\n\\n#### JennyJShi Feb 6, 2015\\n\\njenny's update on Fork repo of spoon-knife\\n\\n#### jimmy12day Mar 22, 2015\\n\\nhi\\n\\n#### DongDeming Mar 23, 2015\\n\\nhello\\n\\n#### penglongli May 6, 2015\\n\\nWhy i always accept this page's e-mail?? What the fuck\\u3002\\u3002\\u3002\\u3002\\n\\n#### caban7 May 8, 2015\\n\\nhi\\n\\n#### johnny-dash Aug 10, 2015\\n\\nhi guys\\n\\n#### stanJ Nov 24, 2015\\n\\n\\ud83d\\udc83\\n\\n#### usernamealreadyis Jan 22, 2016\\n\\n+For some more information on how to fork a repository, check out our guide,\\n\\\"Forking Projects\\\"\\\". Thanks! \\ud83d\\udc96 Thanks to close: d0dd1f6\\n\\n#### miniprime1 Nov 28, 2021\\n\\nhi\\n\\n#### huanghe002 Jun 4, 2023\\n\\nhello  \\n  \\n### 104 comments on commit d0dd1f6\\n\\n###\\n\\nMignonCornet commented on d0dd1f6 Dec 7, 2015\\n\\nThere was a problem hiding this comment.\\n\\n### Choose a reason for hiding this comment\\n\\nThe reason will be displayed to describe this comment to others. Learn more.\\n\\n\\ud83c\\udfb1\\n\\n###\\n\\nbennyt85 commented on d0dd1f6 Dec 12, 2015\\n\\nThere was a problem hiding this comment.\\n\\n### Choose a reason for hiding this comment\\n\\nThe reason will be displayed to describe this comment to others. Learn more.\\n\\nlooking for help with an ios app code, any takers?\\n\\n###\\n\\nBarnesJeanette commented on d0dd1f6 Jan 9, 2016\\n\\nThere was a problem hiding this comment.\\n\\n### Choose a reason for hiding this comment\\n\\nThe reason will be displayed to describe this comment to others. Learn more.\\n\\nHi all.\\n\\n###\\n\\nchasonchen7 commented on d0dd1f6 Jan 12, 2016\\n\\nThere was a problem hiding this comment.\\n\\n### Choose a reason for hiding this comment\\n\\nThe reason will be displayed to describe this comment to others. Learn more.\\n\\nHi all, hope all is well.\\n\\n###\\n\\nGamerDNS commented on d0dd1f6 Jan 14, 2016\\n\\nThere was a problem hiding this comment.\\n\\n### Choose a reason for hiding this comment\\n\\nThe reason will be displayed to describe this comment to others. Learn more.\\n\\nwiiu\\n\\n###\\n\\nusernamealreadyis commented on d0dd1f6 Jan 22, 2016\\n\\nThere was a problem hiding this comment.\\n\\n### Choose a reason for hiding this comment\\n\\nThe reason will be displayed to describe this comment to others. Learn more.\\n\\nclose: d0dd1f6\\n\\n###\\n\\nusernamealreadyis commented on d0dd1f6 Jan 22, 2016\\n\\nThere was a problem hiding this comment.\\n\\n### Choose a reason for hiding this comment\\n\\nThe reason will be displayed to describe this comment to others. Learn more.\\n\\nclose: d0dd1f6\\n\\n###\\n\\ngeonz commented on d0dd1f6 May 5, 2016\\n\\nThere was a problem hiding this comment.\\n\\n### Choose a reason for hiding this comment\\n\\nThe reason will be displayed to describe this comment to others. Learn more.\\n\\nThis is fun, NOT. There's no place to figure out hte best way to actually do\\nwhat GitHub purportedly is best at - let me make a \\\"new\\\" copy and work on it.\\nI try and get all kinds of error messages, because I\\\"m a new stupid person.\\n(Okay, I'm relatively new to GitHub and I'm not stupid. Whatever.) I try to\\n\\\"branch\\\" and no, nothing will commit because those files aren't there. Why\\nnot? Do I really have to download the whole thing as a zip file every time I\\nmake changes? Maybe I should \\\"fork\\\" my own project if I need to work on it in\\ndifferent places on different computers. There's no place to ask stupid,\\nignorant questions like that. Ready to bail and go back to \\\"exit android\\nstudio... copy project with another name.... version control is a nice idea\\nbut not accessible to mere mortals.\\\"\\n\\n###\\n\\nbennyt85 commented on d0dd1f6 May 6, 2016 via email\\n\\nThere was a problem hiding this comment.\\n\\n### Choose a reason for hiding this comment\\n\\nThe reason will be displayed to describe this comment to others. Learn more.\\n\\ndownload the github cheat sheet on google chrome s jones.. so you can learn\\nhow to use it. just remember you need to git remote, check it with git -v to\\nsee if you have your push and fetch paths. you need to git pull first to get\\nanything extra like a readme file brought down to your project. git status to\\nsee if you need to add any new files, git add -A to add the files do git\\nstatus again to make sure that those files are now added, then do git commit -\\nm \\\"comment here\\\" then do git push, most people create the file as origin and\\nto the master branch, so you would do git push origin master to push the files\\nup to git. now do get status and see if you did ir correct there shouldnt be\\nany files needed to be pushed. then do git log to see if your notes are\\nthere.. then you should be good S Jones, hope that helps! but forsure get that\\ngit cheat sheet for you google chrome add on extention... by the way check out\\nmy git /bennyt85\\n\\n...\\n\\nOn Thu, May 5, 2016 at 4:28 PM, S Jones ***@***.*** wrote: This is fun, NOT.\\nThere's no place to figure out hte best way to actually _do_ what GitHub\\npurportedly is best at - let me make a \\\"new\\\" copy and work on it. I try and\\nget all kinds of error messages, because I\\\"m a new stupid person. (Okay, I'm\\nrelatively new to GitHub and I'm not stupid. Whatever.) I try to \\\"branch\\\" and\\nno, nothing will commit because those files aren't there. Why not? Do I really\\nhave to download the whole thing as a zip file every time I make changes?\\nMaybe I should \\\"fork\\\" my own project if I need to work on it in different\\nplaces on different computers. There's no place to ask stupid, ignorant\\nquestions like that. Ready to bail and go back to \\\"exit android studio... copy\\nproject with another name.... version control is a nice idea but not\\naccessible to mere mortals.\\\" \\u2014 You are receiving this because you commented.\\nReply to this email directly or view it on GitHub\\nd0dd1f6#commitcomment-17372835\\n\\n###\\n\\ngeonz commented on d0dd1f6 May 10, 2016\\n\\nThere was a problem hiding this comment.\\n\\n### Choose a reason for hiding this comment\\n\\nThe reason will be displayed to describe this comment to others. Learn more.\\n\\nLOLOLOL I hope -- naw, just wish... don't have high hopes... -- the cheat\\nsheet does have a few directions. I \\\"just\\\" (it's simple! any idiot can do it!)\\nneed to ... \\\"git remote,\\\" \\\"git-v\\\", have \\\"push and fetch paths,\\\" and \\\"git pull\\nfirst.\\\"\\n\\nI do appreciate you taking the time to answer... and thank you for confirming\\nmy thoughts that I really dont' know enough to even begin.\\n\\n###\\n\\nbennyt85 commented on d0dd1f6 May 10, 2016 via email\\n\\nThere was a problem hiding this comment.\\n\\n### Choose a reason for hiding this comment\\n\\nThe reason will be displayed to describe this comment to others. Learn more.\\n\\nS Jones send me your email and I'll literly tell you how to do it via video or\\ntyped steps. Also I would totally recommend looking up mark price on udemy.\\nI'm doing his IOS course he owns devslopes a bootcamp. Very nice guy in his\\ncourse teaches you how to successfully use github.\\n\\n...\\n\\nOn Tuesday, May 10, 2016, S Jones ***@***.*** wrote: LOLOLOL I hope -- naw,\\njust wish... don't have high hopes... -- the cheat sheet does have a few\\ndirections. I \\\"just\\\" (it's simple! any idiot can do it!) need to ... \\\"git\\nremote,\\\" \\\"git-v\\\", have \\\"push and fetch paths,\\\" and \\\"git pull first.\\\" I do\\nappreciate you taking the time to answer... and thank you for confirming my\\nthoughts that I really dont' know enough to even begin. \\u2014 You are receiving\\nthis because you commented. Reply to this email directly or view it on GitHub\\nd0dd1f6#commitcomment-17423510\\n\\n###\\n\\npedroadame commented on d0dd1f6 Mar 9, 2017\\n\\nThere was a problem hiding this comment.\\n\\n### Choose a reason for hiding this comment\\n\\nThe reason will be displayed to describe this comment to others. Learn more.\\n\\nCthulhu has visited this. ^(;,;)^\\n\\n###\\n\\nArniej commented on d0dd1f6 Apr 19, 2017\\n\\nThere was a problem hiding this comment.\\n\\n### Choose a reason for hiding this comment\\n\\nThe reason will be displayed to describe this comment to others. Learn more.\\n\\nHEllo. I was here\\n\\n###\\n\\njyzhou817 commented on d0dd1f6 Feb 20, 2018\\n\\nThere was a problem hiding this comment.\\n\\n### Choose a reason for hiding this comment\\n\\nThe reason will be displayed to describe this comment to others. Learn more.\\n\\nGreat!\\n\\n###\\n\\ngeomach commented on d0dd1f6 Feb 20, 2018\\n\\nThere was a problem hiding this comment.\\n\\n### Choose a reason for hiding this comment\\n\\nThe reason will be displayed to describe this comment to others. Learn more.\\n\\nStill on the start up\\n\\n###\\n\\ngeomach commented on d0dd1f6 Apr 4, 2018\\n\\nThere was a problem hiding this comment.\\n\\n### Choose a reason for hiding this comment\\n\\nThe reason will be displayed to describe this comment to others. Learn more.\\n\\n@marysayee both are faster but slow to json\\n\\nSent from my W2 using FastHub\\n\\n###\\n\\nyra40 commented on d0dd1f6 Jan 12, 2019\\n\\nThere was a problem hiding this comment.\\n\\n### Choose a reason for hiding this comment\\n\\nThe reason will be displayed to describe this comment to others. Learn more.\\n\\n\\u0432 \\u0441\\u0435\\u043c \\u043f\\u0440\\u0438\\u0432\\u0435\\u0442\\n\\n###\\n\\nPaulmfaith commented on d0dd1f6 Jul 27, 2019\\n\\nThere was a problem hiding this comment.\\n\\n### Choose a reason for hiding this comment\\n\\nThe reason will be displayed to describe this comment to others. Learn more.\\n\\n@@\\n\\n###\\n\\nrhanak1987 commented on d0dd1f6 Sep 9, 2020 \\u2022\\n\\nThere was a problem hiding this comment.\\n\\n### Choose a reason for hiding this comment\\n\\nThe reason will be displayed to describe this comment to others. Learn more.\\n\\n# Hi\\n\\n  * year 2020 - and the fork is still strong with this one. Thanks octocat!\\n\\nP.S. Don't look at my code, unless you accept, that I started as a newbie\\nhere.\\n\\n###\\n\\nZoomersevntu commented on d0dd1f6 Feb 14, 2021\\n\\nThere was a problem hiding this comment.\\n\\n### Choose a reason for hiding this comment\\n\\nThe reason will be displayed to describe this comment to others. Learn more.\\n\\nThere is 2021 year. How many yaears this fork does exist?\\n\\n###\\n\\nlov-ui commented on d0dd1f6 Apr 4, 2021\\n\\nThere was a problem hiding this comment.\\n\\n### Choose a reason for hiding this comment\\n\\nThe reason will be displayed to describe this comment to others. Learn more.\\n\\n#22905 \\u1c59\\u1c6b\\u1c59\\n\\n###\\n\\nbruhnugget-nice commented on d0dd1f6 Apr 7, 2021\\n\\nThere was a problem hiding this comment.\\n\\n### Choose a reason for hiding this comment\\n\\nThe reason will be displayed to describe this comment to others. Learn more.\\n\\nHello!\\n\\n###\\n\\nbruhnugget-nice commented on d0dd1f6 Apr 13, 2021\\n\\nThere was a problem hiding this comment.\\n\\n### Choose a reason for hiding this comment\\n\\nThe reason will be displayed to describe this comment to others. Learn more.\\n\\nvoid main() { for (int i = 0; i < comments.length; i++) { print(:octocat:); }\\n}\\n\\n###\\n\\nThatXliner commented on d0dd1f6 Apr 13, 2021\\n\\nThere was a problem hiding this comment.\\n\\n### Choose a reason for hiding this comment\\n\\nThe reason will be displayed to describe this comment to others. Learn more.\\n\\nShould I join in the convo? lol\\n\\n###\\n\\nMahiTef commented on d0dd1f6 Aug 8, 2021\\n\\nThere was a problem hiding this comment.\\n\\n### Choose a reason for hiding this comment\\n\\nThe reason will be displayed to describe this comment to others. Learn more.\\n\\nhi\\n\\n###\\n\\nTechStudent10 commented on d0dd1f6 Nov 5, 2021 \\u2022\\n\\nThere was a problem hiding this comment.\\n\\n### Choose a reason for hiding this comment\\n\\nThe reason will be displayed to describe this comment to others. Learn more.\\n\\nJust joining this convo, don't mind me.\\n\\n###\\n\\nminiprime1 commented on d0dd1f6 Nov 28, 2021\\n\\nThere was a problem hiding this comment.\\n\\n### Choose a reason for hiding this comment\\n\\nThe reason will be displayed to describe this comment to others. Learn more.\\n\\nhi\\n\\n###\\n\\nssdev98 commented on d0dd1f6 Nov 28, 2021\\n\\nThere was a problem hiding this comment.\\n\\n### Choose a reason for hiding this comment\\n\\nThe reason will be displayed to describe this comment to others. Learn more.\\n\\nHi Devs!\\n\\n###\\n\\njen801 commented on d0dd1f6 Dec 16, 2021\\n\\nThere was a problem hiding this comment.\\n\\n### Choose a reason for hiding this comment\\n\\nThe reason will be displayed to describe this comment to others. Learn more.\\n\\nHello\\n\\n###\\n\\nqingdaye commented on d0dd1f6 Dec 16, 2021 via email\\n\\nThere was a problem hiding this comment.\\n\\n### Choose a reason for hiding this comment\\n\\nThe reason will be displayed to describe this comment to others. Learn more.\\n\\n\\u60a8\\u597d,\\u90ae\\u4ef6\\u6211\\u5df2\\u6536\\u5230\\u3002\\n\\n###\\n\\ngabrielpereira3 commented on d0dd1f6 Feb 15, 2022\\n\\nThere was a problem hiding this comment.\\n\\n### Choose a reason for hiding this comment\\n\\nThe reason will be displayed to describe this comment to others. Learn more.\\n\\n\\ud83d\\udc73\\ud83c\\udfff\\u2642\\ufe0f\\n\\n###\\n\\nqingdaye commented on d0dd1f6 Feb 15, 2022 via email\\n\\nThere was a problem hiding this comment.\\n\\n### Choose a reason for hiding this comment\\n\\nThe reason will be displayed to describe this comment to others. Learn more.\\n\\n\\u60a8\\u597d,\\u90ae\\u4ef6\\u6211\\u5df2\\u6536\\u5230\\u3002\\n\\n###\\n\\npenguinencounter commented on d0dd1f6 May 19, 2022\\n\\nThere was a problem hiding this comment.\\n\\n### Choose a reason for hiding this comment\\n\\nThe reason will be displayed to describe this comment to others. Learn more.\\n\\nhello!\\n\\n###\\n\\nGamingPenguin14 commented on d0dd1f6 May 19, 2022 via email\\n\\nThere was a problem hiding this comment.\\n\\n### Choose a reason for hiding this comment\\n\\nThe reason will be displayed to describe this comment to others. Learn more.\\n\\nHi?\\n\\n...\\n\\n________________________________ From: PenguinEncounter ***@***.***> Sent:\\nThursday, May 19, 2022 12:01 PM To: octocat/Spoon-Knife ***@***.***> Cc:\\nDoctor, Devin ***@***.***>; Comment ***@***.***> Subject: Re: [octocat/Spoon-\\nKnife] Pointing to the guide for forking (d0dd1f6) CAUTION: This email\\noriginated from outside of Utica Community Schools. Do not click any links or\\nopen attachments unless you recognize the sender and know the content is safe.\\nhello! \\u2014 Reply to this email directly, view it on\\nGitHub<d0dd1f6#commitcomment-74041013>, or\\nunsubscribe<https://github.com/notifications/unsubscribe-\\nauth/AX26XH5L7AYAOAW2ELRGKPLVKZQWLANCNFSM4AMMUM7Q>. You are receiving this\\nbecause you commented.Message ID: ***@***.***>\\n\\n###\\n\\nDejaun7 commented on d0dd1f6 Jun 5, 2022\\n\\nThere was a problem hiding this comment.\\n\\n### Choose a reason for hiding this comment\\n\\nThe reason will be displayed to describe this comment to others. Learn more.\\n\\nGREETINGS FELLOW SURFERS OF THE INTER-WEBS\\n\\n###\\n\\nSenRanja commented on d0dd1f6 Jun 15, 2022\\n\\nThere was a problem hiding this comment.\\n\\n### Choose a reason for hiding this comment\\n\\nThe reason will be displayed to describe this comment to others. Learn more.\\n\\n21\\n\\n###\\n\\ntheycallhermax commented on d0dd1f6 Sep 3, 2022\\n\\nThere was a problem hiding this comment.\\n\\n### Choose a reason for hiding this comment\\n\\nThe reason will be displayed to describe this comment to others. Learn more.\\n\\nHi\\n\\n###\\n\\nwww62070 commented on d0dd1f6 Sep 25, 2022\\n\\nThere was a problem hiding this comment.\\n\\n### Choose a reason for hiding this comment\\n\\nThe reason will be displayed to describe this comment to others. Learn more.\\n\\n> looking for help with an ios app code, any takers?\\n\\n###\\n\\nSageSphinx63920 commented on d0dd1f6 Apr 4, 2023\\n\\nThere was a problem hiding this comment.\\n\\n### Choose a reason for hiding this comment\\n\\nThe reason will be displayed to describe this comment to others. Learn more.\\n\\nhi\\n\\n###\\n\\ndzubaidi commented on d0dd1f6 May 16, 2023\\n\\nThere was a problem hiding this comment.\\n\\n### Choose a reason for hiding this comment\\n\\nThe reason will be displayed to describe this comment to others. Learn more.\\n\\nhello\\n\\n###\\n\\ndeepakkumar55 commented on d0dd1f6 May 17, 2023 via email\\n\\nThere was a problem hiding this comment.\\n\\n### Choose a reason for hiding this comment\\n\\nThe reason will be displayed to describe this comment to others. Learn more.\\n\\nHello\\n\\n...\\n\\nOn Tue, 16 May 2023, 23:20 Daud Abdilah Zubaidi, ***@***.***> wrote: hello \\u2014\\nReply to this email directly, view it on GitHub\\n<d0dd1f6#commitcomment-113608309>, or unsubscribe\\n<https://github.com/notifications/unsubscribe-\\nauth/AYKFFCDMQ72TCVLOA7HEO2LXGO463ANCNFSM4AMMUM7Q> . You are receiving this\\nbecause you commented.Message ID: <octocat/Spoon-\\nKnife/commit/d0dd1f61b33d64e29d8bc1372a94ef6a2fee76a9/113608309 @github.com>\\n\\n###\\n\\nhuanghe002 commented on d0dd1f6 Jun 4, 2023\\n\\nThere was a problem hiding this comment.\\n\\n### Choose a reason for hiding this comment\\n\\nThe reason will be displayed to describe this comment to others. Learn more.\\n\\nhello\\n\\n###\\n\\nkraouf3 commented on d0dd1f6 Jul 2, 2023\\n\\nThere was a problem hiding this comment.\\n\\n### Choose a reason for hiding this comment\\n\\nThe reason will be displayed to describe this comment to others. Learn more.\\n\\nHello\\n\\n###\\n\\ndeepakkumar55 commented on d0dd1f6 Jul 2, 2023 via email\\n\\nThere was a problem hiding this comment.\\n\\n### Choose a reason for hiding this comment\\n\\nThe reason will be displayed to describe this comment to others. Learn more.\\n\\nHello\\n\\n...\\n\\nOn Sun, 2 Jul 2023, 05:34 RAOUF KHAN, ***@***.***> wrote: Hello \\u2014 Reply to\\nthis email directly, view it on GitHub <d0dd1f6#commitcomment-120366563>, or\\nunsubscribe <https://github.com/notifications/unsubscribe-\\nauth/AYKFFCHRY4TN4VILPDY5BSTXOC3ITANCNFSM4AMMUM7Q> . You are receiving this\\nbecause you commented.Message ID: <octocat/Spoon-\\nKnife/commit/d0dd1f61b33d64e29d8bc1372a94ef6a2fee76a9/120366563 @github.com>\\n\\n###\\n\\ndddddgz commented on d0dd1f6 Jul 23, 2023\\n\\nThere was a problem hiding this comment.\\n\\n### Choose a reason for hiding this comment\\n\\nThe reason will be displayed to describe this comment to others. Learn more.\\n\\n\\u770b\\u89c1\\u4e86\\u6211\\u7684pr\\u88ab\\u6279\\u51c6\\u4e86\\u5440,\\u4e3a\\u4ec0\\u4e48\\u5728\\u4e3b\\u5206\\u652f\\u91cc\\u6ca1\\u770b\\u89c1\\n\\n###\\n\\ndddddgz commented on d0dd1f6 Jul 27, 2023\\n\\nThere was a problem hiding this comment.\\n\\n### Choose a reason for hiding this comment\\n\\nThe reason will be displayed to describe this comment to others. Learn more.\\n\\n> \\u60a8\\u597d,\\u90ae\\u4ef6\\u6211\\u5df2\\u6536\\u5230\\u3002\\n\\n\\u4f60\\u597d\\n\\n###\\n\\nlissyo commented on d0dd1f6 Aug 2, 2023\\n\\nThere was a problem hiding this comment.\\n\\n### Choose a reason for hiding this comment\\n\\nThe reason will be displayed to describe this comment to others. Learn more.\\n\\nHi\\n\\n###\\n\\ndeepakkumar55 commented on d0dd1f6 Aug 2, 2023 via email\\n\\nThere was a problem hiding this comment.\\n\\n### Choose a reason for hiding this comment\\n\\nThe reason will be displayed to describe this comment to others. Learn more.\\n\\nHey what's up?\\n\\n...\\n\\nOn Wed, Aug 2, 2023 at 4:19 PM Chernov Igor ***@***.***> wrote: Hi \\u2014 Reply to\\nthis email directly, view it on GitHub <d0dd1f6#commitcomment-123397211>, or\\nunsubscribe <https://github.com/notifications/unsubscribe-\\nauth/AYKFFCEYNUF4EQ4PLA2AOXLXTIWC7ANCNFSM4AMMUM7Q> . You are receiving this\\nbecause you commented.Message ID: <octocat/Spoon-\\nKnife/commit/d0dd1f61b33d64e29d8bc1372a94ef6a2fee76a9/123397211 @github.com>\\n\\n###\\n\\ndataholicdonny commented on d0dd1f6 Sep 14, 2023\\n\\nThere was a problem hiding this comment.\\n\\n### Choose a reason for hiding this comment\\n\\nThe reason will be displayed to describe this comment to others. Learn more.\\n\\n> Hey what's up? ... On Wed, Aug 2, 2023 at 4:19 PM Chernov Igor @.***> wrote:\\n> Hi \\u2014 Reply to this email directly, view it on GitHub\\n> <d0dd1f6#commitcomment-123397211>, or unsubscribe\\n> https://github.com/notifications/unsubscribe-\\n> auth/AYKFFCEYNUF4EQ4PLA2AOXLXTIWC7ANCNFSM4AMMUM7Q . You are receiving this\\n> because you commented.Message ID: <octocat/Spoon-\\n> Knife/commit/d0dd1f61b33d64e29d8bc1372a94ef6a2fee76a9/123397211 @github.com>\\n\\n###\\n\\ndataholicdonny commented on d0dd1f6 Sep 14, 2023 \\u2022\\n\\nThere was a problem hiding this comment.\\n\\n### Choose a reason for hiding this comment\\n\\nThe reason will be displayed to describe this comment to others. Learn more.\\n\\nd0dd1f6/.patch\\n\\n###\\n\\nbld4anb commented on d0dd1f6 Sep 21, 2023\\n\\nThere was a problem hiding this comment.\\n\\n### Choose a reason for hiding this comment\\n\\nThe reason will be displayed to describe this comment to others. Learn more.\\n\\n    \\n    \\n    wow\\n\\n###\\n\\nsweetnvrsour commented on d0dd1f6 Sep 25, 2023\\n\\nThere was a problem hiding this comment.\\n\\n### Choose a reason for hiding this comment\\n\\nThe reason will be displayed to describe this comment to others. Learn more.\\n\\nHello\\n\\n###\\n\\ncutievampire01 commented on d0dd1f6 Oct 1, 2023\\n\\nThere was a problem hiding this comment.\\n\\n### Choose a reason for hiding this comment\\n\\nThe reason will be displayed to describe this comment to others. Learn more.\\n\\nhey\\n\\n###\\n\\nscoubasteve commented on d0dd1f6 Nov 1, 2023\\n\\nThere was a problem hiding this comment.\\n\\n### Choose a reason for hiding this comment\\n\\nThe reason will be displayed to describe this comment to others. Learn more.\\n\\nsalut\\n\\n###\\n\\nYuzuuu69 commented on d0dd1f6 Nov 6, 2023\\n\\nThere was a problem hiding this comment.\\n\\n### Choose a reason for hiding this comment\\n\\nThe reason will be displayed to describe this comment to others. Learn more.\\n\\n@octocat tornado 1003\\n\\n###\\n\\nhafizirwandi commented on d0dd1f6 Feb 7, 2024\\n\\nThere was a problem hiding this comment.\\n\\n### Choose a reason for hiding this comment\\n\\nThe reason will be displayed to describe this comment to others. Learn more.\\n\\ntes\\n\\n###\\n\\nLore995 commented on d0dd1f6 Feb 15, 2024\\n\\nThere was a problem hiding this comment.\\n\\n### Choose a reason for hiding this comment\\n\\nThe reason will be displayed to describe this comment to others. Learn more.\\n\\nHi\\n\\n###\\n\\nPoojarmd1 commented on d0dd1f6 Feb 26, 2024\\n\\nThere was a problem hiding this comment.\\n\\n### Choose a reason for hiding this comment\\n\\nThe reason will be displayed to describe this comment to others. Learn more.\\n\\nhii\\n\\n###\\n\\nbolacha commented on d0dd1f6 Mar 22, 2024\\n\\nThere was a problem hiding this comment.\\n\\n### Choose a reason for hiding this comment\\n\\nThe reason will be displayed to describe this comment to others. Learn more.\\n\\nhii !\\n\\n###\\n\\niemwill commented on d0dd1f6 Apr 10, 2024\\n\\nThere was a problem hiding this comment.\\n\\n### Choose a reason for hiding this comment\\n\\nThe reason will be displayed to describe this comment to others. Learn more.\\n\\nkudo? ^?*^\\n\\nPlease sign in to comment.\\n\\n## Footer\\n\\n\\u00a9 2024 GitHub, Inc.\\n\\nYou can\\u2019t perform that action at this time.\\n\\n\", \"frontpage\": false}"}
