{"value":"{\"aid\": \"40220213\", \"title\": \"Focusrite Gen 4 interfaces are well-supported on Linux\", \"url\": \"https://interfacinglinux.com/2024/04/30/focusrite-scarlett-solo-gen-4/\", \"domain\": \"interfacinglinux.com\", \"votes\": 1, \"user\": \"Venn1\", \"posted_at\": \"2024-05-01 06:34:09\", \"comments\": 0, \"source_title\": \"Focusrite Scarlett Solo Gen 4\", \"source_text\": \"Focusrite Scarlett Solo Gen 4 \\u2013 Interfacing Linux\\n\\n  *     *       * YouTube\\n\\n  *     *       * YouTube\\n\\n  * Home\\n\\n    * Audio Interfaces\\n    * Audio Software\\n    * Capture Cards\\n    * Compatible Interfaces\\n    * PC Hardware\\n    * Single Board Computers\\n    * Video Software\\n  * Forum\\n  * Login\\n\\nAudio Interfaces\\n\\n# Focusrite Scarlett Solo Gen 4\\n\\n15 hours ago\\n\\n1 comment\\n\\n1 comment Cinema Mode\\n\\nRedditXFacebookEmail\\n\\nWith the recent release of kernel 6.8 overflowing with Focusrite Gen 4 driver\\ngoodness, I figured it\\u2019s the perfect time to test the latest Gen 4 Solo on\\nLinux. This little critter boasts some new features compared to its\\npredecessor, but also omits some functionalities found in other Gen 4 models.\\n\\n## OVERVIEW\\n\\nOn the front, we\\u2019ve got the usual suspects: twin gain knobs, buttons for\\nphantom power, Air mode, instrument and direct monitoring, level control, and,\\nnew for Gen 4, a dedicated headphone volume knob\\u2014something that\\u2019s been\\npainfully absent on Gen 1-3 models.\\n\\nYou also get the usual holes: a quarter-inch line input and another for your\\nheadphones. But unlike its Gen 3 counterpart, the XLR microphone jack has\\nmoved to the back, joining the party with the two line outputs, USB 2.0 Type-C\\nconnector, and a Kensington Security Slot \\u2013 that seems to have been placed\\ndirectly above the USB connector out of pure spite.\\n\\n## DRIVERS\\n\\nDriver installation? Pfffft! Just plug it in and you\\u2019re good to go. Welcome to\\nLinux \\ud83d\\ude42\\n\\n## FIRMWARE\\n\\nAnother cool feature of the Gen 4 is its ability to update firmware directly\\nfrom Linux using the Scarlett2 Firmware Management utility. While I generally\\nrecommend a \\u201cnot broke, don\\u2019t fix\\u201d approach to firmware updates, the option is\\navailable if needed.\\n\\n## SETUP UTILITY\\n\\nAnd now it\\u2019s time for the cool part, the ALSA Scarlett GUI. Think of it as an\\nopen-source version of Focusrite Control 2. It allows you to reset the device,\\ncontrol routing, mix sources, and monitor levels.\\n\\nBut if you plan on using it, make sure you have kernel 6.7+. Older kernels\\nwill need the backported modules located here.\\n\\n## SOUND SERVERS\\n\\nThe Focusrite Scarlett Solo Gen 4 tackles Pulseaudio, PipeWire, and even the\\nfinal boss of Linux audio, Jack, with no configuration needed.\\n\\n## ROUND-TRIP LATENCY\\n\\nWhile many kinds of audio latency metrics exist, one useful and well-\\nunderstood metric is round-trip latency; the time it takes for an audio signal\\nto enter the input of a device, get processed, and exit the output.\\n\\nMeasurements were taken with jack_iodelay.\\n\\n## TESTBENCH\\n\\nCPU| AMD Ryzen 5 5600G  \\n---|---  \\nRAM| Corsair Vengeance LPX 16GB  \\nMotherboard| MSI B550-A PRO  \\nGPU| NA  \\nSSD| Silicon Power 256GB NVMe  \\nPSU:| EVGA 600 B1  \\nFirewire:| Syba SY-PEX30016  \\nNetwork:| Intel i350-T4  \\nOS:| Debian 12 (Bookworm)  \\nKernel:| 6.8 RT  \\nDesktop:| XFCE 4  \\n  \\n## TECHNICAL SPECIFICATIONS\\n\\n  * Connectivity: USB 2.0 Type-C\\n  * Simultaneous I/O: 2 x 2\\n  * Preamps: 1 x mic, 1 x instrument\\n  * Maximum Gain: 57 dB\\n  * Phantom Power: Yes\\n  * A/D Resolution: Up to 24-bit/192kHz\\n  * Analogue Inputs: 1 x XLR (mic), 1 x 1/4\\u2032\\u2032 (line)\\n  * Analogue Outputs: 2 x 1/4\\u2032\\u2032 TRS\\n  * Headphones: 1 x 1/4\\u2032\\u2032\\n  * MIDI Input/Output: NA\\n  * Bus Powered: Yes\\n  * Power Supply: NA\\n\\n## VERDICT\\n\\nSo what do we think of our little red block of rainbow blinkyness? For those\\nwho already own one and are looking for a little confirmation bias, it\\u2019s fine.\\nIf you need a low-cost interface, it will get the job done, but you might\\nconsider saving a few bucks and picking up the Gen 3 model.\\n\\nThat\\u2019s because there\\u2019s not much gen-fourthyness in the Solo Gen 4. It uses the\\nolder preamp design, limiting it to 53db of gain compared to 69db found in\\nother Gen 4 interfaces. It also lacks clip safe and auto gain functionality.\\n\\nThis isn\\u2019t an accident, nay! It\\u2019s a classic sales technique. You see the base\\nmodel with all its limitations, then notice the next model up is overflowing\\nwith gen-fourthyness, and your brain tells you it\\u2019s only $60 more, so why not\\nget that one?\\n\\nBut on the positive side, it does have a goth logo, a dedicated headphone\\nvolume control, and Linux drivers along with a user-friendly setup utility.\\n\\n## Focusrite Scarlett Solo Gen 4\\n\\n8 out of 10\\n\\n$139\\n\\nFor those who already own one and are looking for a little confirmation bias,\\nit\\u2019s fine. If you need a low-cost interface, it will get the job done, but you\\nmight consider saving a few bucks and picking up the Gen 3 model.\\n\\nInstallability\\n\\n7 out of 10\\n\\nPerformance\\n\\n8 out of 10\\n\\nBuild Quality\\n\\n9 out of 10\\n\\nPrice\\n\\n7.8 out of 10\\n\\n### Pros\\n\\nNot a fingerprint magnet\\n\\nInexpensive\\n\\nHeadphone volume control\\n\\n### Cons\\n\\nLast gen preamps\\n\\nNo hardware MIDI\\n\\nLacks clip safe and auto gain\\n\\n### Check out the Solo Gen 4\\n\\non Amazon on eBay\\n\\nSome posts contain affiliate links. If you click on an affiliate link and\\nlater make a purchase, I may receive a small commission. Money earned via\\naffiliate links helps to keep this site up and running.\\n\\nHave questions about your Linux setup? Ask in the forums.\\n\\nDriver firmware Focusrite Gen 4 REVIEW Scarlett2 Control Panel Solo\\n\\n#### VennStone\\n\\nView all posts\\n\\n#### You may also like\\n\\nVideo\\n\\nAudio Interfaces\\n\\n## TASCAM FireOne\\n\\n2 months ago\\n\\nAdd comment\\n\\nVennStone\\n\\nVideo\\n\\nAudio Interfaces\\n\\n## RME HDSPe AIO Pro\\n\\n4 months ago\\n\\nAdd comment\\n\\nVennStone\\n\\nVideo\\n\\nAudio Interfaces\\n\\n## TASCAM 16X08\\n\\n4 months ago\\n\\nAdd comment\\n\\nVennStone\\n\\n#### 1 comment\\n\\n### Cancel reply\\n\\nYou must be logged in to post a comment.\\n\\n  * Jason says:\\n\\nMay 1, 2024 at 1:02 am\\n\\nWill this work with my second generation Scarlett?\\n\\nLog in to Reply\\n\\n#### Categories\\n\\n  * Audio Interfaces\\n  * Audio Software\\n  * Capture Cards\\n  * PC Hardware\\n  * Single Board Computers\\n  * Video Software\\n\\n#### Recent Posts\\n\\n  * RE: Focusrite Scarlett Solo Gen 4\\n\\nWill this work with my second generation...\\n\\nBy Jason , 23 mins ago\\n\\n  * Focusrite Scarlett Solo Gen 4\\n\\nWith the recent release of kernel 6.8 ov...\\n\\nBy VennStone , 15 hours ago\\n\\n  * RE: Windows Audio Plugins On Linux With Yabridge\\n\\nGlad you dig the content.The occasi...\\n\\nBy VennStone , 2 days ago\\n\\n  * RE: Windows Audio Plugins On Linux With Yabridge\\n\\nit's worth mentioning: wine-staging 9.5...\\n\\nBy sikorak666 , 2 days ago\\n\\n  * MOTU CueMix 5 For Linux\\n\\nAlright, this is neat. Jared from MOTU p...\\n\\nBy VennStone , 2 weeks ago\\n\\n  * RE: M-Audio Profire 2626 and FFADO + Pipwire\\n\\nHmm yeah, that's what I thought. But any...\\n\\nBy Joystick , 2 weeks ago\\n\\n  * RE: windows VST on mint / bitwig\\n\\nWhen plugins crash I google yabridge + t...\\n\\nBy Jason , 3 weeks ago\\n\\n  * RE: windows VST on mint / bitwig\\n\\ni see... some plugins don't work but eno...\\n\\nBy jumboniz , 3 weeks ago\\n\\n  * RE: windows VST on mint / bitwig\\n\\n@vennmints ..........im getting another ...\\n\\nBy jumboniz , 3 weeks ago\\n\\nFor the past decade, I\\u2019ve been immersed in the world of Linux content\\ncreation. This site is a culmination of things I\\u2019ve picked up along the way.\\nNeed help troubleshooting your setup? Head over to the forums and let\\u2019s get\\nthings working.\\n\\nForums\\n\\n#### Most Viewed\\n\\n## OBS Virtual Webcam On Linux\\n\\n2,854 views\\n\\n## Davinci Resolve On Linux With AMD\\n\\n2,543 views\\n\\n## Focusrite Scarlett Solo (Gen 3)\\n\\n2,066 views\\n\\n#### Most Discussed\\n\\n## MAGEWELL USB Capture HDMI Gen 2\\n\\n2 comments\\n\\n## Noctua NH-P1 Digital Audio Workstation\\n\\n2 comments\\n\\n## AV1 On Linux With The Sparkle A310 ECO\\n\\n2 comments\\n\\nCopyright \\u00a9 2024 Interfacing Linux | Privacy | Cookies | Affiliate | Wishlist | Ko-Fi\\n\\n\", \"frontpage\": false}"}
