{"value":"{\"aid\": \"40220004\", \"title\": \"What if dreaming is the whole point of sleep?\", \"url\": \"https://www.theguardian.com/books/2024/apr/22/the-big-idea-what-if-dreaming-is-the-whole-point-of-sleepp\", \"domain\": \"theguardian.com\", \"votes\": 14, \"user\": \"kristianpaul\", \"posted_at\": \"2024-05-01 05:59:01\", \"comments\": 10, \"source_title\": \"Page Not Found | The Guardian\", \"source_text\": \"Page Not Found | The Guardian\\n\\nSorry \\u2013 we haven\\u2019t been able to serve the page you asked for.\\n\\nYou may have followed an outdated link, or have mistyped a URL. If you believe\\nthis to be an error please report it.\\n\\nThe Guardian homepage\\n\\n\", \"frontpage\": true}"}
