{"value":"{\"aid\": \"40220172\", \"title\": \"Alstom is conducting trials of the first tram airbags in Zurich\", \"url\": \"https://www.railway.supply/en/alstom-is-conducting-trials-of-the-worlds-first-tram-airbags-in-zurich/\", \"domain\": \"railway.supply\", \"votes\": 2, \"user\": \"danboarder\", \"posted_at\": \"2024-05-01 06:27:44\", \"comments\": 0, \"source_title\": \"Alstom is conducting trials of the world's first tram airbags in Zurich\", \"source_text\": \"Alstom is conducting trials of the world's first tram airbags in Zurich -\\nRailway Supply\\n\\nIndustry publication for railway transport specialists\\n\\nUa\\n\\nRu\\n\\nEn\\n\\nRailway Supply \\u00bb Railway News \\u00bb Alstom is conducting trials of the world\\u2019s\\nfirst tram airbags in Zurich\\n\\nShare\\n\\n# Alstom is conducting trials of the world\\u2019s first tram airbags in Zurich\\n\\n22.04.2024\\n\\nAlstom is developing innovative technology \\u2013 tram airbags \\u2013 that will become\\npart of Zurich\\u2019s transportation system, this is reported by the railway\\ntransport news portal Railway Supply.\\n\\n\\u0412\\u0438\\u0434\\u0435\\u043e\\u043f\\u043b\\u0435\\u0435\\u0440\\n\\n00:00\\n\\n00:00\\n\\n00:26\\n\\n\\u0418\\u0441\\u043f\\u043e\\u043b\\u044c\\u0437\\u0443\\u0439\\u0442\\u0435 \\u043a\\u043b\\u0430\\u0432\\u0438\\u0448\\u0438 \\u0432\\u0432\\u0435\\u0440\\u0445/\\u0432\\u043d\\u0438\\u0437, \\u0447\\u0442\\u043e\\u0431\\u044b \\u0443\\u0432\\u0435\\u043b\\u0438\\u0447\\u0438\\u0442\\u044c \\u0438\\u043b\\u0438 \\u0443\\u043c\\u0435\\u043d\\u044c\\u0448\\u0438\\u0442\\u044c \\u0433\\u0440\\u043e\\u043c\\u043a\\u043e\\u0441\\u0442\\u044c.\\n\\nThese airbags are being developed for the Flexity trams, which have been\\nsupplied to the city for over 2.5 years at the request of the public transport\\noperator VBZ.\\n\\nShockTest Master is a testing platform for secondary suspension springs and\\nvibration dampers/shock absorbers for railway transport\\n\\nThe trials of the new airbags are progressing successfully, and VBZ has\\nexpressed satisfaction with the results.\\n\\nAccording to project manager Marcel Kuntz, the airbag will activate shortly\\nbefore a collision, reducing the consequences of accidents.\\n\\nSensors in the driver\\u2019s cabin will be responsible for activation signals.\\n\\nWork is currently underway to improve the technology.\\n\\nIt is necessary to increase the speed of airbag deployment and develop a\\nmechanism for quick folding so that the tram can resume operation immediately\\nafter an incident.\\n\\nAlstom expects to patent this technology, which will undoubtedly be in demand\\nnot only in Zurich but also in other cities facing safety issues in public\\ntransport.\\n\\n110 ordered trams are already being considered for equipping with this new\\nsafety system.\\n\\nVideo: TeleZ\\u00fcri\\n\\nConsidering the increasing number of tram-related accidents, the\\nimplementation of such technologies is an important step in enhancing the\\nsafety of passengers and road users.\\n\\nVideo: TeleZ\\u00fcri\\n\\nRail business, industry, and railway technology news from Railway Supply that\\nyou might have missed:\\n\\nHYDBOX ONE \\u2013 a trolley for cleaning and filling the brake circuit, block, and\\nbattery of railway transport\\n\\nFind the latest news of the railway industry in Eastern Europe, the former\\nSoviet Union and the rest of the world on our page on Facebook, Twitter,\\nLinkedIn, read Railway Supply magazine online.\\n\\nPlace your ads on webportal and in Railway Supply magazine. Detailed\\ninformation is in Railway Supply media kit\\n\\nAlstom\\n\\nSimilar Railway News\\n\\n26.04.2024\\n\\nThe Alstom metro train has arrived in Bucharest\\n\\n26.04.2024\\n\\nDelivery of 35 X\\u2019Trapolis Cityduplex electric trains from Alstom\\n\\n23.04.2024\\n\\nCopenhagen is preparing to launch fully autonomous trains by 2030\\n\\n20.04.2024\\n\\nKnorr-Bremse acquires part of Alstom\\u2019s business in railway automation and\\ntelemechanics\\n\\nPrevious Railway News\\n\\n30.04.2024\\n\\nLTG Cargo Further Strengthens Its Capacities: Will Purchase 200 Wagons for\\nTransportation in Lithuania\\n\\n30.04.2024\\n\\nThe Laos-China Railway\\n\\n30.04.2024\\n\\nRenfe launches high-speed Talgo trains\\n\\n30.04.2024\\n\\nDeutsche Bahn has begun the modernization of a railway section in the federal\\nstate of Hesse\\n\\nThe railway magazine Railway Supply analyzes railway news from the CIS\\ncountries, the Baltic States, Eastern Europe, Central Asia and the Middle East\\n\\n| Products and services  \\n---  \\nRail freight  \\nRail fasteners  \\nMainline and shunting rolling stock  \\nSpare parts for locomotives  \\nSpare parts for diesel engines  \\nRolling stock rental  \\nEquipment for track maintenance  \\nFreight cars repair  \\nRailway track construction  \\nLocomotive modernization  \\nRubber goods for railway transport  \\nDigital railway  \\n| Railway news  \\n---  \\nRail transport  \\nUkrzaliznytsia  \\nKazakhstan Railways  \\nRussian Railways  \\nLocomotive repair  \\nRailway technologies  \\nRailway freight  \\nRailway construction  \\nTram  \\nPort infrastructure  \\n| ADS in magazine  \\n---  \\nPress releases publication  \\nArticle publication  \\nAdvertisement  \\nE-shotting  \\nRWS Market  \\nAnnual advertising campaign  \\n  \\nAll rigths reserved. www.railway.supply site owner and content author is PP\\nPROM-ALLIANCE Copyright 2016-2024 \\u00a9 Railway magazine \\u00abRailway Supply\\u00bb\\n\\nSubscription to email newsletter\\n\\nThank you!\\n\\nYour comment will be published after moderation.\\n\\n\", \"frontpage\": false}"}
