{"value":"{\"aid\": \"40220648\", \"title\": \"Most clean power purchasing strategies do little to cut emissions\", \"url\": \"https://research.princeton.edu/news/buyer-beware-most-clean-power-purchasing-strategies-do-little-cut-emissions\", \"domain\": \"princeton.edu\", \"votes\": 15, \"user\": \"belter\", \"posted_at\": \"2024-05-01 07:56:31\", \"comments\": 6, \"source_title\": \"Buyer beware: Most clean power purchasing strategies do little to cut emissions\", \"source_text\": \"Buyer beware: Most clean power purchasing strategies do little to cut emissions | Office of the Dean for Research\\n\\n# Office of the Dean for Research\\n\\nOff screen link: Skip to content Off screen link: Skip to search\\n\\n## Search\\n\\n# Buyer beware: Most clean power purchasing strategies do little to cut\\nemissions\\n\\nWritten by\\n\\nColton Poore, Andlinger Center for Energy and the Environment\\n\\nJan. 22, 2024\\n\\nCoauthor Wilson Ricks, graduate student in mechanical and aerospace\\nengineering, stands at Princeton University\\u2019s solar array. Photo by Bumper\\nDeJesus\\n\\nShare on X(Link is external) (Link opens in new window) Share on Facebook(Link\\nis external) (Link opens in new window) Share on LinkedIn(Link is external)\\n(Link opens in new window)\\n\\nIn the quest to achieve a net-neutral climate impact, many companies seek to\\nbuy additional power from clean energy sources in an attempt to eliminate the\\nemissions otherwise generated by operating on today\\u2019s fossil fuel-heavy grid.\\n\\nYet some of the most common strategies for purchasing clean energy have little\\nimpact in cutting long-term carbon emissions in the United States, a\\nPrinceton-led study has found. However, one approach, in which companies\\npurchase clean energy hourly to match their real-time energy consumption, can\\nhave a substantial effect.\\n\\nThe approach, known as temporal matching, hourly matching, or 24/7 carbon-free\\nelectricity procurement(Link is external), was the only strategy that\\nconsistently lowered system-wide emissions among those studied by the\\nPrinceton team, whose analysis(Link is external) was published January 11 in\\nJoule.\\n\\nOn the other hand, the team found that today\\u2019s most common procurement\\nstrategy \\u2014 known as volumetric or annual matching \\u2014 proved to be almost\\nentirely ineffective in reducing long-term emissions in the U.S. In a\\nvolumetric matching approach, companies can claim full decarbonization by\\nsimply calculating their total annual energy consumption and procuring enough\\nclean energy to match that yearly consumption, regardless of when it is\\nactually produced.\\n\\n\\u201cCompanies are increasingly facing stricter reporting requirements to back up\\ntheir emissions claims,\\u201d said Jesse Jenkins(Link is external), assistant\\nprofessor of mechanical and aerospace engineering(Link is external) and the\\nAndlinger Center for Energy and the Environment(Link is external).\\n\\nJenkins noted a California law(Link is external), passed in 2023, that will\\nrequire all companies earning over a billion dollars in revenues to report\\ntheir full emissions footprints, including emissions from purchased power,\\nbeginning in 2026. New federal tax credits also require producers of clean\\nhydrogen(Link is external) and sustainable aviation fuels(Link is external) to\\ncredibly demonstrate their emissions footprints. \\u201cThere are beginning to be\\nactual legal and financial ramifications for greenhouse gas accounting,\\u201d he\\nsaid. \\u201cIt\\u2019s not just about making marketing claims anymore.\\u201d\\n\\nAnother up-and-coming procurement strategy, known as emission or carbon\\nmatching, in which clean energy is procured in an attempt to offset the total\\ncarbon emissions that result from a buyer\\u2019s electricity consumption, similarly\\nhad little to no effect on reducing long-term emissions in the U.S.\\n\\n\\u201cBefore we commit to any procurement approach, we need to do the analysis to\\nensure that it is effective in lowering emissions,\\u201d said first author Qingyu\\nXu, a researcher at Tsinghua University\\u2019s Energy Internet Research Institute\\nwho completed much of the research(Link is external) while working with\\nJenkins as a postdoctoral researcher. \\u201cIn this study, we tested whether or not\\nsome of the commonly proposed procurement approaches could back up their\\nemissions claims.\\u201d\\n\\n### The product of a changing energy landscape\\n\\nWilson Ricks, study coauthor and graduate student in mechanical and aerospace\\nengineering, said the team\\u2019s findings reflect recent cost declines in clean\\nenergy technologies such as solar and onshore wind energy. Thanks to continued\\npolicy incentives and the support of early voluntary buyers, Ricks said, solar\\nand wind energy projects are now among the most economical options for new\\nenergy builds \\u2014 competitive with and often out-competing fossil fuel-based\\nenergy sources.\\n\\nSolar and onshore wind energy have experienced significant cost declines, now\\nmaking them economically competitive with fossil fuel-based energy sources in\\nmany cases. Photo by adobe.stock.com\\n\\nSolar and onshore wind energy have experienced significant cost declines, now\\nmaking them economically competitive with fossil fuel-based energy sources in\\nmany cases. Photo by adobe.stock.com\\n\\nWhile a win for the status of renewable energy technologies, a side effect of\\ncheap renewables means that new corporate or institutional agreements to\\npurchase power from solar and wind projects have an increasingly limited\\nimpact in driving long-term, system-wide emissions reductions.\\n\\nThese voluntary agreements were effective when new solar and wind projects\\nwere more expensive than fossil fuel-based energy projects because a company\\u2019s\\nsupport allowed a clean energy project to be built where fossil fuels would\\nhave been the default option. However, as clean energy projects increasingly\\nbecome the default energy option, it is difficult to prove that a company\\u2019s\\nsupport has had any transformational impact.\\n\\n\\u201cThe general assumption behind the traditional clean energy procurement\\napproaches is that when you procure a given amount of clean power, you\\u2019re\\neffectively offsetting a similar amount of fossil power,\\u201d Ricks said. \\u201cBut as\\nclean power continues to be cheaper and more market-competitive, that\\nassumption becomes less and less true. Instead, you have solar projects not\\ncompeting with fossil fuel-based power, but against other solar projects that\\ncould have been built in their place.\\u201d\\n\\nUnder a volumetric matching approach, for example, the most cost-effective\\napproach for a company to claim net-zero emissions leans almost entirely on\\nprocuring enough cheap solar or wind energy to match its annual energy\\nconsumption. Yet if one imagined an alternate timeline in which the company\\nhad never supported those clean energy projects, most of those projects would\\nhave found an alternative buyer and been built anyway, simply because solar\\nand wind have become the cheapest available options for new energy projects.\\n\\nEmission matching encounters similar stumbling blocks to the volumetric\\napproach. Under emission matching, instead of pairing energy consumption with\\nclean energy procurement on a megawatt-hour-to-megawatt-hour basis, a company\\nwould match based on the carbon emissions impact of each megawatt-hour of\\ngeneration or consumption. For example, if a company\\u2019s energy demand caused a\\nnatural gas generator to turn on in California, they could support a wind\\nproject in Wyoming that would \\u201ccancel out\\u201d an equivalent amount of emissions\\nby avoiding the need to fire up a coal-fired power plant.\\n\\nWhile seeming to make intuitive sense at a glance, Jenkins said that much like\\nthe volumetric approach, the emission matching approach fails to consider the\\ncounterfactual scenario in which the wind project would have been built anyway\\nbecause of its low costs. As a result, the company would not be contributing\\nadditional clean energy supply but instead displacing what was likely to\\nbecome a wind farm regardless.\\n\\n\\u201cAn emission matching strategy based on short-term operational emissions\\nimpacts doesn\\u2019t tell you anything about the long-term impact of your\\ndecisions,\\u201d Jenkins said. \\u201cIt doesn\\u2019t tell you how your clean power generation\\nis going to change investment and retirement decisions across the system. If\\nyou simply want to make a qualitative claim that you\\u2019re having a positive\\nimpact on the world, then it might be a good way to go. But if you want to\\nmake a valid quantitative claim that your emissions impact as a company is\\nzero, then it\\u2019s pretty questionable as a strategy.\\u201d\\n\\n### Time for a better alternative\\n\\nBeyond their failure to spur additional clean energy supply, the volumetric\\nand emission approaches also fail to address the inherent shortcomings of\\nclean energy resources such as solar and wind: the sun isn\\u2019t always shining,\\nand the wind isn\\u2019t always blowing.\\n\\nAt the same time, data centers and facilities usually consume energy around\\nthe clock. And when companies continue to operate in the absence of solar or\\nwind generation, the backup option is typically some mix of fossil fuels.\\n\\nHowever, the volumetric approach overlooks the daily mismatch between clean\\nenergy generation and consumption because clean energy procurement occurs\\nannually. Consequently, companies could procure the cheapest available solar\\nand wind energy to match their annual energy consumption to claim net-zero\\nemissions while failing to address the daily and seasonal oscillations of\\nsolar and wind generation.\\n\\nAn electricity pylon with power lines. Photo by adobe.stock.com\\n\\nAn electricity pylon with power lines (adobe.stock.com).\\n\\n\\u201cWith a 24/7 clean energy procurement strategy, you\\u2019re effectively pretending\\nthat you\\u2019re a fully decarbonized grid,\\u201d Jenkins said. \\u201cIf that\\u2019s the case,\\nthen you need the portfolio of resources a fully decarbonized grid would need.\\nAnd that\\u2019s not just wind and solar. It\\u2019s also things like long-duration energy\\nstorage and clean firm energy technologies like advanced geothermal or\\nnuclear.\\u201d\\n\\nThe temporal matching approach the researchers studied consistently succeeded\\nin driving down system-wide emissions because it addresses the temporal\\nmismatch between clean energy production and consumption. By requiring\\ncompanies to procure their clean energy at the same time as they consume\\nenergy, the approach drives investments beyond wind and solar to include\\nenergy storage and firm clean energy technologies.\\n\\n\\u201cWhen a company has to match its energy consumption with clean energy every\\nhour, it attacks the times at night when fossil resources would be the\\nfallback choice in the energy market,\\u201d Ricks said. \\u201cIt becomes no longer an\\noption to support only cheap solar and wind projects and call yourself\\nsquared.\\u201d\\n\\nThe researchers acknowledged that temporal matching is significantly more\\nexpensive than the other approaches but said that companies ultimately get\\nwhat they pay for. While both volumetric and emission matching can be\\naccomplished with near-zero cost premiums, they also result in near-zero long-\\nterm emissions reductions. Temporal matching, on the other hand, can come with\\ncost premiums exceeding $20 per megawatt-hour in some regions, but that\\npremium enables companies to quantitatively say they are reducing their\\nemissions.\\n\\n\\u201cAchieving an around-the-clock 100% clean power system is difficult. It will\\ntake a lot of time and money,\\u201d Ricks said. \\u201cThe idea that a company could come\\nin and claim to be 100% clean in 2024 at no additional cost premium sounds a\\nlittle suspect, as do the emissions accounting schemes that would enable that\\nto happen. If it were that easy to decarbonize the world, the problem would\\nalready be solved.\\u201d\\n\\nThe paper, \\u201cSystem-level impacts of voluntary carbon-free electricity\\nprocurement strategies(Link is external),\\u201d was published January 11 in Joule.\\nIn addition to Jenkins, Xu, and Ricks, authors include Neha Patankar of\\nBinghamton University and Aneesha Manocha, who worked on the project as an\\nundergraduate student at Princeton University. The work was supported by\\nGoogle as well as the Princeton Zero-carbon Technology Consortium.\\n\\nSource\\n\\nPrinceton Engineering(Link is external)\\n\\n## Footer\\n\\nOffice of the Dean for Research New South Building, 5th Floor Princeton, NJ\\n08544 Phone: 609-258-5500 Fax: 609-258-5599 Email: odfr@princeton.edu\\nInternships: lab-learning@princeton.edu\\n\\nWebsite feedback(Link sends email)\\n\\n  * Facebook (Link is external)\\n  * Twitter (Link is external)\\n  * YouTube (Link is external)\\n  * Instagram (Link is external)\\n  * LinkedIn (Link is external)\\n\\n  * Digital Accessibility(Link is external) (Link opens in new window)\\n\\n\\u00a9 2024 The Trustees of Princeton University\\n\\nm\\n\\n\", \"frontpage\": true}"}
