{"value":"{\"aid\": \"40219704\", \"title\": \"SBIR\", \"url\": \"https://www.loom.com/share/2329dca6ae1140ab9b2c2803f33193db?sid=8d3d7f6b-40f1-48a5-b425-2e678e0842fa\", \"domain\": \"loom.com\", \"votes\": 1, \"user\": \"rahuldey\", \"posted_at\": \"2024-05-01 05:07:13\", \"comments\": 0, \"source_title\": \"Kinara SBIR Demo\", \"source_text\": \"Kinara SBIR Demo\\n\\nLoom\\n\\nLearn to LoomHow to RecordLoom BlogPricing\\n\\nKinara SBIR Demo\\n\\nrahul dey\\u30fb\\n\\nabout 2 hours ago\\n\\n0.8\\u00d7\\n\\n1\\u00d7\\n\\n1.2\\u00d7\\n\\n1.5\\u00d7\\n\\n1.7\\u00d7\\n\\n2\\u00d7\\n\\n2.5\\u00d7\\n\\n4 min\\u26a1\\ufe0f4 min 54 sec3 min 55 sec3 min 16 sec2 min 37 sec2 min 18 sec1 min 57\\nsec1 min 34 sec\\n\\n0.8\\u00d7\\n\\n1\\u00d7\\n\\n1.2\\u00d7\\n\\n1.5\\u00d7\\n\\n1.7\\u00d7\\n\\n2\\u00d7\\n\\n2.5\\u00d7\\n\\n4 min\\u26a1\\ufe0f4 min 54 sec3 min 55 sec3 min 16 sec2 min 37 sec2 min 18 sec1 min 57\\nsec1 min 34 sec\\n\\njoy\\n\\n1\\n\\nlove\\n\\n2\\n\\nwow\\n\\n3\\n\\nyay\\n\\n4\\n\\nup\\n\\n5\\n\\ndown\\n\\n6\\n\\nMore reactions\\n\\n7\\n\\nStart with a suggestion from Loom AI\\n\\n0 Comments\\n\\nNo comments... yet\\n\\nHit\\n\\nC\\n\\nto reply to rahul.\\n\\n\", \"frontpage\": false}"}
