{"value":"{\"aid\": \"40220002\", \"title\": \"A Clock in the Forest\", \"url\": \"https://www.noemamag.com/a-clock-in-the-forest/\", \"domain\": \"noemamag.com\", \"votes\": 1, \"user\": \"Caiero\", \"posted_at\": \"2024-05-01 05:58:57\", \"comments\": 0, \"source_title\": \"A Clock In The Forest | NOEMA\", \"source_text\": \"A Clock In The Forest - NOEMA\\n\\nSkip to the content\\n\\nSubscribe\\n\\nPublished by the Berggruen Institute\\n\\nTopics\\n\\n  * Technology & the Human\\n  * Future of Capitalism\\n  * Philosophy & Culture\\n  * Climate Crisis\\n\\n  * Geopolitics & Deglobalization\\n  * Future of Democracy\\n  * Digital Society\\n  * Read Noema In Print\\n\\nSearch\\n\\n# A Clock In The Forest\\n\\nClocks that use nature to measure time can reintegrate people into the\\nenvironment and counteract the calamities of the Anthropocene.\\n\\nPer Kristian Stoveland\\n\\nEssayClimate Crisis\\n\\nBy Jonathon Keats February 8, 2024\\n\\nFacebookTwitterEmail\\n\\nCredits\\n\\nJonathon Keats is an experimental philosopher, artist and writer. He is\\ncurrently a fellow at the Berggruen Institute, a research fellow at the Long\\nNow Foundation, a research associate at the University of Arizona, principal\\nphilosopher at Earth Law Center and an artist-in-residence at Hyundai, the\\nSETI Institute and Flux Projects. His most recent book is \\u201cYou Belong to the\\nUniverse: Buckminster Fuller and the Future\\u201d (Oxford University Press).\\n\\nIn his studio on the east coast of Vancouver Island, the master clockmaker\\nPhil Abernethy is crafting a timepiece that will be calibrated in a manner\\nthat no horologist has ever attempted. It won\\u2019t show the minutes and hours of\\nan ordinary human day. Instead, his clock will display time as experienced by\\nsome of the oldest trees on the planet.\\n\\nUsing techniques he\\u2019s honed over a lifetime, Abernethy will machine the gears\\nby hand in traditional materials such as steel and brass. But the pendulum\\nwill respond to the forest: When trees grow quickly, the hours will advance\\nmore rapidly; more lethargic growth will result in a slower tempo. Over\\ncenturies, the long-term fate of the canopy will be registered on a calendar\\nthat may deviate from the Gregorian date by decades or more.\\n\\nAbernethy has been commissioned to fabricate the arboreal clock by the Nevada\\nMuseum of Art. Standing 12 feet tall, the clock will be the first physical\\nmanifestation of an environmental timekeeping project I have been developing\\nover the past decade. Some of the clocks in the project respond to rivers;\\nAbernethy\\u2019s enlists a stand of bristlecone pine trees in Nevada\\u2019s Great Basin\\nas living timekeepers.\\n\\nFluctuations in the bristlecones\\u2019 growth rate, affected by environmental\\nconditions ranging from local rainfall to planetary climate change, will be\\nmeasured by analyzing the thickness of tree rings in microcores retrieved from\\nthe mountain each year. These data will be used to determine the center of\\ngravity for the pendulum, which will swing slower or faster depending on the\\ntree ring thickness. Though the clock face will display time in the usual way,\\nit won\\u2019t serve as a mechanism for human planning \\u2014 a technology to impose\\norder on the environment for our convenience \\u2014 but rather to pace our lives to\\nmatch the lived reality of other organisms.\\n\\nAbernethy\\u2019s arboreal clock, in other words, upsets more than just the\\nstandards of horology. The environmental calamity known as the Anthropocene is\\na consequence of a worldview in which all that is not human is construed as a\\nresource \\u2014 even time itself. Other life forms are going extinct at an\\nunprecedented rate, laid waste at a pace set by the world economy. Factory\\nfarming and logging, fossil fuel and plastics production, mining, human\\nconstruction and infrastructure \\u2014 all disregard the timing with which nonhuman\\nsystems emerge, ebb and flow. The globalized logic of industry, with its\\nplanetary supply chain, must keep up with human demand, turning civilization\\nitself into a manifestation of logistics.\\n\\nOur mastery of the world is a mastery of time. And as every industrialist\\nknows, mastery of time requires the precision of a master clock to provide a\\ntemporal standard against which everything can be measured and controlled.\\nWhether regulated by the swing of a pendulum or the oscillations of a\\nstrontium atom \\u2014 as the most advanced atomic clocks are today \\u2014 the master\\nclock operates without an external feedback mechanism. The clock has become\\nthe ultimate authority. To question it would be tantamount to questioning\\nmodernity.\\n\\nThe design of Abernethy\\u2019s arboreal clock may be novel, but the underlying\\nideas are ancient. They predate pendulums and gearwork, originating in an era\\nwhen people observed time in relation to other beings in order for all to\\nflourish together. Ancient but mostly forgotten, these ideas are urgently\\nneeded today. Whatever practical use it might have, the arboreal clock is\\nintended primarily to serve as a philosophical instrument.\\n\\n\\u201cAnthropocene is a consequence of a worldview in which all that is not human\\nis construed as a resource \\u2014 even time itself.\\u201d\\n\\nFacebook Twitter Email\\n\\nIn the winter of 1999, the botanists James Wandersee and Elisabeth Schlusser\\npublished an article in which they observed that students tend to pay more\\nattention to animals than plants. Arguing that \\u201cplant blindness\\u201d is\\ndetrimental to scientific literacy and the well-being of flora, they followed\\nup with a campaign to overcome this cognitive bias, distributing more than\\n20,000 posters to schools across the United States. Their efforts resonated\\nwith the popular media and inspired dozens of academic papers that sought to\\nexplain the phenomenon in terms of human biology and culture.\\n\\nResearch has shown that we don\\u2019t consider plants to be important mostly\\nbecause they grow close together and don\\u2019t appear to move. As Wandersee and\\nSchlusser wrote, \\u201cStatic proximity is a visual cue humans use to group\\nobjects, so individual plants and different plant species tend to be de-\\nemphasized.\\u201d A vine takes hours to turn toward sunlight, a bristlecone\\nhundreds of years to mature. Each organism\\u2019s clock \\u2014 its sense of time \\u2014 is so\\ndifferent from ours that we can\\u2019t even sense it.\\n\\nIn other words, what we call plant blindness is really time blindness: an\\nobliviousness to temporal frames of reference that deviate from our own. And,\\ndespite Wandersee and Schlusser\\u2019s schoolroom agitprop, the situation is\\nprobably worse today than in 1999, exacerbated by our ever-diminishing\\nattention spans, e-commerce, social media and more. The pace of civilization\\ncontinues to quicken.\\n\\nConsidered in these broader terms, the temporal mismatch has profound\\nimplications not only for plants but also for nonhuman animals and ecosystems.\\nIn our blundering time blindness, we recklessly disrupt the rhythms of most\\nlife on Earth.\\n\\nHorology has had a profound and persistent impact on science since at least\\nthe 2nd millennium B.C.E., when Egyptian astronomers accurately mapped the\\nnight sky by observing the apparent motion of stars in relation to the steady\\nflow of water from a punctured vessel. Some 3,000 years later, allegedly\\ninspired by Galileo\\u2019s observations of a swinging cathedral chandelier, the\\nDutch scientist and inventor Christiaan Huygens built the first pendulum\\nclock, an instrument of unprecedented precision that quickened progress in\\nastronomy to an unprecedented degree. It also provided scientists with a\\ndeeper understanding of physiology by facilitating the measurement of the\\nbeating heart and providing insight into circadian rhythms.\\n\\nEvery advance in timekeeping has enhanced human perception of the surrounding\\nworld. Most of these innovations also enlarged the dominion of those who\\ncontrolled the technology. With a chronometer in hand, the captain of a ship\\ncould determine longitude at sea, aiding exploration and discovery of new\\nrealms to conquer.\\n\\nIn Europe, timekeeping abetted the Industrial Revolution. British factories\\nput laborers to work on the clock, enforcing long hours even in the darkest of\\nseasons. In North America, time zones were ordained to synchronize railroad\\nschedules, which previously were difficult to coordinate from station to\\nstation. With standardized time, freight traffic could be managed over vast\\ndistances, avoiding collisions on the tracks. With locomotives and ships, raw\\nmaterials could be sourced and products distributed practically anywhere on\\nEarth.\\n\\nBut there is another story to be told about timekeeping technology, and the\\nprologue can be heard shortly after the first sundial was installed in Rome.\\n\\u201cThe gods damn that man who first discovered the hours,\\u201d proclaimed a\\ncharacter in a play written by Titus Maccius Plautus in the 3rd century B.C.E.\\n\\u201cYou know, when I was a boy, my stomach was the only sundial, by far the best\\nand truest.\\u201d\\n\\n\\u201cIn our blundering time blindness, we recklessly disrupt the rhythms of most\\nlife on Earth.\\u201d\\n\\nFacebook Twitter Email\\n\\nSkepticism of modernized timekeeping increased with technological progress,\\nespecially in the era of colonial expansion. Clock towers became a visible\\nmanifestation of colonial occupation, trampling on traditional timekeeping\\npractices and forcing locals to conform to European norms. During a late 19th-\\ncentury riot against British colonial rulers, for instance, Indian rebels\\nresponded by opening fire on the clock in Bombay\\u2019s Crawford Market.\\n\\nBy 1934, as the historian Lewis Mumford declared, the clock had become \\u201cthe\\nkey machine of the modern industrial age. ... [B]y its essential nature it\\ndissociated time from human events.\\u201d\\n\\nMumford was correct, but he didn\\u2019t account for the nonhuman realm. Those\\nfactories and railroads ripped through ecosystems, which became as abstract as\\nthe dividend coupons on stock certificates. As time was stripped of context,\\nnature was uprooted, conveniently making space for more factories and\\nrailroads.\\n\\nWhat was once a natural cycle became a vicious circle.\\n\\nIn the 17th century, on opposite sides of the vast Asian continent, Ming\\ndynasty and Ottoman Empire rulers were beset by decades of political upheaval,\\ncivilian rebellions and battles with foreign forces. Although historians have\\nnoted that the turmoil was partly driven by unusually intense droughts across\\nthe continent, which caused starvation in places, nobody could convincingly\\nconnect the tribulations until they consulted the trees.\\n\\nCareful examination of tree rings in multiple locations has recently revealed\\nthat, all around the world, warmer temperatures expanded from the tropics for\\nabout 60 years starting around 1570, probably a consequence of natural climate\\nvariation. Scientists at the University of Arizona\\u2019s Laboratory of Tree-Ring\\nResearch now believe that this phenomenon caused the droughts in Eurasia that\\ndestabilized the Ming and the Ottomans, and also hastened the collapse of the\\nJamestown colony in Virginia in the 1690s.\\n\\nSuch analysis of historical environmental conditions is possible only because\\ntrees are natural calendars \\u2014 growing a ring each year \\u2014 and because the\\ncalendars are rich in contextual information. Dendrochronology has helped us\\ndiscern long-term climate change, especially variations so gradual that they\\noccur over several human generations.\\n\\nTime is similarly embedded in other organisms. For instance, giant clams\\nrecord daily variations in marine conditions in the growth bands of their\\nshells over hundreds of years. And at a molecular scale, nucleotide sequences\\nreveal the mutation rate of life forms ranging from plankton to whales.\\n\\nHumankind appears to be the only species to have contrived clocks that count\\nwithout reference to something outside of themselves. We also appear to be the\\nonly species to have use for these contraptions, to use time in this peculiar\\nway. (Mumford astutely described clocks as \\u201cpower machinery whose \\u2018product\\u2019 is\\nseconds and minutes.\\u201d)\\n\\nRead Noema in print.\\n\\nAll life depends on timekeeping. But nonhuman life treats time as a mixed\\nmedium: entangled with the environment, dependent on other organisms.\\n\\n\\u201cNonhuman life treats time as a mixed medium: entangled with the environment,\\ndependent on other organisms.\\u201d\\n\\nFacebook Twitter Email\\n\\nConsider circannual rhythms. Migratory birds must coordinate their yearly\\nflights based on the expected availability of nutrients along routes that are\\nthousands of miles long. The insects they devour must coordinate the end of\\ntheir pupation to coincide with the budding of plants they eat. The needs of\\ndifferent species are different but codependent. And all of these processes\\ntake time, meaning that decisions must be made without direct knowledge of\\nwhat other creatures have decided.\\n\\nSuch dazzling coordination is a product of the co-evolution of circannual\\nclocks, all of which are calibrated by environmental cues. Some organisms set\\ntheirs by observing the relative length of day and night. Others rely more on\\ntemperature, tallying freezes or tracking summer\\u2019s heat. The ability of\\nspecies to adjust their timing varies depending on their living environment,\\ntheir physical needs and the time between when a decision is made and its\\nconsequences felt. By monitoring loosely coupled local phenomena and making\\ndecisions patterned on past experience, species collaborate and the food web\\noperates like clockwork.\\n\\nIronically, the degree of coordination has become more evident because of the\\nthreat of extreme and sudden changes to the global climate. Synchronization is\\nfailing and species face extinction. Light- and temperature-sensitive\\norganisms are migrating, hatching or maturing when other species or conditions\\nthey depend on are out of sync with them. Driven by the master clock of human\\ncivilization, we are wreaking havoc on the myriad clocks that sustain the\\nbiosphere.\\n\\nThis problem is exacerbated by human impatience. To increase the rate of food\\nproduction to a level that can sustain our rapidly growing population, we have\\nbeen clearcutting old-growth forests and loading soils with manufactured\\nfertilizer for many decades. Ecosystems made resilient by biodiversity are\\nreplaced with monoculture farming.\\n\\nBiodiversity depends on chronodiversity, the warp and weft of lifeways and\\nlifecycles that absorb natural perturbations and facilitate recovery from\\nperiodic catastrophes. The variety of life dies in a temporal monoculture.\\n\\n\\u201cWhy do not the Esquimaux keep God\\u2019s day?\\u201d wrote the Anglican missionary\\nEdmund Peck in his diary while living on Quebec\\u2019s Little Whale River in the\\n1870s and 80s. Peck was one of the first clergymen to visit the region, where\\nhe sought to convert the Inuit \\u201cEsquimaux\\u201d using an Inuktitut New Testament.\\nPersuading the natives to praise Jesus proved easier than getting them to\\nworship on the right day of the week. Whereas seasons and months could be\\ntracked by observing the sun and the moon, the seven-day cycle of the sabbath\\nwas astronomically arbitrary. To overcome their Sunday blindness, Inuit\\nconverts learned to mark chunks of wood with their knives, religiously\\ncounting sunsets.\\n\\nThe Inuit already had calendars more sophisticated than Peck\\u2019s, which, richly\\nlayered with ecological knowledge, were more suitable for everyday life. These\\nand other Indigenous timekeeping methods are still salient today.\\n\\nIn many Indigenous calendars, traditional lifeways and environmental phenomena\\nare explicitly identified. For instance, when the Haida talk about the time\\ncorresponding to January/February on the Gregorian calendar, they speak of\\nhlgidguun kongaas, or \\u201cCanada goose moon,\\u201d referring to the geese flying down\\nthe coast. February/March is known as taan kongaas, or \\u201cblack bear moon,\\u201d\\ncommemorating the time when bears emerge from hibernation.\\n\\nUnlike the absolute occurrence of Sunday after Saturday (or February after\\nJanuary), the correlations are kept loose so that the name of a moon makes\\npeople attentive to important events in their midst, and those events help to\\ndetermine when the month takes place. (To keep time flexible, calendars are\\noral.) Given that the events are all related by the climate conditions that\\ninfluence them, the sequence of names anticipates a sequence of events that\\ncan be tracked over the year through the lunar cycle.\\n\\nThe association of names with events also prompts action. For example, wiid\\ngyaas \\u2014 the \\u201csalmonberry bird moon,\\u201d which marks the end of winter \\u2014 is\\nannounced by the song of the salmonberry bird, otherwise known as the\\nSwainson\\u2019s thrush. Arriving in Haida territory in early spring, the bird is a\\nphenological indicator: Its presence is a signal that salmonberries, which are\\ndainty and difficult to find, are ripening. The connection is probably a\\nconsequence of circannual rhythms set by the shared climate.\\n\\n\\u201cNaturally calibrated clocks and calendars integrate people into their\\nenvironment.\\u201d\\n\\nFacebook Twitter Email\\n\\nMany cultures relied on phenological indicators and ecological calendars once\\nupon a time. In \\u201cThe Natural History,\\u201d the foremost encyclopedia of the Roman\\nEmpire, Pliny the Elder articulated this point of view by evoking the voice of\\nnature: \\u201cI have given you plants that mark the hours,\\u201d he wrote. \\u201cWhy then do\\nyou still look higher and scan the heavens themselves? Lo! you have Pleiads at\\nyour very feet.\\u201d Nature, in other words, kept track of time in ways more\\ngermane than the constellations circling across the sky above. He continued in\\nhis own voice:\\n\\nGlow\\u2010worms do not make their appearance on fixed days or last a definite\\nperiod, but certain it is that they are the offspring of this particular\\nconstellation. Consequently anybody who does his summer sowing before they\\nappear \\u2018will have himself to thank for labor wasted.\\u2019 In this interval also\\nthe little bee comes forth and announces that the bean is flowering, and the\\nbean begins to flower to tempt her out. We will also give another sign of cold\\nweather being ended: when you see the mulberry budding, after that you need\\nnot fear damage from cold.\\n\\nClocks and calendars in this tradition are maps. They map relationships\\nbetween phenomena that also map relationships between beings. The tradition is\\nextensive. In Slavic and Baltic cultures, the root of the name for March,\\nberza, refers to the leafing of birch trees, and words for September variously\\nrefer to the blooming of heather, the mating of deer, the sowing of grains and\\nthe harvesting of grapes.\\n\\nTraditional clocks and calendars orient people. They provide practical and\\nethical direction. Salmonberries should be picked only after they have\\nripened. To take berries earlier would deprive the birds and inhibit seeding\\nof future generations. And to ungratefully leave behind berries in their\\nripened state would offend the plant\\u2019s spirit, causing the brambles to stop\\nbearing fruit. If these customs are ignored, the consequences will be felt in\\nfuture years.\\n\\nIn other words, naturally calibrated clocks and calendars integrate people\\ninto their environment. They guide traditional care and management practices\\nincluding planting and harvesting.\\n\\nAnd they provide feedback. The feedback steadies the environment by bringing\\nall who act on it into equilibrium. Time and the environment become\\nindistinguishable.\\n\\nNear the peak of Mt. Washington in Nevada\\u2019s Great Basin, which rises more than\\n11,600 feet above sea level, the bristlecone pines are as scraggly as the tree\\nin \\u201cA Charlie Brown Christmas.\\u201d Until very recently, bristlecones didn\\u2019t grow\\nat this elevation. To walk down the slope is to stroll through time,\\neventually reaching trees that are several thousand years old and as solid as\\nsculpted stone.\\n\\nOver the past decade, I have gotten to know these trees, visiting with members\\nof the Long Now Foundation, the organization that stewards part of the\\nmountaintop and has partnered with me on the clock at the Nevada Museum of\\nArt. By observing the trees and their embodied experience of time, I have been\\nable to see the inadequacy of my wristwatch.\\n\\nThe trees sensitized me to the time reckoning of other life forms, both plants\\nand animals. They attuned me to the time kept collectively in living systems\\nsuch as rivers, where the flow rate is affected by the melting of glaciers and\\nthe eagerness of beavers, not to mention the unquenchable thirst of industrial\\nagriculture. By gearing the flow of time to match the flow of the Susitna or\\nMatanuska \\u2014 as I have done in partnership with the Anchorage Museum \\u2014 fluvial\\nclocks can integrate people into local watersheds.\\n\\nAn arboreal clock can likewise integrate people into the forest. Or to be more\\naccurate, it can reintegrate people into their ecosystems, counteracting the\\nhuman denaturing of the Anthropocene.\\n\\n\\u201cBy observing the trees and their embodied experience of time, I have been\\nable to see the inadequacy of my wristwatch.\\u201d\\n\\nFacebook Twitter Email\\n\\nThis transformation will not be instantaneous. However, the vernacular of the\\nmodern clock provides an expression of time that can readily be applied to\\neveryday situations. The mechanism is compatible with the here and now even\\nwhen subverted by the logic of time immemorial. People can decide to meet at\\nnoon on the arboreal clock. Corporations can issue dividends on the first day\\nof arboreal January.\\n\\nLegal recognition of arboreal time standards will increase the impact. This\\nneed not merely be symbolic. As the rights of nature evolve from protecting\\nbiodiversity to promoting chronodiversity, natural time standards will be\\ninstrumental to recognizing the right of life to live at its own pace.\\n\\nAbernethy is building the bristlecone clock to run for the next five\\nmillennia, the estimated lifespan of the hardiest trees in the Great Basin. If\\nthe clock serves its intended purpose as a philosophical instrument, people\\nwill turn away from it much sooner than that. As the clock unwinds, people\\nwill direct their temporal gaze to the environment shared with all other life\\non Earth.\\n\\nEnjoy the read? Subscribe to get the best of Noema.\\n\\n###### More From Noema Magazine\\n\\nEssay Climate Crisis\\n\\nClimate Resilience Means Retreat\\n\\nBrian Stone Jr\\n\\nFeature Climate Crisis\\n\\nThe Disappearing Tree\\n\\nAstra Lincoln\\n\\nEssay Digital Society\\n\\nWe Need To Rewild The Internet\\n\\nMaria Farrell & Robin Berjon\\n\\nPublished by the Berggruen Institute\\n\\nTerms of Service\\n\\nPrivacy Policy\\n\\n\\u00a92024 Noema Magazine\\n\\nTopics\\n\\n  * Technology & the Human\\n  * Future of Capitalism\\n  * Philosophy & Culture\\n  * Climate Crisis\\n  * Geopolitics & Deglobalization\\n  * Future of Democracy\\n  * Digital Society\\n\\nAbout\\n\\n  * About Us\\n  * Masthead\\n  * Editorial Board\\n  * Careers\\n  * Contact\\n  * Shop Noema\\n  * My Account\\n\\nFollow Us\\n\\n  * Subscribe\\n  * Facebook\\n  * Twitter\\n  * Instagram\\n  * TikTok\\n  * LinkedIn\\n  * Newsletter\\n\\nTerms of Service\\n\\nPrivacy Policy\\n\\n\\u00a92024 Noema Magazine\\n\\n\\u2713\\n\\nThanks for sharing!\\n\\nAddToAny\\n\\nMore...\\n\\nNotifications\\n\\nX\\n\\n\", \"frontpage\": false}"}
