{"value":"{\"aid\": \"40220761\", \"title\": \"Mapping the brain pathways of visual memorability\", \"url\": \"https://news.mit.edu/2024/mapping-brain-pathways-visual-memorability-0423\", \"domain\": \"news.mit.edu\", \"votes\": 1, \"user\": \"belter\", \"posted_at\": \"2024-05-01 08:13:15\", \"comments\": 0, \"source_title\": \"Mapping the brain pathways of visual memorability\", \"source_text\": \"Mapping the brain pathways of visual memorability | MIT News | Massachusetts Institute of Technology\\n\\nSkip to content \\u2193\\n\\nMassachusetts Institute of Technology\\n\\nSuggestions or feedback?\\n\\n## MIT News | Massachusetts Institute of Technology\\n\\nSubscribe to MIT News newsletter\\n\\n## Browse By\\n\\n### Topics\\n\\nView All \\u2192\\n\\nExplore:\\n\\n  * Machine learning\\n  * Social justice\\n  * Startups\\n  * Black holes\\n  * Classes and programs\\n\\n### Departments\\n\\nView All \\u2192\\n\\nExplore:\\n\\n  * Aeronautics and Astronautics\\n  * Brain and Cognitive Sciences\\n  * Architecture\\n  * Political Science\\n  * Mechanical Engineering\\n\\n### Centers, Labs, & Programs\\n\\nView All \\u2192\\n\\nExplore:\\n\\n  * Abdul Latif Jameel Poverty Action Lab (J-PAL)\\n  * Picower Institute for Learning and Memory\\n  * Media Lab\\n  * Lincoln Laboratory\\n\\n### Schools\\n\\n  * School of Architecture + Planning\\n  * School of Engineering\\n  * School of Humanities, Arts, and Social Sciences\\n  * Sloan School of Management\\n  * School of Science\\n  * MIT Schwarzman College of Computing\\n\\nView all news coverage of MIT in the media \\u2192\\n\\nListen to audio content from MIT News \\u2192\\n\\nSubscribe to MIT newsletter \\u2192\\n\\nClose\\n\\n#### Breadcrumb\\n\\n  1. MIT News\\n  2. Mapping the brain pathways of visual memorability\\n\\n# Mapping the brain pathways of visual memorability\\n\\nFor the first time, researchers use a combination of MEG and fMRI to map the\\nspatio-temporal human brain dynamics of a visual image being recognized.\\n\\nRachel Gordon | MIT CSAIL\\n\\nPublication Date:\\n\\nApril 23, 2024\\n\\nPress Inquiries\\n\\n### Press Contact:\\n\\nRachel Gordon\\n\\nEmail: rachelg@csail.mit.edu\\n\\nPhone: 617-258-0675\\n\\nMIT Computer Science and Artificial Intelligence Laboratory\\n\\nClose\\n\\nCaption:\\n\\nA team of MIT researchers found highly memorable images have stronger and\\nsustained responses in ventro-occipital brain cortices, peaking at around\\n300ms. Conceptually similar but easily forgettable images quickly fade away.\\n\\nCredits:\\n\\nImage: Alex Shipps/MIT CSAIL\\n\\nFor nearly a decade, a team of MIT Computer Science and Artificial\\nIntelligence Laboratory (CSAIL) researchers have been seeking to uncover why\\ncertain images persist in a people's minds, while many others fade. To do\\nthis, they set out to map the spatio-temporal brain dynamics involved in\\nrecognizing a visual image. And now for the first time, scientists harnessed\\nthe combined strengths of magnetoencephalography (MEG), which captures the\\ntiming of brain activity, and functional magnetic resonance imaging (fMRI),\\nwhich identifies active brain regions, to precisely determine when and where\\nthe brain processes a memorable image.\\n\\nTheir open-access study, published this month in PLOS Biology, used 78 pairs\\nof images matched for the same concept but differing in their memorability\\nscores \\u2014 one was highly memorable and the other was easy to forget. These\\nimages were shown to 15 subjects, with scenes of skateboarding, animals in\\nvarious environments, everyday objects like cups and chairs, natural\\nlandscapes like forests and beaches, urban scenes of streets and buildings,\\nand faces displaying different expressions. What they found was that a more\\ndistributed network of brain regions than previously thought are actively\\ninvolved in the encoding and retention processes that underpin memorability.\\n\\n\\u201cPeople tend to remember some images better than others, even when they are\\nconceptually similar, like different scenes of a person skateboarding,\\u201d says\\nBenjamin Lahner, an MIT PhD student in electrical engineering and computer\\nscience, CSAIL affiliate, and first author of the study. \\u201cWe've identified a\\nbrain signature of visual memorability that emerges around 300 milliseconds\\nafter seeing an image, involving areas across the ventral occipital cortex and\\ntemporal cortex, which processes information like color perception and object\\nrecognition. This signature indicates that highly memorable images prompt\\nstronger and more sustained brain responses, especially in regions like the\\nearly visual cortex, which we previously underestimated in memory processing.\\u201d\\n\\nWhile highly memorable images maintain a higher and more sustained response\\nfor about half a second, the response to less memorable images quickly\\ndiminishes. This insight, Lahner elaborated, could redefine our understanding\\nof how memories form and persist. The team envisions this research holding\\npotential for future clinical applications, particularly in early diagnosis\\nand treatment of memory-related disorders.\\n\\nThe MEG/fMRI fusion method, developed in the lab of CSAIL Senior Research\\nScientist Aude Oliva, adeptly captures the brain's spatial and temporal\\ndynamics, overcoming the traditional constraints of either spatial or temporal\\nspecificity. The fusion method had a little help from its machine-learning\\nfriend, to better examine and compare the brain's activity when looking at\\nvarious images. They created a \\u201crepresentational matrix,\\u201d which is like a\\ndetailed chart, showing how similar neural responses are in various brain\\nregions. This chart helped them identify the patterns of where and when the\\nbrain processes what we see.\\n\\nPicking the conceptually similar image pairs with high and low memorability\\nscores was the crucial ingredient to unlocking these insights into\\nmemorability. Lahner explained the process of aggregating behavioral data to\\nassign memorability scores to images, where they curated a diverse set of\\nhigh- and low-memorability images with balanced representation across\\ndifferent visual categories.\\n\\nDespite strides made, the team notes a few limitations. While this work can\\nidentify brain regions showing significant memorability effects, it cannot\\nelucidate the regions' function in how it is contributing to better\\nencoding/retrieval from memory.\\n\\n\\u201cUnderstanding the neural underpinnings of memorability opens up exciting\\navenues for clinical advancements, particularly in diagnosing and treating\\nmemory-related disorders early on,\\u201d says Oliva. \\u201cThe specific brain signatures\\nwe've identified for memorability could lead to early biomarkers for\\nAlzheimer's disease and other dementias. This research paves the way for novel\\nintervention strategies that are finely tuned to the individual's neural\\nprofile, potentially transforming the therapeutic landscape for memory\\nimpairments and significantly improving patient outcomes.\\u201d\\n\\n\\u201cThese findings are exciting because they give us insight into what is\\nhappening in the brain between seeing something and saving it into memory,\\u201d\\nsays Wilma Bainbridge, assistant professor of psychology at the University of\\nChicago, who was not involved in the study. \\u201cThe researchers here are picking\\nup on a cortical signal that reflects what's important to remember, and what\\ncan be forgotten early on.\\u201d\\n\\nLahner and Oliva, who is also the director of strategic industry engagement at\\nthe MIT Schwarzman College of Computing, MIT director of the MIT-IBM Watson AI\\nLab, and CSAIL principal investigator, join Western University Assistant\\nProfessor Yalda Mohsenzadeh and York University researcher Caitlin Mullin on\\nthe paper. The team acknowledges a shared instrument grant from the National\\nInstitutes of Health, and their work was funded by the Vannevar Bush Faculty\\nFellowship via an Office of Naval Research grant, a National Science\\nFoundation award, Multidisciplinary University Research Initiative award via\\nan Army Research Office grant, and the EECS MathWorks Fellowship. Their paper\\nis published in PLOS Biology.\\n\\n### Share this news article on:\\n\\n  * X\\n  * Facebook\\n  * LinkedIn\\n  * Reddit\\n  * Print\\n\\n## Paper\\n\\nPaper: \\\"Visual perception of highly memorable images is mediated by a\\ndistributed network of ventral visual regions that enable a late memorability\\nresponse\\\"\\n\\n## Related Links\\n\\n  * Project page\\n  * Benjamin Lahner\\n  * Aude Oliva\\n  * Computer Science and Artificial Intelligence Laboratory (CSAIL)\\n  * Department of Electrical Engineering and Computer Science\\n  * School of Engineering\\n  * MIT Schwarzman College of Computing\\n\\n## Related Topics\\n\\n  * Research\\n  * Brain and cognitive sciences\\n  * Computer science and technology\\n  * Artificial intelligence\\n  * Machine learning\\n  * Image Processing\\n  * Neuroscience\\n  * Vision\\n  * Imaging\\n  * Functional magnetic resonance imaging (fMRI)\\n  * MIT-IBM Watson AI Lab\\n  * Electrical Engineering & Computer Science (eecs)\\n  * Computer Science and Artificial Intelligence Laboratory (CSAIL)\\n  * School of Engineering\\n  * MIT Schwarzman College of Computing\\n\\n## Related Articles\\n\\n### Researchers enhance peripheral vision in AI models\\n\\n### Image recognition accuracy: An unseen challenge confounding today\\u2019s AI\\n\\n### What makes an image memorable? Ask a computer\\n\\n## More MIT News\\n\\n### Studies in empathy and analytics\\n\\nSenior James Simon wants to effect change in two ways: by quantifying societal\\nissues and working directly with disadvantaged communities.\\n\\nRead full story \\u2192\\n\\n### Science communication competition brings research into the real world\\n\\n\\u201cWe need more scientists who can explain their work clearly, explain science\\nto the public, and help us build a science-literate world.\\u201d\\n\\nRead full story \\u2192\\n\\n### To understand cognition \\u2014 and its dysfunction \\u2014 neuroscientists must learn\\nits rhythms\\n\\nA new framework describes how thought arises from the coordination of neural\\nactivity driven by oscillating electric fields \\u2014 a.k.a. brain \\u201cwaves\\u201d or\\n\\u201crhythms.\\u201d\\n\\nRead full story \\u2192\\n\\n### MITdesignX and MISTI in Dubai\\n\\nThe Institute\\u2019s \\u201cmind and hand\\u201d ethos has found a home in the United Arab\\nEmirates.\\n\\nRead full story \\u2192\\n\\n### Alison Badgett named director of the Priscilla King Gray Public Service\\nCenter\\n\\nWith decades of experience in the nonprofit sector, she will lead the center\\nas MIT boosts social impact experiential learning opportunities.\\n\\nRead full story \\u2192\\n\\n### Offering clean energy around the clock\\n\\nMIT spinout 247Solar is building high-temperature concentrated solar power\\nsystems that use overnight thermal energy storage to provide power and heat.\\n\\nRead full story \\u2192\\n\\n  * More news on MIT News homepage \\u2192\\n\\n## More about MIT News at Massachusetts Institute of Technology\\n\\nThis website is managed by the MIT News Office, part of the Institute Office\\nof Communications.\\n\\n### News by Schools/College:\\n\\n  * School of Architecture and Planning\\n  * School of Engineering\\n  * School of Humanities, Arts, and Social Sciences\\n  * MIT Sloan School of Management\\n  * School of Science\\n  * MIT Schwarzman College of Computing\\n\\n### Resources:\\n\\n  * About the MIT News Office\\n  * MIT News Press Center\\n  * Terms of Use\\n  * Press Inquiries\\n  * Filming Guidelines\\n  * RSS Feeds\\n\\n### Tools:\\n\\n  * Subscribe to MIT Daily/Weekly\\n  * Subscribe to press releases\\n  * Submit campus news\\n  * Guidelines for campus news contributors\\n  * Guidelines on generative AI\\n\\nMassachusetts Institute of Technology\\n\\nMassachusetts Institute of Technology 77 Massachusetts Avenue, Cambridge, MA,\\nUSA\\n\\nRecommended Links:\\n\\n  * Visit\\n  * Map (opens in new window)\\n  * Events (opens in new window)\\n  * People (opens in new window)\\n  * Careers (opens in new window)\\n  * Contact\\n  * Privacy\\n  * Accessibility\\n  *     * Social Media Hub\\n    * MIT on X\\n    * MIT on Facebook\\n    * MIT on YouTube\\n    * MIT on Instagram\\n\\n\", \"frontpage\": false}"}
