{"value":"{\"aid\": \"40220878\", \"title\": \"Policy: Care of the Patient with ECMO\", \"url\": \"https://policy.nshealth.ca/Site_Published/Provincial/document_render.aspx?documentRender.IdType=6&documentRender.GenericField=&documentRender.Id=71136\", \"domain\": \"nshealth.ca\", \"votes\": 1, \"user\": \"xattt\", \"posted_at\": \"2024-05-01 08:35:08\", \"comments\": 0, \"source_title\": \"AWS S3 storage bucket with unlucky name nearly cost developer $1,300\", \"source_text\": \"AWS S3 storage bucket with unlucky name nearly cost developer $1,300 | Ars Technica\\n\\nSkip to main content\\n\\nSubscribe\\n\\nClose\\n\\n### Navigate\\n\\n  * Store\\n  * Subscribe\\n  * Videos\\n  * Features\\n  * Reviews\\n\\n  * RSS Feeds\\n  * Mobile Site\\n\\n  * About Ars\\n  * Staff Directory\\n  * Contact Us\\n\\n  * Advertise with Ars\\n  * Reprints\\n\\n### Filter by topic\\n\\n  * Biz & IT\\n  * Tech\\n  * Science\\n  * Policy\\n  * Cars\\n  * Gaming & Culture\\n  * Store\\n  * Forums\\n\\n### Settings\\n\\nFront page layout\\n\\nGrid\\n\\nList\\n\\nSite theme\\n\\nlight\\n\\ndark\\n\\nSign in\\n\\n#### Not that kind of bucket list \\u2014\\n\\n# AWS S3 storage bucket with unlucky name nearly cost developer $1,300\\n\\n## Amazon says it's working on stopping others from \\\"making your AWS bill\\nexplode.\\\"\\n\\nKevin Purdy - 4/30/2024, 7:43 PM\\n\\nEnlarge / Be careful with the buckets you put out there for anybody to fill.\\n\\nGetty Images\\n\\n#### reader comments\\n\\n79\\n\\nIf you're using Amazon Web Services and your S3 storage bucket can be reached\\nfrom the open web, you'd do well not to pick a generic name for that space.\\nAvoid \\\"example,\\\" skip \\\"change_me,\\\" don't even go with \\\"foo\\\" or \\\"bar.\\\" Someone\\nelse with the same \\\"change this later\\\" thinking can cost you a MacBook's worth\\nof cash.\\n\\nAsk Maciej Pocwierz, who just happened to pick an S3 name that \\\"one of the\\npopular open-source tools\\\" used for its default backup configuration. After\\nsetting up the bucket for a client project, he checked his billing page and\\nfound nearly 100 million unauthorized attempts to create new files on his\\nbucket (PUT requests) within one day. The bill was over $1,300 and counting.\\n\\nNothing, nothing, nothing, nothing, nothing ... nearly 100 million\\nunauthorized requests.\\n\\nMaciej Pocwierz\\n\\n\\\"All this actually happened just a few days after I ensured my client that the\\nprice for AWS services will be negligible, like $20 at most for the entire\\nmonth,\\\" Pocwierz wrote over chat. \\\"I explained the situation is very unusual\\nbut it definitely looked as if I didn't know what I'm doing.\\\"\\n\\nPocwierz declined to name the open source tool that inadvertently bum-rushed\\nhis S3 account. In a Medium post about the matter, he noted a different\\nproblem with an unlucky default backup. After turning on public writes, he\\nwatched as he collected more than 10GB of data in less than 30 seconds. Other\\npeople's data, that is, and they had no idea that Pocwierz was collecting it.\\n\\nAdvertisement\\n\\nSome of that data came from companies with customers, which is part of why\\nPocwierz is keeping the specifics under wraps. He wrote to Ars that he\\ncontacted some of the companies that either tried or successfully backed up\\ntheir data to his bucket, and \\\"they completely ignored me.\\\" \\\"So now instead of\\nhaving this fixed, their data is still at risk,\\\" Pocwierz writes. \\\"My lesson\\nis if I ever run a company, I will definitely have a bug bounty program, and I\\nwill treat such warnings seriously.\\\"\\n\\nAs for Pocwierz's accounts, both S3 and bank, it mostly ended well. An AWS\\nrepresentative reached out on LinkedIn and canceled his bill, he said, and was\\ntold that anybody can request refunds for excessive unauthorized requests.\\n\\\"But they didn't explicitly say that they will necessarily approve it,\\\" he\\nwrote. He noted in his Medium post that AWS \\\"emphasized that this was done as\\nan exception.\\\"\\n\\nIn response to Pocwierz's story, Jeff Barr, chief evangelist for AWS at\\nAmazon, tweeted that \\\"We agree that customers should not have to pay for\\nunauthorized requests that they did not initiate.\\\" Barr added that Amazon\\nwould have more to share on how the company could prevent them \\\"shortly.\\\" AWS\\nhas a brief explainer and contact page on unexpected AWS charges.\\n\\nThe open source tool did change its default configuration after Pocwierz\\ncontacted them. Pocwierz suggested to AWS that it should restrict anyone else\\nfrom creating a bucket name like his, but he had yet to hear back about it. He\\nsuggests in his blog post that, beyond random bad luck, adding a random suffix\\nto your bucket name and explicitly specifying your AWS region can help avoid\\nmassive charges like the one he narrowly dodged.\\n\\n### Ars Video\\n\\n### How Lighting Design In The Callisto Protocol Elevates The Horror\\n\\n#### reader comments\\n\\n79\\n\\nKevin Purdy Kevin is a senior technology reporter at Ars Technica, covering a\\nvariety of technology topics and reviewing products. He started his writing\\ncareer as a newspaper reporter, covering business, crime, and other topics. He\\nhas written about technology and computing for more than 15 years.\\n\\nAdvertisement\\n\\n### Channel Ars Technica\\n\\n#### Unsolved Mysteries Of Quantum Leap With Donald P. Bellisario\\n\\nToday \\\"Quantum Leap\\\" series creator Donald P. Bellisario joins Ars Technica to\\nanswer once and for all the lingering questions we have about his enduringly\\npopular show. Was Dr. Sam Beckett really leaping between all those time\\nperiods and people or did he simply imagine it all? What do people in the\\nwaiting room do while Sam is in their bodies? What happens to Sam's loyal ally\\nAl? 30 years following the series finale, answers to these mysteries and more\\nawait.\\n\\n  * ##### Unsolved Mysteries Of Quantum Leap With Donald P. Bellisario\\n\\n  * ##### Unsolved Mysteries Of Warhammer 40K With Author Dan Abnett\\n\\n  * ##### SITREP: F-16 replacement search a signal of F-35 fail?\\n\\n  * ##### Sitrep: Boeing 707\\n\\n  * ##### Steve Burke of GamersNexus Reacts To Their Top 1000 Comments On YouTube\\n\\n  * ##### Modern Vintage Gamer Reacts To His Top 1000 Comments On YouTube\\n\\n  * ##### How The NES Conquered A Skeptical America In 1985\\n\\n  * ##### Scott Manley Reacts To His Top 1000 YouTube Comments\\n\\n  * ##### How Horror Works in Amnesia: Rebirth, Soma and Amnesia: The Dark Descent\\n\\n  * ##### LGR's Clint Basinger Reacts To His Top 1000 YouTube Comments\\n\\n  * ##### The F-35's next tech upgrade\\n\\n  * ##### How One Gameplay Decision Changed Diablo Forever\\n\\n  * ##### Unsolved Mortal Kombat Mysteries With Dominic Cianciolo From NetherRealm Studios\\n\\n  * ##### US Navy Gets an Italian Accent\\n\\n  * ##### How Amazon\\u2019s \\u201cUndone\\u201d Animates Dreams With Rotoscoping And Oil Paints\\n\\n  * ##### Fighter Pilot Breaks Down Every Button in an F-15 Cockpit\\n\\n  * ##### How NBA JAM Became A Billion-Dollar Slam Dunk\\n\\n  * ##### Linus \\\"Tech Tips\\\" Sebastian Reacts to His Top 1000 YouTube Comments\\n\\n  * ##### How Alan Wake Was Rebuilt 3 Years Into Development\\n\\n  * ##### How Prince of Persia Defeated Apple II's Memory Limitations\\n\\n  * ##### How Crash Bandicoot Hacked The Original Playstation\\n\\n  * ##### Myst: The challenges of CD-ROM | War Stories\\n\\n  * ##### Markiplier Reacts To His Top 1000 YouTube Comments\\n\\n  * ##### How Mind Control Saved Oddworld: Abe's Oddysee\\n\\n  * ##### Bioware answers unsolved mysteries of the Mass Effect universe\\n\\n  * ##### Civilization: It's good to take turns | War Stories\\n\\n  * ##### SITREP: DOD Resets Ballistic Missile Interceptor program\\n\\n  * ##### Warframe's Rebecca Ford reviews your characters\\n\\n  * ##### Subnautica: A world without guns | War Stories\\n\\n  * ##### How Slay the Spire\\u2019s Original Interface Almost Killed the Game | War Stories\\n\\n  * ##### Amnesia: The Dark Descent - The horror facade | War Stories\\n\\n  * ##### Command & Conquer: Tiberian Sun | War Stories\\n\\n  * ##### Blade Runner: Skinjobs, voxels, and future noir | War Stories\\n\\n  * ##### Dead Space: The Drag Tentacle | War Stories\\n\\n  * ##### Teach the Controversy: Flat Earthers\\n\\n  * ##### Delta V: The Burgeoning World of Small Rockets, Paul Allen's Huge Plane, and SpaceX Gets a Crucial Green-light\\n\\n  * ##### Chris Hadfield explains his 'Space Oddity' video\\n\\n  * ##### The Greatest Leap, Episode 1: Risk\\n\\n  * ##### Ultima Online: The Virtual Ecology | War Stories\\n\\nMore videos\\n\\n\\u2190 Previous story Next story \\u2192\\n\\n### Related Stories\\n\\n### Today on Ars\\n\\nCNMN Collection WIRED Media Group \\u00a9 2024 Cond\\u00e9 Nast. All rights reserved. Use of and/or registration on any portion of this site constitutes acceptance of our User Agreement (updated 1/1/20) and Privacy Policy and Cookie Statement (updated 1/1/20) and Ars Technica Addendum (effective 8/21/2018). Ars may earn compensation on sales from links on this site. Read our affiliate link policy. Your California Privacy Rights | Manage Preferences The material on this site may not be reproduced, distributed, transmitted, cached or otherwise used, except with the prior written permission of Cond\\u00e9 Nast. Ad Choices\\n\\n## We Care About Your Privacy\\n\\nWe and our 166 partners store and/or access information on a device, such as\\nunique IDs in cookies to process personal data. You may accept or manage your\\nchoices by clicking below or at any time in the privacy policy page. These\\nchoices will be signaled to our partners and will not affect browsing\\ndata.More information about your privacy\\n\\n### We and our partners process data to provide:\\n\\nUse precise geolocation data. Actively scan device characteristics for\\nidentification. Store and/or access information on a device. Personalised\\nadvertising and content, advertising and content measurement, audience\\nresearch and services development.\\n\\n\", \"frontpage\": false}"}
