{"value":"{\"aid\": \"40219798\", \"title\": \"Untitled map app says goobye\", \"url\": \"https://eugene.substack.com/p/untitled-map-app-says-goodbye\", \"domain\": \"eugene.substack.com\", \"votes\": 1, \"user\": \"nhatcher\", \"posted_at\": \"2024-05-01 05:25:02\", \"comments\": 0, \"source_title\": \"untitled map app says goodbye\", \"source_text\": \"untitled map app says goodbye - by Eugene Kudashev\\n\\n# an email from eugene\\n\\nShare this post\\n\\n#### untitled map app says goodbye\\n\\neugene.substack.com\\n\\n#### Discover more from an email from eugene\\n\\ninternet, culture, and other nonsense\\n\\nOver 1,000 subscribers\\n\\nContinue reading\\n\\nSign in\\n\\n# untitled map app says goodbye\\n\\n### how a startup with fantastic traction collapsed overnight\\n\\nEugene Kudashev\\n\\nApr 30, 2024\\n\\n10\\n\\nShare this post\\n\\n#### untitled map app says goodbye\\n\\neugene.substack.com\\n\\n4\\n\\nShare\\n\\nHello friends! I\\u2019ll share what I\\u2019ve been working on for 1 year, and how a\\nstartup with fantastic traction collapsed overnight\\n\\n1\\u00d7\\n\\n0:00\\n\\n-9:22\\n\\nIn July 2022 I spent many hours walking around Berlin, and at a certain point\\nI realized that I for the life of me can\\u2019t recall where exactly I have been\\nand where I haven\\u2019t: on the one hand it feels like you\\u2019ve been everywhere and\\nthere\\u2019s nothing new to see; on the other, sometimes you find a new unfamiliar\\nback alley literally around the corner\\n\\nFrom these long walks \\u2014 and a childhood spent in the fictional worlds of video\\ngames \\u2014 a brilliant idea came up: take a city map, put the so-called \\u201cfog of\\nwar\\u201d on top (think Heroes 3), read phone\\u2019s location 24/7 \\u2014 and you end up with\\na very personal map of the city which shows, unambiguously, where I\\u2019ve already\\nbeen and where I haven\\u2019t\\n\\nThis idea, in the shape of a brief description and a rough sketch, was\\ninstantly validated on Twitter: it turned out that I\\u2019m not the only one who\\ndreams of a personal map of the world. It\\u2019s quite incredible when other people\\ninstantly get your idea and want to download an app that does not yet exist. I\\nvery much wanted to make it happen \\u2014 especially considering that similar\\nexisting apps felt rather mediocre, and had download count in tens of\\nthousands regardless\\n\\nSoon after two internet friends reached out, a designer and an engineer, who\\nboth shared my enthusiasm and who were both looking for a side project. In\\nSeptember 2022 we started building a prototype\\n\\nIn a year, we\\u2019ve done quite a bit of great things:\\n\\n  * We built an MVP, a very real iOS app which was tested in the wild by about 200 people in Berlin, Paris, London, San Francisco, New York City, Moscow, Yerevan, and many other places. I personally talked to most, and all the imperfections of it notwithstanding, the core emotion I kept hearing was thrill and willingness to keep using it; the metrics confirmed that most people opened the app every day, for weeks\\n\\n  * I developed the silly name of \\u201cuntitled map app\\u201d into a legitimate brand, got over 1000 people on the waitlist, and met dozens of bright talented people in Europe and the US \\u2014 founders, designers, technologists, researchers, artists \\u2014 who work with technology and aspire to build new, cool, different things\\n\\n  * The app concept evolved far beyond the simple original idea. We did a ton of research, and the core problem we worked with is the contemporary loneliness crisis/epidemic, so prevalent in this post-covid world. I came up with a bunch of ideas how to turn the city into a playground, how to create new incentives to go outside for those who work from home, and how to find new ways to meet new people where you live, find friends and build local communities offline\\n\\n  * Of course, voice messages were at the heart of it all. I thoroughly researched and experimented with modern tools for speech recognition and built a proof-of-concept of an internal communication tool which significantly improves remote work and confirms, once again, that voice memos combined with on-the-fly automatic transcripts is a far better way to collaborate than texting could ever be\\n\\nAs my cofounders worked on the project alongside their full-time jobs,\\neverything was moving much slower than we all wanted to. When it became clear\\nthan this setup is exhausting and not sustainable, I started looking for\\ninvestments which would have allowed us all to commit to the project full-time\\nand bring our vision to life. Throughout the summer of 2023 I\\u2019ve been speaking\\nwith dozens of investors. It was scary and stressful \\u2014 I never did fundraising\\nbefore \\u2014 but also exciting and fun. Plenty of investors appeared enthusiastic\\nabout the project and were very open to conversations, but ultimately none\\nwere willing to write a check. Later it turned out that it was probably for\\nthe better\\n\\nBy September \\u201923 I finally got completely burned out. 16-hour work days\\nwithout weekends took its toll on my health, both physical and mental. Over a\\nyear, plenty of conflicts and frustrations and disagreements piled up\\ninternally. We all were too tired and stressed out \\u2014 so we were left with no\\nchoice but to stop the collaboration and end the project\\n\\nFor me this turned out to be a much harsher blow than I could expect. It\\u2019s\\nhard to lose something you put one year of your life in; it\\u2019s even harder to\\naccept that reality didn\\u2019t live up to your expectations and that a year of\\nwork didn\\u2019t convert into financial rewards; and even harder still to come to\\nterms with a loss of a project in which you invested not just your mind \\u2014 but\\nalso your full heart\\n\\nToday, seven months later, with the benefit of hindsight, it\\u2019s very clear to\\nme that I\\u2019ve made a ton of mistakes and errors of judgement, and so I\\u2019d like\\nto share what I\\u2019ve learned first-hand \\u2014 perhaps my experience would be useful\\nto someone else:\\n\\n1) Building a startup is hard; building a startup when your cofounders live in\\ndifferent cities is even harder. Remote would never come close to working\\ntogether in the same room. Just as any long distance relationship, remote\\ninevitably comes with a price and creates a lot of extra issues and makes the\\ncommunication harder, no matter how expertly you\\u2019ve mastered all online\\ncollaboration tools available. In the early stages, physical proximity is just\\ncrucial\\n\\n2) If you decide to work together, combining the project with a full-time job,\\nyou have to find a clear agreement upfront: how long do you plan to work like\\nthis, what are your mutual expectations [from the project & from one another],\\nand how do you see the future. Without clear agreements, everything will keep\\nstalling, things will get messy, and the motivation will be waning\\n\\n3) You need to explicitly discuss and agree on areas of responsibility and\\n\\u201cwho does what\\u201d before the work begins. Lack of clear agreements and\\nboundaries creates space for uncertainty and varying expectations, and that\\u2019s\\njust not where you want to end up\\n\\n4) If you run into communication issues with your cofounder and you can\\u2019t\\nresolve them through an honest direct respectful conversation within several\\nattempts (say, three), it\\u2019s best to immediately stop the collaboration than to\\nkeep working together and regularly running into mutual misunderstandings and\\nconflicts\\n\\n5) It\\u2019s best to avoid doing business with close friends and getting too close\\nwith your business partners. I\\u2019ll insist that it\\u2019s impossible to combine these\\ninherently conflicting social roles, and so this unstable setup will sooner or\\nlater massively backfire\\n\\n6) Fundraising is a huge stress and you have to be well-prepared for it.\\nLooking for investment while under enormous pressure and full of anxiety is\\nlet\\u2019s say not the wisest/safest strategy\\n\\n7) Venture capital is not the only possible source of cash. If your goal is\\nnot hypergrowth at all costs but rather one year runway to verify hypotheses,\\nstart making money and get closer to profitability, you should consider and\\nexplore alternatives\\n\\n8) Under no circumstances should you neglect your physical/mental health and\\nprioritize work above your well-being. The burnout is real, and it isn\\u2019t\\npretty\\n\\nFor a workaholic, seven months off work is an awful lot of time \\u2014 which was,\\nhowever, necessary to do some thinking, and I did a fair bit of thinking\\nindeed. I went into a three-week hike along the Portuguese/Spanish coast (the\\nfamous Camino de Santiago), recovered my health, wrote a handful of short\\nstories, composed some music, and made my first short film. I have plenty of\\nideas, energy and enthusiasm to start working again, and to find ways how\\ntechnology can improve the way we communicate with one another. More on that\\nlater\\n\\nI have to add that for me personally this project isn\\u2019t over. I still want to\\nhave that little personal map of my own world in my phone, and I still want to\\ndevelop all the ideas that I had. But that requires capital, and capital is\\nnot that easy to come by, as it turns out. I\\u2019m certain that sooner or later\\nI\\u2019ll get to that level of financial freedom that will allow me to make\\nprojects on my on terms, with full creative freedom. But right now I\\u2019m not\\nthere yet\\n\\nThank you for reading! If you want to chat, just send me an email:\\neugene.kudashev@gmail.com\\n\\n### Subscribe to an email from eugene\\n\\nBy Eugene Kudashev \\u00b7 Launched 2 years ago\\n\\ninternet, culture, and other nonsense\\n\\n10 Likes\\n\\n10\\n\\nShare this post\\n\\n#### untitled map app says goodbye\\n\\neugene.substack.com\\n\\n4\\n\\nShare\\n\\n4 Comments\\n\\nSeva Shaposhnikov7 hrs agoThanks for sharing your story, pal! I'm not sure if\\nI got how the city map idea pivoted to this voice memo theme. Personally I was\\nvery happy with just the initial idea of a map with fog of war. The only issue\\nwas the technical quality \\u2014 the app drained my battery terribly and was not\\nsyncing the recorded route well.Anyway, I'm glad that you feel better now.\\nHope you find the next big idea soon!Expand full commentLikeReplyShare  \\n---  \\n  \\nSolomon9 hrs agoThis text resonates so much! Man, you rock! I am a huge fan of\\nyour products. Never stop building, you are definitely on the right\\npath.Expand full commentLikeReplyShare  \\n---  \\n  \\n2 more comments...\\n\\ni want to make software that feels like magic\\n\\nsome kind of a manifesto for better tech future\\n\\nSep 5, 2022 \\u2022\\n\\nEugene Kudashev\\n\\n5\\n\\nShare this post\\n\\n#### i want to make software that feels like magic\\n\\neugene.substack.com\\n\\nanother newsletter? in this economy?\\n\\nhello hello! i wrote a few things\\n\\nAug 10, 2022 \\u2022\\n\\nEugene Kudashev\\n\\n3\\n\\nShare this post\\n\\n#### another newsletter? in this economy?\\n\\neugene.substack.com\\n\\nReady for more?\\n\\n\\u00a9 2024 Substack Inc\\n\\nPrivacy \\u2219 Terms \\u2219 Collection notice\\n\\nStart WritingGet the app\\n\\nSubstack is the home for great culture\\n\\nShare\\n\\n## Create your profile\\n\\n## Only paid subscribers can comment on this post\\n\\nAlready a paid subscriber? Sign in\\n\\n#### Check your email\\n\\nFor your security, we need to re-authenticate you.\\n\\nClick the link we sent to , or click here to sign in.\\n\\n\", \"frontpage\": false}"}
