{"value":"{\"aid\": \"40220569\", \"title\": \"Tesla is already pulling back Supercharger plans after firing team\", \"url\": \"https://electrek.co/2024/04/30/tesla-pulling-back-supercharger-plans-firing-team/\", \"domain\": \"electrek.co\", \"votes\": 2, \"user\": \"peutetre\", \"posted_at\": \"2024-05-01 07:44:37\", \"comments\": 0, \"source_title\": \"Tesla is already pulling back Supercharger plans after firing team\", \"source_text\": \"Tesla is already pulling back Supercharger plans after firing team | Electrek\\n\\nSkip to main content\\n\\nGo to the Electrek home page\\n\\n  * Tesla\\n\\n# Tesla is already pulling back Supercharger plans after firing team\\n\\nFred Lambert | Apr 30 2024 - 12:39 pm PT\\n\\n296 Comments\\n\\nTesla is already pulling back Supercharger plans after Elon Musk came in like\\na wrecking ball and fired the whole charging team.\\n\\nAs reported earlier today and since confirmed by many departing Tesla\\nemployees, Elon Musk has fired Tesla\\u2019s entire charging team.\\n\\nIn an email announcing the move, the CEO said that Tesla would continue\\nbuilding Supercharger stations that are currently under construction without\\nfurther commenting on how the lack of charging team will impact Tesla\\u2019s plan\\nto grow the critical EV charging network.\\n\\nWe now learn that there are already direct impacts on planned future\\nSupercharger stations.\\n\\nSources familiar with the matter told Electrek that Tesla backed out of four\\nleases for upcoming Supercharger locations in New York: one in Maspeth, South\\nBronx, two in Queens, and one in Gateway Center, Brooklyn.\\n\\nThese were new stations recently announced to address concerns with\\novercrowded Supercharger stations in New York.\\n\\nWe reported on this issue in January when several stations saw long wait times\\nto access a charger.\\n\\nThe problem was partly due to a surge in Tesla vehicles used by Uber drivers\\ndue to a new incentive for the city to electrify its ride-sharing fleet.\\n\\nIn order to address the situation, Tesla promised to deploy 100 additional\\nchargers around New York City by the end of the year and even worked directly\\nwith Uber to gather data to locate the new stations at optimal locations.\\n\\nThese four new locations represented the bulk of these planned new stations in\\nthe city, and they are gone.\\n\\nThree of the four sites were \\u201cpower-ready\\u201d \\u2013 as some work was already being\\ndone to prepare them to become charging stations for Tesla.\\n\\nThere\\u2019s a silver lining. When contacted, Revel, which operates its own fleet\\nof electric taxis and charging stations in New York, expressed interest in\\nthese sites because of their location and capacity for high-volume fast\\ncharging stations.\\n\\nTesla deployed a record number of Superchargers last quarter and now operates\\n57,579 Superchargers at 6,249 locations around the world.\\n\\n## Electrek\\u2019s Take\\n\\n## Top comment by Jethro\\n\\nLiked by 78 people\\n\\nThe SC network was Tesla's superpower: It was strong enough to offset Elon's\\ncrazy behavior for many of us. If they truly stop expanding the SC network, or\\nif its quality drops, then I'm more convinced than ever that my current Tesla\\nwill probably be my last.\\n\\nView all comments\\n\\nI\\u2019m really perplexed by Tesla firing its charging team. If one thing was a\\nclear success at Tesla, it\\u2019s the Supercharger network.\\n\\nTesla had just won the charging standard battle \\u2013 making NACS the new standard\\nin North America and all other automakers adopting and jumping onboard with\\nthe Supercharger network.\\n\\nNow more than ever, Tesla needs to grow the network to support the onboarding\\nof non-Tesla EVs and its own growing fleet. And yet, Tesla fired the team\\ninstead and slowed down Supercharger installations \\u2013 if not stopped entirely.\\n\\nThis is a bearish move if I have ever seen one.\\n\\nAdd Electrek to your Google News feed.\\n\\nFTC: We use income earning auto affiliate links. More.\\n\\nStay up to date with the latest content by subscribing to Electrek on Google\\nNews. You\\u2019re reading Electrek\\u2014 experts who break news about Tesla, electric\\nvehicles, and green energy, day after day. Be sure to check out our homepage\\nfor all the latest news, and follow Electrek on Twitter, Facebook, and\\nLinkedIn to stay in the loop. Don\\u2019t know where to start? Check out our YouTube\\nchannel for the latest reviews.\\n\\n## Featured\\n\\n### from Electrek\\n\\nslide 1 to 3 of 4\\n\\n### Tesla conducting more layoffs, including entire Supercharger team\\n\\nJameson Dow Apr 29 2024\\n\\n### Mercedes-Benz\\u2019s Q1 2024 report shows revenues are down, but its share of\\nEV sales is growing\\n\\nScooter Doll Apr 30 2024\\n\\n### Tesla Megapack to power new massive record-breaking 1.3 GWh battery system\\n\\nFred Lambert Apr 30 2024\\n\\n### Tesla (TSLA) surges on reports China is approving Full Self-Driving\\ndeployment\\n\\nFred Lambert Apr 29 2024\\n\\nSubscribe to Electrek on YouTube for exclusive videos and subscribe to the\\npodcast.\\n\\n## Comments\\n\\n## Guides\\n\\n### Tesla\\n\\nTesla is a transportation and energy company. It...\\n\\n## Author\\n\\nFred Lambert fredericlambert\\n\\nFred is the Editor in Chief and Main Writer at Electrek.\\n\\nYou can send tips on Twitter (DMs open) or via email: fred@9to5mac.com\\n\\nThrough Zalkon.com, you can check out Fred\\u2019s portfolio and get monthly green\\nstock investment ideas.\\n\\n### Fred Lambert's favorite gear\\n\\n#### Zalkon Green Stock Ideas\\n\\nGet interesting investment ideas by Fred Lambert\\n\\n#### ChargePoint Home charger\\n\\nChargePoint Home WiFi Enabled Electric Vehicle (EV) Charger\\n\\nManage push notifications\\n\\nWe would like to show you notifications for the latest news and updates.\\n\\nPlease wait...processing\\n\\nWe would like to show you notifications for the latest news and updates.\\n\\nPlease wait...processing\\n\\n# Electrek asks for your consent to use your personal data to:\\n\\n  * perm_identity\\n\\nPersonalised advertising and content, advertising and content measurement,\\naudience research and services development\\n\\n  * devices\\n\\nStore and/or access information on a device\\n\\n  * How can I change my choice?\\n\\n  * What if I don't consent?\\n\\n  * How does legitimate interest work?\\n\\n  * Do I have to consent to everything?\\n\\nYour personal data will be processed and information from your device\\n(cookies, unique identifiers, and other device data) may be stored by,\\naccessed by and shared with 136 TCF vendor(s) and 62 ad partner(s), or used\\nspecifically by this site or app.\\n\\nSome vendors may process your personal data on the basis of legitimate\\ninterest, which you can object to by managing your options below. Look for a\\nlink at the bottom of this page to manage or withdraw consent in privacy and\\ncookie settings.\\n\\nData preferences\\n\\n# Manage your data\\n\\nYou can choose how your personal data is used. Vendors want your permission to\\ndo the following:\\n\\nTCF vendors\\n\\n## Store and/or access information on a device\\n\\nCookies, device or similar online identifiers (e.g. login-based identifiers,\\nrandomly assigned identifiers, network based identifiers) together with other\\ninformation (e.g. browser type and information, language, screen size,\\nsupported technologies etc.) can be stored or read on your device to recognise\\nit each time it connects to an app or to a website, for one or several of the\\npurposes presented here.\\n\\nView details\\n\\n## Use limited data to select advertising\\n\\nAdvertising presented to you on this service can be based on limited data,\\nsuch as the website or app you are using, your non-precise location, your\\ndevice type or which content you are (or have been) interacting with (for\\nexample, to limit the number of times an ad is presented to you).\\n\\nView details\\n\\n## Create profiles for personalised advertising\\n\\nInformation about your activity on this service (such as forms you submit,\\ncontent you look at) can be stored and combined with other information about\\nyou (for example, information from your previous activity on this service and\\nother websites or apps) or similar users. This is then used to build or\\nimprove a profile about you (that might include possible interests and\\npersonal aspects). Your profile can be used (also later) to present\\nadvertising that appears more relevant based on your possible interests by\\nthis and other entities.\\n\\nView details\\n\\n## Use profiles to select personalised advertising\\n\\nAdvertising presented to you on this service can be based on your advertising\\nprofiles, which can reflect your activity on this service or other websites or\\napps (like the forms you submit, content you look at), possible interests and\\npersonal aspects.\\n\\nView details\\n\\n## Create profiles to personalise content\\n\\nInformation about your activity on this service (for instance, forms you\\nsubmit, non-advertising content you look at) can be stored and combined with\\nother information about you (such as your previous activity on this service or\\nother websites or apps) or similar users. This is then used to build or\\nimprove a profile about you (which might for example include possible\\ninterests and personal aspects). Your profile can be used (also later) to\\npresent content that appears more relevant based on your possible interests,\\nsuch as by adapting the order in which content is shown to you, so that it is\\neven easier for you to find content that matches your interests.\\n\\nView details\\n\\n## Use profiles to select personalised content\\n\\nContent presented to you on this service can be based on your content\\npersonalisation profiles, which can reflect your activity on this or other\\nservices (for instance, the forms you submit, content you look at), possible\\ninterests and personal aspects. This can for example be used to adapt the\\norder in which content is shown to you, so that it is even easier for you to\\nfind (non-advertising) content that matches your interests.\\n\\nView details\\n\\n## Measure advertising performance\\n\\nInformation regarding which advertising is presented to you and how you\\ninteract with it can be used to determine how well an advert has worked for\\nyou or other users and whether the goals of the advertising were reached. For\\ninstance, whether you saw an ad, whether you clicked on it, whether it led you\\nto buy a product or visit a website, etc. This is very helpful to understand\\nthe relevance of advertising campaigns.\\n\\nView details\\n\\n## Measure content performance\\n\\nInformation regarding which content is presented to you and how you interact\\nwith it can be used to determine whether the (non-advertising) content e.g.\\nreached its intended audience and matched your interests. For instance,\\nwhether you read an article, watch a video, listen to a podcast or look at a\\nproduct description, how long you spent on this service and the web pages you\\nvisit etc. This is very helpful to understand the relevance of (non-\\nadvertising) content that is shown to you.\\n\\nView details\\n\\n## Understand audiences through statistics or combinations of data from\\ndifferent sources\\n\\nReports can be generated based on the combination of data sets (like user\\nprofiles, statistics, market research, analytics data) regarding your\\ninteractions and those of other users with advertising or (non-advertising)\\ncontent to identify common characteristics (for instance, to determine which\\ntarget audiences are more receptive to an ad campaign or to certain contents).\\n\\nView details\\n\\n## Develop and improve services\\n\\nInformation about your activity on this service, such as your interaction with\\nads or content, can be very helpful to improve products and services and to\\nbuild new products and services based on user interactions, the type of\\naudience, etc. This specific purpose does not include the development or\\nimprovement of user profiles and identifiers.\\n\\nView details\\n\\n## Use limited data to select content\\n\\nContent presented to you on this service can be based on limited data, such as\\nthe website or app you are using, your non-precise location, your device type,\\nor which content you are (or have been) interacting with (for example, to\\nlimit the number of times a video or an article is presented to you).\\n\\nView details\\n\\n## Ensure security, prevent and detect fraud, and fix errors\\n\\nYour data can be used to monitor for and prevent unusual and possibly\\nfraudulent activity (for example, regarding advertising, ad clicks by bots),\\nand ensure systems and processes work properly and securely. It can also be\\nused to correct any problems you, the publisher or the advertiser may\\nencounter in the delivery of content and ads and in your interaction with\\nthem.\\n\\nView details\\n\\n## Deliver and present advertising and content\\n\\nCertain information (like an IP address or device capabilities) is used to\\nensure the technical compatibility of the content or advertising, and to\\nfacilitate the transmission of the content or ad to your device.\\n\\nView details\\n\\n## Match and combine data from other data sources\\n\\nInformation about your activity on this service may be matched and combined\\nwith other information relating to you and originating from various sources\\n(for instance your activity on a separate online service, your use of a\\nloyalty card in-store, or your answers to a survey), in support of the\\npurposes explained in this notice.\\n\\nView details\\n\\n## Link different devices\\n\\nIn support of the purposes explained in this notice, your device might be\\nconsidered as likely linked to other devices that belong to you or your\\nhousehold (for instance because you are logged in to the same service on both\\nyour phone and your computer, or because you may use the same Internet\\nconnection on both devices).\\n\\nView details\\n\\n## Identify devices based on information transmitted automatically\\n\\nYour device might be distinguished from other devices based on information it\\nautomatically sends when accessing the Internet (for instance, the IP address\\nof your Internet connection or the type of browser you are using) in support\\nof the purposes exposed in this notice.\\n\\nView details\\n\\n## Use precise geolocation data\\n\\nWith your acceptance, your precise location (within a radius of less than 500\\nmetres) may be used in support of the purposes explained in this notice.\\n\\nView details\\n\\nVendor preferences\\n\\n# Confirm our vendors\\n\\nVendors can use your data to provide services. Declining a vendor can stop\\nthem from using the data you shared.\\n\\nTCF vendors\\n\\n## Exponential Interactive, Inc d/b/a VDX.tv\\n\\nCookie duration: 90 (days).\\n\\nData collected and processed: Users\\u2019 profiles, Privacy choices, Probabilistic\\nidentifiers, Browsing and interaction data, Non-precise location data, IP\\naddresses, Device identifiers\\n\\nmore\\n\\nCookie duration resets each session.\\n\\nView details | Storage details | Privacy policylaunch\\n\\n## Roq.ad GmbH\\n\\nCookie duration: 365 (days).\\n\\nData collected and processed: Privacy choices, Probabilistic identifiers,\\nBrowsing and interaction data, Non-precise location data, Authentication-\\nderived identifiers, IP addresses, Precise location data, Device\\ncharacteristics, Device identifiers\\n\\nmore\\n\\nCookie duration resets each session.\\n\\nView details | Storage details | Privacy policylaunch\\n\\n## Index Exchange Inc.\\n\\nCookie duration: 395 (days).\\n\\nData collected and processed: Privacy choices, Non-precise location data, IP\\naddresses, Precise location data, Device characteristics, Device identifiers\\n\\nmore\\n\\nCookie duration resets each session. Uses other forms of storage.\\n\\nView details | Storage details | Privacy policylaunch\\n\\n## Quantcast\\n\\nCookie duration: 396 (days).\\n\\nData collected and processed: User-provided data, Users\\u2019 profiles, Privacy\\nchoices, Probabilistic identifiers, Browsing and interaction data, Non-precise\\nlocation data, Authentication-derived identifiers, IP addresses, Device\\ncharacteristics, Device identifiers\\n\\nmore\\n\\nCookie duration resets each session. Uses other forms of storage.\\n\\nView details | Storage details | Privacy policylaunch\\n\\n## BeeswaxIO Corporation\\n\\nCookie duration: 395 (days).\\n\\nData collected and processed: Privacy choices, Probabilistic identifiers,\\nBrowsing and interaction data, Non-precise location data, IP addresses,\\nPrecise location data, Device characteristics, Device identifiers\\n\\nmore\\n\\nCookie duration resets each session. Uses other forms of storage.\\n\\nView details | Storage details | Privacy policylaunch\\n\\n## Sovrn, Inc.\\n\\nCookie duration: 365 (days).\\n\\nData collected and processed: Users\\u2019 profiles, Privacy choices, Browsing and\\ninteraction data, Non-precise location data, IP addresses, Device\\ncharacteristics\\n\\nmore\\n\\nCookie duration resets each session. Uses other forms of storage.\\n\\nView details | Privacy policylaunch\\n\\n## Adikteev\\n\\nDoesn't use cookies.\\n\\nData collected and processed: Users\\u2019 profiles, Probabilistic identifiers, Non-\\nprecise location data, Authentication-derived identifiers, IP addresses,\\nDevice characteristics, Device identifiers\\n\\nmore\\n\\nUses other forms of storage.\\n\\nView details | Privacy policylaunch\\n\\n## RTB House S.A.\\n\\nCookie duration: 365 (days).\\n\\nData collected and processed: Users\\u2019 profiles, Privacy choices, Browsing and\\ninteraction data, Non-precise location data, IP addresses, Device\\ncharacteristics, Device identifiers\\n\\nmore\\n\\nCookie duration resets each session. Uses other forms of storage.\\n\\nView details | Storage details | Privacy policylaunch\\n\\n## The UK Trade Desk Ltd\\n\\nCookie duration: 3629 (days).\\n\\nData collected and processed: Users\\u2019 profiles, Privacy choices, Probabilistic\\nidentifiers, Browsing and interaction data, Non-precise location data,\\nAuthentication-derived identifiers, IP addresses, Precise location data,\\nDevice characteristics, Device identifiers\\n\\nmore\\n\\nCookie duration resets each session. Uses other forms of storage.\\n\\nView details | Storage details | Privacy policylaunch\\n\\n## admetrics GmbH\\n\\nDoesn't use cookies.\\n\\nData collected and processed: Privacy choices, Browsing and interaction data,\\nIP addresses, Device characteristics\\n\\nmore\\n\\nView details | Privacy policylaunch\\n\\n## Nexxen Inc.\\n\\nCookie duration: 180 (days).\\n\\nData collected and processed: Users\\u2019 profiles, Privacy choices, Probabilistic\\nidentifiers, Browsing and interaction data, Non-precise location data, IP\\naddresses, Device characteristics, Device identifiers\\n\\nmore\\n\\nCookie duration resets each session. Uses other forms of storage.\\n\\nView details | Storage details | Privacy policylaunch\\n\\n## Epsilon\\n\\nCookie duration: 184 (days).\\n\\nData collected and processed: User-provided data, Users\\u2019 profiles, Privacy\\nchoices, Probabilistic identifiers, Browsing and interaction data, Non-precise\\nlocation data, Authentication-derived identifiers, IP addresses, Device\\ncharacteristics, Device identifiers\\n\\nmore\\n\\nCookie duration resets each session. Uses other forms of storage.\\n\\nView details | Privacy policylaunch\\n\\n## Yahoo EMEA Limited\\n\\nCookie duration: 397 (days).\\n\\nData collected and processed: Users\\u2019 profiles, Privacy choices, Probabilistic\\nidentifiers, Browsing and interaction data, Non-precise location data, IP\\naddresses, Precise location data, Device characteristics, Device identifiers\\n\\nmore\\n\\nCookie duration resets each session.\\n\\nView details | Storage details | Privacy policylaunch\\n\\n## ADventori SAS\\n\\nCookie duration: 90 (days).\\n\\nData collected and processed: User-provided data, Probabilistic identifiers,\\nBrowsing and interaction data, Non-precise location data, IP addresses, Device\\nidentifiers\\n\\nmore\\n\\nCookie duration resets each session. Uses other forms of storage.\\n\\nView details | Privacy policylaunch\\n\\n## TripleLift, Inc.\\n\\nCookie duration: 90 (days).\\n\\nData collected and processed: Users\\u2019 profiles, Privacy choices, Browsing and\\ninteraction data, Non-precise location data, Authentication-derived\\nidentifiers, IP addresses, Precise location data, Device characteristics,\\nDevice identifiers\\n\\nmore\\n\\nCookie duration resets each session. Uses other forms of storage.\\n\\nView details | Privacy policylaunch\\n\\n## Xandr, Inc.\\n\\nCookie duration: 90 (days).\\n\\nData collected and processed: Users\\u2019 profiles, Privacy choices, Browsing and\\ninteraction data, Non-precise location data, Authentication-derived\\nidentifiers, IP addresses, Precise location data, Device characteristics,\\nDevice identifiers\\n\\nmore\\n\\nCookie duration resets each session. Uses other forms of storage.\\n\\nView details | Storage details | Privacy policylaunch\\n\\n## NEORY GmbH\\n\\nCookie duration: 90 (days).\\n\\nData collected and processed: User-provided data, Users\\u2019 profiles, Privacy\\nchoices, Probabilistic identifiers, Browsing and interaction data, Non-precise\\nlocation data, Authentication-derived identifiers, IP addresses, Device\\ncharacteristics, Device identifiers\\n\\nmore\\n\\nCookie duration resets each session.\\n\\nView details | Privacy policylaunch\\n\\n## Nexxen Group LLC\\n\\nCookie duration: 365 (days).\\n\\nData collected and processed: Users\\u2019 profiles, Privacy choices, Probabilistic\\nidentifiers, Non-precise location data, IP addresses, Device characteristics,\\nDevice identifiers\\n\\nmore\\n\\nCookie duration resets each session.\\n\\nView details | Privacy policylaunch\\n\\n## NEURAL.ONE\\n\\nCookie duration: 365 (days).\\n\\nData collected and processed: Privacy choices, Probabilistic identifiers,\\nBrowsing and interaction data, Non-precise location data, IP addresses, Device\\ncharacteristics\\n\\nmore\\n\\nCookie duration resets each session. Uses other forms of storage.\\n\\nView details | Storage details | Privacy policylaunch\\n\\n## ADITION (Virtual Minds GmbH)\\n\\nCookie duration: 365 (days).\\n\\nData collected and processed: User-provided data, Users\\u2019 profiles, Privacy\\nchoices, Probabilistic identifiers, Browsing and interaction data, Non-precise\\nlocation data, IP addresses, Precise location data, Device characteristics,\\nDevice identifiers\\n\\nmore\\n\\nCookie duration resets each session.\\n\\nView details | Storage details | Privacy policylaunch\\n\\n## Active Agent (Virtual Minds GmbH)\\n\\nCookie duration: 365 (days).\\n\\nData collected and processed: User-provided data, Users\\u2019 profiles, Privacy\\nchoices, Probabilistic identifiers, Browsing and interaction data, Non-precise\\nlocation data, IP addresses, Precise location data, Device characteristics,\\nDevice identifiers\\n\\nmore\\n\\nCookie duration resets each session.\\n\\nView details | Storage details | Privacy policylaunch\\n\\n## Taboola Europe Limited\\n\\nCookie duration: 366 (days).\\n\\nData collected and processed: Users\\u2019 profiles, Privacy choices, Probabilistic\\nidentifiers, Browsing and interaction data, Non-precise location data, IP\\naddresses, Device characteristics, Device identifiers\\n\\nmore\\n\\nCookie duration resets each session. Uses other forms of storage.\\n\\nView details | Storage details | Privacy policylaunch\\n\\n## Equativ\\n\\nCookie duration: 396 (days).\\n\\nData collected and processed: Users\\u2019 profiles, Privacy choices, Probabilistic\\nidentifiers, Browsing and interaction data, Non-precise location data,\\nAuthentication-derived identifiers, IP addresses, Precise location data,\\nDevice characteristics, Device identifiers\\n\\nmore\\n\\nUses other forms of storage.\\n\\nView details | Storage details | Privacy policylaunch\\n\\n## Adform A/S\\n\\nCookie duration: 3650 (days).\\n\\nData collected and processed: User-provided data, Users\\u2019 profiles, Privacy\\nchoices, Probabilistic identifiers, Browsing and interaction data, Non-precise\\nlocation data, Authentication-derived identifiers, IP addresses, Device\\ncharacteristics, Device identifiers\\n\\nmore\\n\\nCookie duration resets each session.\\n\\nView details | Storage details | Privacy policylaunch\\n\\n## Magnite, Inc.\\n\\nCookie duration: 365 (days).\\n\\nData collected and processed: Privacy choices, Probabilistic identifiers,\\nBrowsing and interaction data, Non-precise location data, IP addresses,\\nPrecise location data, Device characteristics, Device identifiers\\n\\nmore\\n\\nUses other forms of storage.\\n\\nView details | Storage details | Privacy policylaunch\\n\\n## RATEGAIN ADARA INC\\n\\nCookie duration: 730 (days).\\n\\nData collected and processed: User-provided data, Users\\u2019 profiles, Privacy\\nchoices, Browsing and interaction data, Non-precise location data,\\nAuthentication-derived identifiers, IP addresses, Device characteristics,\\nDevice identifiers\\n\\nmore\\n\\nView details | Storage details | Privacy policylaunch\\n\\n## Sift Media, Inc\\n\\nDoesn't use cookies.\\n\\nData collected and processed: Non-precise location data, IP addresses, Precise\\nlocation data, Device characteristics, Device identifiers\\n\\nmore\\n\\nView details | Privacy policylaunch\\n\\n## Rakuten Marketing LLC\\n\\nCookie duration: 730 (days).\\n\\nData collected and processed: User-provided data, Users\\u2019 profiles, Privacy\\nchoices, Probabilistic identifiers, Browsing and interaction data, Non-precise\\nlocation data, Authentication-derived identifiers, IP addresses, Device\\ncharacteristics, Device identifiers\\n\\nmore\\n\\nCookie duration resets each session. Uses other forms of storage.\\n\\nView details | Privacy policylaunch\\n\\n## Lumen Research Limited\\n\\nDoesn't use cookies.\\n\\nData collected and processed: Browsing and interaction data, Non-precise\\nlocation data, IP addresses, Device characteristics\\n\\nmore\\n\\nView details | Privacy policylaunch\\n\\n## Amazon Ad Server\\n\\nCookie duration: 396 (days).\\n\\nData collected and processed: Users\\u2019 profiles, Privacy choices, Browsing and\\ninteraction data, Non-precise location data, Authentication-derived\\nidentifiers, IP addresses, Device characteristics, Device identifiers\\n\\nmore\\n\\nCookie duration resets each session. Uses other forms of storage.\\n\\nView details | Storage details | Privacy policylaunch\\n\\n## OpenX\\n\\nCookie duration: 365 (days).\\n\\nData collected and processed: Privacy choices, Browsing and interaction data,\\nNon-precise location data, IP addresses, Device characteristics, Device\\nidentifiers\\n\\nmore\\n\\nCookie duration resets each session.\\n\\nView details | Storage details | Privacy policylaunch\\n\\n## Yieldlab (Virtual Minds GmbH)\\n\\nCookie duration: 365 (days).\\n\\nData collected and processed: User-provided data, Users\\u2019 profiles, Privacy\\nchoices, Browsing and interaction data, Non-precise location data, IP\\naddresses, Precise location data, Device characteristics, Device identifiers\\n\\nmore\\n\\nCookie duration resets each session.\\n\\nView details | Storage details | Privacy policylaunch\\n\\n## Roku Advertising Services\\n\\nCookie duration: 396 (days).\\n\\nData collected and processed: User-provided data, Users\\u2019 profiles, Privacy\\nchoices, Probabilistic identifiers, Browsing and interaction data, Non-precise\\nlocation data, Authentication-derived identifiers, IP addresses, Precise\\nlocation data, Device characteristics, Device identifiers\\n\\nmore\\n\\nCookie duration resets each session. Uses other forms of storage.\\n\\nView details | Storage details | Privacy policylaunch\\n\\n## Nano Interactive Group Ltd.\\n\\nDoesn't use cookies.\\n\\nData collected and processed: Browsing and interaction data, Non-precise\\nlocation data, Device characteristics\\n\\nmore\\n\\nView details | Privacy policylaunch\\n\\n## Simplifi Holdings LLC\\n\\nCookie duration: 366 (days).\\n\\nData collected and processed: IP addresses, Precise location data, Device\\nidentifiers\\n\\nmore\\n\\nUses other forms of storage.\\n\\nView details | Privacy policylaunch\\n\\n## PubMatic, Inc\\n\\nCookie duration: 365 (days).\\n\\nData collected and processed: User-provided data, Users\\u2019 profiles, Privacy\\nchoices, Probabilistic identifiers, Browsing and interaction data, Non-precise\\nlocation data, Authentication-derived identifiers, IP addresses, Precise\\nlocation data, Device characteristics, Device identifiers\\n\\nmore\\n\\nUses other forms of storage.\\n\\nView details | Storage details | Privacy policylaunch\\n\\n## Comscore B.V.\\n\\nCookie duration: 720 (days).\\n\\nData collected and processed: User-provided data, Privacy choices,\\nProbabilistic identifiers, Browsing and interaction data, Authentication-\\nderived identifiers, IP addresses, Device characteristics, Device identifiers\\n\\nmore\\n\\nCookie duration resets each session. Uses other forms of storage.\\n\\nView details | Privacy policylaunch\\n\\n## Flashtalking\\n\\nCookie duration: 730 (days).\\n\\nData collected and processed: Users\\u2019 profiles, Privacy choices, Probabilistic\\nidentifiers, Browsing and interaction data, Non-precise location data,\\nAuthentication-derived identifiers, IP addresses, Device characteristics,\\nDevice identifiers\\n\\nmore\\n\\nView details | Privacy policylaunch\\n\\n## PulsePoint, Inc.\\n\\nCookie duration: 365 (days).\\n\\nData collected and processed: IP addresses, Device characteristics, Device\\nidentifiers\\n\\nmore\\n\\nCookie duration resets each session. Uses other forms of storage.\\n\\nView details | Privacy policylaunch\\n\\n## Smaato, Inc.\\n\\nCookie duration: 21 (days).\\n\\nData collected and processed: User-provided data, Users\\u2019 profiles, Privacy\\nchoices, Browsing and interaction data, Non-precise location data,\\nAuthentication-derived identifiers, IP addresses, Precise location data,\\nDevice characteristics, Device identifiers\\n\\nmore\\n\\nCookie duration resets each session. Uses other forms of storage.\\n\\nView details | Privacy policylaunch\\n\\n## Semasio GmbH\\n\\nCookie duration: 366 (days).\\n\\nData collected and processed: Privacy choices, Browsing and interaction data,\\nIP addresses, Device identifiers\\n\\nmore\\n\\nCookie duration resets each session.\\n\\nView details | Storage details | Privacy policylaunch\\n\\n## Crimtan Holdings Limited\\n\\nCookie duration: 365 (days).\\n\\nData collected and processed: User-provided data, Users\\u2019 profiles, Privacy\\nchoices, Probabilistic identifiers, Browsing and interaction data, Non-precise\\nlocation data, Authentication-derived identifiers, IP addresses, Precise\\nlocation data, Device characteristics, Device identifiers\\n\\nmore\\n\\nCookie duration resets each session.\\n\\nView details | Privacy policylaunch\\n\\n## Genius Sports UK Limited\\n\\nCookie duration: 365 (days).\\n\\nData collected and processed: Users\\u2019 profiles, Privacy choices, Probabilistic\\nidentifiers, Browsing and interaction data, Non-precise location data,\\nAuthentication-derived identifiers, IP addresses, Device characteristics,\\nDevice identifiers\\n\\nmore\\n\\nCookie duration resets each session.\\n\\nView details | Storage details | Privacy policylaunch\\n\\n## Criteo SA\\n\\nCookie duration: 390 (days).\\n\\nData collected and processed: Users\\u2019 profiles, Privacy choices, Probabilistic\\nidentifiers, Browsing and interaction data, Non-precise location data,\\nAuthentication-derived identifiers, IP addresses, Device characteristics,\\nDevice identifiers\\n\\nmore\\n\\nUses other forms of storage.\\n\\nView details | Storage details | Privacy policylaunch\\n\\n## Adloox SA\\n\\nDoesn't use cookies.\\n\\nData collected and processed: Probabilistic identifiers, Browsing and\\ninteraction data, Non-precise location data, IP addresses, Device\\ncharacteristics, Device identifiers\\n\\nmore\\n\\nUses other forms of storage.\\n\\nView details | Privacy policylaunch\\n\\n## Blis Global Limited\\n\\nCookie duration: 400 (days).\\n\\nData collected and processed: User-provided data, Users\\u2019 profiles, Privacy\\nchoices, Probabilistic identifiers, Browsing and interaction data, Non-precise\\nlocation data, Authentication-derived identifiers, IP addresses, Precise\\nlocation data, Device characteristics, Device identifiers\\n\\nmore\\n\\nCookie duration resets each session. Uses other forms of storage.\\n\\nView details | Storage details | Privacy policylaunch\\n\\n## Lotame Solutions, Inc\\n\\nCookie duration: 274 (days).\\n\\nData collected and processed: User-provided data, Users\\u2019 profiles, Privacy\\nchoices, Probabilistic identifiers, Browsing and interaction data,\\nAuthentication-derived identifiers, IP addresses, Device characteristics,\\nDevice identifiers\\n\\nmore\\n\\nCookie duration resets each session. Uses other forms of storage.\\n\\nView details | Privacy policylaunch\\n\\n## LiveRamp\\n\\nCookie duration: 365 (days).\\n\\nData collected and processed: Privacy choices, Browsing and interaction data,\\nNon-precise location data, Authentication-derived identifiers, IP addresses,\\nDevice characteristics, Device identifiers\\n\\nmore\\n\\nCookie duration resets each session. Uses other forms of storage.\\n\\nView details | Storage details | Privacy policylaunch\\n\\n## GroupM UK Limited\\n\\nCookie duration: 395 (days).\\n\\nData collected and processed: Privacy choices, Probabilistic identifiers,\\nBrowsing and interaction data, Non-precise location data, Authentication-\\nderived identifiers, IP addresses, Precise location data, Device\\ncharacteristics, Device identifiers\\n\\nmore\\n\\nCookie duration resets each session.\\n\\nView details | Storage details | Privacy policylaunch\\n\\n## LoopMe Limited\\n\\nCookie duration: 90 (days).\\n\\nData collected and processed: User-provided data, Users\\u2019 profiles, Privacy\\nchoices, Probabilistic identifiers, Browsing and interaction data, Non-precise\\nlocation data, IP addresses, Precise location data, Device characteristics,\\nDevice identifiers\\n\\nmore\\n\\nCookie duration resets each session. Uses other forms of storage.\\n\\nView details | Storage details | Privacy policylaunch\\n\\n## Dynata LLC\\n\\nCookie duration: 365 (days).\\n\\nData collected and processed: User-provided data, Users\\u2019 profiles, Privacy\\nchoices, Browsing and interaction data, Non-precise location data,\\nAuthentication-derived identifiers, IP addresses, Device characteristics,\\nDevice identifiers\\n\\nmore\\n\\nCookie duration resets each session.\\n\\nView details | Storage details | Privacy policylaunch\\n\\n## Ask Locala\\n\\nDoesn't use cookies.\\n\\nData collected and processed: Privacy choices, Non-precise location data, IP\\naddresses, Precise location data, Device characteristics, Device identifiers\\n\\nmore\\n\\nUses other forms of storage.\\n\\nView details | Privacy policylaunch\\n\\n## Azira\\n\\nDoesn't use cookies.\\n\\nData collected and processed: Users\\u2019 profiles, Privacy choices, Browsing and\\ninteraction data, Non-precise location data, IP addresses, Precise location\\ndata, Device characteristics, Device identifiers\\n\\nmore\\n\\nUses other forms of storage.\\n\\nView details | Privacy policylaunch\\n\\n## DoubleVerify Inc.\\n\\nDoesn't use cookies.\\n\\nData collected and processed: Privacy choices, Probabilistic identifiers,\\nBrowsing and interaction data, Non-precise location data, IP addresses, Device\\ncharacteristics\\n\\nmore\\n\\nView details | Privacy policylaunch\\n\\n## BIDSWITCH GmbH\\n\\nCookie duration: 365 (days).\\n\\nData collected and processed: Privacy choices, Probabilistic identifiers,\\nBrowsing and interaction data, Non-precise location data, Authentication-\\nderived identifiers, IP addresses, Precise location data, Device\\ncharacteristics, Device identifiers\\n\\nmore\\n\\nCookie duration resets each session. Uses other forms of storage.\\n\\nView details | Storage details | Privacy policylaunch\\n\\n## IPONWEB GmbH\\n\\nCookie duration: 365 (days).\\n\\nData collected and processed: User-provided data, Privacy choices, Browsing\\nand interaction data, Non-precise location data, Authentication-derived\\nidentifiers, IP addresses, Device characteristics, Device identifiers\\n\\nmore\\n\\nCookie duration resets each session. Uses other forms of storage.\\n\\nView details | Storage details | Privacy policylaunch\\n\\n## NextRoll, Inc.\\n\\nCookie duration: 183 (days).\\n\\nData collected and processed: User-provided data, Users\\u2019 profiles, Privacy\\nchoices, Browsing and interaction data, Non-precise location data, IP\\naddresses, Device characteristics, Device identifiers\\n\\nmore\\n\\nCookie duration resets each session.\\n\\nView details | Privacy policylaunch\\n\\n## Teads France SAS\\n\\nCookie duration: 365 (days).\\n\\nData collected and processed: Users\\u2019 profiles, Privacy choices, Probabilistic\\nidentifiers, Browsing and interaction data, Non-precise location data, IP\\naddresses, Device characteristics, Device identifiers\\n\\nmore\\n\\nUses other forms of storage.\\n\\nView details | Storage details | Privacy policylaunch\\n\\n## Str\\u00f6er SSP GmbH (SSP)\\n\\nCookie duration: 365 (days).\\n\\nData collected and processed: Users\\u2019 profiles, Privacy choices, Probabilistic\\nidentifiers, Browsing and interaction data, Non-precise location data, IP\\naddresses, Device characteristics, Device identifiers\\n\\nmore\\n\\nUses other forms of storage.\\n\\nView details | Storage details | Privacy policylaunch\\n\\n## OS Data Solutions GmbH &amp; Co. KG\\n\\nCookie duration: 90 (days).\\n\\nData collected and processed: User-provided data, Users\\u2019 profiles, Privacy\\nchoices, Probabilistic identifiers, Browsing and interaction data, Non-precise\\nlocation data, IP addresses, Device characteristics, Device identifiers\\n\\nmore\\n\\nUses other forms of storage.\\n\\nView details | Storage details | Privacy policylaunch\\n\\n## Permodo GmbH\\n\\nDoesn't use cookies.\\n\\nData collected and processed: Users\\u2019 profiles, Privacy choices, Browsing and\\ninteraction data, Non-precise location data, IP addresses, Device\\ncharacteristics, Device identifiers\\n\\nmore\\n\\nUses other forms of storage.\\n\\nView details | Privacy policylaunch\\n\\n## Platform161 B.V.\\n\\nCookie duration: 396 (days).\\n\\nData collected and processed: Users\\u2019 profiles, Privacy choices, Probabilistic\\nidentifiers, Browsing and interaction data, Non-precise location data, IP\\naddresses, Precise location data, Device characteristics, Device identifiers\\n\\nmore\\n\\nCookie duration resets each session. Uses other forms of storage.\\n\\nView details | Storage details | Privacy policylaunch\\n\\n## Adacado Technologies Inc. (DBA Adacado)\\n\\nCookie duration: 365 (days).\\n\\nData collected and processed: Privacy choices, Browsing and interaction data,\\nNon-precise location data, IP addresses\\n\\nmore\\n\\nCookie duration resets each session.\\n\\nView details | Storage details | Privacy policylaunch\\n\\n## Basis Global Technologies, Inc.\\n\\nCookie duration: 365 (days).\\n\\nData collected and processed: Users\\u2019 profiles, Privacy choices, Browsing and\\ninteraction data, Non-precise location data, Authentication-derived\\nidentifiers, IP addresses, Precise location data, Device characteristics,\\nDevice identifiers\\n\\nmore\\n\\nCookie duration resets each session.\\n\\nView details | Privacy policylaunch\\n\\n## SMADEX, S.L.U.\\n\\nCookie duration: 365 (days).\\n\\nData collected and processed: User-provided data, Users\\u2019 profiles, Privacy\\nchoices, Probabilistic identifiers, Non-precise location data, IP addresses,\\nDevice characteristics, Device identifiers\\n\\nmore\\n\\nCookie duration resets each session.\\n\\nView details | Storage details | Privacy policylaunch\\n\\n## Bombora Inc.\\n\\nCookie duration: 365 (days).\\n\\nData collected and processed: Users\\u2019 profiles, Browsing and interaction data,\\nNon-precise location data, Authentication-derived identifiers, IP addresses,\\nDevice characteristics, Device identifiers\\n\\nmore\\n\\nCookie duration resets each session. Uses other forms of storage.\\n\\nView details | Storage details | Privacy policylaunch\\n\\n## EASYmedia GmbH\\n\\nCookie duration: 365 (days).\\n\\nData collected and processed: Users\\u2019 profiles, Privacy choices, Probabilistic\\nidentifiers, Browsing and interaction data, Non-precise location data, IP\\naddresses, Precise location data, Device characteristics, Device identifiers\\n\\nmore\\n\\nCookie duration resets each session.\\n\\nView details | Storage details | Privacy policylaunch\\n\\n## Remerge GmbH\\n\\nDoesn't use cookies.\\n\\nData collected and processed: Browsing and interaction data, Non-precise\\nlocation data, IP addresses, Device characteristics, Device identifiers\\n\\nmore\\n\\nUses other forms of storage.\\n\\nView details | Privacy policylaunch\\n\\n## advanced store GmbH\\n\\nCookie duration: 365 (days).\\n\\nData collected and processed: Device identifiers\\n\\nmore\\n\\nCookie duration resets each session. Uses other forms of storage.\\n\\nView details | Storage details | Privacy policylaunch\\n\\n## Magnite CTV, Inc.\\n\\nCookie duration: 366 (days).\\n\\nData collected and processed: Privacy choices, Probabilistic identifiers,\\nBrowsing and interaction data, Non-precise location data, IP addresses,\\nPrecise location data, Device characteristics, Device identifiers\\n\\nmore\\n\\nView details | Storage details | Privacy policylaunch\\n\\n## Delta Projects AB\\n\\nCookie duration: 365 (days).\\n\\nData collected and processed: User-provided data, Users\\u2019 profiles, Privacy\\nchoices, Probabilistic identifiers, Browsing and interaction data, Non-precise\\nlocation data, Authentication-derived identifiers, IP addresses, Precise\\nlocation data, Device characteristics, Device identifiers\\n\\nmore\\n\\nView details | Storage details | Privacy policylaunch\\n\\n## usemax advertisement (Emego GmbH)\\n\\nCookie duration: 365 (days).\\n\\nData collected and processed: Users\\u2019 profiles\\n\\nmore\\n\\nCookie duration resets each session.\\n\\nView details | Storage details | Privacy policylaunch\\n\\n## emetriq GmbH\\n\\nCookie duration: 365 (days).\\n\\nData collected and processed: User-provided data, Users\\u2019 profiles, Privacy\\nchoices, Probabilistic identifiers, Browsing and interaction data, Non-precise\\nlocation data, Authentication-derived identifiers, IP addresses, Device\\ncharacteristics, Device identifiers\\n\\nmore\\n\\nCookie duration resets each session. Uses other forms of storage.\\n\\nView details | Storage details | Privacy policylaunch\\n\\n## Publicis Media GmbH\\n\\nCookie duration: 1825 (days).\\n\\nData collected and processed: User-provided data, Users\\u2019 profiles, Privacy\\nchoices, Probabilistic identifiers, Browsing and interaction data, Non-precise\\nlocation data, Authentication-derived identifiers, IP addresses, Device\\ncharacteristics, Device identifiers\\n\\nmore\\n\\nCookie duration resets each session. Uses other forms of storage.\\n\\nView details | Privacy policylaunch\\n\\n## M.D. Primis Technologies Ltd.\\n\\nCookie duration: 25 (days).\\n\\nData collected and processed: User-provided data, Privacy choices,\\nProbabilistic identifiers, Browsing and interaction data, Non-precise location\\ndata, IP addresses, Device characteristics, Device identifiers\\n\\nmore\\n\\nView details | Storage details | Privacy policylaunch\\n\\n## OneTag Limited\\n\\nCookie duration: 396 (days).\\n\\nData collected and processed: Privacy choices, Browsing and interaction data,\\nNon-precise location data, IP addresses, Device characteristics, Device\\nidentifiers\\n\\nmore\\n\\nCookie duration resets each session. Uses other forms of storage.\\n\\nView details | Storage details | Privacy policylaunch\\n\\n## Cloud Technologies S.A.\\n\\nCookie duration: 365 (days).\\n\\nData collected and processed: Users\\u2019 profiles, Privacy choices, Browsing and\\ninteraction data, Non-precise location data, Authentication-derived\\nidentifiers, IP addresses, Device characteristics, Device identifiers\\n\\nmore\\n\\nCookie duration resets each session.\\n\\nView details | Privacy policylaunch\\n\\n## Smartology Limited\\n\\nDoesn't use cookies.\\n\\nData collected and processed: IP addresses\\n\\nmore\\n\\nUses other forms of storage.\\n\\nView details | Privacy policylaunch\\n\\n## Improve Digital\\n\\nCookie duration: 90 (days).\\n\\nData collected and processed: User-provided data, Users\\u2019 profiles, Privacy\\nchoices, Probabilistic identifiers, Browsing and interaction data, Non-precise\\nlocation data, Authentication-derived identifiers, IP addresses, Precise\\nlocation data, Device characteristics, Device identifiers\\n\\nmore\\n\\nCookie duration resets each session.\\n\\nView details | Storage details | Privacy policylaunch\\n\\n## Adobe Advertising Cloud\\n\\nCookie duration: 365 (days).\\n\\nData collected and processed: Privacy choices, Authentication-derived\\nidentifiers, IP addresses, Device identifiers\\n\\nmore\\n\\nView details | Storage details | Privacy policylaunch\\n\\n## Bannerflow AB\\n\\nCookie duration: 366 (days).\\n\\nData collected and processed: Privacy choices, Non-precise location data, IP\\naddresses, Device characteristics\\n\\nmore\\n\\nView details | Storage details | Privacy policylaunch\\n\\n## TabMo SAS\\n\\nDoesn't use cookies.\\n\\nData collected and processed: User-provided data, Users\\u2019 profiles, Privacy\\nchoices, Probabilistic identifiers, Browsing and interaction data, Non-precise\\nlocation data, IP addresses, Precise location data, Device characteristics,\\nDevice identifiers\\n\\nmore\\n\\nUses other forms of storage.\\n\\nView details | Privacy policylaunch\\n\\n## Integral Ad Science (incorporating ADmantX)\\n\\nDoesn't use cookies.\\n\\nData collected and processed: Privacy choices, Browsing and interaction data,\\nNon-precise location data, IP addresses, Device characteristics\\n\\nmore\\n\\nView details | Privacy policylaunch\\n\\n## Wizaly\\n\\nCookie duration: 365 (days).\\n\\nData collected and processed: Privacy choices, Browsing and interaction data,\\nNon-precise location data, Authentication-derived identifiers, IP addresses,\\nDevice characteristics\\n\\nmore\\n\\nCookie duration resets each session. Uses other forms of storage.\\n\\nView details | Storage details | Privacy policylaunch\\n\\n## Weborama\\n\\nCookie duration: 393 (days).\\n\\nData collected and processed: User-provided data, Users\\u2019 profiles, Privacy\\nchoices, Probabilistic identifiers, Browsing and interaction data, Non-precise\\nlocation data, Authentication-derived identifiers, IP addresses, Device\\ncharacteristics, Device identifiers\\n\\nmore\\n\\nUses other forms of storage.\\n\\nView details | Storage details | Privacy policylaunch\\n\\n## Jivox Corporation\\n\\nCookie duration: 30 (days).\\n\\nData collected and processed: Users\\u2019 profiles, Privacy choices, Browsing and\\ninteraction data, Non-precise location data, IP addresses, Precise location\\ndata, Device identifiers\\n\\nmore\\n\\nCookie duration resets each session.\\n\\nView details | Storage details | Privacy policylaunch\\n\\n## Sage&#43;Archer BV\\n\\nDoesn't use cookies.\\n\\nData collected and processed: Non-precise location data\\n\\nmore\\n\\nView details | Privacy policylaunch\\n\\n## On Device Research Limited\\n\\nCookie duration: 30 (days).\\n\\nData collected and processed: User-provided data, Browsing and interaction\\ndata, Non-precise location data, IP addresses, Precise location data, Device\\ncharacteristics, Device identifiers\\n\\nmore\\n\\nView details | Storage details | Privacy policylaunch\\n\\n## Rockabox Media Ltd\\n\\nDoesn't use cookies.\\n\\nData collected and processed: Browsing and interaction data, Non-precise\\nlocation data, IP addresses, Device characteristics\\n\\nmore\\n\\nView details | Storage details | Privacy policylaunch\\n\\n## Exactag GmbH\\n\\nCookie duration: 180 (days).\\n\\nData collected and processed: Privacy choices, Browsing and interaction data,\\nAuthentication-derived identifiers, IP addresses, Device characteristics,\\nDevice identifiers\\n\\nmore\\n\\nCookie duration resets each session.\\n\\nView details | Storage details | Privacy policylaunch\\n\\n## Celtra Inc.\\n\\nDoesn't use cookies.\\n\\nData collected and processed: IP addresses, Precise location data, Device\\ncharacteristics, Device identifiers\\n\\nmore\\n\\nUses other forms of storage.\\n\\nView details | Storage details | Privacy policylaunch\\n\\n## mainADV Srl\\n\\nCookie duration: 30 (days).\\n\\nData collected and processed: User-provided data, Privacy choices, Browsing\\nand interaction data, Non-precise location data, IP addresses, Device\\ncharacteristics, Device identifiers\\n\\nmore\\n\\nUses other forms of storage.\\n\\nView details | Privacy policylaunch\\n\\n## Gemius SA\\n\\nCookie duration: 1825 (days).\\n\\nData collected and processed: Users\\u2019 profiles, Privacy choices, Browsing and\\ninteraction data, Device characteristics, Device identifiers\\n\\nmore\\n\\nCookie duration resets each session. Uses other forms of storage.\\n\\nView details | Storage details | Privacy policylaunch\\n\\n## The Kantar Group Limited\\n\\nCookie duration: 914 (days).\\n\\nData collected and processed: Privacy choices, Browsing and interaction data,\\nNon-precise location data, IP addresses, Device characteristics, Device\\nidentifiers\\n\\nmore\\n\\nCookie duration resets each session. Uses other forms of storage.\\n\\nView details | Privacy policylaunch\\n\\n## Nielsen Media Research Ltd.\\n\\nCookie duration: 120 (days).\\n\\nData collected and processed: Privacy choices, Browsing and interaction data,\\nIP addresses, Device characteristics, Device identifiers\\n\\nmore\\n\\nCookie duration resets each session. Uses other forms of storage.\\n\\nView details | Storage details | Privacy policylaunch\\n\\n## Solocal SA\\n\\nCookie duration: 396 (days).\\n\\nData collected and processed: User-provided data, Users\\u2019 profiles, Privacy\\nchoices, Browsing and interaction data, Non-precise location data, IP\\naddresses, Precise location data, Device characteristics, Device identifiers\\n\\nmore\\n\\nCookie duration resets each session. Uses other forms of storage.\\n\\nView details | Storage details | Privacy policylaunch\\n\\n## Pixalate, Inc.\\n\\nDoesn't use cookies.\\n\\nData collected and processed: Browsing and interaction data, Non-precise\\nlocation data, IP addresses, Device characteristics, Device identifiers\\n\\nmore\\n\\nView details | Storage details | Privacy policylaunch\\n\\n## Oracle Advertising\\n\\nCookie duration: 180 (days).\\n\\nData collected and processed: User-provided data, Users\\u2019 profiles, Privacy\\nchoices, Browsing and interaction data, Non-precise location data,\\nAuthentication-derived identifiers, IP addresses, Device characteristics,\\nDevice identifiers\\n\\nmore\\n\\nUses other forms of storage.\\n\\nView details | Storage details | Privacy policylaunch\\n\\n## Numberly\\n\\nCookie duration: 180 (days).\\n\\nData collected and processed: User-provided data, Users\\u2019 profiles, Privacy\\nchoices, Browsing and interaction data, Non-precise location data,\\nAuthentication-derived identifiers, IP addresses, Device characteristics,\\nDevice identifiers\\n\\nmore\\n\\nCookie duration resets each session.\\n\\nView details | Privacy policylaunch\\n\\n## AudienceProject A/S\\n\\nCookie duration: 365 (days).\\n\\nData collected and processed: User-provided data, Users\\u2019 profiles, Privacy\\nchoices, Probabilistic identifiers, Browsing and interaction data, Non-precise\\nlocation data, Authentication-derived identifiers, IP addresses, Device\\ncharacteristics, Device identifiers\\n\\nmore\\n\\nCookie duration resets each session. Uses other forms of storage.\\n\\nView details | Storage details | Privacy policylaunch\\n\\n## Demandbase, Inc.\\n\\nCookie duration: 730 (days).\\n\\nData collected and processed: User-provided data, Users\\u2019 profiles, Privacy\\nchoices, Probabilistic identifiers, Browsing and interaction data, Non-precise\\nlocation data, IP addresses, Precise location data, Device characteristics,\\nDevice identifiers\\n\\nmore\\n\\nCookie duration resets each session. Uses other forms of storage.\\n\\nView details | Storage details | Privacy policylaunch\\n\\n## Effiliation / Effinity\\n\\nCookie duration: 30 (days).\\n\\nData collected and processed: Device characteristics\\n\\nmore\\n\\nCookie duration resets each session.\\n\\nView details | Storage details | Privacy policylaunch\\n\\n## Arrivalist Co.\\n\\nCookie duration: 365 (days).\\n\\nData collected and processed: Non-precise location data, IP addresses\\n\\nmore\\n\\nCookie duration resets each session.\\n\\nView details | Storage details | Privacy policylaunch\\n\\n## Seenthis AB\\n\\nDoesn't use cookies.\\n\\nData collected and processed: IP addresses, Device characteristics\\n\\nmore\\n\\nView details | Privacy policylaunch\\n\\n## Commanders Act\\n\\nCookie duration: 365 (days).\\n\\nData collected and processed: IP addresses, Device identifiers\\n\\nmore\\n\\nView details | Storage details | Privacy policylaunch\\n\\n## travel audience GmbH\\n\\nCookie duration: 397 (days).\\n\\nData collected and processed: Users\\u2019 profiles, Probabilistic identifiers,\\nBrowsing and interaction data, Non-precise location data, Authentication-\\nderived identifiers, IP addresses, Precise location data, Device\\ncharacteristics, Device identifiers\\n\\nmore\\n\\nCookie duration resets each session. Uses other forms of storage.\\n\\nView details | Privacy policylaunch\\n\\n## HUMAN\\n\\nDoesn't use cookies.\\n\\nData collected and processed: Probabilistic identifiers, Non-precise location\\ndata, IP addresses, Device characteristics, Device identifiers\\n\\nmore\\n\\nView details | Privacy policylaunch\\n\\n## Adludio Ltd.\\n\\nDoesn't use cookies.\\n\\nData collected and processed: Device characteristics\\n\\nmore\\n\\nView details | Privacy policylaunch\\n\\n## Blendee srl\\n\\nCookie duration: 366 (days).\\n\\nData collected and processed: User-provided data, Users\\u2019 profiles, Privacy\\nchoices, Browsing and interaction data, Non-precise location data,\\nAuthentication-derived identifiers, IP addresses, Device characteristics,\\nDevice identifiers\\n\\nmore\\n\\nCookie duration resets each session. Uses other forms of storage.\\n\\nView details | Storage details | Privacy policylaunch\\n\\n## Innovid LLC\\n\\nCookie duration: 90 (days).\\n\\nData collected and processed: Privacy choices, Browsing and interaction data,\\nNon-precise location data, IP addresses, Device characteristics, Device\\nidentifiers\\n\\nmore\\n\\nCookie duration resets each session.\\n\\nView details | Storage details | Privacy policylaunch\\n\\n## Papirfly AS\\n\\nDoesn't use cookies.\\n\\nData collected and processed: Device characteristics\\n\\nmore\\n\\nView details | Privacy policylaunch\\n\\n## Neustar, Inc., a TransUnion company\\n\\nCookie duration: 365 (days).\\n\\nData collected and processed: User-provided data, Users\\u2019 profiles, Privacy\\nchoices, Probabilistic identifiers, Browsing and interaction data, Non-precise\\nlocation data, Authentication-derived identifiers, IP addresses, Device\\ncharacteristics, Device identifiers\\n\\nmore\\n\\nCookie duration resets each session. Uses other forms of storage.\\n\\nView details | Privacy policylaunch\\n\\n## Verve Group Europe GmbH\\n\\nDoesn't use cookies.\\n\\nData collected and processed: User-provided data, Users\\u2019 profiles, Privacy\\nchoices, Browsing and interaction data, Non-precise location data,\\nAuthentication-derived identifiers, IP addresses, Precise location data,\\nDevice characteristics, Device identifiers\\n\\nmore\\n\\nUses other forms of storage.\\n\\nView details | Privacy policylaunch\\n\\n## Otto (GmbH &amp; Co KG)\\n\\nCookie duration: 365 (days).\\n\\nData collected and processed: User-provided data, Users\\u2019 profiles, Privacy\\nchoices, Browsing and interaction data, IP addresses, Device identifiers\\n\\nmore\\n\\nCookie duration resets each session. Uses other forms of storage.\\n\\nView details | Storage details | Privacy policylaunch\\n\\n## Adobe Audience Manager, Adobe Experience Platform\\n\\nCookie duration: 180 (days).\\n\\nData collected and processed: User-provided data, Users\\u2019 profiles, Privacy\\nchoices, Probabilistic identifiers, Browsing and interaction data, Non-precise\\nlocation data, Authentication-derived identifiers, IP addresses, Precise\\nlocation data, Device characteristics, Device identifiers\\n\\nmore\\n\\nCookie duration resets each session.\\n\\nView details | Storage details | Privacy policylaunch\\n\\n## Localsensor B.V.\\n\\nDoesn't use cookies.\\n\\nData collected and processed: Privacy choices, Non-precise location data, IP\\naddresses, Precise location data, Device characteristics, Device identifiers\\n\\nmore\\n\\nUses other forms of storage.\\n\\nView details | Privacy policylaunch\\n\\n## Online Solution\\n\\nCookie duration: 365 (days).\\n\\nData collected and processed: User-provided data, Users\\u2019 profiles, Privacy\\nchoices, Probabilistic identifiers, Browsing and interaction data, Non-precise\\nlocation data, IP addresses, Precise location data, Device characteristics,\\nDevice identifiers\\n\\nmore\\n\\nCookie duration resets each session. Uses other forms of storage.\\n\\nView details | Privacy policylaunch\\n\\n## Relay42 Netherlands B.V.\\n\\nCookie duration: 730 (days).\\n\\nData collected and processed: User-provided data, Users\\u2019 profiles, Privacy\\nchoices, Probabilistic identifiers, Browsing and interaction data, IP\\naddresses, Device characteristics, Device identifiers\\n\\nmore\\n\\nView details | Storage details | Privacy policylaunch\\n\\n## GP One GmbH\\n\\nCookie duration: Uses session cookies.\\n\\nData collected and processed: User-provided data, Privacy choices, Browsing\\nand interaction data, Non-precise location data, IP addresses, Device\\ncharacteristics\\n\\nmore\\n\\nUses other forms of storage.\\n\\nView details | Storage details | Privacy policylaunch\\n\\n## The MediaGrid Inc.\\n\\nCookie duration: 365 (days).\\n\\nData collected and processed: Privacy choices, Probabilistic identifiers,\\nBrowsing and interaction data, Non-precise location data, IP addresses,\\nPrecise location data, Device characteristics, Device identifiers\\n\\nmore\\n\\nCookie duration resets each session. Uses other forms of storage.\\n\\nView details | Storage details | Privacy policylaunch\\n\\n## MindTake Research GmbH\\n\\nCookie duration: 180 (days).\\n\\nData collected and processed: Users\\u2019 profiles, Probabilistic identifiers,\\nBrowsing and interaction data, IP addresses, Device characteristics, Device\\nidentifiers\\n\\nmore\\n\\nUses other forms of storage.\\n\\nView details | Privacy policylaunch\\n\\n## Cint AB\\n\\nCookie duration: 730 (days).\\n\\nData collected and processed: Privacy choices, Browsing and interaction data,\\nIP addresses, Device characteristics, Device identifiers\\n\\nmore\\n\\nUses other forms of storage.\\n\\nView details | Privacy policylaunch\\n\\n## Google Advertising Products\\n\\nCookie duration: 396 (days).\\n\\nData collected and processed: User-provided data, Users\\u2019 profiles, Privacy\\nchoices, Browsing and interaction data, Non-precise location data,\\nAuthentication-derived identifiers, IP addresses, Device characteristics,\\nDevice identifiers\\n\\nmore\\n\\nUses other forms of storage.\\n\\nView details | Privacy policylaunch\\n\\n## GfK GmbH\\n\\nCookie duration: 730 (days).\\n\\nData collected and processed: User-provided data, Users\\u2019 profiles, Privacy\\nchoices, Browsing and interaction data, Non-precise location data,\\nAuthentication-derived identifiers, IP addresses, Device characteristics,\\nDevice identifiers\\n\\nmore\\n\\nUses other forms of storage.\\n\\nView details | Storage details | Privacy policylaunch\\n\\n## RevJet\\n\\nCookie duration: 730 (days).\\n\\nData collected and processed: Users\\u2019 profiles, Privacy choices, Non-precise\\nlocation data, IP addresses, Device identifiers\\n\\nmore\\n\\nCookie duration resets each session.\\n\\nView details | Storage details | Privacy policylaunch\\n\\n## Protected Media LTD\\n\\nDoesn't use cookies.\\n\\nData collected and processed: Probabilistic identifiers, Browsing and\\ninteraction data, IP addresses, Device characteristics, Device identifiers\\n\\nmore\\n\\nView details | Privacy policylaunch\\n\\n## Clinch Labs LTD\\n\\nCookie duration: 730 (days).\\n\\nData collected and processed: Users\\u2019 profiles, Privacy choices, Probabilistic\\nidentifiers, Browsing and interaction data, Non-precise location data, IP\\naddresses, Device characteristics, Device identifiers\\n\\nmore\\n\\nCookie duration resets each session.\\n\\nView details | Storage details | Privacy policylaunch\\n\\n## Oracle Data Cloud - Moat\\n\\nDoesn't use cookies.\\n\\nData collected and processed: Non-precise location data, IP addresses\\n\\nmore\\n\\nView details | Privacy policylaunch\\n\\n## Hearts and Science M\\u00fcnchen GmbH\\n\\nCookie duration: 60 (days).\\n\\nData collected and processed: IP addresses\\n\\nmore\\n\\nCookie duration resets each session.\\n\\nView details | Privacy policylaunch\\n\\n## Amazon Advertising\\n\\nCookie duration: 396 (days).\\n\\nData collected and processed: Users\\u2019 profiles, Privacy choices, Browsing and\\ninteraction data, Non-precise location data, Authentication-derived\\nidentifiers, IP addresses, Device characteristics, Device identifiers\\n\\nmore\\n\\nCookie duration resets each session. Uses other forms of storage.\\n\\nView details | Storage details | Privacy policylaunch\\n\\n## Moloco, Inc.\\n\\nCookie duration: 730 (days).\\n\\nData collected and processed: Non-precise location data, IP addresses, Device\\ncharacteristics, Device identifiers\\n\\nmore\\n\\nCookie duration resets each session. Uses other forms of storage.\\n\\nView details | Privacy policylaunch\\n\\n## Adtriba GmbH\\n\\nCookie duration: 730 (days).\\n\\nData collected and processed: Privacy choices, Browsing and interaction data,\\nNon-precise location data, Authentication-derived identifiers, IP addresses,\\nDevice characteristics, Device identifiers\\n\\nmore\\n\\nCookie duration resets each session.\\n\\nView details | Storage details | Privacy policylaunch\\n\\n## Objective Partners BV\\n\\nCookie duration: 90 (days).\\n\\nData collected and processed: Device identifiers\\n\\nmore\\n\\nCookie duration resets each session.\\n\\nView details | Storage details | Privacy policylaunch\\n\\n## Ensighten\\n\\nCookie duration: 1825 (days).\\n\\nData collected and processed: Privacy choices, Browsing and interaction data,\\nIP addresses, Device characteristics, Device identifiers\\n\\nmore\\n\\nCookie duration resets each session.\\n\\nView details | Storage details | Privacy policylaunch\\n\\n## eBay Inc\\n\\nCookie duration: 90 (days).\\n\\nData collected and processed: Privacy choices, IP addresses, Device\\ncharacteristics\\n\\nmore\\n\\nView details | Storage details | Privacy policylaunch\\n\\n## Hurra Communications GmbH\\n\\nCookie duration: 366 (days).\\n\\nData collected and processed: Probabilistic identifiers, Browsing and\\ninteraction data, Non-precise location data, Authentication-derived\\nidentifiers, IP addresses, Precise location data, Device characteristics,\\nDevice identifiers\\n\\nmore\\n\\nCookie duration resets each session.\\n\\nView details | Storage details | Privacy policylaunch\\n\\nAd partners\\n\\n## gskinner\\n\\nPrivacy policylaunch\\n\\n## Akamai\\n\\nPrivacy policylaunch\\n\\n## Meta\\n\\nPrivacy policylaunch\\n\\n## Aunica\\n\\nPrivacy policylaunch\\n\\n## Booking.com\\n\\nPrivacy policylaunch\\n\\n## C3 Metrics\\n\\nPrivacy policylaunch\\n\\n## IBM\\n\\nPrivacy policylaunch\\n\\n## Evidon\\n\\nPrivacy policylaunch\\n\\n## CUBED\\n\\nPrivacy policylaunch\\n\\n## Optomaton\\n\\nPrivacy policylaunch\\n\\n## intelliAd\\n\\nPrivacy policylaunch\\n\\n## Analights\\n\\nPrivacy policylaunch\\n\\n## Dstillery\\n\\nPrivacy policylaunch\\n\\n## MediaMath\\n\\nPrivacy policylaunch\\n\\n## ZMS\\n\\nPrivacy policylaunch\\n\\n## Dentsu Aegis Network\\n\\nPrivacy policylaunch\\n\\n## Omnicom Media Group\\n\\nPrivacy policylaunch\\n\\n## Digiseg\\n\\nPrivacy policylaunch\\n\\n## Resonate\\n\\nPrivacy policylaunch\\n\\n## Sojern\\n\\nPrivacy policylaunch\\n\\n## Haensel AMS\\n\\nPrivacy policylaunch\\n\\n## BDSK Handels GmbH & Co. KG\\n\\nPrivacy policylaunch\\n\\n## Tradedoubler AB\\n\\nPrivacy policylaunch\\n\\n## TrustArc\\n\\nPrivacy policylaunch\\n\\n## TruEffect\\n\\nPrivacy policylaunch\\n\\n## Marketing Science Consulting Group, Inc.\\n\\nPrivacy policylaunch\\n\\n## DENTSU\\n\\nPrivacy policylaunch\\n\\n## Kobler\\n\\nPrivacy policylaunch\\n\\n## Travel Data Collective\\n\\nPrivacy policylaunch\\n\\n## advolution.control\\n\\nPrivacy policylaunch\\n\\n## Widespace\\n\\nPrivacy policylaunch\\n\\n## LifeStreet\\n\\nPrivacy policylaunch\\n\\n## Vimeo\\n\\nPrivacy policylaunch\\n\\n## AdMaxim\\n\\nPrivacy policylaunch\\n\\n## Batch Media\\n\\nPrivacy policylaunch\\n\\n## Vodafone GmbH\\n\\nPrivacy policylaunch\\n\\n## Magnite\\n\\nPrivacy policylaunch\\n\\n## Scenestealer\\n\\nPrivacy policylaunch\\n\\n## Netquest\\n\\nPrivacy policylaunch\\n\\n## Manage.com\\n\\nPrivacy policylaunch\\n\\n## Cloudflare\\n\\nPrivacy policylaunch\\n\\n## Salesforce DMP\\n\\nPrivacy policylaunch\\n\\n## Netflix\\n\\nPrivacy policylaunch\\n\\n## Macromill group\\n\\nPrivacy policylaunch\\n\\n## ebuilders\\n\\nPrivacy policylaunch\\n\\n## AppLovin Corp.\\n\\nPrivacy policylaunch\\n\\n## Fractional Media\\n\\nPrivacy policylaunch\\n\\n## Rackspace\\n\\nPrivacy policylaunch\\n\\n## Liftoff\\n\\nPrivacy policylaunch\\n\\n## MSI-ACI\\n\\nPrivacy policylaunch\\n\\n## Navegg\\n\\nPrivacy policylaunch\\n\\n## Admedo\\n\\nPrivacy policylaunch\\n\\n## Kochava\\n\\nPrivacy policylaunch\\n\\n## Mobitrans\\n\\nPrivacy policylaunch\\n\\n## ADEX\\n\\nPrivacy policylaunch\\n\\n## Impact\\n\\nPrivacy policylaunch\\n\\n## Spotad\\n\\nPrivacy policylaunch\\n\\n## Aarki\\n\\nPrivacy policylaunch\\n\\n## SFR\\n\\nPrivacy policylaunch\\n\\n## Cablato\\n\\nPrivacy policylaunch\\n\\n## Waystack\\n\\nPrivacy policylaunch\\n\\n## TreSensa\\n\\nPrivacy policylaunch\\n\\n\", \"frontpage\": false}"}
