{"value":"{\"aid\": \"40219194\", \"title\": \"Rabbit R1 as an Android App\", \"url\": \"https://www.theverge.com/2024/4/30/24145838/rabbit-r1-android-app-pixel-6a\", \"domain\": \"theverge.com\", \"votes\": 9, \"user\": \"brothrock\", \"posted_at\": \"2024-05-01 03:28:34\", \"comments\": 3, \"source_title\": \"Turns out the Rabbit R1 was just an Android app all along\", \"source_text\": \"Turns out the Rabbit R1 was just an Android app all along - The Verge\\n\\nSkip to main content\\n\\nThe Verge homepage\\n\\n  * Gadgets/\\n  * Tech/\\n  * Artificial Intelligence\\n\\n# Turns out the Rabbit R1 was just an Android app all along\\n\\n# Turns out the Rabbit R1 was just an Android app all along\\n\\n/\\n\\n## AI is in its Juicero era.\\n\\nBy Allison Johnson, a reviewer with 10 years of experience writing about\\nconsumer tech. She has a special interest in mobile photography and telecom.\\nPreviously, she worked at DPReview.\\n\\nUpdated May 1, 2024, 3:23 AM UTC\\n\\n## Share this story\\n\\nIf you buy something from a Verge link, Vox Media may earn a commission. See\\nour ethics statement.\\n\\nI mean, at least it\\u2019s just $200?\\n\\nImage: David Pierce / The Verge\\n\\nSince it launched last week, Rabbit\\u2019s R1 AI gadget has inspired a lot of\\nquestions, starting with \\u201cWhy isn\\u2019t this just an app?\\u201d Well, friends, that\\u2019s\\nbecause it is just an app.\\n\\nOver at Android Authority, Mishaal Rahman managed to download Rabbit\\u2019s\\nlauncher APK on a Google Pixel 6A. With a little tweaking, he was able to run\\nthe app as if it were on Rabbit\\u2019s own device. Using the volume-up key in place\\nof the R1\\u2019s single hardware button, he was able to set up an account and start\\nasking it questions, just as if he was using the $199 R1.\\n\\nOh boy.\\n\\nRahman points out that the app probably doesn\\u2019t offer all of the same\\nfunctionality as the R1. In his words: \\u201cthe Rabbit R1\\u2019s launcher app is\\nintended to be preinstalled in the firmware and be granted several privileged,\\nsystem-level permissions \\u2014 only some of which we were able to grant \\u2014 so some\\nof the functions would likely fail if we tried.\\u201d But the fact that the\\nsoftware runs on a midrange phone from almost two years ago suggests that it\\nhas more in common with a plain \\u2018ol Android app than not.\\n\\nRabbit founder and CEO Jesse Lyu disagrees with this characterization. He gave\\na lengthy statement to The Verge that we\\u2019ve partially quoted below \\u2014 it was\\nalso posted to Rabbit\\u2019s X account if you want to read it in full.\\n\\n> \\u201crabbit r1 is not an Android app... rabbit OS and LAM run on the cloud with\\n> very bespoke AOSP and lower level firmware modifications, therefore a local\\n> bootleg APK without the proper OS and Cloud endpoints won\\u2019t be able to\\n> access our service. rabbit OS is customized for r1 and we do not support\\n> third-party clients.\\u201d\\n\\nThe R1 isn\\u2019t alone; Humane\\u2019s AI pin appears to run on a version of Android\\u2019s\\nopen-source software, too. But it\\u2019s the R1 in the hot seat right now as the\\nfirst reviews have started to trickle out \\u2014 and they\\u2019re not great, Bob. Rabbit\\nissued its first software update earlier today to address some complaints,\\nincluding a fast-draining battery. That issue seems to be better controlled\\npost-update; my R1\\u2019s idle battery performance is vastly improved after\\ndownloading the update this morning.\\n\\nBut the bigger problem is that the R1 just doesn\\u2019t do enough useful things to\\njustify its existence when, you know, phones exist. It looks like this AI\\ngadget could have just been an app after all.\\n\\nUpdate April 30th 11:23PM ET: Added a statement from Rabbit CEO Jesse Lyu.\\n\\nMost Popular\\n\\nMost Popular\\n\\n  1. ## Elon Musk goes \\u2018absolutely hard core\\u2019 in another round of Tesla layoffs\\n\\n  2. ## Razer made a million dollars selling a mask with RGB, and the FTC is not pleased\\n\\n  3. ## Binance founder\\u2019s sentencing hearing\\n\\n  4. ## FCC fines AT&T, Sprint, T-Mobile, and Verizon nearly $200 million for illegally sharing location data\\n\\n  5. ## Automatic emergency braking at speeds up to 90mph required under new rule\\n\\nFrom our sponsor\\n\\nAdvertiser Content From\\n\\n## More from Tech\\n\\n  * ### iOS 17.5 beta lets you keep Find My on during iPhone repairs\\n\\n  * ### Apple\\u2019s latest AirPods Pro with USB-C have returned to their all-time low\\n\\n  * ### Fubo drops Discovery networks and blasts WBD for abusing its power\\n\\n  * ### Google is building a fart button into Android\\n\\n  * Advertiser Content From\\n\\n  * Terms of Use\\n  * Privacy Notice\\n  * Cookie Policy\\n  * Do Not Sell Or Share My Personal Info\\n  * Licensing FAQ\\n  * Accessibility\\n  * Platform Status\\n  * How We Rate and Review Products\\n\\n  * Contact\\n  * Tip Us\\n  * Community Guidelines\\n  * About\\n  * Ethics Statement\\n\\nThe Verge is a vox media network\\n\\n  * Advertise with us\\n  * Jobs @ Vox Media\\n\\n\\u00a9 2024 Vox Media, LLC. All Rights Reserved\\n\\n## Welcome to The Verge\\n\\n# The Verge asks for your consent to use your personal data to:\\n\\n  * perm_identity\\n\\nPersonalised advertising and content, advertising and content measurement,\\naudience research and services development\\n\\n  * devices\\n\\nStore and/or access information on a device\\n\\n  * How can I change my choice?\\n\\n  * What if I don't consent?\\n\\n  * How does legitimate interest work?\\n\\n  * Do I have to consent to everything?\\n\\nYour personal data will be processed and information from your device\\n(cookies, unique identifiers, and other device data) may be stored by,\\naccessed by and shared with 136 TCF vendor(s) and 62 ad partner(s), or used\\nspecifically by this site or app.\\n\\nSome vendors may process your personal data on the basis of legitimate\\ninterest, which you can object to by managing your options below. Look for a\\nlink at the bottom of this page to manage or withdraw consent in privacy and\\ncookie settings.\\n\\nData preferences\\n\\n# Manage your data\\n\\nYou can choose how your personal data is used. Vendors want your permission to\\ndo the following:\\n\\nTCF vendors\\n\\n## Store and/or access information on a device\\n\\nCookies, device or similar online identifiers (e.g. login-based identifiers,\\nrandomly assigned identifiers, network based identifiers) together with other\\ninformation (e.g. browser type and information, language, screen size,\\nsupported technologies etc.) can be stored or read on your device to recognise\\nit each time it connects to an app or to a website, for one or several of the\\npurposes presented here.\\n\\nView details\\n\\n## Use limited data to select advertising\\n\\nAdvertising presented to you on this service can be based on limited data,\\nsuch as the website or app you are using, your non-precise location, your\\ndevice type or which content you are (or have been) interacting with (for\\nexample, to limit the number of times an ad is presented to you).\\n\\nView details\\n\\n## Create profiles for personalised advertising\\n\\nInformation about your activity on this service (such as forms you submit,\\ncontent you look at) can be stored and combined with other information about\\nyou (for example, information from your previous activity on this service and\\nother websites or apps) or similar users. This is then used to build or\\nimprove a profile about you (that might include possible interests and\\npersonal aspects). Your profile can be used (also later) to present\\nadvertising that appears more relevant based on your possible interests by\\nthis and other entities.\\n\\nView details\\n\\n## Use profiles to select personalised advertising\\n\\nAdvertising presented to you on this service can be based on your advertising\\nprofiles, which can reflect your activity on this service or other websites or\\napps (like the forms you submit, content you look at), possible interests and\\npersonal aspects.\\n\\nView details\\n\\n## Create profiles to personalise content\\n\\nInformation about your activity on this service (for instance, forms you\\nsubmit, non-advertising content you look at) can be stored and combined with\\nother information about you (such as your previous activity on this service or\\nother websites or apps) or similar users. This is then used to build or\\nimprove a profile about you (which might for example include possible\\ninterests and personal aspects). Your profile can be used (also later) to\\npresent content that appears more relevant based on your possible interests,\\nsuch as by adapting the order in which content is shown to you, so that it is\\neven easier for you to find content that matches your interests.\\n\\nView details\\n\\n## Use profiles to select personalised content\\n\\nContent presented to you on this service can be based on your content\\npersonalisation profiles, which can reflect your activity on this or other\\nservices (for instance, the forms you submit, content you look at), possible\\ninterests and personal aspects. This can for example be used to adapt the\\norder in which content is shown to you, so that it is even easier for you to\\nfind (non-advertising) content that matches your interests.\\n\\nView details\\n\\n## Measure advertising performance\\n\\nInformation regarding which advertising is presented to you and how you\\ninteract with it can be used to determine how well an advert has worked for\\nyou or other users and whether the goals of the advertising were reached. For\\ninstance, whether you saw an ad, whether you clicked on it, whether it led you\\nto buy a product or visit a website, etc. This is very helpful to understand\\nthe relevance of advertising campaigns.\\n\\nView details\\n\\n## Measure content performance\\n\\nInformation regarding which content is presented to you and how you interact\\nwith it can be used to determine whether the (non-advertising) content e.g.\\nreached its intended audience and matched your interests. For instance,\\nwhether you read an article, watch a video, listen to a podcast or look at a\\nproduct description, how long you spent on this service and the web pages you\\nvisit etc. This is very helpful to understand the relevance of (non-\\nadvertising) content that is shown to you.\\n\\nView details\\n\\n## Understand audiences through statistics or combinations of data from\\ndifferent sources\\n\\nReports can be generated based on the combination of data sets (like user\\nprofiles, statistics, market research, analytics data) regarding your\\ninteractions and those of other users with advertising or (non-advertising)\\ncontent to identify common characteristics (for instance, to determine which\\ntarget audiences are more receptive to an ad campaign or to certain contents).\\n\\nView details\\n\\n## Develop and improve services\\n\\nInformation about your activity on this service, such as your interaction with\\nads or content, can be very helpful to improve products and services and to\\nbuild new products and services based on user interactions, the type of\\naudience, etc. This specific purpose does not include the development or\\nimprovement of user profiles and identifiers.\\n\\nView details\\n\\n## Use limited data to select content\\n\\nContent presented to you on this service can be based on limited data, such as\\nthe website or app you are using, your non-precise location, your device type,\\nor which content you are (or have been) interacting with (for example, to\\nlimit the number of times a video or an article is presented to you).\\n\\nView details\\n\\n## Ensure security, prevent and detect fraud, and fix errors\\n\\nYour data can be used to monitor for and prevent unusual and possibly\\nfraudulent activity (for example, regarding advertising, ad clicks by bots),\\nand ensure systems and processes work properly and securely. It can also be\\nused to correct any problems you, the publisher or the advertiser may\\nencounter in the delivery of content and ads and in your interaction with\\nthem.\\n\\nView details\\n\\n## Deliver and present advertising and content\\n\\nCertain information (like an IP address or device capabilities) is used to\\nensure the technical compatibility of the content or advertising, and to\\nfacilitate the transmission of the content or ad to your device.\\n\\nView details\\n\\n## Match and combine data from other data sources\\n\\nInformation about your activity on this service may be matched and combined\\nwith other information relating to you and originating from various sources\\n(for instance your activity on a separate online service, your use of a\\nloyalty card in-store, or your answers to a survey), in support of the\\npurposes explained in this notice.\\n\\nView details\\n\\n## Link different devices\\n\\nIn support of the purposes explained in this notice, your device might be\\nconsidered as likely linked to other devices that belong to you or your\\nhousehold (for instance because you are logged in to the same service on both\\nyour phone and your computer, or because you may use the same Internet\\nconnection on both devices).\\n\\nView details\\n\\n## Identify devices based on information transmitted automatically\\n\\nYour device might be distinguished from other devices based on information it\\nautomatically sends when accessing the Internet (for instance, the IP address\\nof your Internet connection or the type of browser you are using) in support\\nof the purposes exposed in this notice.\\n\\nView details\\n\\n## Use precise geolocation data\\n\\nWith your acceptance, your precise location (within a radius of less than 500\\nmetres) may be used in support of the purposes explained in this notice.\\n\\nView details\\n\\nYou can choose your data preferences. This site or app wants your permission\\nto do the following:\\n\\nSite or app\\n\\n## Store and/or access information on a device\\n\\nCookies, device or similar online identifiers (e.g. login-based identifiers,\\nrandomly assigned identifiers, network based identifiers) together with other\\ninformation (e.g. browser type and information, language, screen size,\\nsupported technologies etc.) can be stored or read on your device to recognise\\nit each time it connects to an app or to a website, for one or several of the\\npurposes presented here.\\n\\nView details\\n\\n## Use limited data to select advertising\\n\\nAdvertising presented to you on this service can be based on limited data,\\nsuch as the website or app you are using, your non-precise location, your\\ndevice type or which content you are (or have been) interacting with (for\\nexample, to limit the number of times an ad is presented to you).\\n\\nView details\\n\\n## Create profiles for personalised advertising\\n\\nInformation about your activity on this service (such as forms you submit,\\ncontent you look at) can be stored and combined with other information about\\nyou (for example, information from your previous activity on this service and\\nother websites or apps) or similar users. This is then used to build or\\nimprove a profile about you (that might include possible interests and\\npersonal aspects). Your profile can be used (also later) to present\\nadvertising that appears more relevant based on your possible interests by\\nthis and other entities.\\n\\nView details\\n\\n## Use profiles to select personalised advertising\\n\\nAdvertising presented to you on this service can be based on your advertising\\nprofiles, which can reflect your activity on this service or other websites or\\napps (like the forms you submit, content you look at), possible interests and\\npersonal aspects.\\n\\nView details\\n\\n## Create profiles to personalise content\\n\\nInformation about your activity on this service (for instance, forms you\\nsubmit, non-advertising content you look at) can be stored and combined with\\nother information about you (such as your previous activity on this service or\\nother websites or apps) or similar users. This is then used to build or\\nimprove a profile about you (which might for example include possible\\ninterests and personal aspects). Your profile can be used (also later) to\\npresent content that appears more relevant based on your possible interests,\\nsuch as by adapting the order in which content is shown to you, so that it is\\neven easier for you to find content that matches your interests.\\n\\nView details\\n\\n## Use profiles to select personalised content\\n\\nContent presented to you on this service can be based on your content\\npersonalisation profiles, which can reflect your activity on this or other\\nservices (for instance, the forms you submit, content you look at), possible\\ninterests and personal aspects. This can for example be used to adapt the\\norder in which content is shown to you, so that it is even easier for you to\\nfind (non-advertising) content that matches your interests.\\n\\nView details\\n\\n## Measure advertising performance\\n\\nInformation regarding which advertising is presented to you and how you\\ninteract with it can be used to determine how well an advert has worked for\\nyou or other users and whether the goals of the advertising were reached. For\\ninstance, whether you saw an ad, whether you clicked on it, whether it led you\\nto buy a product or visit a website, etc. This is very helpful to understand\\nthe relevance of advertising campaigns.\\n\\nView details\\n\\n## Measure content performance\\n\\nInformation regarding which content is presented to you and how you interact\\nwith it can be used to determine whether the (non-advertising) content e.g.\\nreached its intended audience and matched your interests. For instance,\\nwhether you read an article, watch a video, listen to a podcast or look at a\\nproduct description, how long you spent on this service and the web pages you\\nvisit etc. This is very helpful to understand the relevance of (non-\\nadvertising) content that is shown to you.\\n\\nView details\\n\\n## Understand audiences through statistics or combinations of data from\\ndifferent sources\\n\\nReports can be generated based on the combination of data sets (like user\\nprofiles, statistics, market research, analytics data) regarding your\\ninteractions and those of other users with advertising or (non-advertising)\\ncontent to identify common characteristics (for instance, to determine which\\ntarget audiences are more receptive to an ad campaign or to certain contents).\\n\\nView details\\n\\n## Develop and improve services\\n\\nInformation about your activity on this service, such as your interaction with\\nads or content, can be very helpful to improve products and services and to\\nbuild new products and services based on user interactions, the type of\\naudience, etc. This specific purpose does not include the development or\\nimprovement of user profiles and identifiers.\\n\\nView details\\n\\n## Use limited data to select content\\n\\nContent presented to you on this service can be based on limited data, such as\\nthe website or app you are using, your non-precise location, your device type,\\nor which content you are (or have been) interacting with (for example, to\\nlimit the number of times a video or an article is presented to you).\\n\\nView details\\n\\nVendor preferences\\n\\n# Confirm our vendors\\n\\nVendors can use your data to provide services. Declining a vendor can stop\\nthem from using the data you shared.\\n\\nTCF vendors\\n\\n## Exponential Interactive, Inc d/b/a VDX.tv\\n\\nCookie duration: 90 (days).\\n\\nData collected and processed: Users\\u2019 profiles, Privacy choices, Probabilistic\\nidentifiers, Browsing and interaction data, Non-precise location data, IP\\naddresses, Device identifiers\\n\\nmore\\n\\nCookie duration resets each session.\\n\\nView details | Storage details | Privacy policylaunch\\n\\n## Roq.ad GmbH\\n\\nCookie duration: 365 (days).\\n\\nData collected and processed: Privacy choices, Probabilistic identifiers,\\nBrowsing and interaction data, Non-precise location data, Authentication-\\nderived identifiers, IP addresses, Precise location data, Device\\ncharacteristics, Device identifiers\\n\\nmore\\n\\nCookie duration resets each session.\\n\\nView details | Storage details | Privacy policylaunch\\n\\n## Index Exchange Inc.\\n\\nCookie duration: 395 (days).\\n\\nData collected and processed: Privacy choices, Non-precise location data, IP\\naddresses, Precise location data, Device characteristics, Device identifiers\\n\\nmore\\n\\nCookie duration resets each session. Uses other forms of storage.\\n\\nView details | Storage details | Privacy policylaunch\\n\\n## Quantcast\\n\\nCookie duration: 396 (days).\\n\\nData collected and processed: User-provided data, Users\\u2019 profiles, Privacy\\nchoices, Probabilistic identifiers, Browsing and interaction data, Non-precise\\nlocation data, Authentication-derived identifiers, IP addresses, Device\\ncharacteristics, Device identifiers\\n\\nmore\\n\\nCookie duration resets each session. Uses other forms of storage.\\n\\nView details | Storage details | Privacy policylaunch\\n\\n## BeeswaxIO Corporation\\n\\nCookie duration: 395 (days).\\n\\nData collected and processed: Privacy choices, Probabilistic identifiers,\\nBrowsing and interaction data, Non-precise location data, IP addresses,\\nPrecise location data, Device characteristics, Device identifiers\\n\\nmore\\n\\nCookie duration resets each session. Uses other forms of storage.\\n\\nView details | Storage details | Privacy policylaunch\\n\\n## Sovrn, Inc.\\n\\nCookie duration: 365 (days).\\n\\nData collected and processed: Users\\u2019 profiles, Privacy choices, Browsing and\\ninteraction data, Non-precise location data, IP addresses, Device\\ncharacteristics\\n\\nmore\\n\\nCookie duration resets each session. Uses other forms of storage.\\n\\nView details | Privacy policylaunch\\n\\n## Adikteev\\n\\nDoesn't use cookies.\\n\\nData collected and processed: Users\\u2019 profiles, Probabilistic identifiers, Non-\\nprecise location data, Authentication-derived identifiers, IP addresses,\\nDevice characteristics, Device identifiers\\n\\nmore\\n\\nUses other forms of storage.\\n\\nView details | Privacy policylaunch\\n\\n## RTB House S.A.\\n\\nCookie duration: 365 (days).\\n\\nData collected and processed: Users\\u2019 profiles, Privacy choices, Browsing and\\ninteraction data, Non-precise location data, IP addresses, Device\\ncharacteristics, Device identifiers\\n\\nmore\\n\\nCookie duration resets each session. Uses other forms of storage.\\n\\nView details | Storage details | Privacy policylaunch\\n\\n## The UK Trade Desk Ltd\\n\\nCookie duration: 3629 (days).\\n\\nData collected and processed: Users\\u2019 profiles, Privacy choices, Probabilistic\\nidentifiers, Browsing and interaction data, Non-precise location data,\\nAuthentication-derived identifiers, IP addresses, Precise location data,\\nDevice characteristics, Device identifiers\\n\\nmore\\n\\nCookie duration resets each session. Uses other forms of storage.\\n\\nView details | Storage details | Privacy policylaunch\\n\\n## admetrics GmbH\\n\\nDoesn't use cookies.\\n\\nData collected and processed: Privacy choices, Browsing and interaction data,\\nIP addresses, Device characteristics\\n\\nmore\\n\\nView details | Privacy policylaunch\\n\\n## Nexxen Inc.\\n\\nCookie duration: 180 (days).\\n\\nData collected and processed: Users\\u2019 profiles, Privacy choices, Probabilistic\\nidentifiers, Browsing and interaction data, Non-precise location data, IP\\naddresses, Device characteristics, Device identifiers\\n\\nmore\\n\\nCookie duration resets each session. Uses other forms of storage.\\n\\nView details | Storage details | Privacy policylaunch\\n\\n## Epsilon\\n\\nCookie duration: 184 (days).\\n\\nData collected and processed: User-provided data, Users\\u2019 profiles, Privacy\\nchoices, Probabilistic identifiers, Browsing and interaction data, Non-precise\\nlocation data, Authentication-derived identifiers, IP addresses, Device\\ncharacteristics, Device identifiers\\n\\nmore\\n\\nCookie duration resets each session. Uses other forms of storage.\\n\\nView details | Privacy policylaunch\\n\\n## Yahoo EMEA Limited\\n\\nCookie duration: 397 (days).\\n\\nData collected and processed: Users\\u2019 profiles, Privacy choices, Probabilistic\\nidentifiers, Browsing and interaction data, Non-precise location data, IP\\naddresses, Precise location data, Device characteristics, Device identifiers\\n\\nmore\\n\\nCookie duration resets each session.\\n\\nView details | Storage details | Privacy policylaunch\\n\\n## ADventori SAS\\n\\nCookie duration: 90 (days).\\n\\nData collected and processed: User-provided data, Probabilistic identifiers,\\nBrowsing and interaction data, Non-precise location data, IP addresses, Device\\nidentifiers\\n\\nmore\\n\\nCookie duration resets each session. Uses other forms of storage.\\n\\nView details | Privacy policylaunch\\n\\n## TripleLift, Inc.\\n\\nCookie duration: 90 (days).\\n\\nData collected and processed: Users\\u2019 profiles, Privacy choices, Browsing and\\ninteraction data, Non-precise location data, Authentication-derived\\nidentifiers, IP addresses, Precise location data, Device characteristics,\\nDevice identifiers\\n\\nmore\\n\\nCookie duration resets each session. Uses other forms of storage.\\n\\nView details | Privacy policylaunch\\n\\n## Xandr, Inc.\\n\\nCookie duration: 90 (days).\\n\\nData collected and processed: Users\\u2019 profiles, Privacy choices, Browsing and\\ninteraction data, Non-precise location data, Authentication-derived\\nidentifiers, IP addresses, Precise location data, Device characteristics,\\nDevice identifiers\\n\\nmore\\n\\nCookie duration resets each session. Uses other forms of storage.\\n\\nView details | Storage details | Privacy policylaunch\\n\\n## NEORY GmbH\\n\\nCookie duration: 90 (days).\\n\\nData collected and processed: User-provided data, Users\\u2019 profiles, Privacy\\nchoices, Probabilistic identifiers, Browsing and interaction data, Non-precise\\nlocation data, Authentication-derived identifiers, IP addresses, Device\\ncharacteristics, Device identifiers\\n\\nmore\\n\\nCookie duration resets each session.\\n\\nView details | Privacy policylaunch\\n\\n## Nexxen Group LLC\\n\\nCookie duration: 365 (days).\\n\\nData collected and processed: Users\\u2019 profiles, Privacy choices, Probabilistic\\nidentifiers, Non-precise location data, IP addresses, Device characteristics,\\nDevice identifiers\\n\\nmore\\n\\nCookie duration resets each session.\\n\\nView details | Privacy policylaunch\\n\\n## NEURAL.ONE\\n\\nCookie duration: 365 (days).\\n\\nData collected and processed: Privacy choices, Probabilistic identifiers,\\nBrowsing and interaction data, Non-precise location data, IP addresses, Device\\ncharacteristics\\n\\nmore\\n\\nCookie duration resets each session. Uses other forms of storage.\\n\\nView details | Storage details | Privacy policylaunch\\n\\n## ADITION (Virtual Minds GmbH)\\n\\nCookie duration: 365 (days).\\n\\nData collected and processed: User-provided data, Users\\u2019 profiles, Privacy\\nchoices, Probabilistic identifiers, Browsing and interaction data, Non-precise\\nlocation data, IP addresses, Precise location data, Device characteristics,\\nDevice identifiers\\n\\nmore\\n\\nCookie duration resets each session.\\n\\nView details | Storage details | Privacy policylaunch\\n\\n## Active Agent (Virtual Minds GmbH)\\n\\nCookie duration: 365 (days).\\n\\nData collected and processed: User-provided data, Users\\u2019 profiles, Privacy\\nchoices, Probabilistic identifiers, Browsing and interaction data, Non-precise\\nlocation data, IP addresses, Precise location data, Device characteristics,\\nDevice identifiers\\n\\nmore\\n\\nCookie duration resets each session.\\n\\nView details | Storage details | Privacy policylaunch\\n\\n## Taboola Europe Limited\\n\\nCookie duration: 366 (days).\\n\\nData collected and processed: Users\\u2019 profiles, Privacy choices, Probabilistic\\nidentifiers, Browsing and interaction data, Non-precise location data, IP\\naddresses, Device characteristics, Device identifiers\\n\\nmore\\n\\nCookie duration resets each session. Uses other forms of storage.\\n\\nView details | Storage details | Privacy policylaunch\\n\\n## Equativ\\n\\nCookie duration: 396 (days).\\n\\nData collected and processed: Users\\u2019 profiles, Privacy choices, Probabilistic\\nidentifiers, Browsing and interaction data, Non-precise location data,\\nAuthentication-derived identifiers, IP addresses, Precise location data,\\nDevice characteristics, Device identifiers\\n\\nmore\\n\\nUses other forms of storage.\\n\\nView details | Storage details | Privacy policylaunch\\n\\n## Adform A/S\\n\\nCookie duration: 3650 (days).\\n\\nData collected and processed: User-provided data, Users\\u2019 profiles, Privacy\\nchoices, Probabilistic identifiers, Browsing and interaction data, Non-precise\\nlocation data, Authentication-derived identifiers, IP addresses, Device\\ncharacteristics, Device identifiers\\n\\nmore\\n\\nCookie duration resets each session.\\n\\nView details | Privacy policylaunch\\n\\n## Magnite, Inc.\\n\\nCookie duration: 365 (days).\\n\\nData collected and processed: Privacy choices, Probabilistic identifiers,\\nBrowsing and interaction data, Non-precise location data, IP addresses,\\nPrecise location data, Device characteristics, Device identifiers\\n\\nmore\\n\\nUses other forms of storage.\\n\\nView details | Storage details | Privacy policylaunch\\n\\n## RATEGAIN ADARA INC\\n\\nCookie duration: 730 (days).\\n\\nData collected and processed: User-provided data, Users\\u2019 profiles, Privacy\\nchoices, Browsing and interaction data, Non-precise location data,\\nAuthentication-derived identifiers, IP addresses, Device characteristics,\\nDevice identifiers\\n\\nmore\\n\\nView details | Storage details | Privacy policylaunch\\n\\n## Sift Media, Inc\\n\\nDoesn't use cookies.\\n\\nData collected and processed: Non-precise location data, IP addresses, Precise\\nlocation data, Device characteristics, Device identifiers\\n\\nmore\\n\\nView details | Privacy policylaunch\\n\\n## Rakuten Marketing LLC\\n\\nCookie duration: 730 (days).\\n\\nData collected and processed: User-provided data, Users\\u2019 profiles, Privacy\\nchoices, Probabilistic identifiers, Browsing and interaction data, Non-precise\\nlocation data, Authentication-derived identifiers, IP addresses, Device\\ncharacteristics, Device identifiers\\n\\nmore\\n\\nCookie duration resets each session. Uses other forms of storage.\\n\\nView details | Privacy policylaunch\\n\\n## Lumen Research Limited\\n\\nDoesn't use cookies.\\n\\nData collected and processed: Browsing and interaction data, Non-precise\\nlocation data, IP addresses, Device characteristics\\n\\nmore\\n\\nView details | Privacy policylaunch\\n\\n## Amazon Ad Server\\n\\nCookie duration: 396 (days).\\n\\nData collected and processed: Users\\u2019 profiles, Privacy choices, Browsing and\\ninteraction data, Non-precise location data, Authentication-derived\\nidentifiers, IP addresses, Device characteristics, Device identifiers\\n\\nmore\\n\\nCookie duration resets each session. Uses other forms of storage.\\n\\nView details | Storage details | Privacy policylaunch\\n\\n## OpenX\\n\\nCookie duration: 365 (days).\\n\\nData collected and processed: Privacy choices, Browsing and interaction data,\\nNon-precise location data, IP addresses, Device characteristics, Device\\nidentifiers\\n\\nmore\\n\\nCookie duration resets each session.\\n\\nView details | Storage details | Privacy policylaunch\\n\\n## Yieldlab (Virtual Minds GmbH)\\n\\nCookie duration: 365 (days).\\n\\nData collected and processed: User-provided data, Users\\u2019 profiles, Privacy\\nchoices, Browsing and interaction data, Non-precise location data, IP\\naddresses, Precise location data, Device characteristics, Device identifiers\\n\\nmore\\n\\nCookie duration resets each session.\\n\\nView details | Storage details | Privacy policylaunch\\n\\n## Roku Advertising Services\\n\\nCookie duration: 396 (days).\\n\\nData collected and processed: User-provided data, Users\\u2019 profiles, Privacy\\nchoices, Probabilistic identifiers, Browsing and interaction data, Non-precise\\nlocation data, Authentication-derived identifiers, IP addresses, Precise\\nlocation data, Device characteristics, Device identifiers\\n\\nmore\\n\\nCookie duration resets each session. Uses other forms of storage.\\n\\nView details | Storage details | Privacy policylaunch\\n\\n## Nano Interactive Group Ltd.\\n\\nDoesn't use cookies.\\n\\nData collected and processed: Browsing and interaction data, Non-precise\\nlocation data, Device characteristics\\n\\nmore\\n\\nView details | Privacy policylaunch\\n\\n## Simplifi Holdings LLC\\n\\nCookie duration: 366 (days).\\n\\nData collected and processed: IP addresses, Precise location data, Device\\nidentifiers\\n\\nmore\\n\\nUses other forms of storage.\\n\\nView details | Privacy policylaunch\\n\\n## PubMatic, Inc\\n\\nCookie duration: 365 (days).\\n\\nData collected and processed: User-provided data, Users\\u2019 profiles, Privacy\\nchoices, Probabilistic identifiers, Browsing and interaction data, Non-precise\\nlocation data, Authentication-derived identifiers, IP addresses, Precise\\nlocation data, Device characteristics, Device identifiers\\n\\nmore\\n\\nUses other forms of storage.\\n\\nView details | Storage details | Privacy policylaunch\\n\\n## Comscore B.V.\\n\\nCookie duration: 720 (days).\\n\\nData collected and processed: User-provided data, Privacy choices,\\nProbabilistic identifiers, Browsing and interaction data, Authentication-\\nderived identifiers, IP addresses, Device characteristics, Device identifiers\\n\\nmore\\n\\nCookie duration resets each session. Uses other forms of storage.\\n\\nView details | Privacy policylaunch\\n\\n## Flashtalking\\n\\nCookie duration: 730 (days).\\n\\nData collected and processed: Users\\u2019 profiles, Privacy choices, Probabilistic\\nidentifiers, Browsing and interaction data, Non-precise location data,\\nAuthentication-derived identifiers, IP addresses, Device characteristics,\\nDevice identifiers\\n\\nmore\\n\\nView details | Privacy policylaunch\\n\\n## PulsePoint, Inc.\\n\\nCookie duration: 365 (days).\\n\\nData collected and processed: IP addresses, Device characteristics, Device\\nidentifiers\\n\\nmore\\n\\nCookie duration resets each session. Uses other forms of storage.\\n\\nView details | Privacy policylaunch\\n\\n## Smaato, Inc.\\n\\nCookie duration: 21 (days).\\n\\nData collected and processed: User-provided data, Users\\u2019 profiles, Privacy\\nchoices, Browsing and interaction data, Non-precise location data,\\nAuthentication-derived identifiers, IP addresses, Precise location data,\\nDevice characteristics, Device identifiers\\n\\nmore\\n\\nCookie duration resets each session. Uses other forms of storage.\\n\\nView details | Storage details | Privacy policylaunch\\n\\n## Semasio GmbH\\n\\nCookie duration: 366 (days).\\n\\nData collected and processed: Privacy choices, Browsing and interaction data,\\nIP addresses, Device identifiers\\n\\nmore\\n\\nCookie duration resets each session.\\n\\nView details | Storage details | Privacy policylaunch\\n\\n## Crimtan Holdings Limited\\n\\nCookie duration: 365 (days).\\n\\nData collected and processed: User-provided data, Users\\u2019 profiles, Privacy\\nchoices, Probabilistic identifiers, Browsing and interaction data, Non-precise\\nlocation data, Authentication-derived identifiers, IP addresses, Precise\\nlocation data, Device characteristics, Device identifiers\\n\\nmore\\n\\nCookie duration resets each session.\\n\\nView details | Privacy policylaunch\\n\\n## Genius Sports UK Limited\\n\\nCookie duration: 365 (days).\\n\\nData collected and processed: Users\\u2019 profiles, Privacy choices, Probabilistic\\nidentifiers, Browsing and interaction data, Non-precise location data,\\nAuthentication-derived identifiers, IP addresses, Device characteristics,\\nDevice identifiers\\n\\nmore\\n\\nCookie duration resets each session.\\n\\nView details | Storage details | Privacy policylaunch\\n\\n## Criteo SA\\n\\nCookie duration: 390 (days).\\n\\nData collected and processed: Users\\u2019 profiles, Privacy choices, Probabilistic\\nidentifiers, Browsing and interaction data, Non-precise location data,\\nAuthentication-derived identifiers, IP addresses, Device characteristics,\\nDevice identifiers\\n\\nmore\\n\\nUses other forms of storage.\\n\\nView details | Storage details | Privacy policylaunch\\n\\n## Adloox SA\\n\\nDoesn't use cookies.\\n\\nData collected and processed: Probabilistic identifiers, Browsing and\\ninteraction data, Non-precise location data, IP addresses, Device\\ncharacteristics, Device identifiers\\n\\nmore\\n\\nUses other forms of storage.\\n\\nView details | Privacy policylaunch\\n\\n## Blis Global Limited\\n\\nCookie duration: 400 (days).\\n\\nData collected and processed: User-provided data, Users\\u2019 profiles, Privacy\\nchoices, Probabilistic identifiers, Browsing and interaction data, Non-precise\\nlocation data, Authentication-derived identifiers, IP addresses, Precise\\nlocation data, Device characteristics, Device identifiers\\n\\nmore\\n\\nCookie duration resets each session. Uses other forms of storage.\\n\\nView details | Storage details | Privacy policylaunch\\n\\n## Lotame Solutions, Inc\\n\\nCookie duration: 274 (days).\\n\\nData collected and processed: User-provided data, Users\\u2019 profiles, Privacy\\nchoices, Probabilistic identifiers, Browsing and interaction data,\\nAuthentication-derived identifiers, IP addresses, Device characteristics,\\nDevice identifiers\\n\\nmore\\n\\nCookie duration resets each session. Uses other forms of storage.\\n\\nView details | Privacy policylaunch\\n\\n## LiveRamp\\n\\nCookie duration: 365 (days).\\n\\nData collected and processed: Privacy choices, Browsing and interaction data,\\nNon-precise location data, Authentication-derived identifiers, IP addresses,\\nDevice characteristics, Device identifiers\\n\\nmore\\n\\nCookie duration resets each session. Uses other forms of storage.\\n\\nView details | Storage details | Privacy policylaunch\\n\\n## GroupM UK Limited\\n\\nCookie duration: 395 (days).\\n\\nData collected and processed: Privacy choices, Probabilistic identifiers,\\nBrowsing and interaction data, Non-precise location data, Authentication-\\nderived identifiers, IP addresses, Precise location data, Device\\ncharacteristics, Device identifiers\\n\\nmore\\n\\nCookie duration resets each session.\\n\\nView details | Storage details | Privacy policylaunch\\n\\n## LoopMe Limited\\n\\nCookie duration: 90 (days).\\n\\nData collected and processed: User-provided data, Users\\u2019 profiles, Privacy\\nchoices, Probabilistic identifiers, Browsing and interaction data, Non-precise\\nlocation data, IP addresses, Precise location data, Device characteristics,\\nDevice identifiers\\n\\nmore\\n\\nCookie duration resets each session. Uses other forms of storage.\\n\\nView details | Storage details | Privacy policylaunch\\n\\n## Dynata LLC\\n\\nCookie duration: 365 (days).\\n\\nData collected and processed: User-provided data, Users\\u2019 profiles, Privacy\\nchoices, Browsing and interaction data, Non-precise location data,\\nAuthentication-derived identifiers, IP addresses, Device characteristics,\\nDevice identifiers\\n\\nmore\\n\\nCookie duration resets each session.\\n\\nView details | Storage details | Privacy policylaunch\\n\\n## Ask Locala\\n\\nDoesn't use cookies.\\n\\nData collected and processed: Privacy choices, Non-precise location data, IP\\naddresses, Precise location data, Device characteristics, Device identifiers\\n\\nmore\\n\\nUses other forms of storage.\\n\\nView details | Privacy policylaunch\\n\\n## Azira\\n\\nDoesn't use cookies.\\n\\nData collected and processed: Users\\u2019 profiles, Privacy choices, Browsing and\\ninteraction data, Non-precise location data, IP addresses, Precise location\\ndata, Device characteristics, Device identifiers\\n\\nmore\\n\\nUses other forms of storage.\\n\\nView details | Privacy policylaunch\\n\\n## DoubleVerify Inc.\\n\\nDoesn't use cookies.\\n\\nData collected and processed: Privacy choices, Probabilistic identifiers,\\nBrowsing and interaction data, Non-precise location data, IP addresses, Device\\ncharacteristics\\n\\nmore\\n\\nView details | Privacy policylaunch\\n\\n## BIDSWITCH GmbH\\n\\nCookie duration: 365 (days).\\n\\nData collected and processed: Privacy choices, Probabilistic identifiers,\\nBrowsing and interaction data, Non-precise location data, Authentication-\\nderived identifiers, IP addresses, Precise location data, Device\\ncharacteristics, Device identifiers\\n\\nmore\\n\\nCookie duration resets each session. Uses other forms of storage.\\n\\nView details | Storage details | Privacy policylaunch\\n\\n## IPONWEB GmbH\\n\\nCookie duration: 365 (days).\\n\\nData collected and processed: User-provided data, Privacy choices, Browsing\\nand interaction data, Non-precise location data, Authentication-derived\\nidentifiers, IP addresses, Device characteristics, Device identifiers\\n\\nmore\\n\\nCookie duration resets each session. Uses other forms of storage.\\n\\nView details | Storage details | Privacy policylaunch\\n\\n## NextRoll, Inc.\\n\\nCookie duration: 183 (days).\\n\\nData collected and processed: User-provided data, Users\\u2019 profiles, Privacy\\nchoices, Browsing and interaction data, Non-precise location data, IP\\naddresses, Device characteristics, Device identifiers\\n\\nmore\\n\\nCookie duration resets each session.\\n\\nView details | Privacy policylaunch\\n\\n## Teads France SAS\\n\\nCookie duration: 365 (days).\\n\\nData collected and processed: Users\\u2019 profiles, Privacy choices, Probabilistic\\nidentifiers, Browsing and interaction data, Non-precise location data, IP\\naddresses, Device characteristics, Device identifiers\\n\\nmore\\n\\nUses other forms of storage.\\n\\nView details | Storage details | Privacy policylaunch\\n\\n## Str\\u00f6er SSP GmbH (SSP)\\n\\nCookie duration: 365 (days).\\n\\nData collected and processed: Users\\u2019 profiles, Privacy choices, Probabilistic\\nidentifiers, Browsing and interaction data, Non-precise location data, IP\\naddresses, Device characteristics, Device identifiers\\n\\nmore\\n\\nUses other forms of storage.\\n\\nView details | Storage details | Privacy policylaunch\\n\\n## OS Data Solutions GmbH &amp; Co. KG\\n\\nCookie duration: 90 (days).\\n\\nData collected and processed: User-provided data, Users\\u2019 profiles, Privacy\\nchoices, Probabilistic identifiers, Browsing and interaction data, Non-precise\\nlocation data, IP addresses, Device characteristics, Device identifiers\\n\\nmore\\n\\nUses other forms of storage.\\n\\nView details | Storage details | Privacy policylaunch\\n\\n## Permodo GmbH\\n\\nDoesn't use cookies.\\n\\nData collected and processed: Users\\u2019 profiles, Privacy choices, Browsing and\\ninteraction data, Non-precise location data, IP addresses, Device\\ncharacteristics, Device identifiers\\n\\nmore\\n\\nUses other forms of storage.\\n\\nView details | Privacy policylaunch\\n\\n## Platform161 B.V.\\n\\nCookie duration: 396 (days).\\n\\nData collected and processed: Users\\u2019 profiles, Privacy choices, Probabilistic\\nidentifiers, Browsing and interaction data, Non-precise location data, IP\\naddresses, Precise location data, Device characteristics, Device identifiers\\n\\nmore\\n\\nCookie duration resets each session. Uses other forms of storage.\\n\\nView details | Storage details | Privacy policylaunch\\n\\n## Adacado Technologies Inc. (DBA Adacado)\\n\\nCookie duration: 365 (days).\\n\\nData collected and processed: Privacy choices, Browsing and interaction data,\\nNon-precise location data, IP addresses\\n\\nmore\\n\\nCookie duration resets each session.\\n\\nView details | Storage details | Privacy policylaunch\\n\\n## Basis Global Technologies, Inc.\\n\\nCookie duration: 365 (days).\\n\\nData collected and processed: Users\\u2019 profiles, Privacy choices, Browsing and\\ninteraction data, Non-precise location data, Authentication-derived\\nidentifiers, IP addresses, Precise location data, Device characteristics,\\nDevice identifiers\\n\\nmore\\n\\nCookie duration resets each session.\\n\\nView details | Privacy policylaunch\\n\\n## SMADEX, S.L.U.\\n\\nCookie duration: 365 (days).\\n\\nData collected and processed: User-provided data, Users\\u2019 profiles, Privacy\\nchoices, Probabilistic identifiers, Non-precise location data, IP addresses,\\nDevice characteristics, Device identifiers\\n\\nmore\\n\\nCookie duration resets each session.\\n\\nView details | Storage details | Privacy policylaunch\\n\\n## Bombora Inc.\\n\\nCookie duration: 365 (days).\\n\\nData collected and processed: Users\\u2019 profiles, Browsing and interaction data,\\nNon-precise location data, Authentication-derived identifiers, IP addresses,\\nDevice characteristics, Device identifiers\\n\\nmore\\n\\nCookie duration resets each session. Uses other forms of storage.\\n\\nView details | Storage details | Privacy policylaunch\\n\\n## EASYmedia GmbH\\n\\nCookie duration: 365 (days).\\n\\nData collected and processed: Users\\u2019 profiles, Privacy choices, Probabilistic\\nidentifiers, Browsing and interaction data, Non-precise location data, IP\\naddresses, Precise location data, Device characteristics, Device identifiers\\n\\nmore\\n\\nCookie duration resets each session.\\n\\nView details | Storage details | Privacy policylaunch\\n\\n## Remerge GmbH\\n\\nDoesn't use cookies.\\n\\nData collected and processed: Browsing and interaction data, Non-precise\\nlocation data, IP addresses, Device characteristics, Device identifiers\\n\\nmore\\n\\nUses other forms of storage.\\n\\nView details | Privacy policylaunch\\n\\n## advanced store GmbH\\n\\nCookie duration: 365 (days).\\n\\nData collected and processed: Device identifiers\\n\\nmore\\n\\nCookie duration resets each session. Uses other forms of storage.\\n\\nView details | Storage details | Privacy policylaunch\\n\\n## Magnite CTV, Inc.\\n\\nCookie duration: 366 (days).\\n\\nData collected and processed: Privacy choices, Probabilistic identifiers,\\nBrowsing and interaction data, Non-precise location data, IP addresses,\\nPrecise location data, Device characteristics, Device identifiers\\n\\nmore\\n\\nView details | Storage details | Privacy policylaunch\\n\\n## Delta Projects AB\\n\\nCookie duration: 365 (days).\\n\\nData collected and processed: User-provided data, Users\\u2019 profiles, Privacy\\nchoices, Probabilistic identifiers, Browsing and interaction data, Non-precise\\nlocation data, Authentication-derived identifiers, IP addresses, Precise\\nlocation data, Device characteristics, Device identifiers\\n\\nmore\\n\\nView details | Storage details | Privacy policylaunch\\n\\n## usemax advertisement (Emego GmbH)\\n\\nCookie duration: 365 (days).\\n\\nData collected and processed: Users\\u2019 profiles\\n\\nmore\\n\\nCookie duration resets each session.\\n\\nView details | Storage details | Privacy policylaunch\\n\\n## emetriq GmbH\\n\\nCookie duration: 365 (days).\\n\\nData collected and processed: User-provided data, Users\\u2019 profiles, Privacy\\nchoices, Probabilistic identifiers, Browsing and interaction data, Non-precise\\nlocation data, Authentication-derived identifiers, IP addresses, Device\\ncharacteristics, Device identifiers\\n\\nmore\\n\\nCookie duration resets each session. Uses other forms of storage.\\n\\nView details | Storage details | Privacy policylaunch\\n\\n## Publicis Media GmbH\\n\\nCookie duration: 1825 (days).\\n\\nData collected and processed: User-provided data, Users\\u2019 profiles, Privacy\\nchoices, Probabilistic identifiers, Browsing and interaction data, Non-precise\\nlocation data, Authentication-derived identifiers, IP addresses, Device\\ncharacteristics, Device identifiers\\n\\nmore\\n\\nCookie duration resets each session. Uses other forms of storage.\\n\\nView details | Privacy policylaunch\\n\\n## M.D. Primis Technologies Ltd.\\n\\nCookie duration: 25 (days).\\n\\nData collected and processed: User-provided data, Privacy choices,\\nProbabilistic identifiers, Browsing and interaction data, Non-precise location\\ndata, IP addresses, Device characteristics, Device identifiers\\n\\nmore\\n\\nView details | Storage details | Privacy policylaunch\\n\\n## OneTag Limited\\n\\nCookie duration: 396 (days).\\n\\nData collected and processed: Privacy choices, Browsing and interaction data,\\nNon-precise location data, IP addresses, Device characteristics, Device\\nidentifiers\\n\\nmore\\n\\nCookie duration resets each session. Uses other forms of storage.\\n\\nView details | Storage details | Privacy policylaunch\\n\\n## Cloud Technologies S.A.\\n\\nCookie duration: 365 (days).\\n\\nData collected and processed: Users\\u2019 profiles, Privacy choices, Browsing and\\ninteraction data, Non-precise location data, Authentication-derived\\nidentifiers, IP addresses, Device characteristics, Device identifiers\\n\\nmore\\n\\nCookie duration resets each session.\\n\\nView details | Privacy policylaunch\\n\\n## Smartology Limited\\n\\nDoesn't use cookies.\\n\\nData collected and processed: IP addresses\\n\\nmore\\n\\nUses other forms of storage.\\n\\nView details | Privacy policylaunch\\n\\n## Improve Digital\\n\\nCookie duration: 90 (days).\\n\\nData collected and processed: User-provided data, Users\\u2019 profiles, Privacy\\nchoices, Probabilistic identifiers, Browsing and interaction data, Non-precise\\nlocation data, Authentication-derived identifiers, IP addresses, Precise\\nlocation data, Device characteristics, Device identifiers\\n\\nmore\\n\\nCookie duration resets each session.\\n\\nView details | Storage details | Privacy policylaunch\\n\\n## Adobe Advertising Cloud\\n\\nCookie duration: 365 (days).\\n\\nData collected and processed: Privacy choices, Authentication-derived\\nidentifiers, IP addresses, Device identifiers\\n\\nmore\\n\\nView details | Storage details | Privacy policylaunch\\n\\n## Bannerflow AB\\n\\nCookie duration: 366 (days).\\n\\nData collected and processed: Privacy choices, Non-precise location data, IP\\naddresses, Device characteristics\\n\\nmore\\n\\nView details | Storage details | Privacy policylaunch\\n\\n## TabMo SAS\\n\\nDoesn't use cookies.\\n\\nData collected and processed: User-provided data, Users\\u2019 profiles, Privacy\\nchoices, Probabilistic identifiers, Browsing and interaction data, Non-precise\\nlocation data, IP addresses, Precise location data, Device characteristics,\\nDevice identifiers\\n\\nmore\\n\\nUses other forms of storage.\\n\\nView details | Privacy policylaunch\\n\\n## Integral Ad Science (incorporating ADmantX)\\n\\nDoesn't use cookies.\\n\\nData collected and processed: Privacy choices, Browsing and interaction data,\\nNon-precise location data, IP addresses, Device characteristics\\n\\nmore\\n\\nView details | Privacy policylaunch\\n\\n## Wizaly\\n\\nCookie duration: 365 (days).\\n\\nData collected and processed: Privacy choices, Browsing and interaction data,\\nNon-precise location data, Authentication-derived identifiers, IP addresses,\\nDevice characteristics\\n\\nmore\\n\\nCookie duration resets each session. Uses other forms of storage.\\n\\nView details | Storage details | Privacy policylaunch\\n\\n## Weborama\\n\\nCookie duration: 393 (days).\\n\\nData collected and processed: User-provided data, Users\\u2019 profiles, Privacy\\nchoices, Probabilistic identifiers, Browsing and interaction data, Non-precise\\nlocation data, Authentication-derived identifiers, IP addresses, Device\\ncharacteristics, Device identifiers\\n\\nmore\\n\\nUses other forms of storage.\\n\\nView details | Storage details | Privacy policylaunch\\n\\n## Jivox Corporation\\n\\nCookie duration: 30 (days).\\n\\nData collected and processed: Users\\u2019 profiles, Privacy choices, Browsing and\\ninteraction data, Non-precise location data, IP addresses, Precise location\\ndata, Device identifiers\\n\\nmore\\n\\nCookie duration resets each session.\\n\\nView details | Storage details | Privacy policylaunch\\n\\n## Sage&#43;Archer BV\\n\\nDoesn't use cookies.\\n\\nData collected and processed: Non-precise location data\\n\\nmore\\n\\nView details | Privacy policylaunch\\n\\n## On Device Research Limited\\n\\nCookie duration: 30 (days).\\n\\nData collected and processed: User-provided data, Browsing and interaction\\ndata, Non-precise location data, IP addresses, Precise location data, Device\\ncharacteristics, Device identifiers\\n\\nmore\\n\\nView details | Storage details | Privacy policylaunch\\n\\n## Rockabox Media Ltd\\n\\nDoesn't use cookies.\\n\\nData collected and processed: Browsing and interaction data, Non-precise\\nlocation data, IP addresses, Device characteristics\\n\\nmore\\n\\nView details | Storage details | Privacy policylaunch\\n\\n## Exactag GmbH\\n\\nCookie duration: 180 (days).\\n\\nData collected and processed: Privacy choices, Browsing and interaction data,\\nAuthentication-derived identifiers, IP addresses, Device characteristics,\\nDevice identifiers\\n\\nmore\\n\\nCookie duration resets each session.\\n\\nView details | Storage details | Privacy policylaunch\\n\\n## Celtra Inc.\\n\\nDoesn't use cookies.\\n\\nData collected and processed: IP addresses, Precise location data, Device\\ncharacteristics, Device identifiers\\n\\nmore\\n\\nUses other forms of storage.\\n\\nView details | Storage details | Privacy policylaunch\\n\\n## mainADV Srl\\n\\nCookie duration: 30 (days).\\n\\nData collected and processed: User-provided data, Privacy choices, Browsing\\nand interaction data, Non-precise location data, IP addresses, Device\\ncharacteristics, Device identifiers\\n\\nmore\\n\\nUses other forms of storage.\\n\\nView details | Privacy policylaunch\\n\\n## Gemius SA\\n\\nCookie duration: 1825 (days).\\n\\nData collected and processed: Users\\u2019 profiles, Privacy choices, Browsing and\\ninteraction data, Device characteristics, Device identifiers\\n\\nmore\\n\\nCookie duration resets each session. Uses other forms of storage.\\n\\nView details | Storage details | Privacy policylaunch\\n\\n## The Kantar Group Limited\\n\\nCookie duration: 914 (days).\\n\\nData collected and processed: Privacy choices, Browsing and interaction data,\\nNon-precise location data, IP addresses, Device characteristics, Device\\nidentifiers\\n\\nmore\\n\\nCookie duration resets each session. Uses other forms of storage.\\n\\nView details | Privacy policylaunch\\n\\n## Nielsen Media Research Ltd.\\n\\nCookie duration: 120 (days).\\n\\nData collected and processed: Privacy choices, Browsing and interaction data,\\nIP addresses, Device characteristics, Device identifiers\\n\\nmore\\n\\nCookie duration resets each session. Uses other forms of storage.\\n\\nView details | Storage details | Privacy policylaunch\\n\\n## Solocal SA\\n\\nCookie duration: 396 (days).\\n\\nData collected and processed: User-provided data, Users\\u2019 profiles, Privacy\\nchoices, Browsing and interaction data, Non-precise location data, IP\\naddresses, Precise location data, Device characteristics, Device identifiers\\n\\nmore\\n\\nCookie duration resets each session. Uses other forms of storage.\\n\\nView details | Storage details | Privacy policylaunch\\n\\n## Pixalate, Inc.\\n\\nDoesn't use cookies.\\n\\nData collected and processed: Browsing and interaction data, Non-precise\\nlocation data, IP addresses, Device characteristics, Device identifiers\\n\\nmore\\n\\nView details | Storage details | Privacy policylaunch\\n\\n## Oracle Advertising\\n\\nCookie duration: 180 (days).\\n\\nData collected and processed: User-provided data, Users\\u2019 profiles, Privacy\\nchoices, Browsing and interaction data, Non-precise location data,\\nAuthentication-derived identifiers, IP addresses, Device characteristics,\\nDevice identifiers\\n\\nmore\\n\\nUses other forms of storage.\\n\\nView details | Storage details | Privacy policylaunch\\n\\n## Numberly\\n\\nCookie duration: 180 (days).\\n\\nData collected and processed: User-provided data, Users\\u2019 profiles, Privacy\\nchoices, Browsing and interaction data, Non-precise location data,\\nAuthentication-derived identifiers, IP addresses, Device characteristics,\\nDevice identifiers\\n\\nmore\\n\\nCookie duration resets each session.\\n\\nView details | Storage details | Privacy policylaunch\\n\\n## AudienceProject A/S\\n\\nCookie duration: 365 (days).\\n\\nData collected and processed: User-provided data, Users\\u2019 profiles, Privacy\\nchoices, Probabilistic identifiers, Browsing and interaction data, Non-precise\\nlocation data, Authentication-derived identifiers, IP addresses, Device\\ncharacteristics, Device identifiers\\n\\nmore\\n\\nCookie duration resets each session. Uses other forms of storage.\\n\\nView details | Storage details | Privacy policylaunch\\n\\n## Demandbase, Inc.\\n\\nCookie duration: 730 (days).\\n\\nData collected and processed: User-provided data, Users\\u2019 profiles, Privacy\\nchoices, Probabilistic identifiers, Browsing and interaction data, Non-precise\\nlocation data, IP addresses, Precise location data, Device characteristics,\\nDevice identifiers\\n\\nmore\\n\\nCookie duration resets each session. Uses other forms of storage.\\n\\nView details | Storage details | Privacy policylaunch\\n\\n## Effiliation / Effinity\\n\\nCookie duration: 30 (days).\\n\\nData collected and processed: Device characteristics\\n\\nmore\\n\\nCookie duration resets each session.\\n\\nView details | Storage details | Privacy policylaunch\\n\\n## Arrivalist Co.\\n\\nCookie duration: 365 (days).\\n\\nData collected and processed: Non-precise location data, IP addresses\\n\\nmore\\n\\nCookie duration resets each session.\\n\\nView details | Storage details | Privacy policylaunch\\n\\n## Seenthis AB\\n\\nDoesn't use cookies.\\n\\nData collected and processed: IP addresses, Device characteristics\\n\\nmore\\n\\nView details | Privacy policylaunch\\n\\n## Commanders Act\\n\\nCookie duration: 365 (days).\\n\\nData collected and processed: IP addresses, Device identifiers\\n\\nmore\\n\\nView details | Storage details | Privacy policylaunch\\n\\n## travel audience GmbH\\n\\nCookie duration: 397 (days).\\n\\nData collected and processed: Users\\u2019 profiles, Probabilistic identifiers,\\nBrowsing and interaction data, Non-precise location data, Authentication-\\nderived identifiers, IP addresses, Precise location data, Device\\ncharacteristics, Device identifiers\\n\\nmore\\n\\nCookie duration resets each session. Uses other forms of storage.\\n\\nView details | Privacy policylaunch\\n\\n## HUMAN\\n\\nDoesn't use cookies.\\n\\nData collected and processed: Probabilistic identifiers, Non-precise location\\ndata, IP addresses, Device characteristics, Device identifiers\\n\\nmore\\n\\nView details | Privacy policylaunch\\n\\n## Adludio Ltd.\\n\\nDoesn't use cookies.\\n\\nData collected and processed: Device characteristics\\n\\nmore\\n\\nView details | Privacy policylaunch\\n\\n## Blendee srl\\n\\nCookie duration: 366 (days).\\n\\nData collected and processed: User-provided data, Users\\u2019 profiles, Privacy\\nchoices, Browsing and interaction data, Non-precise location data,\\nAuthentication-derived identifiers, IP addresses, Device characteristics,\\nDevice identifiers\\n\\nmore\\n\\nCookie duration resets each session. Uses other forms of storage.\\n\\nView details | Storage details | Privacy policylaunch\\n\\n## Innovid LLC\\n\\nCookie duration: 90 (days).\\n\\nData collected and processed: Privacy choices, Browsing and interaction data,\\nNon-precise location data, IP addresses, Device characteristics, Device\\nidentifiers\\n\\nmore\\n\\nCookie duration resets each session.\\n\\nView details | Storage details | Privacy policylaunch\\n\\n## Papirfly AS\\n\\nDoesn't use cookies.\\n\\nData collected and processed: Device characteristics\\n\\nmore\\n\\nView details | Privacy policylaunch\\n\\n## Neustar, Inc., a TransUnion company\\n\\nCookie duration: 365 (days).\\n\\nData collected and processed: User-provided data, Users\\u2019 profiles, Privacy\\nchoices, Probabilistic identifiers, Browsing and interaction data, Non-precise\\nlocation data, Authentication-derived identifiers, IP addresses, Device\\ncharacteristics, Device identifiers\\n\\nmore\\n\\nCookie duration resets each session. Uses other forms of storage.\\n\\nView details | Privacy policylaunch\\n\\n## Verve Group Europe GmbH\\n\\nDoesn't use cookies.\\n\\nData collected and processed: User-provided data, Users\\u2019 profiles, Privacy\\nchoices, Browsing and interaction data, Non-precise location data,\\nAuthentication-derived identifiers, IP addresses, Precise location data,\\nDevice characteristics, Device identifiers\\n\\nmore\\n\\nUses other forms of storage.\\n\\nView details | Privacy policylaunch\\n\\n## Otto (GmbH &amp; Co KG)\\n\\nCookie duration: 365 (days).\\n\\nData collected and processed: User-provided data, Users\\u2019 profiles, Privacy\\nchoices, Browsing and interaction data, IP addresses, Device identifiers\\n\\nmore\\n\\nCookie duration resets each session. Uses other forms of storage.\\n\\nView details | Storage details | Privacy policylaunch\\n\\n## Adobe Audience Manager, Adobe Experience Platform\\n\\nCookie duration: 180 (days).\\n\\nData collected and processed: User-provided data, Users\\u2019 profiles, Privacy\\nchoices, Probabilistic identifiers, Browsing and interaction data, Non-precise\\nlocation data, Authentication-derived identifiers, IP addresses, Precise\\nlocation data, Device characteristics, Device identifiers\\n\\nmore\\n\\nCookie duration resets each session.\\n\\nView details | Storage details | Privacy policylaunch\\n\\n## Localsensor B.V.\\n\\nDoesn't use cookies.\\n\\nData collected and processed: Privacy choices, Non-precise location data, IP\\naddresses, Precise location data, Device characteristics, Device identifiers\\n\\nmore\\n\\nUses other forms of storage.\\n\\nView details | Privacy policylaunch\\n\\n## Online Solution\\n\\nCookie duration: 365 (days).\\n\\nData collected and processed: User-provided data, Users\\u2019 profiles, Privacy\\nchoices, Probabilistic identifiers, Browsing and interaction data, Non-precise\\nlocation data, IP addresses, Precise location data, Device characteristics,\\nDevice identifiers\\n\\nmore\\n\\nCookie duration resets each session. Uses other forms of storage.\\n\\nView details | Privacy policylaunch\\n\\n## Relay42 Netherlands B.V.\\n\\nCookie duration: 730 (days).\\n\\nData collected and processed: User-provided data, Users\\u2019 profiles, Privacy\\nchoices, Probabilistic identifiers, Browsing and interaction data, IP\\naddresses, Device characteristics, Device identifiers\\n\\nmore\\n\\nView details | Storage details | Privacy policylaunch\\n\\n## GP One GmbH\\n\\nCookie duration: Uses session cookies.\\n\\nData collected and processed: User-provided data, Privacy choices, Browsing\\nand interaction data, Non-precise location data, IP addresses, Device\\ncharacteristics\\n\\nmore\\n\\nUses other forms of storage.\\n\\nView details | Storage details | Privacy policylaunch\\n\\n## The MediaGrid Inc.\\n\\nCookie duration: 365 (days).\\n\\nData collected and processed: Privacy choices, Probabilistic identifiers,\\nBrowsing and interaction data, Non-precise location data, IP addresses,\\nPrecise location data, Device characteristics, Device identifiers\\n\\nmore\\n\\nCookie duration resets each session. Uses other forms of storage.\\n\\nView details | Storage details | Privacy policylaunch\\n\\n## MindTake Research GmbH\\n\\nCookie duration: 180 (days).\\n\\nData collected and processed: Users\\u2019 profiles, Probabilistic identifiers,\\nBrowsing and interaction data, IP addresses, Device characteristics, Device\\nidentifiers\\n\\nmore\\n\\nUses other forms of storage.\\n\\nView details | Privacy policylaunch\\n\\n## Cint AB\\n\\nCookie duration: 730 (days).\\n\\nData collected and processed: Privacy choices, Browsing and interaction data,\\nIP addresses, Device characteristics, Device identifiers\\n\\nmore\\n\\nUses other forms of storage.\\n\\nView details | Privacy policylaunch\\n\\n## Google Advertising Products\\n\\nCookie duration: 396 (days).\\n\\nData collected and processed: User-provided data, Users\\u2019 profiles, Privacy\\nchoices, Browsing and interaction data, Non-precise location data,\\nAuthentication-derived identifiers, IP addresses, Device characteristics,\\nDevice identifiers\\n\\nmore\\n\\nUses other forms of storage.\\n\\nView details | Privacy policylaunch\\n\\n## GfK GmbH\\n\\nCookie duration: 730 (days).\\n\\nData collected and processed: User-provided data, Users\\u2019 profiles, Privacy\\nchoices, Browsing and interaction data, Non-precise location data,\\nAuthentication-derived identifiers, IP addresses, Device characteristics,\\nDevice identifiers\\n\\nmore\\n\\nUses other forms of storage.\\n\\nView details | Storage details | Privacy policylaunch\\n\\n## RevJet\\n\\nCookie duration: 730 (days).\\n\\nData collected and processed: Users\\u2019 profiles, Privacy choices, Non-precise\\nlocation data, IP addresses, Device identifiers\\n\\nmore\\n\\nCookie duration resets each session.\\n\\nView details | Storage details | Privacy policylaunch\\n\\n## Protected Media LTD\\n\\nDoesn't use cookies.\\n\\nData collected and processed: Probabilistic identifiers, Browsing and\\ninteraction data, IP addresses, Device characteristics, Device identifiers\\n\\nmore\\n\\nView details | Privacy policylaunch\\n\\n## Clinch Labs LTD\\n\\nCookie duration: 730 (days).\\n\\nData collected and processed: Users\\u2019 profiles, Privacy choices, Probabilistic\\nidentifiers, Browsing and interaction data, Non-precise location data, IP\\naddresses, Device characteristics, Device identifiers\\n\\nmore\\n\\nCookie duration resets each session.\\n\\nView details | Storage details | Privacy policylaunch\\n\\n## Oracle Data Cloud - Moat\\n\\nDoesn't use cookies.\\n\\nData collected and processed: Non-precise location data, IP addresses\\n\\nmore\\n\\nView details | Privacy policylaunch\\n\\n## Hearts and Science M\\u00fcnchen GmbH\\n\\nCookie duration: 60 (days).\\n\\nData collected and processed: IP addresses\\n\\nmore\\n\\nCookie duration resets each session.\\n\\nView details | Privacy policylaunch\\n\\n## Amazon Advertising\\n\\nCookie duration: 396 (days).\\n\\nData collected and processed: Users\\u2019 profiles, Privacy choices, Browsing and\\ninteraction data, Non-precise location data, Authentication-derived\\nidentifiers, IP addresses, Device characteristics, Device identifiers\\n\\nmore\\n\\nCookie duration resets each session. Uses other forms of storage.\\n\\nView details | Storage details | Privacy policylaunch\\n\\n## Moloco, Inc.\\n\\nCookie duration: 730 (days).\\n\\nData collected and processed: Non-precise location data, IP addresses, Device\\ncharacteristics, Device identifiers\\n\\nmore\\n\\nCookie duration resets each session. Uses other forms of storage.\\n\\nView details | Privacy policylaunch\\n\\n## Adtriba GmbH\\n\\nCookie duration: 730 (days).\\n\\nData collected and processed: Privacy choices, Browsing and interaction data,\\nNon-precise location data, Authentication-derived identifiers, IP addresses,\\nDevice characteristics, Device identifiers\\n\\nmore\\n\\nCookie duration resets each session.\\n\\nView details | Storage details | Privacy policylaunch\\n\\n## Objective Partners BV\\n\\nCookie duration: 90 (days).\\n\\nData collected and processed: Device identifiers\\n\\nmore\\n\\nCookie duration resets each session.\\n\\nView details | Storage details | Privacy policylaunch\\n\\n## Ensighten\\n\\nCookie duration: 1825 (days).\\n\\nData collected and processed: Privacy choices, Browsing and interaction data,\\nIP addresses, Device characteristics, Device identifiers\\n\\nmore\\n\\nCookie duration resets each session.\\n\\nView details | Storage details | Privacy policylaunch\\n\\n## eBay Inc\\n\\nCookie duration: 90 (days).\\n\\nData collected and processed: Privacy choices, IP addresses, Device\\ncharacteristics\\n\\nmore\\n\\nView details | Storage details | Privacy policylaunch\\n\\n## Hurra Communications GmbH\\n\\nCookie duration: 366 (days).\\n\\nData collected and processed: Probabilistic identifiers, Browsing and\\ninteraction data, Non-precise location data, Authentication-derived\\nidentifiers, IP addresses, Precise location data, Device characteristics,\\nDevice identifiers\\n\\nmore\\n\\nCookie duration resets each session.\\n\\nView details | Storage details | Privacy policylaunch\\n\\nAd partners\\n\\n## gskinner\\n\\nPrivacy policylaunch\\n\\n## Akamai\\n\\nPrivacy policylaunch\\n\\n## Meta\\n\\nPrivacy policylaunch\\n\\n## Aunica\\n\\nPrivacy policylaunch\\n\\n## Booking.com\\n\\nPrivacy policylaunch\\n\\n## C3 Metrics\\n\\nPrivacy policylaunch\\n\\n## IBM\\n\\nPrivacy policylaunch\\n\\n## Evidon\\n\\nPrivacy policylaunch\\n\\n## CUBED\\n\\nPrivacy policylaunch\\n\\n## Optomaton\\n\\nPrivacy policylaunch\\n\\n## intelliAd\\n\\nPrivacy policylaunch\\n\\n## Analights\\n\\nPrivacy policylaunch\\n\\n## Dstillery\\n\\nPrivacy policylaunch\\n\\n## MediaMath\\n\\nPrivacy policylaunch\\n\\n## ZMS\\n\\nPrivacy policylaunch\\n\\n## Dentsu Aegis Network\\n\\nPrivacy policylaunch\\n\\n## Omnicom Media Group\\n\\nPrivacy policylaunch\\n\\n## Digiseg\\n\\nPrivacy policylaunch\\n\\n## Resonate\\n\\nPrivacy policylaunch\\n\\n## Sojern\\n\\nPrivacy policylaunch\\n\\n## Haensel AMS\\n\\nPrivacy policylaunch\\n\\n## BDSK Handels GmbH & Co. KG\\n\\nPrivacy policylaunch\\n\\n## Tradedoubler AB\\n\\nPrivacy policylaunch\\n\\n## TrustArc\\n\\nPrivacy policylaunch\\n\\n## TruEffect\\n\\nPrivacy policylaunch\\n\\n## Marketing Science Consulting Group, Inc.\\n\\nPrivacy policylaunch\\n\\n## DENTSU\\n\\nPrivacy policylaunch\\n\\n## Kobler\\n\\nPrivacy policylaunch\\n\\n## Travel Data Collective\\n\\nPrivacy policylaunch\\n\\n## advolution.control\\n\\nPrivacy policylaunch\\n\\n## Widespace\\n\\nPrivacy policylaunch\\n\\n## LifeStreet\\n\\nPrivacy policylaunch\\n\\n## Vimeo\\n\\nPrivacy policylaunch\\n\\n## AdMaxim\\n\\nPrivacy policylaunch\\n\\n## Batch Media\\n\\nPrivacy policylaunch\\n\\n## Vodafone GmbH\\n\\nPrivacy policylaunch\\n\\n## Magnite\\n\\nPrivacy policylaunch\\n\\n## Scenestealer\\n\\nPrivacy policylaunch\\n\\n## Netquest\\n\\nPrivacy policylaunch\\n\\n## Manage.com\\n\\nPrivacy policylaunch\\n\\n## Cloudflare\\n\\nPrivacy policylaunch\\n\\n## Salesforce DMP\\n\\nPrivacy policylaunch\\n\\n## Netflix\\n\\nPrivacy policylaunch\\n\\n## Macromill group\\n\\nPrivacy policylaunch\\n\\n## ebuilders\\n\\nPrivacy policylaunch\\n\\n## AppLovin Corp.\\n\\nPrivacy policylaunch\\n\\n## Fractional Media\\n\\nPrivacy policylaunch\\n\\n## Rackspace\\n\\nPrivacy policylaunch\\n\\n## Liftoff\\n\\nPrivacy policylaunch\\n\\n## MSI-ACI\\n\\nPrivacy policylaunch\\n\\n## Navegg\\n\\nPrivacy policylaunch\\n\\n## Admedo\\n\\nPrivacy policylaunch\\n\\n## Kochava\\n\\nPrivacy policylaunch\\n\\n## Mobitrans\\n\\nPrivacy policylaunch\\n\\n## ADEX\\n\\nPrivacy policylaunch\\n\\n## Impact\\n\\nPrivacy policylaunch\\n\\n## Spotad\\n\\nPrivacy policylaunch\\n\\n## Aarki\\n\\nPrivacy policylaunch\\n\\n## SFR\\n\\nPrivacy policylaunch\\n\\n## Cablato\\n\\nPrivacy policylaunch\\n\\n## Waystack\\n\\nPrivacy policylaunch\\n\\n## TreSensa\\n\\nPrivacy policylaunch\\n\\n\", \"frontpage\": true}"}
