{"value":"{\"aid\": \"40220072\", \"title\": \"Every map of China is wrong\", \"url\": \"https://medium.com/@anastasia.bizyayeva/every-map-of-china-is-wrong-bc2bce145db2\", \"domain\": \"medium.com/anastasia.bizyayeva\", \"votes\": 7, \"user\": \"bschne\", \"posted_at\": \"2024-05-01 06:08:54\", \"comments\": 4, \"source_title\": \"Just a moment...\", \"source_text\": \"Just a moment...\\n\\n# medium.com\\n\\n## Verifying you are human. This may take a few seconds.\\n\\nmedium.com needs to review the security of your connection before proceeding.\\n\\nVerification successful\\n\\nWaiting for medium.com to respond...\\n\\nRay ID: 87ce12bd3e8d30cc\\n\\nPerformance & security by Cloudflare\\n\\n\", \"frontpage\": true}"}
