{"value":"{\"aid\": \"40219173\", \"title\": \"Two giants in the satellite telecom industry join forces to counter Starlink\", \"url\": \"https://arstechnica.com/space/2024/04/the-two-largest-geostationary-satellite-operators-will-become-one/\", \"domain\": \"arstechnica.com\", \"votes\": 5, \"user\": \"thunderbong\", \"posted_at\": \"2024-05-01 03:26:05\", \"comments\": 0, \"source_title\": \"Two giants in the satellite telecom industry join forces to counter Starlink\", \"source_text\": \"Two giants in the satellite telecom industry join forces to counter Starlink | Ars Technica\\n\\nSkip to main content\\n\\nSubscribe\\n\\nClose\\n\\n### Navigate\\n\\n  * Store\\n  * Subscribe\\n  * Videos\\n  * Features\\n  * Reviews\\n\\n  * RSS Feeds\\n  * Mobile Site\\n\\n  * About Ars\\n  * Staff Directory\\n  * Contact Us\\n\\n  * Advertise with Ars\\n  * Reprints\\n\\n### Filter by topic\\n\\n  * Biz & IT\\n  * Tech\\n  * Science\\n  * Policy\\n  * Cars\\n  * Gaming & Culture\\n  * Store\\n  * Forums\\n\\n### Settings\\n\\nFront page layout\\n\\nGrid\\n\\nList\\n\\nSite theme\\n\\nlight\\n\\ndark\\n\\nSign in\\n\\n#### M&A \\u2014\\n\\n# Two giants in the satellite telecom industry join forces to counter Starlink\\n\\n## SES is buying Intelsat, the world's first commercial satellite operator,\\nfor $3.1 billion.\\n\\nStephen Clark - 5/1/2024, 1:30 AM\\n\\nEnlarge / The Intelsat 901 satellite is seen by a Northrop Grumman servicing\\nvehicle in 2020.\\n\\nNorthrop Grumman\\n\\n#### reader comments\\n\\n26\\n\\nFacing competition from Starlink and other emerging satellite broadband\\nnetworks, the two companies that own most of the traditional commercial\\ncommunications spacecraft in geostationary orbit announced plans to join\\nforces Tuesday.\\n\\nSES, based in Luxembourg, will buy Intelsat for $3.1 billion. The acquisition\\nwill create a combined company boasting a fleet of some 100 multi-ton\\nsatellites in geostationary orbit, a ring of spacecraft located more than\\n22,000 miles (nearly 36,000 kilometers) over the equator. This will be more\\nthan twice the size of the fleet of the next-largest commercial geostationary\\nsatellite operator.\\n\\nThe problem is that demand is waning for communication services through large\\ngeostationary (GEO) satellites. There are some large entrenched customers,\\nlike video media companies and the military, that will continue to buy telecom\\ncapacity on geostationary satellites. But there's a growing demand among\\nconsumers, and some segments of the corporate and government markets, for the\\ntypes of services offered by constellations of smaller satellites flying\\ncloser to Earth.\\n\\nThe biggest of these constellations, by far, is SpaceX's Starlink network,\\nwith more than 5,800 active satellites in its low-Earth orbit fleet a few\\nhundred miles above Earth. Each of the Starlink satellites is smaller than a\\nconventional geostationary platform, but linked together with laser\\ncommunication terminals, thousands of these spacecraft pack enough punch to\\neclipse the capacity of internet networks anchored by geostationary\\nsatellites. Starlink now has more than 2.6 million subscribers, according to\\nSpaceX.\\n\\nSatellites in low-Earth orbit (LEO) offer some advantages over geostationary\\nsatellites. Because they are closer to users on the ground, low-Earth orbit\\nsatellites provide signals with lower latency. The satellites for these\\nconstellations can be mass-produced at relatively low cost, compared to a\\nsingle geostationary satellite, which often costs $250 million or more to\\nbuild and launch.\\n\\n\\\"In a fast-moving and competitive satellite communication industry, this\\ntransaction expands our multi-orbit space network, spectrum portfolio, ground\\ninfrastructure around the world, go-to-market capabilities, managed service\\nsolutions, and financial profile,\\\" said Adel Al-Saleh, CEO of SES, in a\\nstatement announcing the acquisition of Intelsat.\\n\\nAdvertisement\\n\\n## A trend of consolidation\\n\\nSome of the largest legacy operators in geostationary orbit have made moves\\nover the last decade to respond to the new competition.\\n\\nThe only operational low-Earth orbit internet constellation besides Starlink\\nwas launched by OneWeb, which primarily sells capacity to existing internet\\nproviders, who then distribute services to individual consumers. This is in\\ncontrast to SpaceX's approach with Starlink providing services direct to homes\\nand businesses.\\n\\nEutelsat, the third-largest operator of geostationary satellites, merged with\\nOneWeb last year, creating a company with a blended offering of GEO and LEO\\nservices. Viasat, a pioneer in satellite internet services using dedicated\\nspacecraft in geostationary orbit, last year purchased Inmarsat, which\\nspecialized in providing connectivity to airplanes and ships.\\n\\nSES's acquisition of Intelsat stands apart due to the size of their satellite\\nfleets. Founded in 1985, SES currently operates 43 geostationary satellites,\\nplus 26 broadband spacecraft in medium-Earth orbit (MEO) a few thousand miles\\nabove Earth. These MEO satellites operate in a kind of middle ground between\\nLEO and GEO satellites, offering lower-latency than geostationary networks,\\nwhile still flying high enough to not require hundreds or thousands of\\nspacecraft to blanket the globe.\\n\\nIntelsat has 57 geostationary satellites, primarily for television and video\\nrelay services. Al-Saleh said the combined company will offer coverage over 99\\npercent of the world, and provide services through a range of communication\\nbands. For now, LEO broadband satellites in the Starlink and OneWeb networks\\nbeam signals to user terminals in Ku-band.\\n\\nAl-Saleh said the combined networks of SES and Intelsat will span Ka-band, Ku-\\nband, X-band, C-band, UHF, and secure bands tailored for military use. \\\"That\\ngives us a unique position in the market place to be able to deliver to our\\nclients,\\\" he said.\\n\\nSES and Intelsat have 13 new satellites on order, including six GEO spacecraft\\nand seven broadband MEO satellites. Intelsat also brings to the table access\\nto OneWeb's LEO constellation. Earlier this year, Intelsat announced it\\nreserved $250 million of capacity on OneWeb's network over the next six years,\\nwith an option to purchase double that amount.\\n\\nAdvertisement\\n\\nEnlarge / This illustration shows the relative locations of satellites in\\ngeostationary orbit, medium-Earth orbit, and low-Earth orbit.\\n\\nCongressional Budget Office\\n\\n\\\"We will create a stronger expanded network capabilities that are multi-\\norbit,\\\" Al-Saleh said in an earnings call Tuesday. \\\"We are not just a GEO\\nplayer. We are an all-orbit player.\\\"\\n\\nInternet signals coming from a GEO satellite, like a Viasat spacecraft,\\ntypically have a latency of about 600 milliseconds. Al-Saleh said SES's O3b\\nnetwork in medium-Earth orbit provides signals with a latency of about 120\\nmilliseconds. According to SpaceX, Starlink latency ranges between 25 and 60\\nmilliseconds.\\n\\n## A satellite pioneer\\n\\nIntelsat has a storied history. Founded in 1964 as an intergovernmental\\norganization, Intelsat operated the first commercial communications satellite\\nin geostationary orbit. It became a private company in 2001, then went public\\nin 2013 before filing for bankruptcy in 2020. Intelsat emerged from bankruptcy\\nproceedings as a private company in 2022.\\n\\n\\u201cOver the past two years, the Intelsat team has executed a remarkable\\nstrategic reset,\\\" said David Wajsgras, CEO of Intelsat, in a statement. \\\"We\\nhave reversed a 10-year negative trend to return to growth, established a new\\nand game-changing technology roadmap, and focused on productivity and\\nexecution to deliver competitive capabilities.\\\"\\n\\nSES and Intelsat expect the acquisition to close in the second half of 2025,\\npending regulatory approvals. The boards of both companies unanimously\\napproved the transaction.\\n\\nBoth companies maintain hundreds of millions of dollars of business with the\\nUS government each year, and the military's appetite for commercial satellite\\ncommunications is going up. \\\"I think many of the satellite players are seeing\\nthe benefit of that, not just us,\\\" Al-Saleh said. \\\"You can look at our\\ncompetitors. You can look at Starlink. You can look at others. We're all\\nseeing an uptick in demand.\\\"\\n\\nAl-Saleh said he doesn't foresee any roadblocks from the Pentagon or any\\ngovernment regulators before closing the transaction next year.\\n\\nSES and Intelsat revealed last year there were in talks to combine. According\\nto Al-Saleh, SES looked at multiple opportunities for mergers or acquisitions\\nto make use of a multibillion-dollar windfall from the Federal Communications\\nCommission tied to the auction of C-band satellite spectrum for cellular\\nnetworks.\\n\\n\\u201cIt was clear to us that this particular transaction, if we\\u2019re able to\\nsuccessfully close it with the right type of value, is the most compelling\\nproposition we had on the table,\\\" he said.\\n\\n### Ars Video\\n\\n### What Happens to the Developers When AI Can Code? | Ars Frontiers\\n\\n#### reader comments\\n\\n26\\n\\nStephen Clark Stephen Clark is a space reporter at Ars Technica, covering\\nprivate space companies and the world\\u2019s space agencies. Stephen writes about\\nthe nexus of technology, science, policy, and business on and off the planet.\\n\\nAdvertisement\\n\\n### Channel Ars Technica\\n\\n#### Unsolved Mysteries Of Quantum Leap With Donald P. Bellisario\\n\\nToday \\\"Quantum Leap\\\" series creator Donald P. Bellisario joins Ars Technica to\\nanswer once and for all the lingering questions we have about his enduringly\\npopular show. Was Dr. Sam Beckett really leaping between all those time\\nperiods and people or did he simply imagine it all? What do people in the\\nwaiting room do while Sam is in their bodies? What happens to Sam's loyal ally\\nAl? 30 years following the series finale, answers to these mysteries and more\\nawait.\\n\\n  * ##### Unsolved Mysteries Of Quantum Leap With Donald P. Bellisario\\n\\n  * ##### Unsolved Mysteries Of Warhammer 40K With Author Dan Abnett\\n\\n  * ##### SITREP: F-16 replacement search a signal of F-35 fail?\\n\\n  * ##### Sitrep: Boeing 707\\n\\n  * ##### Steve Burke of GamersNexus Reacts To Their Top 1000 Comments On YouTube\\n\\n  * ##### Modern Vintage Gamer Reacts To His Top 1000 Comments On YouTube\\n\\n  * ##### How The NES Conquered A Skeptical America In 1985\\n\\n  * ##### Scott Manley Reacts To His Top 1000 YouTube Comments\\n\\n  * ##### How Horror Works in Amnesia: Rebirth, Soma and Amnesia: The Dark Descent\\n\\n  * ##### LGR's Clint Basinger Reacts To His Top 1000 YouTube Comments\\n\\n  * ##### The F-35's next tech upgrade\\n\\n  * ##### How One Gameplay Decision Changed Diablo Forever\\n\\n  * ##### Unsolved Mortal Kombat Mysteries With Dominic Cianciolo From NetherRealm Studios\\n\\n  * ##### US Navy Gets an Italian Accent\\n\\n  * ##### How Amazon\\u2019s \\u201cUndone\\u201d Animates Dreams With Rotoscoping And Oil Paints\\n\\n  * ##### Fighter Pilot Breaks Down Every Button in an F-15 Cockpit\\n\\n  * ##### How NBA JAM Became A Billion-Dollar Slam Dunk\\n\\n  * ##### Linus \\\"Tech Tips\\\" Sebastian Reacts to His Top 1000 YouTube Comments\\n\\n  * ##### How Alan Wake Was Rebuilt 3 Years Into Development\\n\\n  * ##### How Prince of Persia Defeated Apple II's Memory Limitations\\n\\n  * ##### How Crash Bandicoot Hacked The Original Playstation\\n\\n  * ##### Myst: The challenges of CD-ROM | War Stories\\n\\n  * ##### Markiplier Reacts To His Top 1000 YouTube Comments\\n\\n  * ##### How Mind Control Saved Oddworld: Abe's Oddysee\\n\\n  * ##### Bioware answers unsolved mysteries of the Mass Effect universe\\n\\n  * ##### Civilization: It's good to take turns | War Stories\\n\\n  * ##### SITREP: DOD Resets Ballistic Missile Interceptor program\\n\\n  * ##### Warframe's Rebecca Ford reviews your characters\\n\\n  * ##### Subnautica: A world without guns | War Stories\\n\\n  * ##### How Slay the Spire\\u2019s Original Interface Almost Killed the Game | War Stories\\n\\n  * ##### Amnesia: The Dark Descent - The horror facade | War Stories\\n\\n  * ##### Command & Conquer: Tiberian Sun | War Stories\\n\\n  * ##### Blade Runner: Skinjobs, voxels, and future noir | War Stories\\n\\n  * ##### Dead Space: The Drag Tentacle | War Stories\\n\\n  * ##### Teach the Controversy: Flat Earthers\\n\\n  * ##### Delta V: The Burgeoning World of Small Rockets, Paul Allen's Huge Plane, and SpaceX Gets a Crucial Green-light\\n\\n  * ##### Chris Hadfield explains his 'Space Oddity' video\\n\\n  * ##### The Greatest Leap, Episode 1: Risk\\n\\n  * ##### Ultima Online: The Virtual Ecology | War Stories\\n\\nMore videos\\n\\n\\u2190 Previous story\\n\\n### Related Stories\\n\\n### Today on Ars\\n\\nCNMN Collection WIRED Media Group \\u00a9 2024 Cond\\u00e9 Nast. All rights reserved. Use of and/or registration on any portion of this site constitutes acceptance of our User Agreement (updated 1/1/20) and Privacy Policy and Cookie Statement (updated 1/1/20) and Ars Technica Addendum (effective 8/21/2018). Ars may earn compensation on sales from links on this site. Read our affiliate link policy. Your California Privacy Rights | Manage Preferences The material on this site may not be reproduced, distributed, transmitted, cached or otherwise used, except with the prior written permission of Cond\\u00e9 Nast. Ad Choices\\n\\n## We Care About Your Privacy\\n\\nWe and our 166 partners store and/or access information on a device, such as\\nunique IDs in cookies to process personal data. You may accept or manage your\\nchoices by clicking below or at any time in the privacy policy page. These\\nchoices will be signaled to our partners and will not affect browsing\\ndata.More information about your privacy\\n\\n### We and our partners process data to provide:\\n\\nUse precise geolocation data. Actively scan device characteristics for\\nidentification. Store and/or access information on a device. Personalised\\nadvertising and content, advertising and content measurement, audience\\nresearch and services development.\\n\\n\", \"frontpage\": true}"}
