{"value":"{\"aid\": \"40220928\", \"title\": \"Dating app Bumble will no longer require women to make the first move\", \"url\": \"https://www.cnn.com/2024/04/30/tech/bumble-relaunch-men-make-first-move/index.html\", \"domain\": \"cnn.com\", \"votes\": 1, \"user\": \"8f2ab37a-ed6c\", \"posted_at\": \"2024-05-01 08:43:50\", \"comments\": 0, \"source_title\": \"edition.cnn.com\", \"source_text\": \"edition.cnn.com\\n\\n# This edition.cnn.com page can\\u2019t be found\\n\\nNo webpage was found for the web address:\\nhttps://edition.cnn.com/2024/04/30/tech/bumble-relaunch-men-make-first-\\nmove/index.html\\n\\nHTTP ERROR 404\\n\\nnull\\n\\nNo webpage was found for the web address:\\nhttps://edition.cnn.com/2024/04/30/tech/bumble-relaunch-men-make-first-\\nmove/index.html\\n\\n\", \"frontpage\": false}"}
