{"value":"{\"aid\": \"40220578\", \"title\": \"Astronauts could run round 'Wall of Death' to keep fit on moon, say scientists\", \"url\": \"https://www.theguardian.com/science/2024/may/01/astronauts-could-run-round-wall-of-death-to-keep-fit-on-moon-say-scientists\", \"domain\": \"theguardian.com\", \"votes\": 1, \"user\": \"beardyw\", \"posted_at\": \"2024-05-01 07:45:30\", \"comments\": 0, \"source_title\": \"Astronauts could run round \\u2018Wall of Death\\u2019 to keep fit on moon, say scientists\", \"source_text\": \"Astronauts could run round \\u2018Wall of Death\\u2019 to keep fit on moon, say scientists | Science | The Guardian\\n\\nSkip to main contentSkip to navigationSkip to navigation\\n\\nPrint subscriptions\\n\\nSign in\\n\\nSearch jobs\\n\\nSearch\\n\\n  * Europe edition\\n\\n  * UK edition\\n\\n  * US edition\\n\\n  * Australia edition\\n\\n  * International edition\\n\\nThe Guardian - Back to homeThe Guardian\\n\\n  * World\\n  * UK\\n  * Climate crisis\\n  * Ukraine\\n  * Environment\\n  * Science\\n  * Global development\\n  * Football\\n  * Tech\\n  * Business\\n  * Obituaries\\n\\nAstronauts train on a circus Wall of Death \\u2013 video\\n\\nScience\\n\\n# Astronauts could run round \\u2018Wall of Death\\u2019 to keep fit on moon, say\\nscientists\\n\\nResearchers suggest cylinder to prevent astronauts losing muscle mass in low\\ngravity environment\\n\\nIan Sample Science editor\\n\\nShare\\n\\nAs humans prepare to return to the moon after an absence of more than half a\\ncentury, researchers have hit on a radical approach to keeping astronauts fit\\nas they potter around the ball of rock.\\n\\nTo prevent lunar explorers from becoming weak and feeble in the low gravity\\nenvironment, scientists suggest astronauts go for a run. But, this being\\nspace, it\\u2019s not just any kind of run \\u2013 researchers have advised astronauts run\\nseveral times a day around a \\u201clunar Wall of Death\\u201d.\\n\\nUsing a rented Wall of Death \\u2013 a giant wooden cylinder used by motorcycle\\nstunt performers in their gravity-defying fairground act \\u2013 a 36m-high\\ntelescopic crane, and some bungee cords, researchers showed it was possible\\nfor a human to run fast enough in lunar gravity not only to remain on the\\nwall, but to generate sufficient lateral force to combat bone and muscle\\nwasting.\\n\\n\\u201cI\\u2019m amazed that nobody had the idea before,\\u201d said Alberto Minetti, professor\\nof physiology at the University of Milan. \\u201cThis could be a convenient way to\\ntrain on the moon.\\u201d And easier than building a spinning moon base that\\ngenerates the force, like the giant wheel of Space Station One in 2001: A\\nSpace Odyssey.\\n\\nHumans have not set foot on the moon since the end of the Apollo program in\\n1972, but Nasa and other space agencies are gearing up for a return, with\\nlong-term missions in permanent habitats. Nasa\\u2019s Artemis astronauts are due to\\nfly around the moon next year with a follow-up mission to the surface as early\\nas 2026.\\n\\nThe hostile lunar environment presents several challenges, from ensuring\\nastronauts have air, food and water to being well protected against space\\nradiation. But without normal gravity to work against, astronauts lose bone\\nand muscle mass, along with the fine nervous system control needed for\\ncoordinated movements, making measures to combat \\u201cdeconditioning\\u201d a priority.\\n\\nCalculations by Minetti and his colleagues show that humans would find it\\nextremely difficult to run around a Wall of Death on Earth without falling\\ndown. But in lunar gravity, which is one sixth that on Earth, the feat is much\\neasier. According to his calculations, running at more than 8mph should be\\nenough.\\n\\nTo test the idea, two researchers ran around a 10m-wide Wall of Death while\\nattached to a bungee cord suspended from the crane. The set-up emulated lunar\\ngravity by taking five-sixths off their body weight. Combined with treadmill\\ndata, the scientists conclude that running for a couple of minutes at the\\nstart and end of each day, should generate enough lateral force, or\\n\\u201cartificial gravity\\u201d to keep bones and muscles strong and maintain good\\nnervous system control.\\n\\nRather than transporting an actual Wall of Death to the moon, astronauts could\\nbe housed in circular habitats, allowing them to run around the walls of their\\noff-world homes, the team write in Royal Society Open Science.\\n\\n\\u201cA horizontal running cylinder certainly promises to be a useful\\ncountermeasure to help prevent deconditioning in reduced gravity on the moon,\\u201d\\nsaid Maria Stokes, professor of neuromusculoskeletal rehabilitation at the\\nUniversity of Southampton. But specific training for everyday living and work\\nactivities would still be needed, she added, to maintain particular skills and\\nensure astronauts operated safely on the surface.\\n\\nNick Caplan, professor of aerospace medicine and rehabilitation at Northumbria\\nUniversity, Newcastle, said the proposal was \\u201ccertainly novel\\u201d, but questioned\\nwhether early lunar habitats would be large enough to accommodate such running\\ntracks. With colleagues, he is working on new approaches to exercise in space\\nand on the moon, including inflatable cuffs to compress limbs and restrict\\nblood flow.\\n\\n\\u201cBlood flow restriction exercise has been shown in studies on Earth to give\\nsimilar muscle, bone and cardiorespiratory training benefits normally seen\\nduring higher intensity exercise, at much lower exercise intensities and\\ndurations,\\u201d Caplan said. \\u201cThis may, therefore, make existing exercise\\ncountermeasures more effective at keeping astronauts healthy without the need\\nfor a lunar Wall of Death.\\u201d\\n\\nExplore more on these topics\\n\\n  * Science\\n  * The moon\\n  * Space\\n  * news\\n\\nShare\\n\\nReuse this content\\n\\n## Most viewed\\n\\n## Most viewed\\n\\n  * World\\n  * UK\\n  * Climate crisis\\n  * Ukraine\\n  * Environment\\n  * Science\\n  * Global development\\n  * Football\\n  * Tech\\n  * Business\\n  * Obituaries\\n\\n  * News\\n  * Opinion\\n  * Sport\\n  * Culture\\n  * Lifestyle\\n\\nOriginal reporting and incisive analysis, direct from the Guardian every\\nmorning\\n\\nSign up for our email\\n\\n  * Help\\n  * Complaints & corrections\\n  * SecureDrop\\n  * Work for us\\n  * Privacy policy\\n  * Cookie policy\\n  * Terms & conditions\\n  * Contact us\\n\\n  * All topics\\n  * All writers\\n  * Digital newspaper archive\\n  * Facebook\\n  * YouTube\\n  * Instagram\\n  * LinkedIn\\n  * Twitter\\n  * Newsletters\\n\\n  * Advertise with us\\n  * Search UK jobs\\n\\nBack to top\\n\\n\\u00a9 2024 Guardian News & Media Limited or its affiliated companies. All rights\\nreserved. (dcr)\\n\\n\", \"frontpage\": false}"}
