"id","predicted_churn_probability"
"K751808",0.00842348919683679
"K837351",0.0644420697390194
"K548114",0.0254774879697884
"K736156",0.0118656467778919
"K508080",0.0105346243345699
"K823422",0.20064851695065
"K912220",0.0490042013361497
"K917925",0.0845384106911849
"K857768",0.0216740821825446
"K733855",0.020656297235098
"K530927",0.00638484731516018
"K689281",0.661303841645898
"K779910",0.0688387713567588
"K696152",0.829434960540981
"K984423",0.00307089029138919
"K521601",0.0000000246781550107473
"K805248",0.137997841128443
"K896458",0.0644594759039321
"K802487",0.00691587548640752
"K619527",0.00400330074714966
"K653124",0.00513291377254119
"K977125",0.00462566554184318
"K885860",0.00360099031367529
"K669676",0.719099089346821
"K915073",0.0184356309398075
"K632791",0.0864888316843301
"K815141",0.0265514042170508
"K867693",0.0127830256424101
"K961174",0.00206552239130217
"K688992",0.051965161978359
"K547786",0.0522655906806696
"K726310",0.0769822472994751
"K963760",0.00262178784072441
"K926609",0.0594119309922915
"K884651",0.0487809882284465
"K644620",0.76970128914337
"K677219",0.0261002509172666
"K725038",0.0000000206536285056719
"K884425",0.0184837407683463
"K891429",0.0602585574347378
"K838479",0.0467114386775067
"K526004",0.0167978109005523
"K763596",0.874115026581578
"K990929",0.768665617174141
"K954837",0.78212810939991
"K718970",0.106750188120273
"K888726",0.0169161483213199
"K994955",0.00607846849118699
"K633153",0.0130242305697168
"K928121",0.00349149554957274
"K953945",0.10771485125288
"K709629",0.0937714043593329
"K694845",0.0000000234827811914905
"K963281",0.0115008543387439
"K874326",0.0112599211154936
"K641920",0.00563504526065501
"K890217",0.852207407980283
"K548035",0.00272489203206129
"K723452",0.088114292077778
"K948363",0.00000000950482865692886
"K820239",0.0185923911555413
"K896590",0.0611667323563325
"K932037",0.0420290222184248
"K937754",0.698382024835729
"K774408",0.0000000362019874369968
"K539470",0.00268201121407116
"K518293",0.00969036800581121
"K786774",0.00232764780691829
"K720003",0.114058941691044
"K609473",0.0525326289902244
"K982436",0.0141858759252035
"K614020",0.163214576188323
"K874108",0.577976488452468
"K977085",0.12024291975061
"K947599",0.0496336348153052
"K888551",0.707930821786455
"K700222",0.00104782116113272
"K674517",0.0447443521010155
"K951596",0.0172704013142384
"K834937",0.928432083354191
"K855476",0.0822192358855436
"K833208",0.863257738150989
"K763287",0.0107154015102698
"K503978",0.130308116413251
"K591416",0.0363954211227679
"K558625",0.0205306202678746
"K613758",0.0586133244021672
"K651230",0.118334252451588
"K813321",0.604653112570484
"K604105",0.0663016329882491
"K877024",0.774523750427278
"K984122",0.0408708487043927
"K889986",0.0688147929822988
"K794185",0.0648668097161875
"K557118",0.687747182607717
"K914279",0.0780713841734688
"K661078",0.492997634530786
"K693776",0.0131771400059209
"K534207",0.0688565263885977
"K877484",0.836337750354035
"K610918",0.0103172534859627
"K575118",0.0809125111388236
"K781836",0.0329335675138714
"K740446",0.0435083886687267
"K777229",0.00102936007706445
"K645863",0.0126139457316227
"K975623",0.596055797429163
"K973462",0.0799271427677581
"K754902",0.00477879851308055
"K602728",0.00258473859858253
"K527217",0.00000000787824186249022
"K536045",0.0597182125029872
"K648967",0.00869383192607247
"K794589",0.0789832876485716
"K626635",0.804887459475038
"K920875",0.0424151706819409
"K987278",0.21339631023904
"K834490",0.00375593460567014
"K798363",0.0159821985775765
"K907249",0.0179420997111619
"K686713",0.0890417310576319
"K955872",0.00236160761320993
"K984811",0.0202658142385486
"K676484",0.0177091302971692
"K876097",0.0299729741822278
"K738209",0.0102988317465345
"K995912",0.0645613856984135
"K648054",0.020884074296852
"K970986",0.00789146983003368
"K688465",0.0204224058508758
"K618821",0.00149894487544228
"K517990",0.0495496357237054
"K650218",0.00135371268372771
"K573337",0.0969814712922905
"K939159",0.0126250749606531
"K662189",0.0955362862394948
"K608686",0.0550016639132197
"K524468",0.651733554524245
"K644051",0.0623263573957892
"K856737",0.0376194999806758
"K546575",0.0512510164010117
"K984464",0.105122146693472
"K776034",0.0290062076689094
"K663765",0.0631095409388456
"K848337",0.0456660279639357
"K921077",0.151585385647054
"K972618",0.0432045032089019
"K594517",0.0449532867733537
"K808518",0.0862402220922991
"K544136",0.0504135789625988
"K687788",0.00389821978776619
"K871344",0.00261579129539472
"K669598",0.107003913865398
"K755360",0.0176615594683852
"K949342",0.00264256729775167
"K976992",0.0593801757040324
"K637949",0.0344402888157536
"K518995",0.00664955806205937
"K726877",0.00304578293955412
"K960270",0.304709574164156
"K640917",0.0644836114623728
"K513072",0.023180939930731
"K502427",0.642027830338321
"K598923",0.00195297096812156
"K935230",0.923562126258162
"K844627",0.0196782572401649
"K722310",0.00191518610070395
"K621204",0.834353424059177
"K519636",0.0537481677918363
"K512650",0.00276408768099857
"K528735",0.160819302181639
"K936595",0.00988574484676595
"K760157",0.0092396724998931
"K913520",0.0164328545839923
"K973737",0.00910959601312511
"K601120",0.00470500741975473
"K585097",0.00509445776580048
"K804102",0.00613758828166862
"K991376",0.0702806177497956
"K656320",0.0639096697380175
"K626435",0.00531151584875366
"K662122",0.0022306369540911
"K647819",0.635305979716294
"K952181",0.0659450642023575
"K768115",0.00836468467598641
"K617950",0.0754613887295708
"K967465",0.0855724482903022
"K511776",0.194286725117958
"K992718",0.0741388527156198
"K982915",0.012985044157833
"K796444",0.00403507663074859
"K523610",0.0159655883980108
"K901596",0.0985776723105991
"K972682",0.00731861774148825
"K777234",0.0897455134502301
"K813890",0.843400964106586
"K870464",0.0405652754852837
"K610806",0.0460818364310848
"K819293",0.0496388796730085
"K543895",0.616913695542543
"K898745",0.00810262472482784
"K864139",0.0602104521120283
"K599416",0.039076549863739
"K994750",0.0102972186699331
"K930746",0.00236105536538092
"K710171",0.00187105293844202
"K845754",0.00764179859773058
"K967305",0.00760689607789588
"K643845",0.027108992934428
"K932627",0.0132377455855514
"K979445",0.70409820956872
"K728236",0.00708763531345037
"K808239",0.0289511254093507
"K501879",0.860331998233186
"K926895",0.024845849447969
"K542969",0.00148495835293241
"K564321",0.00576013085533031
"K901910",0.011675487250095
"K908190",0.0818912823578379
"K746181",0.206814874206294
"K567858",0.007025909749211
"K656264",0.628236816111775
"K757252",0.0100693426365659
"K705885",0.00819353474730659
"K876878",0.00474139231517505
"K591956",0.0119289506452112
"K623325",0.00923065084434856
"K651257",0.0209434569762996
"K725017",0.00372279770258742
"K759401",0.0303846960083514
"K605579",0.0918703024045373
"K645478",0.0157588396054829
"K695855",0.0192794459835057
"K739017",0.0163405540137491
"K531266",0.00712807092667419
"K734826",0.00875685858884523
"K818398",0.00502486963965615
"K539458",0.0648193667232204
"K883015",0.0615105296809949
"K600387",0.0000000112250729888788
"K931922",0.0158628192050839
"K860268",0.301740345280147
"K591685",0.0134896123458023
"K958581",0.00145275295247918
"K858260",0.00317837390397404
"K718111",0.0038951346760749
"K943104",0.00629585908657631
"K704648",0.0158839561674058
"K523722",0.0263506996364949
"K563485",0.0238959504329792
"K843194",0.0141524069576345
"K618673",0.0193590785101166
"K936399",0.00332198878148534
"K645649",0.00653244761123411
"K943424",0.0000000067452419039508
"K955596",0.0234067044334042
"K585307",0.0469125645410123
"K869468",0.200874267215887
"K982970",0.0179726640611141
"K586845",0.0125589167028044
"K567108",0.0347129325528743
"K624848",0.00440729520452932
"K728058",0.00288248691876302
"K679871",0.0427346140172511
"K606890",0.117281706981557
"K971949",0.0495806724699461
"K930969",0.0130485221814933
"K610802",0.558607604842353
"K549353",0.0220184122767893
"K546650",0.734740352868065
"K715365",0.0354897753381651
"K994503",0.673993507152765
"K676785",0.05002916345078
"K836427",0.0667672348572942
"K621061",0.074325084689974
"K601568",0.00543354427118267
"K508949",0.0500826101006732
"K990819",0.00341288750144488
"K688605",0.0510072107326877
"K778312",0.844321251730501
"K522355",0.0597599168860954
"K691093",0.105085700324174
"K897580",0.134783504867365
"K623621",0.0106564035936352
"K559649",0.00477854820699998
"K920771",0.0177825376548791
"K572234",0.00699126342527089
"K885891",0.0940377781390541
"K505001",0.796872819289788
"K822326",0.0000000278638235196863
"K938343",0.00194248736855987
"K775249",0.81625634801732
"K996316",0.0208227407419399
"K714781",0.0667980038058998
"K557159",0.00319727418940447
"K509204",0.765922813268248
"K503350",0.0149599856378379
"K767242",0.774880574172987
"K652827",0.682442639390444
"K691483",0.178642863583905
"K935259",0.00277053752228284
"K852248",0.0180643174197065
"K647041",0.109919848239123
"K967634",0.067654930244065
"K652033",0.065410417540553
"K519147",0.0000000128657258801233
"K668690",0.0060524337584605
"K787255",0.0245681221958426
"K595493",0.0618126561134219
"K817499",0.801219580080143
"K813066",0.0161109567116703
"K553647",0.00219176898824331
"K569342",0.00295297567824244
"K622477",0.0153186658009117
"K643255",0.0519970331191602
"K757598",0.0455384538063206
"K854725",0.00697684841626179
"K989364",0.0419488040179746
"K762052",0.0637465064855316
"K997967",0.128382037892724
"K767521",0.104255199079147
"K556948",0.0181586209500523
"K568814",0.0000000143335585593648
"K811353",0.654812040961562
"K648248",0.0792208901026581
"K855187",0.0130688390406494
"K784749",0.0126906742764251
"K798139",0.00385651654507313
"K793954",0.0755278660550239
"K779267",0.00279101360117498
"K502411",0.0813781408569364
"K800259",0.00542263267182573
"K630264",0.0901003065274013
"K827994",0.0877747359647282
"K839449",0.0125247818039874
"K834586",0.0164359287849459
"K939793",0.0372949417946486
"K871238",0.0679770885402598
"K759608",0.883807335719117
"K868913",0.0112817573858479
"K553379",0.0332696426055584
"K521464",0.0650488408483751
"K852146",0.0763760867301271
"K770979",0.0587827355016831
"K604238",0.682899471809015
"K923984",0.0853180792119471
"K846214",0.0387416544294224
"K721909",0.076582780444925
"K629007",0.746238730937542
"K787575",0.126143960766607
"K871630",0.17391766730922
"K775750",0.565795519467983
"K540860",0.00710335046667509
"K722922",0.00655744821945409
"K641285",0.0034754233709397
"K962930",0.0114552280736832
"K938744",0.0109733769082373
"K951154",0.0342836692482569
"K887865",0.00615614179944907
"K768039",0.182380256501019
"K596883",0.0783605394912149
"K596179",0.0149877980951139
"K832650",0.187983196127794
"K524802",0.0764096465281927
"K968321",0.0764898096313024
"K861951",0.00706541979405317
"K758568",0.157468130482211
"K950802",0.0723751355290063
"K849268",0.046562138334958
"K533898",0.033706902504528
"K963371",0.817268807524171
"K793538",0.00325137715349645
"K722593",0.0051042335464014
"K518280",0.815031955499875
"K540617",0.192679480062736
"K751757",0.0125014933001623
"K543278",0.0642324542126689
"K815718",0.0578194490767223
"K562792",0.018064472458513
"K687240",0.102905882614795
"K710144",0.0704574754564709
"K983300",0.00369688202169464
"K830974",0.00415337256466313
"K980200",0.208691158254286
"K649119",0.0671910978057976
"K863933",0.0981332124526335
"K790731",0.0179210435788092
"K794658",0.0773159703367987
"K662151",0.0692846460528777
"K613717",0.00527896553547001
"K714262",0.00249285259963829
"K588653",0.684132453841742
"K690971",0.010090808977271
"K572787",0.0039022041335133
"K598829",0.0446576195299373
"K713837",0.0763670005813916
"K527095",0.00352154281905589
"K821099",0.0164180768171388
"K555415",0.0271960350432413
"K881809",0.0445025174890717
"K595326",0.0850554097901925
"K770205",0.0593715233952417
"K567039",0.00140805545871578
"K914520",0.0711679173432607
"K560743",0.00157839160940509
"K788676",0.801361291357823
"K646695",0.00538453710603203
"K723421",0.0504769906401115
"K581149",0.00720799272682281
"K687525",0.930868216592421
"K513591",0.0109162403807359
"K610454",0.00852088243268088
"K918063",0.0182006056695677
"K521029",0.00911332254994092
"K579294",0.0298550691702585
"K572606",0.0146828613156181
"K510023",0.0728575787117488
"K917159",0.0208023849158337
"K949032",0.0926012811668714
"K857436",0.00181764146731365
"K981942",0.0834188944943507
"K748643",0.00321280278242963
"K944091",0.00977262777873357
"K765339",0.00283491495436157
"K764171",0.0683203526890732
"K685617",0.0103905889773624
"K561257",0.0648002036085357
"K528195",0.0252007445914059
"K939228",0.765347741197516
"K598565",0.919924851632026
"K660156",0.00650700158161535
"K552858",0.808859617906706
"K619642",0.515824770343535
"K540001",0.069886222047346
"K923026",0.0067356590512336
"K973150",0.594408750665029
"K584919",0.0138110048206022
"K576994",0.0908686523517418
"K656308",0.0992631769756525
"K745835",0.0155684765001753
"K584342",0.00949868882727183
"K743821",0.0179548311462983
"K592757",0.0023585562124731
"K834275",0.00367761882517734
"K562148",0.0596314861384306
"K755386",0.0728305693885859
"K592628",0.103990653286283
"K753381",0.661694101838805
"K580586",0.819835160092091
"K519062",0.751812156058141
"K835505",0.0232581265674597
"K529647",0.0945809887120939
"K513570",0.00218825187972206
"K805433",0.0307464023800231
"K922447",0.764228220706726
"K780998",0.0466770583462614
"K571083",0.0121685825938349
"K692221",0.0986077145693188
"K600473",0.723683924583192
"K648642",0.00146866580907024
"K577507",0.00344260405458379
"K909148",0.0210385568903165
"K908247",0.00950740845386131
"K560302",0.047024186081699
"K638294",0.00224003164263557
"K525408",0.00747317756735744
"K569333",0.0704696349436241
"K591688",0.0111448742123528
"K788691",0.0131043648161391
"K663118",0.0987059773399537
"K925362",0.00365585141089887
"K513720",0.0102816078875868
"K943792",0.0079429079959816
"K669907",0.0569380986634977
"K785528",0.581698794578427
"K915968",0.00673780949836165
"K774462",0.106725936003084
"K920721",0.748311684814144
"K958916",0.0753994386238263
"K876814",0.861190295152317
"K680315",0.829981682260914
"K818523",0.465482338499933
"K684169",0.00193384847789608
"K752178",0.0541722123746572
"K820484",0.00932892516183374
"K742310",0.0123188632931576
"K800682",0.111447830874526
"K599711",0.00240261576032506
"K525832",0.0446160472023262
"K739477",0.0672389658739603
"K904715",0.254842671704837
"K644796",0.0439390471159422
"K932107",0.956287625066818
"K911392",0.00428407524004452
"K851544",0.0333728128998055
"K799660",0.139450581617405
"K954796",0.181594826614796
"K844624",0.0106189751113689
"K633358",0.012074266775486
"K992171",0.0189269289220087
"K938994",0.0509938622153964
"K949451",0.0409696475462995
"K642423",0.809885065623041
"K853557",0.00944223736702528
"K534393",0.103389752681988
"K756116",0.585574812630517
"K817893",0.00949932646310612
"K848552",0.700469362869288
"K885199",0.0813799596588011
"K911798",0.00671138470531972
"K703280",0.00241299659888992
"K678385",0.00498652885350878
"K814131",0.060522359929429
"K568744",0.0121545503530319
"K971212",0.756485677161949
"K553223",0.734371981820688
"K704065",0.0183071793926491
"K873557",0.0581108481431636
"K712991",0.0028210385053961
"K675657",0.00867211338938761
"K940687",0.0162126588153155
"K554120",0.00849348900116444
"K633716",0.00376070120040544
"K518979",0.00887788295646764
"K796883",0.00359841371128141
"K920879",0.0000000139371316357606
"K769123",0.00763073685935549
"K581882",0.00171979194090568
"K615912",0.0489777563734488
"K712964",0.0646926219707557
"K780646",0.00112233750979413
"K880249",0.00959552526896735
"K973946",0.00693166811000533
"K903743",0.0799697101163491
"K944460",0.0571932848294483
"K680671",0.00651546169625739
"K785735",0.0101439663578643
"K791216",0.0024764747956881
"K659950",0.705990668437816
"K901874",0.699668971993373
"K961455",0.0184605451948882
"K798670",0.00312638844341107
"K656186",0.0594694355645597
"K964330",0.502772024101445
"K634986",0.018140879937443
"K960273",0.0313861858317575
"K530780",0.100330625423074
"K755942",0.0155145008340602
"K769465",0.0631056020534002
"K871681",0.0397990661923626
"K871808",0.0825627484269677
"K995362",0.0137868163997171
"K876565",0.0733820976804003
"K769922",0.864306452885674
"K769396",0.0169012482082916
"K500831",0.00879619944305861
"K867875",0.0223792874831193
"K563637",0.0141693524931438
"K689011",0.00405860700097479
"K798567",0.870350738296842
"K535695",0.0600924530726114
"K718694",0.856536528952919
"K740367",0.107215435755321
"K902234",0.0091797725970973
"K973579",0.148517474909294
"K787278",0.0320214128141161
"K773256",0.0125767705287843
"K640679",0.0586647362117447
"K943836",0.0154594507814571
"K836910",0.00861488414006304
"K643508",0.573173537245407
"K901081",0.0452138219438466
"K569887",0.0155562253765496
"K890255",0.0000000145944843012458
"K745495",0.0770261118112733
"K690486",0.00396818543453318
"K827671",0.00820953410807937
"K760967",0.0340131655612528
"K814474",0.0111409719309736
"K920627",0.0110700658123397
"K733821",0.0305422474515672
"K667368",0.0076837326305187
"K761140",0.0691788817685353
"K824914",0.0572751298096747
"K541771",0.755321967081381
"K854319",0.892141556700923
"K734151",0.0203143283867931
"K647080",0.0049925135198818
"K525641",0.0576498365041631
"K563143",0.00507589294217086
"K598644",0.00806400902718889
"K804583",0.0457317017823449
"K886430",0.520721126863441
"K997155",0.0811859016867802
"K625788",0.846385607652459
"K592916",0.0393948482053675
"K784198",0.0166035162836769
"K799686",0.038392747785896
"K775675",0.0559222387602947
"K878453",0.145172947498818
"K843976",0.0000000295743566012214
"K816213",0.021148876935887
"K765007",0.0130276357918065
"K634697",0.0850779951197372
"K909940",0.00839115475340374
"K685703",0.00565387745678388
"K662365",0.0166917731872188
"K523540",0.109049570018156
"K648784",0.0197185462568327
"K914990",0.0756397432057109
"K732644",0.0143723234967444
"K998294",0.730432763482867
"K941936",0.00174503174274685
"K674869",0.012949672658273
"K952256",0.100554565508779
"K624702",0.150940375751
"K744174",0.00658063050743688
"K873132",0.0832307531416423
"K864047",0.828373515190667
"K566651",0.13489251539645
"K737306",0.0215574567604785
"K880959",0.00486661895601752
"K735931",0.0934113731444988
"K928319",0.00214685760082376
"K931360",0.00864999055085327
"K757163",0.0895844614627719
"K893423",0.0143677023699805
"K761153",0.0265512508999205
"K596068",0.0129693774885143
"K600750",0.686418780091526
"K678135",0.00858533495561512
"K754669",0.0738800427376682
"K989362",0.00301093717794297
"K869764",0.013242967911504
"K818930",0.778643841912214
"K962418",0.0736804193212866
"K922814",0.122921455979634
"K508106",0.00181286161642232
"K504622",0.52368296694311
"K643277",0.1055920348021
"K607861",0.0618963974560619
"K734993",0.0997723265153402
"K712858",0.0534601751357214
"K932872",0.137715776472891
"K897473",0.0873397741732038
"K823870",0.0387149079841347
"K858762",0.0873886429126483
"K672507",0.078982614943316
"K522864",0.0000000100767207448548
"K992574",0.066689481697618
"K661083",0.00755466879003685
"K776220",0.803618345834189
"K875363",0.00348449018644064
"K563177",0.00456584656168182
"K668161",0.0481462034608968
"K532379",0.0147352362663508
"K646382",0.0902027382908539
"K626895",0.0707084722536365
"K811434",0.0676045097001863
"K808246",0.144351852153402
"K537135",0.0000000296560749279799
"K502949",0.0590939020979853
"K892620",0.801493491253216
"K851330",0.0367236932072105
"K952806",0.00414688853574569
"K669263",0.0553734380482002
"K983307",0.0115275972172195
"K988928",0.091416472502677
"K973480",0.00418381730751658
"K651368",0.00144248578448196
"K840636",0.0108968712751168
"K583855",0.0899498634189754
"K726300",0.669510647619445
"K724545",0.00362427132057199
"K503578",0.0448458584703041
"K540637",0.00495236954637998
"K564094",0.0384439172425267
"K667878",0.0610856377094849
"K775177",0.00213404230197648
"K791557",0.0314409670472371
"K730613",0.0116961428114389
"K539016",0.569147193337298
"K510460",0.173390303716673
"K783745",0.0105563828021775
"K736518",0.00284506109262048
"K905924",0.85902708687155
"K929657",0.00277131301485843
"K817130",0.0112035841045097
"K639015",0.0151622032855225
"K992047",0.009111869098083
"K718265",0.738022234775215
"K716445",0.0023518627149611
"K808455",0.0103126664309487
"K533414",0.0604034374465113
"K929522",0.00832195382265825
"K818783",0.157911152018731
"K852270",0.0611727484697558
"K523241",0.0467431634901682
"K820740",0.0000000307681112094587
"K655603",0.0782177731432985
"K759657",0.00941621083259998
"K702169",0.0220032790581519
"K728838",0.132121277130097
"K911699",0.022450233235684
"K792183",0.00550111912326184
"K566585",0.809321277026814
"K869881",0.0799308464733832
"K951518",0.0163819219281461
"K851266",0.00319511169898327
"K756895",0.0202032687024536
"K992955",0.0322236857292364
"K806907",0.0195822262403043
"K901740",0.0403597269261129
"K619062",0.0000000145126904372388
"K667415",0.00155456505616059
"K652671",0.00743727234522771
"K599211",0.0155090476178894
"K744701",0.00848315856732738
"K781267",0.0219942347179638
"K513346",0.0101893712559139
"K786188",0.00822757122733038
"K799596",0.615972087612765
"K861912",0.012449991251124
"K645946",0.115359513775975
"K900163",0.0708111125175939
"K551473",0.00323613673159956
"K816700",0.0120312605375816
"K617021",0.00481383079767874
"K546693",0.073748405537417
"K514237",0.0468542455813372
"K817299",0.0162269777214293
"K964837",0.00316824641441981
"K964792",0.0241420773019894
"K952979",0.0550872086733248
"K910241",0.0186432804149837
"K750363",0.0118975393618035
"K598640",0.00682527580277299
"K932150",0.00737444781205638
"K770170",0.0630487717122117
"K828892",0.092138084186436
"K937890",0.0358896569079915
"K911450",0.00682766481446356
"K964409",0.113363129423951
"K757959",0.0043785647966204
"K533799",0.0145400964562272
"K703647",0.62789465296997
"K937588",0.803634663304547
"K855049",0.0109800113594159
"K803111",0.0251026597993961
"K648682",0.0703520159243278
"K674012",0.369464514136824
"K775112",0.0799129468590225
"K694917",0.071416761149499
"K697339",0.0393592419526661
"K820134",0.819176508204207
"K980762",0.666545267951845
"K771421",0.0536384169347822
"K509365",0.00357236255392604
"K956244",0.019421591392261
"K536022",0.109112123555528
"K925535",0.00928527692874142
"K662328",0.00317599523368605
"K911236",0.0033552559109198
"K515040",0.0421794688015761
"K528757",0.00253891279769925
"K695548",0.0419825435136927
"K860565",0.137854617565388
"K536210",0.0669063530031422
"K735057",0.0000000275399293811983
"K655599",0.85345678594627
"K942197",0.00647828336005369
"K742103",0.00320295691812086
"K768979",0.0882893808427786
"K661099",0.00000000867304829941487
"K869450",0.0256103668501079
"K876687",0.0564509701063148
"K612342",0.0753052442706275
"K932902",0.0123941386881198
"K812965",0.108930610217829
"K974223",0.0169440720629578
"K926722",0.0142666001309691
"K928632",0.00364041919577164
"K515665",0.0483789310523388
"K953566",0.0163207137184817
"K731815",0.0142178669712648
"K830649",0.00433566940031663
"K927405",0.0211876185567965
"K524421",0.0176955106060786
"K530642",0.0787886321346387
"K582150",0.00867451893426393
"K868263",0.0091829729943755
"K728098",0.0405782675257329
"K597988",0.000917859550112146
"K643771",0.00162314030616312
"K743619",0.811927771276729
"K503690",0.00756913218514972
"K676706",0.0599874158849932
"K923282",0.0133350398717747
"K989868",0.766778305445342
"K533080",0.107515607259309
"K502266",0.00884888978414851
"K618619",0.00509643716663833
"K954096",0.0000000149783746264389
"K646984",0.76874836960021
"K789352",0.0000000141292263471376
"K759585",0.00301837772769889
"K918978",0.00000000786528719772037
"K722790",0.00298301743510411
"K767227",0.830567242748904
"K850175",0.585270306639774
"K522505",0.00736802133492426
"K904953",0.0172055190812819
"K716038",0.0000000117383869362746
"K724786",0.0500753871714203
"K815295",0.00318384186546103
"K769062",0.0587767384713248
"K526535",0.773098673836184
"K962967",0.00841491387871234
"K768869",0.101287154289302
"K910413",0.00438850520392959
"K745364",0.0430796363458278
"K977528",0.0033212846366763
"K633824",0.0515264116902365
"K534441",0.0916549340351733
"K819818",0.079311240303224
"K925703",0.0115635701767988
"K980869",0.0821617532955274
"K719274",0.00248919692059973
"K978219",0.0262844795841216
"K648770",0.132411949537967
"K609989",0.00729305169976054
"K874759",0.00655648106518425
"K916676",0.744833952096368
"K694226",0.00995184008191833
"K743551",0.0111739137690995
"K573724",0.0617571244313999
"K737396",0.831364883315264
"K778971",0.0244096581158158
"K906475",0.0248652847168848
"K924417",0.138112607670766
"K846562",0.0125447725330996
"K595506",0.00564092252017163
"K531597",0.0568734427703549
"K542081",0.0431574018455809
"K705533",0.0285225876004205
"K834020",0.854423365344719
"K745035",0.74411878195464
"K613224",0.0040127698832797
"K948335",0.0148351736230244
"K561499",0.628646865165725
"K977416",0.011246205315877
"K891626",0.00674485846028684
"K635366",0.00265792251315082
"K915767",0.012454361518319
"K664787",0.5744949961024
"K788186",0.809183152693298
"K681193",0.0205599982374908
"K864918",0.05559290349949
"K750554",0.34356693662319
"K537626",0.0831128698098119
"K721520",0.0254886652096626
"K813526",0.0215583587159889
"K995947",0.585031227438859
"K975022",0.00107734187226177
"K830692",0.764994908915129
"K787431",0.0703923003660169
"K969994",0.00584875936619149
"K930412",0.108025164522092
"K961199",0.0741416933155002
"K839559",0.0560996219660592
"K619077",0.0621226392235369
"K685016",0.00000000960467220470644
"K854630",0.138458051716435
"K847855",0.0550994448555366
"K828409",0.0910237665315075
"K626736",0.00427523951128794
"K866742",0.0122045258540279
"K697878",0.0616774009257715
"K756645",0.0653320210774831
"K557121",0.0781023484962324
"K911753",0.0952725932502616
"K904584",0.0660858726132231
"K893656",0.151870169742294
"K872604",0.00186849954900915
"K684965",0.0744255017516517
"K942847",0.0132870937913822
"K512449",0.590902103900419
"K900514",0.00767858018245432
"K532683",0.106131853986235
"K626543",0.0153908467913985
"K503939",0.137490612639208
"K646917",0.0377601232702536
"K982680",0.00245227952038521
"K566467",0.0133895486272719
"K763292",0.0845629768146897
"K559087",0.0571397745514779
"K513761",0.00393954392650907
"K814285",0.839012450586293
"K980659",0.0836343443692449
"K817755",0.00427239259890756
"K634875",0.00549686431701288
"K926513",0.104407686529983
"K628969",0.00761749001763295
"K693827",0.807764186461728
"K945380",0.0161413369415006
"K737172",0.0682690776747732
"K650610",0.0158056415312192
"K740736",0.00475251992513261
"K908994",0.00293086461488153
"K597065",0.0089679203342458
"K562262",0.0366959480271973
"K814728",0.807849412736688
"K972806",0.0438942102701363
"K933430",0.858163558764392
"K855778",0.0394717359674379
"K508320",0.0448760875823083
"K946689",0.652886376792977
"K891889",0.0181479767672893
"K559293",0.0165982009820829
"K707984",0.0934137990045576
"K566345",0.0885540082261124
"K710404",0.00346108206298027
"K636743",0.0074424309662134
"K843965",0.864565722441827
"K757164",0.0143755395823835
"K967604",0.00449499040427193
"K550108",0.00684760483601933
"K938748",0.0214060680508126
"K970546",0.0320123111120252
"K776925",0.729096256351577
"K930956",0.00260254997799396
"K964920",0.05665678414876
"K558923",0.574207896971568
"K916740",0.729095875037424
"K945462",0.634755930712092
"K800136",0.740888620263809
"K841803",0.0103022010204646
"K754248",0.810451441173683
"K667164",0.271635406174207
"K949543",0.0063014888690782
"K580182",0.763113876080429
"K621291",0.00989606948729945
"K698429",0.0345635200560818
"K999466",0.799265492802215
"K902573",0.0144424881023239
"K937468",0.255981134253855
"K517925",0.0144188840473551
"K912905",0.00230233582602293
"K683234",0.0723589430307861
"K755983",0.0441113150511198
"K508962",0.0888001308737579
"K754793",0.0540595629660828
"K743107",0.0884285044255895
"K679355",0.0739488025595787
"K925544",0.0833189549913816
"K821009",0.0129394243217675
"K541933",0.0862965431908766
"K533037",0.0715534416899886
"K747778",0.00566539139749304
"K698255",0.00505020751319892
"K810857",0.0697452073843461
"K618408",0.00235272941146069
"K849881",0.00615237929146327
"K939066",0.0166387238924204
"K985449",0.0958732392892714
"K509878",0.0319672682214081
"K825337",0.0949973373986681
"K564508",0.00114335512005877
"K644595",0.647983720599823
"K681783",0.0597681621143199
"K956451",0.019340914527298
"K649426",0.128627210472431
"K912742",0.0111675554509838
"K741894",0.127290286664677
"K744492",0.0887588307571198
"K880758",0.00234931725452658
"K835312",0.0955729719048954
"K949559",0.0963741300735987
"K768210",0.0103521808927283
"K729866",0.00730903818604873
"K973245",0.144555641365559
"K636236",0.00120812648831237
"K731537",0.0687287338493739
"K698336",0.0205500290254883
"K939844",0.857186089680277
"K653534",0.0545035503146777
"K553977",0.0438993159813917
"K740478",0.0544027376157795
"K504210",0.111529385369495
"K998640",0.00136661219665733
"K794793",0.107568732133382
"K829910",0.070093214465755
"K784676",0.00217468785686474
"K781600",0.00747136521843314
"K899062",0.00534697726613464
"K753481",0.00244139267741097
"K573940",0.0886724357405909
"K687361",0.581736289541816
"K993349",0.0613298786653673
"K744231",0.755315197628635
"K701220",0.702093062845431
"K608119",0.0000000173753158617256
"K768515",0.0573294396690955
"K802946",0.00873874870971397
"K652432",0.826665293344722
"K607642",0.0243246453263892
"K831958",0.0337218910400353
"K537609",0.0129197144143028
"K993232",0.0131829731222346
"K565121",0.50201370417693
"K854009",0.0212518062583885
"K879662",0.0152248963476392
"K661843",0.0716643831097774
"K512113",0.0268207912864946
"K962474",0.0550438604994756
"K946425",0.0080841249065954
"K866739",0.0136231674643601
"K547474",0.795334964149881
"K697423",0.0000000152420307389427
"K703943",0.0098755735445378
"K776204",0.0579400923316585
"K993593",0.0805381613141433
"K734490",0.0634521146534117
"K628175",0.000996796552021685
"K956736",0.00314627781825384
"K663624",0.0764737001893738
"K625803",0.545698480236134
"K902882",0.0677238836681804
"K807776",0.766771648239735
"K998564",0.0492633791028449
"K523288",0.851543952734044
"K695293",0.0115428817651174
"K965405",0.00451015420031582
"K511185",0.0299218220831841
"K867046",0.0650292460174067
"K987738",0.0718194945172
"K552469",0.00314191415857136
"K722289",0.00675890032757702
"K798076",0.00575650528177383
"K999350",0.0119156173014264
"K589613",0.0946973628553524
"K568025",0.0704997774523993
"K858693",0.0930908790602175
"K641186",0.0349147838092981
"K905719",0.00620388775131323
"K782006",0.1524399931994
"K538396",0.00785082008947194
"K701645",0.0222775833814022
"K522942",0.0624160711753334
"K532978",0.074319944415422
"K621014",0.348692665795821
"K810164",0.00940591084409188
"K991792",0.00166853148435166
"K782400",0.0164626727881437
"K569974",0.000000016080204504819
"K945703",0.0059167691859217
"K619324",0.0105714642402886
"K872867",0.0969817567407839
"K521431",0.0164883042834579
"K746916",0.0800050001134789
"K912258",0.138223892266393
"K941103",0.0675016543219547
"K512043",0.0000000157365052062657
"K842745",0.704356718409721
"K992345",0.0352464626228255
"K851600",0.00696379788655358
"K738724",0.0126422365792262
"K757623",0.0175501280060794
"K686654",0.0486530927789134
"K583941",0.00973426651545126
"K631378",0.615578992067967
"K821096",0.00000000675803543109941
"K669212",0.00517083708184916
"K653898",0.794285373896994
"K949614",0.0077955174230415
"K953807",0.0347669797036525
"K502149",0.858962808849745
"K633260",0.00984871479305357
"K876682",0.0151560288220742
"K551676",0.00889873943287113
"K770221",0.00747306995128335
"K998827",0.0735216968173286
"K737775",0.0901497365938528
"K628613",0.00723931898250656
"K542700",0.0742889628372681
"K683439",0.00716727191579268
"K538111",0.0110661470187232
"K951121",0.00979300562798227
"K646382",0.475664866481449
"K663869",0.0128148553273328
"K804090",0.00594767350880983
"K612835",0.0103044256080383
"K581182",0.823813203405694
"K523299",0.0228348351569166
"K976368",0.106749320453679
"K841384",0.0801389102806721
"K918993",0.0889631954770787
"K518663",0.845848629603073
"K789458",0.0639871552179361
"K998556",0.0802539842028878
"K514383",0.647390978493305
"K758196",0.646537520193498
"K519516",0.0629538019025499
"K778652",0.110466263965493
"K504782",0.00226714813573552
"K802537",0.727132118078341
"K630360",0.0488903684890543
"K868846",0.0619844000898845
"K632374",0.00410625124646945
"K787423",0.0000000207135078263019
"K824315",0.00466678717988048
"K605679",0.799716116005239
"K660565",0.54245582632209
"K982027",0.0799735143502176
"K975484",0.454250553393863
"K909538",0.0139257764877617
"K745190",0.00622249827312797
"K662800",0.00313212162488469
"K977735",0.00316161449318144
"K704347",0.0000000135244668309574
"K902780",0.00567586074908839
"K700796",0.776518106999148
"K972508",0.00640417894162206
"K978237",0.00388386158516958
"K632732",0.00684237753066446
"K916560",0.004901631543488
"K659024",0.0158102324861707
"K701183",0.00569976595014732
"K640174",0.77103266347789
"K866680",0.0413476142429521
"K617759",0.0143877190950607
"K954006",0.0195192015177343
"K534233",0.0724428366641637
"K536249",0.841528538785178
"K853129",0.00363143015336891
"K624262",0.885926078165553
"K778917",0.0710685054645214
"K726704",0.316529794934028
"K842118",0.052409684863882
"K578055",0.00678852403315343
"K816432",0.115598372994126
"K762552",0.826831887844437
"K511127",0.10331669253863
"K652878",0.000000015357301606169
"K644924",0.0399738844666533
"K923672",0.0909372241180341
"K971829",0.147637826255269
"K763914",0.0228234187308821
"K609112",0.114409630862839
"K684136",0.013754183506804
"K766435",0.714689563506404
"K724210",0.874078106537566
"K718303",0.0850122919223176
"K825622",0.0244996478342698
"K917256",0.795461434285439
"K837104",0.00536912923645471
"K962419",0.0723126275497749
"K522941",0.0400144203499298
"K699367",0.0104407642305106
"K956981",0.0573249609838098
"K673312",0.0630493964060173
"K955894",0.0504161981017301
"K600188",0.0358844664632608
"K727458",0.0110508504425526
"K967704",0.0499914714879317
"K819010",0.0716853023920185
"K879432",0.745442103223125
"K704947",0.025862805240887
"K820381",0.0113397919102472
"K892906",0.742052011628528
"K853073",0.0426112763783441
"K793117",0.19855472480099
"K805409",0.0294721574651154
"K808208",0.125010722339254
"K514041",0.0209298624095077
"K976314",0.98700825334206
"K561251",0.0504504697548818
"K695220",0.230211320996912
"K944314",0.0524350123045012
"K523610",0.0608632086045039
"K916078",0.915599501103574
"K729059",0.0341265736272931
"K919660",0.0124658632885691
"K695150",0.860878520102808
"K998040",0.138134163521449
"K548316",0.0000000279268071939652
"K837343",0.102119311556846
"K507705",0.0572173815774775
"K597323",0.00838310517200854
"K879848",0.0102423620768101
"K523579",0.691221315134169
"K605517",0.137160084165111
"K797517",0.872402164086264
"K801941",0.671056218864044
"K664341",0.0623068144950051
"K664282",0.0563965756997654
"K706910",0.0920437493332667
"K778677",0.0763874120746255
"K686257",0.0769136713001144
"K589106",0.101170682340183
"K947496",0.0139048952259303
"K591508",0.10783879275282
"K773574",0.0000000140914849632366
"K668840",0.027202913619332
"K950106",0.863717533825895
"K939947",0.0000000184369339647383
"K696693",0.0751177672252103
"K899684",0.687410859304663
"K966150",0.0109447291754998
"K594179",0.00807119948211385
"K508910",0.0175035381234309
"K602542",0.0580727548715134
"K613788",0.00704032377330435
"K832620",0.0514524175422416
"K652022",0.00786396515776759
"K807631",0.00348311715623677
"K638746",0.0722354171519066
"K777238",0.129706910777214
"K636400",0.467010647666617
"K912928",0.0183437218737882
"K525493",0.0659483916533135
"K700461",0.00734053093059907
"K665659",0.0607489597652279
"K708996",0.00281331553127741
"K856566",0.0220908254979505
"K645293",0.797691779413744
"K835301",0.818876007287037
"K692172",0.00147266795668068
"K938620",0.0842983683398367
"K617876",0.524016857595141
"K712538",0.122670087477466
"K893344",0.0131218692929378
"K905995",0.0112711926220026
"K837652",0.0477760012810021
"K529469",0.00376153598765307
"K585536",0.0265112193610461
"K740397",0.00938199076776895
"K563937",0.00832276782720286
"K597062",0.0148697234668891
"K560226",0.0000000123989587085983
"K735548",0.0816615941143147
"K754550",0.00273019321134705
"K644082",0.0104938808487074
"K948327",0.00307672457991089
"K533296",0.010419259090509
"K746903",0.00410574369258294
"K988358",0.0827174279364749
"K874599",0.0299566458925306
"K800110",0.702187239302409
"K758942",0.00000000731989259238674
"K655937",0.0558153787769043
"K782197",0.0449127340526361
"K735736",0.0577902166142107
"K853875",0.893183179140396
"K534136",0.0300706981433529
"K609444",0.0607920846927295
"K973846",0.0116043229592797
"K601861",0.136478612921693
"K532310",0.0790769128163162
"K908811",0.0716276686067976
"K854729",0.038488289797074
"K795982",0.75898652327636
"K683969",0.00604197386634905
"K658154",0.0170691476079709
"K587937",0.00238286144107213
"K893335",0.00375534745349056
"K853281",0.0444535265796851
"K855263",0.0701450851021018
"K990679",0.0000000161281335267489
"K695669",0.02376849554156
"K724563",0.0415282180805145
"K588837",0.095197232763109
"K517192",0.758422459651779
"K525889",0.836242521191875
"K992563",0.624858589596478
"K779583",0.0481232693875264
"K580613",0.0600073875876389
"K731536",0.813084717593659
"K937124",0.0512444644628138
"K620039",0.556787343750188
"K863901",0.0149782302768931
"K546804",0.0543162330787541
"K526221",0.0689748440958048
"K712610",0.0794646785947949
"K823507",0.0218762482176456
"K889900",0.120608716833286
"K812420",0.0633721052729127
"K869446",0.104970113539614
"K842426",0.201034254786266
"K655485",0.0628010967740939
"K991794",0.813384449760715
"K892656",0.0460105204412758
"K691409",0.047077153824509
"K948834",0.00501457503859353
"K861849",0.782884601484526
"K661082",0.00519393316597856
"K580155",0.0737292002979324
"K917748",0.0684423749870921
"K525799",0.777953065333297
"K917118",0.793377698537918
"K662156",0.00167427306625301
"K549600",0.0499507886759881
"K678535",0.00218656264959331
"K515097",0.775917222638032
"K608363",0.0447698678300841
"K562617",0.00756092101487867
"K650960",0.00346148026004308
"K824350",0.0922156625253991
"K981181",0.121827988341336
"K551133",0.00687696918061155
"K778978",0.00127981884557293
"K828088",0.00436743012917492
"K615290",0.0042304393835946
"K699037",0.855614378481214
"K978912",0.00588360046522171
"K763608",0.569605235956314
"K979632",0.872358874177109
"K744908",0.797849775892901
"K630945",0.149529628657119
"K993904",0.0152894865285233
"K700278",0.0667726068043048
"K794268",0.0298476160235931
"K604197",0.0142172592754856
"K568890",0.00830372935278312
"K831463",0.0329188480935142
"K721135",0.00166264760865052
"K664050",0.00675329918288962
"K527942",0.0582137649241537
"K514756",0.0162389073120686
"K805345",0.00987102485041098
"K633399",0.00178818485832556
"K899559",0.00223609515122885
"K576207",0.139847917465412
"K741420",0.00809094457299792
"K796714",0.0204351542915852
"K774254",0.889213123790341
"K992706",0.00729263435232711
"K989471",0.00848131597681202
"K929261",0.0538043758062439
"K558778",0.170475031989107
"K742691",0.0637858692523796
"K808125",0.00372115438404829
"K679735",0.0169301209572145
"K883488",0.974309282253286
"K618980",0.0000000117395027964072
"K647051",0.771637981890797
"K798561",0.111826373993734
"K721315",0.0408775052419296
"K764707",0.0216825195658851
"K591576",0.00404869011531654
"K524839",0.0000000123559348120304
"K500247",0.0103927980711703
"K702960",0.00642185666944394
"K544964",0.0660103183279796
"K637485",0.0000000146905903281048
"K547559",0.609135807102352
"K805738",0.00942977570042798
"K820138",0.0776579804585096
"K657483",0.0446871264392084
"K594219",0.0022300534350962
"K844650",0.136922008654734
"K699705",0.758414669519503
"K903784",0.00309624942230718
"K568550",0.12552020183415
"K863095",0.0130701457316849
"K889473",0.592666721881638
"K525953",0.0422823440450269
"K680677",0.0111978818010751
"K508644",0.506623743791733
"K988457",0.00827533611097061
"K613136",0.0172959578303739
"K840098",0.0261128532159109
"K624772",0.0360564858462546
"K757537",0.0499696047060183
"K902681",0.107873349190341
"K929694",0.0582467972480645
"K972168",0.0107496926507241
"K876738",0.00000000970129147461035
"K785889",0.111209895414813
"K735635",0.0151065400327967
"K873098",0.0141600995657245
"K591059",0.0349366433890601
"K726822",0.012008647790676
"K998470",0.0532298074747709
"K762779",0.0883364508615148
"K671736",0.811182755777734
"K632600",0.133103610860995
"K717728",0.0354028840871481
"K766888",0.00690340036693622
"K689673",0.148220976614324
"K596680",0.731719333484993
"K614165",0.140438918019486
"K585714",0.00893504260976594
"K634262",0.00406308554879004
"K911521",0.09700220194204
"K518929",0.00893870378427432
"K718817",0.0142539802318358
"K775238",0.0566144217969007
"K740208",0.0264460705442734
"K849060",0.00342758513937288
"K926649",0.0092220566009407
"K888331",0.0210460362966751
"K702855",0.0545661248660026
"K943552",0.776442175082743
"K579027",0.000626941954906907
"K995920",0.0714709310072446
"K650723",0.0165708593458404
"K821092",0.0253063313638626
"K534601",0.0013654306889967
"K629481",0.0737490111252275
"K659299",0.0972683834531682
"K810907",0.0322779544240687
"K684505",0.119785446114909
"K919248",0.0691482643431232
"K987777",0.0848080367813129
"K994886",0.00777839023788892
"K554074",0.123299582104142
"K548223",0.0126452528966556
"K673861",0.0353894585485596
"K851759",0.00247154350576216
"K634852",0.00372057371644338
"K701524",0.0820818096852022
"K742061",0.839179653003397
"K850161",0.00608176468097803
"K875225",0.005155120199243
"K533607",0.00924119733016452
"K774278",0.0464192165476034
"K798988",0.00229587174087324
"K612478",0.0808137479748555
"K740612",0.00274585011492561
"K644661",0.0198734089121736
"K641486",0.0328516889628977
"K741977",0.123687015788133
"K939461",0.0475751203585536
"K746812",0.00232812607200232
"K636354",0.00455297158788538
"K832239",0.00102785597928897
"K775820",0.0245337697159611
"K951210",0.0647353400442202
"K831902",0.0597905741083431
"K997934",0.402217965926355
"K840819",0.0164624497050701
"K920124",0.0000000322594875665134
"K632410",0.80664420363649
"K797632",0.0861543630746966
"K577007",0.0491322065049346
"K921205",0.00933025732749724
"K564779",0.739940043452351
"K839234",0.0150498186345897
"K785453",0.0140885967846342
"K516647",0.883497818269883
"K680036",0.00315371756360437
"K829126",0.0570759393722851
"K820075",0.759451778956702
"K803314",0.00842183634618381
"K811791",0.803181222094819
"K837754",0.0736538932954365
"K740914",0.82192217547148
"K574453",0.758312177395407
"K681272",0.0168236662515666
"K833225",0.753934844617798
"K971655",0.817935896855504
"K515709",0.00335846205136748
"K659847",0.00549762673202306
"K625336",0.0656315208629097
"K594970",0.00265978587675306
"K916315",0.0228050222770496
"K594557",0.039850977758689
"K973882",0.0852478164688551
"K592002",0.0943760292088484
"K752499",0.00699485987641963
"K958647",0.0093510957056776
"K628218",0.00446520236257931
"K873498",0.0253298891811854
"K661138",0.0189981517277268
"K685375",0.0654572056732683
"K629207",0.134109439410177
"K586523",0.0169929571529182
"K524882",0.519680421511698
"K800276",0.0876492385364124
"K950331",0.0562670811124196
"K584761",0.869926123982257
"K659896",0.0702823737231946
"K565316",0.0761548121689606
"K741724",0.419502306525509
"K690887",0.0480722637217852
"K938813",0.0143862411576729
"K755369",0.00128295377357435
"K968689",0.0020782970327001
"K850756",0.00237851061907481
"K695682",0.0673611779367618
"K843794",0.0578034048748471
"K677078",0.822700250558568
"K692670",0.0483313553271733
"K642533",0.0568829053661479
"K779115",0.0182568731077563
"K545728",0.0596043100508469
"K538637",0.0888648700562377
"K633551",0.00932280492094053
"K810249",0.586669496605035
"K695563",0.00993954672514794
"K709162",0.0367853757097629
"K732622",0.0104525459290333
"K502495",0.00212536556791391
"K877405",0.0508664243986611
"K570807",0.00250977165925296
"K644840",0.117340041319252
"K541984",0.754767252355329
"K627537",0.00130712695057258
"K660012",0.108970732523206
"K631841",0.00675432449043154
"K958194",0.00248763674819863
"K701637",0.00263230474958205
"K623674",0.0229609998658082
"K859222",0.00488321559206641
"K891895",0.0676925724470811
"K791214",0.0646944414143461
"K854700",0.0148778941165992
"K667624",0.110411346049694
"K856157",0.120370657993749
"K500790",0.00441803486847942
"K534506",0.0774415639637526
"K844039",0.0298738156318746
"K894380",0.0186256380993623
"K705518",0.0221850454036989
"K564784",0.977499268214855
"K513946",0.00385016516332162
"K804459",0.00262369503702019
"K667218",0.00966789806652674
"K645652",0.0780265004054541
"K588080",0.00360653367352996
"K799300",0.0398622553928093
"K941506",0.156369622613236
"K766673",0.760123291654624
"K796571",0.103029693969712
"K735172",0.862681075050583
"K848826",0.00258586251055867
"K863494",0.0688799555924286
"K715573",0.0000000127293159351298
"K681717",0.0370332299527129
"K684789",0.069376396200599
"K856470",0.0157184085660519
"K958300",0.821572825741295
"K632996",0.00428574904276444
"K831538",0.0335626384230779
"K955080",0.128184537325673
"K597512",0.0013822701006156
"K888527",0.00127861515221591
"K900153",0.0117543132245486
"K727388",0.0707810037131982
"K604056",0.0674215729095497
"K800570",0.0486141245480174
"K524847",0.00393830988747492
"K819196",0.00432318299097292
"K573444",0.0157525473616973
"K779687",0.00343829234904119
"K899685",0.045851513999229
"K540562",0.204495824047342
"K638302",0.0207387950499415
"K854218",0.0208096882152183
"K844939",0.127124570964329
"K775219",0.0109919675507956
"K995580",0.0459833336512603
"K656616",0.0148561145020901
"K515067",0.0946635618402613
"K976977",0.00229653394512787
"K917521",0.0715476202442192
"K596388",0.0742023852819571
"K653791",0.0978173104517453
"K949608",0.0274669872771451
"K783330",0.828170754590394
"K739907",0.0330789228866878
"K944586",0.0991654815021384
"K949898",0.0563011894359679
"K596554",0.0339540921824434
"K792637",0.141413833764379
"K574999",0.0399218432411195
"K676674",0.976160696239667
"K530610",0.0878626180003469
"K531004",0.0093139667648902
"K816842",0.0846240594048976
"K664617",0.191571694423958
"K666447",0.00000000873636917704131
"K540838",0.062505346243663
"K583211",0.00375441940398672
"K528646",0.00224845973334107
"K628409",0.0750015540587817
"K838095",0.00760116833206286
"K726506",0.0000000100806058765365
"K882026",0.0627486287725764
"K554134",0.666300777803046
"K685540",0.00487450813426458
"K862467",0.0978851444706417
"K591663",0.0598480584841167
"K679436",0.650026570217513
"K876161",0.0300198721682835
"K628081",0.116620046787068
"K630988",0.0567666391888438
"K541117",0.0738838316462482
"K621700",0.00661033620289454
"K643917",0.0184059413036353
"K980530",0.0472820841264321
"K642830",0.760042422236254
"K974228",0.00806705053346513
"K572593",0.0782816435068863
"K796802",0.00935666558036681
"K923986",0.024633969264986
"K885168",0.015049921828851
"K608768",0.228183825457497
"K639398",0.00432646114108509
"K570580",0.654056564855869
"K924376",0.0021961415372493
"K749867",0.00973370631550041
"K823366",0.0761685203127489
"K871120",0.0115048589914514
"K840273",0.00233363829339151
"K749728",0.0892149183424496
"K608723",0.0677091556168106
"K553721",0.111071508890318
"K518774",0.0863064726229146
"K801738",0.611358433124091
"K837369",0.99099574062502
"K747598",0.00467245731699621
"K847550",0.0493573048459818
"K532157",0.0120532160515821
"K840633",0.0226711315160381
"K639822",0.0385782127285249
"K643169",0.0149648183567359
"K888866",0.0477232078616825
"K596439",0.00750768150863367
"K954656",0.0490942358891353
"K720469",0.000987259648059047
"K810516",0.0112562187868942
"K688801",0.0773868858651661
"K731117",0.794280359205624
"K708258",0.00493130262281191
"K504535",0.108224345460978
"K554673",0.727616618686427
"K928773",0.0738354810717118
"K807342",0.038259728370542
"K989180",0.00939525662524013
"K523923",0.0516046425313983
"K643238",0.736608727605638
"K550375",0.0238055312885568
"K915523",0.00465036307394201
"K949854",0.0701744142412863
"K975769",0.210497912487767
"K599643",0.0290102583341097
"K637977",0.0375851305907793
"K837230",0.00256546046200524
"K606433",0.714663161616293
"K927419",0.0300979240331357
"K808449",0.00407767978707682
"K764149",0.04371559663048
"K823481",0.0123487130437819
"K562973",0.688877945031318
"K590087",0.00171539034206712
"K888162",0.761485885129521
"K987214",0.00354598647915822
"K956537",0.558683801787423
"K978520",0.0150859342589583
"K840320",0.669461825665967
"K680734",0.0387892299310703
"K582528",0.911598473350874
"K975153",0.0593412910320699
"K802558",0.600473290353002
"K900616",0.00264669493094687
"K779392",0.0107513195365249
"K947277",0.00710240972925321
"K888520",0.0132524630861073
"K687794",0.00808411533994715
"K813825",0.423219525372974
"K548779",0.807640117606261
"K613611",0.0756243228876818
"K554225",0.108137982784246
"K872291",0.0256310223709968
"K762123",0.0642264491713657
"K588314",0.0596867961332958
"K826807",0.0914148274253172
"K982731",0.0737844666652064
"K623037",0.0411278737078071
"K883413",0.0107122404594763
