"id","PRED_high"
"K751808",0.0259067357512953
"K837351",0.428571428571429
"K548114",0.0259067357512953
"K736156",0.0259067357512953
"K508080",0.0259067357512953
"K823422",0.0259067357512953
"K912220",0.0259067357512953
"K917925",0.0259067357512953
"K857768",0.428571428571429
"K733855",0.0259067357512953
"K530927",0.0259067357512953
"K689281",0.0259067357512953
"K779910",0.0259067357512953
"K696152",0.0259067357512953
"K984423",0.0259067357512953
"K521601",0.0259067357512953
"K805248",0.0259067357512953
"K896458",0.0259067357512953
"K802487",0.0259067357512953
"K619527",0.428571428571429
"K653124",0.0259067357512953
"K977125",0.428571428571429
"K885860",0.428571428571429
"K669676",0.0259067357512953
"K915073",0.0259067357512953
"K632791",0.0259067357512953
"K815141",0.428571428571429
"K867693",0.0259067357512953
"K961174",0.0259067357512953
"K688992",0.0259067357512953
"K547786",0.0259067357512953
"K726310",0.0259067357512953
"K963760",0.428571428571429
"K926609",0.0259067357512953
"K884651",0.0259067357512953
"K644620",0.823529411764706
"K677219",0.0259067357512953
"K725038",0.0259067357512953
"K884425",0.0259067357512953
"K891429",0.0259067357512953
"K838479",0.0259067357512953
"K526004",0.0259067357512953
"K763596",0.0259067357512953
"K990929",0.1
"K954837",0.0259067357512953
"K718970",0.428571428571429
"K888726",0.0259067357512953
"K994955",0.0259067357512953
"K633153",0.0259067357512953
"K928121",0.0259067357512953
"K953945",0.545454545454545
"K709629",0.0259067357512953
"K694845",0.0259067357512953
"K963281",0.428571428571429
"K874326",0.0259067357512953
"K641920",0.0259067357512953
"K890217",0.0259067357512953
"K548035",0.0259067357512953
"K723452",0.0259067357512953
"K948363",0.032258064516129
"K820239",0.0259067357512953
"K896590",0.0259067357512953
"K932037",0.0259067357512953
"K937754",1
"K774408",0.0259067357512953
"K539470",0.0259067357512953
"K518293",0.0259067357512953
"K786774",0.0259067357512953
"K720003",0.0259067357512953
"K609473",0.0259067357512953
"K982436",0.0259067357512953
"K614020",0.0259067357512953
"K874108",0.0259067357512953
"K977085",0.545454545454545
"K947599",0.0259067357512953
"K888551",0.545454545454545
"K700222",0.428571428571429
"K674517",0.0259067357512953
"K951596",0.0259067357512953
"K834937",0.545454545454545
"K855476",0.0259067357512953
"K833208",0.0259067357512953
"K763287",1
"K503978",0.545454545454545
"K591416",0.0259067357512953
"K558625",0.0259067357512953
"K613758",0.0259067357512953
"K651230",0.428571428571429
"K813321",0.666666666666667
"K604105",0.0259067357512953
"K877024",0.0259067357512953
"K984122",0.0259067357512953
"K889986",0.0259067357512953
"K794185",0.0259067357512953
"K557118",0.0259067357512953
"K914279",0.0259067357512953
"K661078",0.0259067357512953
"K693776",0.0259067357512953
"K534207",0.0259067357512953
"K877484",0.0259067357512953
"K610918",0.0259067357512953
"K575118",0.0259067357512953
"K781836",0.0259067357512953
"K740446",0.0259067357512953
"K777229",0.032258064516129
"K645863",0.0259067357512953
"K975623",0.0259067357512953
"K973462",0.0259067357512953
"K754902",0.428571428571429
"K602728",0.0259067357512953
"K527217",0.428571428571429
"K536045",0.0259067357512953
"K648967",0.0259067357512953
"K794589",0.0259067357512953
"K626635",0.823529411764706
"K920875",0.0259067357512953
"K987278",0.333333333333333
"K834490",0.0259067357512953
"K798363",0.666666666666667
"K907249",0.428571428571429
"K686713",0.0259067357512953
"K955872",0.0259067357512953
"K984811",0.0259067357512953
"K676484",0.0259067357512953
"K876097",0.0259067357512953
"K738209",0.0259067357512953
"K995912",0.0259067357512953
"K648054",0.428571428571429
"K970986",0.0259067357512953
"K688465",0.0259067357512953
"K618821",0.0259067357512953
"K517990",0.0259067357512953
"K650218",0.0259067357512953
"K573337",0.0259067357512953
"K939159",0.0259067357512953
"K662189",0.545454545454545
"K608686",0.0259067357512953
"K524468",0.0259067357512953
"K644051",0.0259067357512953
"K856737",0.0259067357512953
"K546575",0.0259067357512953
"K984464",0.0259067357512953
"K776034",0.0259067357512953
"K663765",0.0259067357512953
"K848337",0.0259067357512953
"K921077",0.0259067357512953
"K972618",0.0259067357512953
"K594517",0.545454545454545
"K808518",0.545454545454545
"K544136",0.0259067357512953
"K687788",0.0259067357512953
"K871344",0.0259067357512953
"K669598",0.0259067357512953
"K755360",0.0259067357512953
"K949342",0.0259067357512953
"K976992",0.0259067357512953
"K637949",0.0259067357512953
"K518995",0.0259067357512953
"K726877",0.0259067357512953
"K960270",0.0259067357512953
"K640917",0.0259067357512953
"K513072",0.0259067357512953
"K502427",0.0259067357512953
"K598923",0.0259067357512953
"K935230",0.032258064516129
"K844627",0.0259067357512953
"K722310",0.428571428571429
"K621204",1
"K519636",0.0259067357512953
"K512650",0.0259067357512953
"K528735",0.0259067357512953
"K936595",0.0259067357512953
"K760157",0.0259067357512953
"K913520",0.0259067357512953
"K973737",0.0259067357512953
"K601120",0.428571428571429
"K585097",0.0259067357512953
"K804102",0.0259067357512953
"K991376",0.0259067357512953
"K656320",0.0259067357512953
"K626435",0.545454545454545
"K662122",0.0259067357512953
"K647819",0.0259067357512953
"K952181",0.0259067357512953
"K768115",0.0259067357512953
"K617950",0.0259067357512953
"K967465",0.0259067357512953
"K511776",0.032258064516129
"K992718",0.0259067357512953
"K982915",0.0259067357512953
"K796444",0.0259067357512953
"K523610",0.0259067357512953
"K901596",0.0259067357512953
"K972682",0.0259067357512953
"K777234",0.0259067357512953
"K813890",0.0259067357512953
"K870464",0.0259067357512953
"K610806",0.0259067357512953
"K819293",0.0259067357512953
"K543895",0.0259067357512953
"K898745",0.0259067357512953
"K864139",0.0259067357512953
"K599416",0.0259067357512953
"K994750",0.0259067357512953
"K930746",0.0259067357512953
"K710171",0.0259067357512953
"K845754",0.032258064516129
"K967305",0.0259067357512953
"K643845",0.0259067357512953
"K932627",0.0259067357512953
"K979445",0.823529411764706
"K728236",0.0259067357512953
"K808239",0.0259067357512953
"K501879",0.428571428571429
"K926895",0.428571428571429
"K542969",0.0259067357512953
"K564321",0.428571428571429
"K901910",0.0259067357512953
"K908190",0.0259067357512953
"K746181",0.333333333333333
"K567858",0.0259067357512953
"K656264",0.823529411764706
"K757252",0.0259067357512953
"K705885",0.0259067357512953
"K876878",0.428571428571429
"K591956",0.0259067357512953
"K623325",0.0259067357512953
"K651257",0.0259067357512953
"K725017",1
"K759401",0.0259067357512953
"K605579",0.0259067357512953
"K645478",0.0259067357512953
"K695855",0.0259067357512953
"K739017",0.428571428571429
"K531266",0.0259067357512953
"K734826",0.0259067357512953
"K818398",0.428571428571429
"K539458",0.0259067357512953
"K883015",0.0259067357512953
"K600387",1
"K931922",0.0259067357512953
"K860268",0.0259067357512953
"K591685",0.0259067357512953
"K958581",0.428571428571429
"K858260",0.428571428571429
"K718111",0.0259067357512953
"K943104",0.0259067357512953
"K704648",0.0259067357512953
"K523722",0.545454545454545
"K563485",0.0259067357512953
"K843194",0.0259067357512953
"K618673",0.0259067357512953
"K936399",0.428571428571429
"K645649",0.0259067357512953
"K943424",1
"K955596",0.0259067357512953
"K585307",0.0259067357512953
"K869468",0.333333333333333
"K982970",0.0259067357512953
"K586845",0.0259067357512953
"K567108",0.0259067357512953
"K624848",0.0259067357512953
"K728058",0.0259067357512953
"K679871",0.0259067357512953
"K606890",0.0259067357512953
"K971949",0.0259067357512953
"K930969",0.0259067357512953
"K610802",0.0259067357512953
"K549353",0.0259067357512953
"K546650",0.1
"K715365",0.0259067357512953
"K994503",0.0259067357512953
"K676785",0.0259067357512953
"K836427",0.0259067357512953
"K621061",0.0259067357512953
"K601568",0.0259067357512953
"K508949",0.0259067357512953
"K990819",0.0259067357512953
"K688605",0.0259067357512953
"K778312",0.823529411764706
"K522355",0.0259067357512953
"K691093",0.0259067357512953
"K897580",0.0259067357512953
"K623621",0.0259067357512953
"K559649",0.0259067357512953
"K920771",0.0259067357512953
"K572234",0.0259067357512953
"K885891",0.0259067357512953
"K505001",1
"K822326",0.0259067357512953
"K938343",0.428571428571429
"K775249",0.0259067357512953
"K996316",0.0259067357512953
"K714781",0.0259067357512953
"K557159",0.428571428571429
"K509204",0.823529411764706
"K503350",0.428571428571429
"K767242",0.545454545454545
"K652827",0.0259067357512953
"K691483",0.545454545454545
"K935259",0.0259067357512953
"K852248",0.0259067357512953
"K647041",0.0259067357512953
"K967634",0.0259067357512953
"K652033",0.0259067357512953
"K519147",1
"K668690",0.0259067357512953
"K787255",0.0259067357512953
"K595493",0.0259067357512953
"K817499",0.0259067357512953
"K813066",0.0259067357512953
"K553647",0.0259067357512953
"K569342",0.032258064516129
"K622477",0.0259067357512953
"K643255",0.0259067357512953
"K757598",0.0259067357512953
"K854725",0.0259067357512953
"K989364",0.0259067357512953
"K762052",0.545454545454545
"K997967",0.0259067357512953
"K767521",0.0259067357512953
"K556948",0.0259067357512953
"K568814",0.0259067357512953
"K811353",0.0259067357512953
"K648248",0.0259067357512953
"K855187",0.0259067357512953
"K784749",0.0259067357512953
"K798139",0.0259067357512953
"K793954",0.0259067357512953
"K779267",1
"K502411",0.0259067357512953
"K800259",0.0259067357512953
"K630264",0.0259067357512953
"K827994",0.545454545454545
"K839449",0.0259067357512953
"K834586",0.428571428571429
"K939793",0.0259067357512953
"K871238",0.0259067357512953
"K759608",0.0259067357512953
"K868913",1
"K553379",0.0259067357512953
"K521464",0.0259067357512953
"K852146",0.0259067357512953
"K770979",0.0259067357512953
"K604238",0.823529411764706
"K923984",0.0259067357512953
"K846214",0.0259067357512953
"K721909",0.0259067357512953
"K629007",0.0259067357512953
"K787575",1
"K871630",0.545454545454545
"K775750",0.0259067357512953
"K540860",0.0259067357512953
"K722922",0.0259067357512953
"K641285",0.0259067357512953
"K962930",0.0259067357512953
"K938744",0.0259067357512953
"K951154",0.0259067357512953
"K887865",0.0259067357512953
"K768039",0.0259067357512953
"K596883",0.0259067357512953
"K596179",0.0259067357512953
"K832650",0.0259067357512953
"K524802",0.0259067357512953
"K968321",0.0259067357512953
"K861951",0.0259067357512953
"K758568",0.0259067357512953
"K950802",0.428571428571429
"K849268",0.0259067357512953
"K533898",0.0259067357512953
"K963371",0.0259067357512953
"K793538",0.0259067357512953
"K722593",0.428571428571429
"K518280",1
"K540617",0.0259067357512953
"K751757",1
"K543278",0.0259067357512953
"K815718",0.0259067357512953
"K562792",0.1
"K687240",0.0259067357512953
"K710144",0.545454545454545
"K983300",0.545454545454545
"K830974",0.428571428571429
"K980200",1
"K649119",0.0259067357512953
"K863933",0.0259067357512953
"K790731",0.0259067357512953
"K794658",0.0259067357512953
"K662151",0.0259067357512953
"K613717",0.0259067357512953
"K714262",0.0259067357512953
"K588653",0.0259067357512953
"K690971",0.428571428571429
"K572787",0.0259067357512953
"K598829",0.0259067357512953
"K713837",0.0259067357512953
"K527095",1
"K821099",0.0259067357512953
"K555415",0.0259067357512953
"K881809",0.0259067357512953
"K595326",0.0259067357512953
"K770205",0.0259067357512953
"K567039",0.428571428571429
"K914520",0.0259067357512953
"K560743",0.428571428571429
"K788676",0.0259067357512953
"K646695",0.0259067357512953
"K723421",0.0259067357512953
"K581149",0.0259067357512953
"K687525",0.0259067357512953
"K513591",0.0259067357512953
"K610454",0.0259067357512953
"K918063",0.0259067357512953
"K521029",0.0259067357512953
"K579294",0.0259067357512953
"K572606",0.0259067357512953
"K510023",0.0259067357512953
"K917159",0.0259067357512953
"K949032",0.0259067357512953
"K857436",0.0259067357512953
"K981942",0.545454545454545
"K748643",0.0259067357512953
"K944091",0.0259067357512953
"K765339",0.0259067357512953
"K764171",0.0259067357512953
"K685617",0.0259067357512953
"K561257",0.0259067357512953
"K528195",0.0259067357512953
"K939228",0.0259067357512953
"K598565",0.823529411764706
"K660156",0.0259067357512953
"K552858",0.428571428571429
"K619642",1
"K540001",0.0259067357512953
"K923026",0.0259067357512953
"K973150",0.0259067357512953
"K584919",0.428571428571429
"K576994",0.0259067357512953
"K656308",0.0259067357512953
"K745835",0.0259067357512953
"K584342",0.0259067357512953
"K743821",0.0259067357512953
"K592757",0.0259067357512953
"K834275",0.0259067357512953
"K562148",0.0259067357512953
"K755386",0.0259067357512953
"K592628",0.0259067357512953
"K753381",0.0259067357512953
"K580586",1
"K519062",1
"K835505",0.0259067357512953
"K529647",0.428571428571429
"K513570",0.0259067357512953
"K805433",0.0259067357512953
"K922447",0.823529411764706
"K780998",0.0259067357512953
"K571083",0.0259067357512953
"K692221",0.0259067357512953
"K600473",0.0259067357512953
"K648642",0.0259067357512953
"K577507",0.0259067357512953
"K909148",0.428571428571429
"K908247",0.0259067357512953
"K560302",0.0259067357512953
"K638294",0.0259067357512953
"K525408",0.0259067357512953
"K569333",0.0259067357512953
"K591688",0.0259067357512953
"K788691",0.0259067357512953
"K663118",0.0259067357512953
"K925362",1
"K513720",0.0259067357512953
"K943792",0.0259067357512953
"K669907",0.0259067357512953
"K785528",0.0259067357512953
"K915968",0.0259067357512953
"K774462",0.545454545454545
"K920721",1
"K958916",0.0259067357512953
"K876814",0.545454545454545
"K680315",0.0259067357512953
"K818523",0.0259067357512953
"K684169",0.428571428571429
"K752178",0.0259067357512953
"K820484",0.0259067357512953
"K742310",0.0259067357512953
"K800682",0.545454545454545
"K599711",0.0259067357512953
"K525832",0.0259067357512953
"K739477",0.0259067357512953
"K904715",0.032258064516129
"K644796",0.0259067357512953
"K932107",0.823529411764706
"K911392",0.428571428571429
"K851544",0.0259067357512953
"K799660",0.545454545454545
"K954796",0.333333333333333
"K844624",0.0259067357512953
"K633358",0.0259067357512953
"K992171",0.0259067357512953
"K938994",0.0259067357512953
"K949451",0.0259067357512953
"K642423",1
"K853557",0.0259067357512953
"K534393",0.0259067357512953
"K756116",0.0259067357512953
"K817893",0.0259067357512953
"K848552",1
"K885199",0.0259067357512953
"K911798",1
"K703280",0.0259067357512953
"K678385",0.0259067357512953
"K814131",0.0259067357512953
"K568744",0.0259067357512953
"K971212",0.1
"K553223",0.0259067357512953
"K704065",0.0259067357512953
"K873557",0.0259067357512953
"K712991",0.0259067357512953
"K675657",0.0259067357512953
"K940687",0.0259067357512953
"K554120",1
"K633716",0.0259067357512953
"K518979",0.0259067357512953
"K796883",0.0259067357512953
"K920879",0.428571428571429
"K769123",0.0259067357512953
"K581882",0.428571428571429
"K615912",0.0259067357512953
"K712964",0.0259067357512953
"K780646",0.428571428571429
"K880249",0.0259067357512953
"K973946",0.0259067357512953
"K903743",0.0259067357512953
"K944460",0.0259067357512953
"K680671",0.0259067357512953
"K785735",0.0259067357512953
"K791216",0.0259067357512953
"K659950",0.0259067357512953
"K901874",1
"K961455",0.0259067357512953
"K798670",0.428571428571429
"K656186",0.0259067357512953
"K964330",1
"K634986",0.0259067357512953
"K960273",0.0259067357512953
"K530780",0.0259067357512953
"K755942",0.0259067357512953
"K769465",0.0259067357512953
"K871681",0.0259067357512953
"K871808",0.0259067357512953
"K995362",0.0259067357512953
"K876565",0.0259067357512953
"K769922",0.0259067357512953
"K769396",0.0259067357512953
"K500831",0.0259067357512953
"K867875",0.0259067357512953
"K563637",0.0259067357512953
"K689011",0.428571428571429
"K798567",0.0259067357512953
"K535695",0.545454545454545
"K718694",0.0259067357512953
"K740367",0.0259067357512953
"K902234",0.0259067357512953
"K973579",0.0259067357512953
"K787278",0.0259067357512953
"K773256",0.0259067357512953
"K640679",0.0259067357512953
"K943836",0.0259067357512953
"K836910",0.0259067357512953
"K643508",0.0259067357512953
"K901081",0.0259067357512953
"K569887",0.0259067357512953
"K890255",0.428571428571429
"K745495",0.545454545454545
"K690486",0.428571428571429
"K827671",0.0259067357512953
"K760967",0.0259067357512953
"K814474",0.0259067357512953
"K920627",0.428571428571429
"K733821",0.0259067357512953
"K667368",0.0259067357512953
"K761140",0.0259067357512953
"K824914",0.0259067357512953
"K541771",0.0259067357512953
"K854319",0.0259067357512953
"K734151",0.428571428571429
"K647080",0.0259067357512953
"K525641",0.0259067357512953
"K563143",0.0259067357512953
"K598644",0.0259067357512953
"K804583",0.0259067357512953
"K886430",0.0259067357512953
"K997155",0.0259067357512953
"K625788",0.0259067357512953
"K592916",0.0259067357512953
"K784198",0.0259067357512953
"K799686",0.0259067357512953
"K775675",0.0259067357512953
"K878453",0.0259067357512953
"K843976",0.0259067357512953
"K816213",0.0259067357512953
"K765007",0.0259067357512953
"K634697",0.0259067357512953
"K909940",0.0259067357512953
"K685703",0.0259067357512953
"K662365",0.0259067357512953
"K523540",0.0259067357512953
"K648784",0.0259067357512953
"K914990",0.0259067357512953
"K732644",0.428571428571429
"K998294",0.0259067357512953
"K941936",0.428571428571429
"K674869",1
"K952256",0.0259067357512953
"K624702",0.032258064516129
"K744174",0.0259067357512953
"K873132",0.0259067357512953
"K864047",0.0259067357512953
"K566651",0.428571428571429
"K737306",0.0259067357512953
"K880959",0.0259067357512953
"K735931",0.0259067357512953
"K928319",0.0259067357512953
"K931360",0.0259067357512953
"K757163",0.0259067357512953
"K893423",0.0259067357512953
"K761153",0.0259067357512953
"K596068",0.0259067357512953
"K600750",0.0259067357512953
"K678135",0.0259067357512953
"K754669",0.0259067357512953
"K989362",0.0259067357512953
"K869764",0.0259067357512953
"K818930",0.0259067357512953
"K962418",0.0259067357512953
"K922814",0.0259067357512953
"K508106",0.0259067357512953
"K504622",1
"K643277",0.0259067357512953
"K607861",0.0259067357512953
"K734993",0.0259067357512953
"K712858",0.0259067357512953
"K932872",0.0259067357512953
"K897473",0.0259067357512953
"K823870",0.0259067357512953
"K858762",0.032258064516129
"K672507",0.0259067357512953
"K522864",0.428571428571429
"K992574",0.0259067357512953
"K661083",0.0259067357512953
"K776220",0.823529411764706
"K875363",0.0259067357512953
"K563177",0.0259067357512953
"K668161",0.0259067357512953
"K532379",0.0259067357512953
"K646382",0.0259067357512953
"K626895",0.0259067357512953
"K811434",0.0259067357512953
"K808246",0.0259067357512953
"K537135",0.0259067357512953
"K502949",0.0259067357512953
"K892620",0.823529411764706
"K851330",0.0259067357512953
"K952806",0.428571428571429
"K669263",0.0259067357512953
"K983307",0.0259067357512953
"K988928",0.0259067357512953
"K973480",0.0259067357512953
"K651368",0.0259067357512953
"K840636",0.0259067357512953
"K583855",0.0259067357512953
"K726300",0.0259067357512953
"K724545",0.0259067357512953
"K503578",0.0259067357512953
"K540637",0.0259067357512953
"K564094",0.0259067357512953
"K667878",0.0259067357512953
"K775177",0.428571428571429
"K791557",0.0259067357512953
"K730613",0.0259067357512953
"K539016",0.0259067357512953
"K510460",0.0259067357512953
"K783745",0.0259067357512953
"K736518",1
"K905924",0.0259067357512953
"K929657",0.0259067357512953
"K817130",0.0259067357512953
"K639015",0.428571428571429
"K992047",0.0259067357512953
"K718265",0.545454545454545
"K716445",0.0259067357512953
"K808455",0.0259067357512953
"K533414",0.0259067357512953
"K929522",0.0259067357512953
"K818783",0.032258064516129
"K852270",0.0259067357512953
"K523241",0.0259067357512953
"K820740",0.0259067357512953
"K655603",0.0259067357512953
"K759657",0.0259067357512953
"K702169",0.0259067357512953
"K728838",0.0259067357512953
"K911699",0.0259067357512953
"K792183",1
"K566585",0.0259067357512953
"K869881",0.0259067357512953
"K951518",0.0259067357512953
"K851266",0.0259067357512953
"K756895",0.0259067357512953
"K992955",0.428571428571429
"K806907",0.0259067357512953
"K901740",0.0259067357512953
"K619062",1
"K667415",0.428571428571429
"K652671",0.0259067357512953
"K599211",0.0259067357512953
"K744701",1
"K781267",0.0259067357512953
"K513346",0.0259067357512953
"K786188",0.032258064516129
"K799596",0.0259067357512953
"K861912",0.0259067357512953
"K645946",0.0259067357512953
"K900163",0.0259067357512953
"K551473",0.428571428571429
"K816700",0.0259067357512953
"K617021",0.0259067357512953
"K546693",0.428571428571429
"K514237",0.0259067357512953
"K817299",0.0259067357512953
"K964837",0.545454545454545
"K964792",0.0259067357512953
"K952979",0.0259067357512953
"K910241",0.1
"K750363",1
"K598640",0.0259067357512953
"K932150",0.0259067357512953
"K770170",0.0259067357512953
"K828892",0.0259067357512953
"K937890",0.0259067357512953
"K911450",0.0259067357512953
"K964409",0.0259067357512953
"K757959",0.0259067357512953
"K533799",0.0259067357512953
"K703647",0.0259067357512953
"K937588",0.0259067357512953
"K855049",0.0259067357512953
"K803111",0.0259067357512953
"K648682",0.0259067357512953
"K674012",0.823529411764706
"K775112",0.0259067357512953
"K694917",0.0259067357512953
"K697339",0.0259067357512953
"K820134",0.823529411764706
"K980762",0.428571428571429
"K771421",0.0259067357512953
"K509365",0.0259067357512953
"K956244",0.0259067357512953
"K536022",0.0259067357512953
"K925535",0.0259067357512953
"K662328",0.0259067357512953
"K911236",0.0259067357512953
"K515040",0.0259067357512953
"K528757",0.0259067357512953
"K695548",0.0259067357512953
"K860565",0.032258064516129
"K536210",0.0259067357512953
"K735057",0.0259067357512953
"K655599",0.666666666666667
"K942197",0.0259067357512953
"K742103",0.428571428571429
"K768979",0.0259067357512953
"K661099",1
"K869450",0.0259067357512953
"K876687",0.0259067357512953
"K612342",0.0259067357512953
"K932902",0.0259067357512953
"K812965",0.0259067357512953
"K974223",0.0259067357512953
"K926722",0.0259067357512953
"K928632",0.0259067357512953
"K515665",0.0259067357512953
"K953566",0.0259067357512953
"K731815",0.0259067357512953
"K830649",0.0259067357512953
"K927405",0.428571428571429
"K524421",0.545454545454545
"K530642",0.0259067357512953
"K582150",0.0259067357512953
"K868263",0.0259067357512953
"K728098",0.545454545454545
"K597988",0.428571428571429
"K643771",0.0259067357512953
"K743619",0.0259067357512953
"K503690",0.0259067357512953
"K676706",0.0259067357512953
"K923282",0.0259067357512953
"K989868",0.0259067357512953
"K533080",0.0259067357512953
"K502266",0.0259067357512953
"K618619",0.428571428571429
"K954096",1
"K646984",0.0259067357512953
"K789352",0.428571428571429
"K759585",0.032258064516129
"K918978",1
"K722790",0.0259067357512953
"K767227",0.0259067357512953
"K850175",0.823529411764706
"K522505",0.0259067357512953
"K904953",0.0259067357512953
"K716038",1
"K724786",0.0259067357512953
"K815295",0.0259067357512953
"K769062",0.0259067357512953
"K526535",0.0259067357512953
"K962967",1
"K768869",0.428571428571429
"K910413",0.0259067357512953
"K745364",0.0259067357512953
"K977528",0.0259067357512953
"K633824",0.0259067357512953
"K534441",0.0259067357512953
"K819818",0.0259067357512953
"K925703",0.0259067357512953
"K980869",0.0259067357512953
"K719274",0.0259067357512953
"K978219",0.428571428571429
"K648770",0.0259067357512953
"K609989",0.0259067357512953
"K874759",0.0259067357512953
"K916676",0.0259067357512953
"K694226",0.0259067357512953
"K743551",0.0259067357512953
"K573724",0.0259067357512953
"K737396",0.0259067357512953
"K778971",0.0259067357512953
"K906475",0.0259067357512953
"K924417",0.0259067357512953
"K846562",0.0259067357512953
"K595506",0.0259067357512953
"K531597",0.0259067357512953
"K542081",0.0259067357512953
"K705533",0.0259067357512953
"K834020",0.0259067357512953
"K745035",0.428571428571429
"K613224",0.0259067357512953
"K948335",0.0259067357512953
"K561499",0.666666666666667
"K977416",0.0259067357512953
"K891626",0.0259067357512953
"K635366",0.0259067357512953
"K915767",0.0259067357512953
"K664787",0.428571428571429
"K788186",0.0259067357512953
"K681193",0.0259067357512953
"K864918",0.0259067357512953
"K750554",1
"K537626",0.0259067357512953
"K721520",0.0259067357512953
"K813526",0.0259067357512953
"K995947",0.032258064516129
"K975022",0.428571428571429
"K830692",0.823529411764706
"K787431",0.0259067357512953
"K969994",0.0259067357512953
"K930412",0.545454545454545
"K961199",0.0259067357512953
"K839559",0.0259067357512953
"K619077",0.0259067357512953
"K685016",1
"K854630",0.428571428571429
"K847855",0.0259067357512953
"K828409",0.0259067357512953
"K626736",0.0259067357512953
"K866742",0.0259067357512953
"K697878",0.0259067357512953
"K756645",0.0259067357512953
"K557121",0.0259067357512953
"K911753",0.0259067357512953
"K904584",0.0259067357512953
"K893656",0.545454545454545
"K872604",0.0259067357512953
"K684965",0.0259067357512953
"K942847",0.0259067357512953
"K512449",0.0259067357512953
"K900514",0.0259067357512953
"K532683",1
"K626543",0.0259067357512953
"K503939",0.0259067357512953
"K646917",0.0259067357512953
"K982680",0.0259067357512953
"K566467",0.0259067357512953
"K763292",0.545454545454545
"K559087",0.0259067357512953
"K513761",0.428571428571429
"K814285",0.0259067357512953
"K980659",0.0259067357512953
"K817755",0.0259067357512953
"K634875",0.428571428571429
"K926513",0.0259067357512953
"K628969",0.0259067357512953
"K693827",0.823529411764706
"K945380",0.0259067357512953
"K737172",0.0259067357512953
"K650610",0.428571428571429
"K740736",0.0259067357512953
"K908994",1
"K597065",0.0259067357512953
"K562262",0.0259067357512953
"K814728",0.823529411764706
"K972806",0.0259067357512953
"K933430",0.428571428571429
"K855778",0.0259067357512953
"K508320",0.0259067357512953
"K946689",0.0259067357512953
"K891889",0.0259067357512953
"K559293",0.0259067357512953
"K707984",0.0259067357512953
"K566345",0.0259067357512953
"K710404",0.0259067357512953
"K636743",0.0259067357512953
"K843965",0.0259067357512953
"K757164",0.0259067357512953
"K967604",0.428571428571429
"K550108",0.0259067357512953
"K938748",0.0259067357512953
"K970546",0.0259067357512953
"K776925",0.0259067357512953
"K930956",0.0259067357512953
"K964920",0.0259067357512953
"K558923",1
"K916740",0.545454545454545
"K945462",0.032258064516129
"K800136",0.1
"K841803",1
"K754248",0.0259067357512953
"K667164",0.0259067357512953
"K949543",0.0259067357512953
"K580182",0.666666666666667
"K621291",0.0259067357512953
"K698429",0.545454545454545
"K999466",0.823529411764706
"K902573",1
"K937468",0.0259067357512953
"K517925",0.0259067357512953
"K912905",0.0259067357512953
"K683234",0.0259067357512953
"K755983",0.0259067357512953
"K508962",0.428571428571429
"K754793",0.0259067357512953
"K743107",0.0259067357512953
"K679355",0.0259067357512953
"K925544",0.0259067357512953
"K821009",0.428571428571429
"K541933",0.0259067357512953
"K533037",0.428571428571429
"K747778",0.0259067357512953
"K698255",0.428571428571429
"K810857",0.0259067357512953
"K618408",0.428571428571429
"K849881",0.0259067357512953
"K939066",0.0259067357512953
"K985449",0.0259067357512953
"K509878",0.0259067357512953
"K825337",0.0259067357512953
"K564508",0.428571428571429
"K644595",0.0259067357512953
"K681783",0.545454545454545
"K956451",0.428571428571429
"K649426",0.0259067357512953
"K912742",0.0259067357512953
"K741894",0.0259067357512953
"K744492",0.0259067357512953
"K880758",0.428571428571429
"K835312",0.0259067357512953
"K949559",0.428571428571429
"K768210",0.0259067357512953
"K729866",0.0259067357512953
"K973245",0.428571428571429
"K636236",0.428571428571429
"K731537",0.0259067357512953
"K698336",0.0259067357512953
"K939844",0.0259067357512953
"K653534",0.0259067357512953
"K553977",0.0259067357512953
"K740478",0.0259067357512953
"K504210",0.0259067357512953
"K998640",0.428571428571429
"K794793",0.428571428571429
"K829910",0.0259067357512953
"K784676",0.0259067357512953
"K781600",0.0259067357512953
"K899062",0.0259067357512953
"K753481",0.0259067357512953
"K573940",0.0259067357512953
"K687361",0.032258064516129
"K993349",0.0259067357512953
"K744231",0.032258064516129
"K701220",0.428571428571429
"K608119",0.0259067357512953
"K768515",0.0259067357512953
"K802946",0.0259067357512953
"K652432",0.0259067357512953
"K607642",0.428571428571429
"K831958",0.0259067357512953
"K537609",0.0259067357512953
"K993232",0.0259067357512953
"K565121",0.0259067357512953
"K854009",0.0259067357512953
"K879662",0.0259067357512953
"K661843",0.0259067357512953
"K512113",0.0259067357512953
"K962474",0.0259067357512953
"K946425",0.0259067357512953
"K866739",0.0259067357512953
"K547474",0.428571428571429
"K697423",0.0259067357512953
"K703943",0.0259067357512953
"K776204",0.0259067357512953
"K993593",0.0259067357512953
"K734490",0.0259067357512953
"K628175",0.428571428571429
"K956736",0.0259067357512953
"K663624",0.0259067357512953
"K625803",0.666666666666667
"K902882",0.0259067357512953
"K807776",0.823529411764706
"K998564",0.0259067357512953
"K523288",0.1
"K695293",0.0259067357512953
"K965405",0.428571428571429
"K511185",0.0259067357512953
"K867046",0.0259067357512953
"K987738",0.0259067357512953
"K552469",1
"K722289",0.0259067357512953
"K798076",1
"K999350",0.0259067357512953
"K589613",0.0259067357512953
"K568025",0.0259067357512953
"K858693",0.0259067357512953
"K641186",0.0259067357512953
"K905719",0.032258064516129
"K782006",0.0259067357512953
"K538396",0.0259067357512953
"K701645",0.0259067357512953
"K522942",0.0259067357512953
"K532978",0.0259067357512953
"K621014",0.545454545454545
"K810164",0.0259067357512953
"K991792",0.428571428571429
"K782400",0.0259067357512953
"K569974",1
"K945703",0.0259067357512953
"K619324",0.428571428571429
"K872867",0.0259067357512953
"K521431",0.0259067357512953
"K746916",0.0259067357512953
"K912258",0.0259067357512953
"K941103",0.0259067357512953
"K512043",1
"K842745",0.0259067357512953
"K992345",0.0259067357512953
"K851600",0.428571428571429
"K738724",0.0259067357512953
"K757623",0.0259067357512953
"K686654",0.0259067357512953
"K583941",0.0259067357512953
"K631378",0.0259067357512953
"K821096",0.032258064516129
"K669212",0.428571428571429
"K653898",0.545454545454545
"K949614",0.0259067357512953
"K953807",0.0259067357512953
"K502149",0.428571428571429
"K633260",0.0259067357512953
"K876682",0.0259067357512953
"K551676",0.0259067357512953
"K770221",0.0259067357512953
"K998827",0.0259067357512953
"K737775",0.0259067357512953
"K628613",0.0259067357512953
"K542700",0.0259067357512953
"K683439",0.0259067357512953
"K538111",0.0259067357512953
"K951121",0.0259067357512953
"K646382",0.428571428571429
"K663869",0.0259067357512953
"K804090",0.0259067357512953
"K612835",0.0259067357512953
"K581182",0.0259067357512953
"K523299",0.0259067357512953
"K976368",0.0259067357512953
"K841384",0.0259067357512953
"K918993",0.0259067357512953
"K518663",0.0259067357512953
"K789458",0.0259067357512953
"K998556",0.0259067357512953
"K514383",0.823529411764706
"K758196",0.0259067357512953
"K519516",0.0259067357512953
"K778652",0.0259067357512953
"K504782",0.428571428571429
"K802537",0.0259067357512953
"K630360",0.0259067357512953
"K868846",0.0259067357512953
"K632374",0.0259067357512953
"K787423",0.0259067357512953
"K824315",0.0259067357512953
"K605679",0.0259067357512953
"K660565",0.823529411764706
"K982027",0.0259067357512953
"K975484",1
"K909538",0.428571428571429
"K745190",0.0259067357512953
"K662800",0.0259067357512953
"K977735",0.428571428571429
"K704347",1
"K902780",0.0259067357512953
"K700796",0.823529411764706
"K972508",0.0259067357512953
"K978237",0.0259067357512953
"K632732",0.0259067357512953
"K916560",0.0259067357512953
"K659024",0.0259067357512953
"K701183",0.0259067357512953
"K640174",0.0259067357512953
"K866680",0.0259067357512953
"K617759",0.0259067357512953
"K954006",0.0259067357512953
"K534233",0.0259067357512953
"K536249",0.428571428571429
"K853129",0.0259067357512953
"K624262",1
"K778917",0.0259067357512953
"K726704",0.0259067357512953
"K842118",0.0259067357512953
"K578055",0.0259067357512953
"K816432",0.0259067357512953
"K762552",0.0259067357512953
"K511127",0.428571428571429
"K652878",0.428571428571429
"K644924",0.0259067357512953
"K923672",0.428571428571429
"K971829",0.0259067357512953
"K763914",0.0259067357512953
"K609112",0.0259067357512953
"K684136",0.0259067357512953
"K766435",0.0259067357512953
"K724210",1
"K718303",0.0259067357512953
"K825622",0.428571428571429
"K917256",0.823529411764706
"K837104",0.0259067357512953
"K962419",0.428571428571429
"K522941",0.0259067357512953
"K699367",0.0259067357512953
"K956981",0.0259067357512953
"K673312",0.0259067357512953
"K955894",0.0259067357512953
"K600188",0.0259067357512953
"K727458",0.0259067357512953
"K967704",0.0259067357512953
"K819010",0.0259067357512953
"K879432",0.0259067357512953
"K704947",0.0259067357512953
"K820381",0.0259067357512953
"K892906",0.823529411764706
"K853073",0.0259067357512953
"K793117",0.032258064516129
"K805409",0.0259067357512953
"K808208",0.428571428571429
"K514041",0.0259067357512953
"K976314",0.823529411764706
"K561251",0.0259067357512953
"K695220",0.0259067357512953
"K944314",0.0259067357512953
"K523610",0.0259067357512953
"K916078",0.0259067357512953
"K729059",0.0259067357512953
"K919660",0.0259067357512953
"K695150",0.666666666666667
"K998040",0.0259067357512953
"K548316",0.0259067357512953
"K837343",0.0259067357512953
"K507705",0.0259067357512953
"K597323",0.0259067357512953
"K879848",0.0259067357512953
"K523579",0.0259067357512953
"K605517",0.0259067357512953
"K797517",0.0259067357512953
"K801941",0.823529411764706
"K664341",0.0259067357512953
"K664282",0.0259067357512953
"K706910",0.0259067357512953
"K778677",0.0259067357512953
"K686257",0.0259067357512953
"K589106",0.0259067357512953
"K947496",0.0259067357512953
"K591508",0.0259067357512953
"K773574",0.428571428571429
"K668840",0.0259067357512953
"K950106",0.823529411764706
"K939947",1
"K696693",0.0259067357512953
"K899684",0.823529411764706
"K966150",0.0259067357512953
"K594179",0.0259067357512953
"K508910",0.0259067357512953
"K602542",0.0259067357512953
"K613788",0.0259067357512953
"K832620",0.0259067357512953
"K652022",0.0259067357512953
"K807631",0.0259067357512953
"K638746",0.0259067357512953
"K777238",0.0259067357512953
"K636400",0.0259067357512953
"K912928",0.545454545454545
"K525493",0.0259067357512953
"K700461",0.545454545454545
"K665659",0.0259067357512953
"K708996",0.428571428571429
"K856566",0.032258064516129
"K645293",0.428571428571429
"K835301",1
"K692172",0.428571428571429
"K938620",0.0259067357512953
"K617876",0.0259067357512953
"K712538",0.0259067357512953
"K893344",0.0259067357512953
"K905995",0.0259067357512953
"K837652",0.0259067357512953
"K529469",0.0259067357512953
"K585536",0.0259067357512953
"K740397",0.0259067357512953
"K563937",0.0259067357512953
"K597062",0.0259067357512953
"K560226",1
"K735548",0.0259067357512953
"K754550",0.428571428571429
"K644082",0.0259067357512953
"K948327",1
"K533296",0.0259067357512953
"K746903",0.428571428571429
"K988358",0.0259067357512953
"K874599",0.428571428571429
"K800110",0.666666666666667
"K758942",1
"K655937",1
"K782197",0.0259067357512953
"K735736",0.0259067357512953
"K853875",0.0259067357512953
"K534136",0.0259067357512953
"K609444",0.0259067357512953
"K973846",0.0259067357512953
"K601861",0.428571428571429
"K532310",0.0259067357512953
"K908811",0.0259067357512953
"K854729",0.0259067357512953
"K795982",0.0259067357512953
"K683969",0.0259067357512953
"K658154",0.428571428571429
"K587937",0.0259067357512953
"K893335",0.0259067357512953
"K853281",0.0259067357512953
"K855263",0.0259067357512953
"K990679",0.0259067357512953
"K695669",0.0259067357512953
"K724563",0.0259067357512953
"K588837",0.0259067357512953
"K517192",0.0259067357512953
"K525889",0.0259067357512953
"K992563",0.0259067357512953
"K779583",0.0259067357512953
"K580613",0.0259067357512953
"K731536",0.0259067357512953
"K937124",0.0259067357512953
"K620039",0.032258064516129
"K863901",0.0259067357512953
"K546804",0.545454545454545
"K526221",0.0259067357512953
"K712610",0.0259067357512953
"K823507",0.0259067357512953
"K889900",0.428571428571429
"K812420",0.0259067357512953
"K869446",0.0259067357512953
"K842426",0.545454545454545
"K655485",0.0259067357512953
"K991794",0.823529411764706
"K892656",0.0259067357512953
"K691409",0.0259067357512953
"K948834",0.0259067357512953
"K861849",0.545454545454545
"K661082",1
"K580155",0.0259067357512953
"K917748",0.0259067357512953
"K525799",0.0259067357512953
"K917118",0.545454545454545
"K662156",0.428571428571429
"K549600",0.0259067357512953
"K678535",0.0259067357512953
"K515097",0.428571428571429
"K608363",0.0259067357512953
"K562617",0.0259067357512953
"K650960",0.545454545454545
"K824350",0.0259067357512953
"K981181",0.0259067357512953
"K551133",0.0259067357512953
"K778978",0.428571428571429
"K828088",0.0259067357512953
"K615290",0.428571428571429
"K699037",0.0259067357512953
"K978912",0.0259067357512953
"K763608",0.0259067357512953
"K979632",0.0259067357512953
"K744908",1
"K630945",0.0259067357512953
"K993904",0.428571428571429
"K700278",0.0259067357512953
"K794268",0.0259067357512953
"K604197",0.0259067357512953
"K568890",0.0259067357512953
"K831463",0.428571428571429
"K721135",0.0259067357512953
"K664050",0.0259067357512953
"K527942",0.0259067357512953
"K514756",0.0259067357512953
"K805345",0.0259067357512953
"K633399",0.0259067357512953
"K899559",0.0259067357512953
"K576207",0.0259067357512953
"K741420",0.0259067357512953
"K796714",0.0259067357512953
"K774254",0.0259067357512953
"K992706",0.0259067357512953
"K989471",0.0259067357512953
"K929261",0.0259067357512953
"K558778",0.0259067357512953
"K742691",0.0259067357512953
"K808125",0.0259067357512953
"K679735",0.0259067357512953
"K883488",0.032258064516129
"K618980",0.428571428571429
"K647051",1
"K798561",0.0259067357512953
"K721315",0.0259067357512953
"K764707",0.0259067357512953
"K591576",0.428571428571429
"K524839",0.428571428571429
"K500247",0.0259067357512953
"K702960",0.0259067357512953
"K544964",0.0259067357512953
"K637485",1
"K547559",0.0259067357512953
"K805738",0.0259067357512953
"K820138",0.0259067357512953
"K657483",0.0259067357512953
"K594219",0.545454545454545
"K844650",0.0259067357512953
"K699705",0.0259067357512953
"K903784",0.0259067357512953
"K568550",0.333333333333333
"K863095",0.0259067357512953
"K889473",0.0259067357512953
"K525953",0.0259067357512953
"K680677",0.0259067357512953
"K508644",0.0259067357512953
"K988457",1
"K613136",0.0259067357512953
"K840098",0.0259067357512953
"K624772",0.0259067357512953
"K757537",0.0259067357512953
"K902681",0.0259067357512953
"K929694",0.0259067357512953
"K972168",0.0259067357512953
"K876738",1
"K785889",0.428571428571429
"K735635",0.0259067357512953
"K873098",0.428571428571429
"K591059",0.0259067357512953
"K726822",0.0259067357512953
"K998470",0.545454545454545
"K762779",0.0259067357512953
"K671736",0.0259067357512953
"K632600",0.0259067357512953
"K717728",0.0259067357512953
"K766888",0.0259067357512953
"K689673",0.032258064516129
"K596680",0.666666666666667
"K614165",0.0259067357512953
"K585714",0.0259067357512953
"K634262",0.0259067357512953
"K911521",0.0259067357512953
"K518929",0.0259067357512953
"K718817",0.0259067357512953
"K775238",0.0259067357512953
"K740208",0.0259067357512953
"K849060",0.0259067357512953
"K926649",0.0259067357512953
"K888331",0.428571428571429
"K702855",0.0259067357512953
"K943552",0.0259067357512953
"K579027",0.428571428571429
"K995920",0.0259067357512953
"K650723",0.0259067357512953
"K821092",0.428571428571429
"K534601",0.545454545454545
"K629481",0.0259067357512953
"K659299",0.545454545454545
"K810907",0.0259067357512953
"K684505",0.0259067357512953
"K919248",0.0259067357512953
"K987777",0.0259067357512953
"K994886",0.0259067357512953
"K554074",0.545454545454545
"K548223",0.0259067357512953
"K673861",0.0259067357512953
"K851759",0.0259067357512953
"K634852",0.0259067357512953
"K701524",0.545454545454545
"K742061",0.666666666666667
"K850161",0.0259067357512953
"K875225",0.0259067357512953
"K533607",0.0259067357512953
"K774278",0.0259067357512953
"K798988",0.0259067357512953
"K612478",0.545454545454545
"K740612",0.428571428571429
"K644661",0.0259067357512953
"K641486",0.0259067357512953
"K741977",0.0259067357512953
"K939461",0.0259067357512953
"K746812",0.0259067357512953
"K636354",0.0259067357512953
"K832239",0.428571428571429
"K775820",0.0259067357512953
"K951210",0.0259067357512953
"K831902",0.0259067357512953
"K997934",0.0259067357512953
"K840819",0.0259067357512953
"K920124",0.0259067357512953
"K632410",0.0259067357512953
"K797632",0.0259067357512953
"K577007",0.0259067357512953
"K921205",0.0259067357512953
"K564779",0.823529411764706
"K839234",0.0259067357512953
"K785453",0.428571428571429
"K516647",0.823529411764706
"K680036",0.0259067357512953
"K829126",0.0259067357512953
"K820075",0.0259067357512953
"K803314",0.0259067357512953
"K811791",0.823529411764706
"K837754",0.0259067357512953
"K740914",0.0259067357512953
"K574453",0.0259067357512953
"K681272",0.0259067357512953
"K833225",0.0259067357512953
"K971655",0.823529411764706
"K515709",0.0259067357512953
"K659847",0.0259067357512953
"K625336",0.0259067357512953
"K594970",0.0259067357512953
"K916315",0.0259067357512953
"K594557",0.0259067357512953
"K973882",0.0259067357512953
"K592002",0.428571428571429
"K752499",0.0259067357512953
"K958647",0.0259067357512953
"K628218",0.428571428571429
"K873498",0.0259067357512953
"K661138",0.0259067357512953
"K685375",0.0259067357512953
"K629207",0.0259067357512953
"K586523",0.0259067357512953
"K524882",0.0259067357512953
"K800276",0.0259067357512953
"K950331",0.0259067357512953
"K584761",0.0259067357512953
"K659896",0.0259067357512953
"K565316",0.0259067357512953
"K741724",0.333333333333333
"K690887",0.0259067357512953
"K938813",0.0259067357512953
"K755369",0.428571428571429
"K968689",0.428571428571429
"K850756",0.0259067357512953
"K695682",0.0259067357512953
"K843794",0.0259067357512953
"K677078",0.0259067357512953
"K692670",0.0259067357512953
"K642533",0.0259067357512953
"K779115",0.428571428571429
"K545728",0.0259067357512953
"K538637",0.428571428571429
"K633551",0.0259067357512953
"K810249",0.032258064516129
"K695563",0.0259067357512953
"K709162",0.0259067357512953
"K732622",0.0259067357512953
"K502495",0.0259067357512953
"K877405",0.0259067357512953
"K570807",0.0259067357512953
"K644840",0.0259067357512953
"K541984",0.428571428571429
"K627537",0.428571428571429
"K660012",0.0259067357512953
"K631841",0.0259067357512953
"K958194",0.428571428571429
"K701637",0.0259067357512953
"K623674",0.0259067357512953
"K859222",0.0259067357512953
"K891895",0.0259067357512953
"K791214",0.545454545454545
"K854700",0.0259067357512953
"K667624",0.0259067357512953
"K856157",0.0259067357512953
"K500790",0.428571428571429
"K534506",0.0259067357512953
"K844039",0.0259067357512953
"K894380",0.428571428571429
"K705518",0.0259067357512953
"K564784",0.823529411764706
"K513946",0.428571428571429
"K804459",0.428571428571429
"K667218",0.0259067357512953
"K645652",0.0259067357512953
"K588080",0.0259067357512953
"K799300",0.545454545454545
"K941506",0.0259067357512953
"K766673",0.0259067357512953
"K796571",0.0259067357512953
"K735172",0.823529411764706
"K848826",0.0259067357512953
"K863494",0.0259067357512953
"K715573",0.428571428571429
"K681717",0.0259067357512953
"K684789",0.0259067357512953
"K856470",0.0259067357512953
"K958300",0.0259067357512953
"K632996",0.0259067357512953
"K831538",0.545454545454545
"K955080",0.0259067357512953
"K597512",0.428571428571429
"K888527",0.428571428571429
"K900153",0.0259067357512953
"K727388",0.0259067357512953
"K604056",0.0259067357512953
"K800570",0.0259067357512953
"K524847",0.428571428571429
"K819196",0.0259067357512953
"K573444",0.0259067357512953
"K779687",0.0259067357512953
"K899685",0.0259067357512953
"K540562",0.032258064516129
"K638302",0.0259067357512953
"K854218",0.0259067357512953
"K844939",0.0259067357512953
"K775219",0.0259067357512953
"K995580",0.0259067357512953
"K656616",0.0259067357512953
"K515067",0.0259067357512953
"K976977",0.0259067357512953
"K917521",0.0259067357512953
"K596388",0.0259067357512953
"K653791",0.0259067357512953
"K949608",0.0259067357512953
"K783330",0.0259067357512953
"K739907",0.428571428571429
"K944586",0.0259067357512953
"K949898",0.032258064516129
"K596554",0.0259067357512953
"K792637",0.0259067357512953
"K574999",0.0259067357512953
"K676674",0.0259067357512953
"K530610",0.0259067357512953
"K531004",0.0259067357512953
"K816842",0.0259067357512953
"K664617",0.0259067357512953
"K666447",1
"K540838",0.0259067357512953
"K583211",0.0259067357512953
"K528646",0.0259067357512953
"K628409",0.0259067357512953
"K838095",0.0259067357512953
"K726506",0.428571428571429
"K882026",0.0259067357512953
"K554134",1
"K685540",1
"K862467",0.0259067357512953
"K591663",0.0259067357512953
"K679436",1
"K876161",0.545454545454545
"K628081",0.0259067357512953
"K630988",0.0259067357512953
"K541117",0.0259067357512953
"K621700",0.0259067357512953
"K643917",0.0259067357512953
"K980530",0.0259067357512953
"K642830",0.666666666666667
"K974228",0.0259067357512953
"K572593",0.0259067357512953
"K796802",0.0259067357512953
"K923986",0.0259067357512953
"K885168",0.0259067357512953
"K608768",0.333333333333333
"K639398",0.0259067357512953
"K570580",0.032258064516129
"K924376",0.428571428571429
"K749867",0.0259067357512953
"K823366",0.0259067357512953
"K871120",0.0259067357512953
"K840273",0.428571428571429
"K749728",0.545454545454545
"K608723",0.0259067357512953
"K553721",0.0259067357512953
"K518774",0.0259067357512953
"K801738",0.0259067357512953
"K837369",0.823529411764706
"K747598",0.0259067357512953
"K847550",0.0259067357512953
"K532157",0.0259067357512953
"K840633",0.0259067357512953
"K639822",0.0259067357512953
"K643169",0.0259067357512953
"K888866",0.0259067357512953
"K596439",0.0259067357512953
"K954656",0.545454545454545
"K720469",0.0259067357512953
"K810516",0.0259067357512953
"K688801",0.0259067357512953
"K731117",1
"K708258",0.545454545454545
"K504535",0.0259067357512953
"K554673",0.823529411764706
"K928773",0.0259067357512953
"K807342",0.0259067357512953
"K989180",0.0259067357512953
"K523923",0.0259067357512953
"K643238",1
"K550375",0.428571428571429
"K915523",0.0259067357512953
"K949854",0.0259067357512953
"K975769",0.428571428571429
"K599643",0.0259067357512953
"K637977",0.0259067357512953
"K837230",0.0259067357512953
"K606433",0.0259067357512953
"K927419",0.0259067357512953
"K808449",0.428571428571429
"K764149",0.0259067357512953
"K823481",0.0259067357512953
"K562973",1
"K590087",0.0259067357512953
"K888162",1
"K987214",0.428571428571429
"K956537",0.823529411764706
"K978520",0.0259067357512953
"K840320",0.0259067357512953
"K680734",0.0259067357512953
"K582528",0.0259067357512953
"K975153",0.0259067357512953
"K802558",0.0259067357512953
"K900616",0.0259067357512953
"K779392",0.0259067357512953
"K947277",0.0259067357512953
"K888520",0.0259067357512953
"K687794",0.0259067357512953
"K813825",1
"K548779",0.823529411764706
"K613611",0.0259067357512953
"K554225",0.0259067357512953
"K872291",0.545454545454545
"K762123",0.0259067357512953
"K588314",0.0259067357512953
"K826807",0.0259067357512953
"K982731",0.0259067357512953
"K623037",0.0259067357512953
"K883413",1
