{"label":0.0,"votes_log":0.6931471805599453,"comments_log":0.0,"prediction":0.0}
{"label":1.0,"votes_log":2.1972245773362196,"comments_log":0.0,"prediction":1.0}
{"label":1.0,"votes_log":3.091042453358316,"comments_log":3.4339872044851463,"prediction":1.0}
{"label":0.0,"votes_log":1.0986122886681096,"comments_log":0.0,"prediction":0.0}
{"label":0.0,"votes_log":0.6931471805599453,"comments_log":0.0,"prediction":0.0}
{"label":0.0,"votes_log":0.6931471805599453,"comments_log":0.0,"prediction":0.0}
