{"value":"{\"aid\": \"40236797\", \"title\": \"Show HN: An extension to track your Wikipedia adventures\", \"url\": \"https://chromewebstore.google.com/detail/wiki-journey/lehenbcbjcnkhkikgopniimobmmdcfog\", \"domain\": \"chromewebstore.google.com\", \"votes\": 13, \"user\": \"demegire\", \"posted_at\": \"2024-05-02 14:36:18\", \"comments\": 0, \"source_title\": \"Wiki Journey\", \"source_text\": \"Skip to main content\\n\\nChrome Web Store\\n\\n  * My extensions & themes\\n  * Developer Dashboard\\n  * Give feedback\\n\\nSign in\\n\\n# Switch to Chrome?\\n\\nGoogle recommends using Chrome when using extensions and themes.\\n\\nYes\\n\\nWiki Journey\\n\\nSwitch to Chrome to install extensions and themes\\n\\n# Wiki Journey\\n\\nExtensionEntertainment1 user\\n\\n##\\n\\nOverview\\n\\nVisualizes your daily Wikipedia adventures\\n\\nWiki Journey tracks Wikipedia articles you visit and visualizes them on a tree\\nwhere you can see which articles led to which. Each day a new tree is created,\\nyou can also view your older trees. You can share your trees as well!\\n\\n##\\n\\n0 out of 5\\n\\nNo ratings\\n\\nGoogle doesn't verify reviews. Learn more about results and reviews.\\n\\n## Details\\n\\n  * Version\\n\\n1.1\\n\\n  * Updated\\n\\nApril 21, 2024\\n\\n  * Report a concern\\n\\n  * Size\\n\\n504KiB\\n\\n  * Languages\\n\\nEnglish\\n\\n  * Developer\\n\\n  * Non-trader\\n\\nThis developer has not identified itself as a trader. For consumers in the\\nEuropean Union, please note that consumer rights do not apply to contracts\\nbetween you and this developer.\\n\\n## Privacy\\n\\nWiki Journey has disclosed the following information regarding the collection\\nand usage of your data. More detailed information can be found in the\\ndeveloper's privacy policy.\\n\\n### Wiki Journey handles the following:\\n\\nWeb history\\n\\nSee details\\n\\n## This developer declares that your data is\\n\\n  * Not being sold to third parties, outside of the approved use cases\\n  * Not being used or transferred for purposes that are unrelated to the item's core functionality\\n  * Not being used or transferred to determine creditworthiness or for lending purposes\\n\\n## Related\\n\\nWikipedia Search\\n\\n0.0(0)\\n\\nAverage rating 0 out of 5. No ratings.\\n\\nGoogle doesn't verify reviews. Learn more about results and reviews.\\n\\nSimple wikipedia search as an extension\\n\\nWikiTree Browser Extension\\n\\n5.0(6)\\n\\nAverage rating 5 out of 5. 6 ratings.\\n\\nGoogle doesn't verify reviews. Learn more about results and reviews.\\n\\nThe official WikiTree browser extension.\\n\\nRead Wiki Later\\n\\n0.0(0)\\n\\nAverage rating 0 out of 5. No ratings.\\n\\nGoogle doesn't verify reviews. Learn more about results and reviews.\\n\\nQue wiki documents into list for after read\\n\\nWikiMapper\\n\\n4.8(24)\\n\\nAverage rating 4.8 out of 5. 24 ratings.\\n\\nGoogle doesn't verify reviews. Learn more about results and reviews.\\n\\nWikiMapper - Track and graph your adventures down the Wikipedia rabbit hole.\\n\\nWikiwand: Wikipedia Modernized\\n\\n4.8(7.8K)\\n\\nAverage rating 4.8 out of 5. 7.8K ratings.\\n\\nGoogle doesn't verify reviews. Learn more about results and reviews.\\n\\nGood old Wikipedia gets a great new look\\n\\nWikipedia Time Travel\\n\\n5.0(2)\\n\\nAverage rating 5 out of 5. 2 ratings.\\n\\nGoogle doesn't verify reviews. Learn more about results and reviews.\\n\\nSee how Wikipedia pages evolved over time.\\n\\nWikipedia Adventure\\n\\n5.0(2)\\n\\nAverage rating 5 out of 5. 2 ratings.\\n\\nGoogle doesn't verify reviews. Learn more about results and reviews.\\n\\nDiscover the internet's free encyclopedia by searching through Wikipedia!\\n\\nWikiTree BEE\\n\\n5.0(6)\\n\\nAverage rating 5 out of 5. 6 ratings.\\n\\nGoogle doesn't verify reviews. Learn more about results and reviews.\\n\\nEnhance your WikiTree experience with WikiTree Browser Extension Extras:\\nWikiTree BEE\\n\\nWikiTree\\n\\n0.0(0)\\n\\nAverage rating 0 out of 5. No ratings.\\n\\nGoogle doesn't verify reviews. Learn more about results and reviews.\\n\\nVisualize your Wikipedia rabbitholes as a Tree\\n\\nHigh Wiki\\n\\n5.0(1)\\n\\nAverage rating 5 out of 5. 1 rating.\\n\\nGoogle doesn't verify reviews. Learn more about results and reviews.\\n\\nRead everything on Wikipedia in just one tab. For the intellectually curious\\nand chronic procrastinators\\n\\nWikipedia Reading Lists\\n\\n2.6(29)\\n\\nAverage rating 2.6 out of 5. 29 ratings.\\n\\nGoogle doesn't verify reviews. Learn more about results and reviews.\\n\\nSave Wikipedia articles to read on Wikipedia\\u2019s iOS and Android apps\\n\\nRandom Wiki Tab\\n\\n4.3(3)\\n\\nAverage rating 4.3 out of 5. 3 ratings.\\n\\nGoogle doesn't verify reviews. Learn more about results and reviews.\\n\\nOpens a random wikipedia page on a new tab\\n\\nWikipedia Search\\n\\n0.0(0)\\n\\nAverage rating 0 out of 5. No ratings.\\n\\nGoogle doesn't verify reviews. Learn more about results and reviews.\\n\\nSimple wikipedia search as an extension\\n\\nWikiTree Browser Extension\\n\\n5.0(6)\\n\\nAverage rating 5 out of 5. 6 ratings.\\n\\nGoogle doesn't verify reviews. Learn more about results and reviews.\\n\\nThe official WikiTree browser extension.\\n\\nRead Wiki Later\\n\\n0.0(0)\\n\\nAverage rating 0 out of 5. No ratings.\\n\\nGoogle doesn't verify reviews. Learn more about results and reviews.\\n\\nQue wiki documents into list for after read\\n\\nWikiMapper\\n\\n4.8(24)\\n\\nAverage rating 4.8 out of 5. 24 ratings.\\n\\nGoogle doesn't verify reviews. Learn more about results and reviews.\\n\\nWikiMapper - Track and graph your adventures down the Wikipedia rabbit hole.\\n\\nWikiwand: Wikipedia Modernized\\n\\n4.8(7.8K)\\n\\nAverage rating 4.8 out of 5. 7.8K ratings.\\n\\nGoogle doesn't verify reviews. Learn more about results and reviews.\\n\\nGood old Wikipedia gets a great new look\\n\\nWikipedia Time Travel\\n\\n5.0(2)\\n\\nAverage rating 5 out of 5. 2 ratings.\\n\\nGoogle doesn't verify reviews. Learn more about results and reviews.\\n\\nSee how Wikipedia pages evolved over time.\\n\\nWikipedia Adventure\\n\\n5.0(2)\\n\\nAverage rating 5 out of 5. 2 ratings.\\n\\nGoogle doesn't verify reviews. Learn more about results and reviews.\\n\\nDiscover the internet's free encyclopedia by searching through Wikipedia!\\n\\nWikiTree BEE\\n\\n5.0(6)\\n\\nAverage rating 5 out of 5. 6 ratings.\\n\\nGoogle doesn't verify reviews. Learn more about results and reviews.\\n\\nEnhance your WikiTree experience with WikiTree Browser Extension Extras:\\nWikiTree BEE\\n\\nGoogle apps\\n\\n  * About Chrome Web Store\\n  * Developer Dashboard\\n  * Privacy Policy\\n  * Terms of Service\\n  * Help\\n\\n\", \"frontpage\": true}"}
