{"value":"{\"aid\": \"40235129\", \"title\": \"Full Body Scans for the People\", \"url\": \"https://www.nytimes.com/2024/04/27/business/dealbook/daniel-ek-neko-health.html\", \"domain\": \"nytimes.com\", \"votes\": 15, \"user\": \"sieste\", \"posted_at\": \"2024-05-02 11:59:26\", \"comments\": 10, \"source_title\": \"Daniel Ek\\u2019s Next Act: Full-Body Scans for the People\", \"source_text\": \"Spotify\\u2019s Daniel Ek Wants to Democratize Full-Body Scans - The New York Times\\n\\nManage privacy preferences\\n\\nWe and our vendors use cookies and similar methods to recognize visitors and\\nremember their preferences, for analytics, to measure our marketing\\neffectiveness and to target and measure the effectiveness of ads, among other\\nthings. To learn more about these methods, view our Cookie Policy and Privacy\\nPolicy. By clicking \\u2018Accept all,\\u2019 you consent to the processing of your data\\nby us and our vendors using the above methods. You can always change your\\npreferences by clicking on Manage Privacy Preferences in our website footer or\\nin your app Privacy Settings. Your preferences here are unrelated to Apple\\u2019s\\nApp Tracking Transparency Framework.\\n\\n344\\n\\nVendors using consent 317\\n\\nVendors using legitimate interest 81\\n\\nPrecise geolocation data, and identification through device scanning\\n\\nPrecise geolocation and information about device characteristics can be used.\\n\\nPersonalised advertising, advertising measurement, audience research and\\nservices development\\n\\nAdvertising can be personalised based on your profile. Your activity on this\\nservice can be used to build or improve a profile about you for personalised\\nadvertising. Advertising performance can be measured. Reports can be generated\\nbased on your activity and those of others. Your activity on this service can\\nhelp develop and improve products and services.\\n\\nPurposes\\n\\n  * Use limited data to select advertising\\n  * Create profiles for personalised advertising\\n  * Use profiles to select personalised advertising\\n  * Measure advertising performance\\n  * Understand audiences through statistics or combinations of data from different sources\\n  * Develop and improve services\\n\\nStore and/or access information on a device\\n\\nCookies, device or similar online identifiers (e.g. login-based identifiers,\\nrandomly assigned identifiers, network based identifiers) together with other\\ninformation (e.g. browser type and information, language, screen size,\\nsupported technologies etc.) can be stored or read on your device to recognise\\nit each time it connects to an app or to a website, for one or several of the\\npurposes presented here.\\n\\nManage Privacy Preferences\\n\\nWe and our vendors use cookies and similar methods (\\u201cCookies\\u201d) to recognize\\nvisitors and remember their preferences. We also use them for a variety of\\npurposes, including analytics, to measure marketing effectiveness and to\\ntarget and measure the effectiveness of ads. You can accept or reject the use\\nof Cookies for individual purposes below. If you previously accepted these\\nmethods through our prior banner, then we will use your data for targeting.\\nYour preferences here are unrelated to Apple\\u2019s App Tracking Transparency\\nFramework.\\n\\nBelow, you will find a list of the purposes and special features for which\\nyour data is being processed. You may exercise your rights for specific\\npurposes, based on consent or legitimate interest, using the toggles below.\\n\\nPurposes\\n\\nStore and/or access information on a device\\n\\nCookies, device or similar online identifiers (e.g. login-based identifiers,\\nrandomly assigned identifiers, network based identifiers) together with other\\ninformation (e.g. browser type and information, language, screen size,\\nsupported technologies etc.) can be stored or read on your device to recognise\\nit each time it connects to an app or to a website, for one or several of the\\npurposes presented here.\\n\\nMost purposes explained in this notice rely on the storage or accessing of\\ninformation from your device when you use an app or visit a website. For\\nexample, a vendor or publisher might need to store a cookie on your device\\nduring your first visit on a website, to be able to recognise your device\\nduring your next visits (by accessing this cookie each time).\\n\\nVendors177 vendor(s)\\n\\n  * 6sense\\n  * A.Mob\\n  * ADventori\\n  * Aarki\\n  * AcuityAds\\n  * AdElement Media Solutions\\n  * AdGear\\n  * AdKernel\\n  * AdSpirit AdServer\\n  * AdTheorent\\n\\n1-10 / 177\\n\\nUse limited data to select advertising\\n\\nAdvertising presented to you on this service can be based on limited data,\\nsuch as the website or app you are using, your non-precise location, your\\ndevice type or which content you are (or have been) interacting with (for\\nexample, to limit the number of times an ad is presented to you).\\n\\nA car manufacturer wants to promote its electric vehicles to environmentally\\nconscious users living in the city after office hours. The advertising is\\npresented on a page with related content (such as an article on climate change\\nactions) after 6:30 p.m. to users whose non-precise location suggests that\\nthey are in an urban zone.\\n\\nA large producer of watercolour paints wants to carry out an online\\nadvertising campaign for its latest watercolour range, diversifying its\\naudience to reach as many amateur and professional artists as possible and\\navoiding showing the ad next to mismatched content (for instance, articles\\nabout how to paint your house). The number of times that the ad has been\\npresented to you is detected and limited, to avoid presenting it too often.\\n\\nVendors43 vendor(s)\\n\\n  * 6sense\\n  * AcuityAds\\n  * AdGear\\n  * AdKernel\\n  * Adform\\n  * Advanced store\\n  * Amazon Ad Server\\n  * Appier\\n  * AudienceProject\\n  * Bannernow\\n\\n1-10 / 43\\n\\nCreate profiles for personalised advertising\\n\\nInformation about your activity on this service (such as forms you submit,\\ncontent you look at) can be stored and combined with other information about\\nyou (for example, information from your previous activity on this service and\\nother websites or apps) or similar users. This is then used to build or\\nimprove a profile about you (that might include possible interests and\\npersonal aspects). Your profile can be used (also later) to present\\nadvertising that appears more relevant based on your possible interests by\\nthis and other entities.\\n\\nIf you read several articles about the best bike accessories to buy, this\\ninformation could be used to create a profile about your interest in bike\\naccessories. Such a profile may be used or improved later on, on the same or a\\ndifferent website or app to present you with advertising for a particular bike\\naccessory brand. If you also look at a configurator for a vehicle on a luxury\\ncar manufacturer website, this information could be combined with your\\ninterest in bikes to refine your profile and make an assumption that you are\\ninterested in luxury cycling gear.\\n\\nAn apparel company wishes to promote its new line of high-end baby clothes. It\\ngets in touch with an agency that has a network of clients with high income\\ncustomers (such as high-end supermarkets) and asks the agency to create\\nprofiles of young parents or couples who can be assumed to be wealthy and to\\nhave a new child, so that these can later be used to present advertising\\nwithin partner apps based on those profiles.\\n\\nVendors129 vendor(s)\\n\\n  * 6sense\\n  * A.Mob\\n  * Aarki\\n  * AcuityAds\\n  * AdElement Media Solutions\\n  * AdGear\\n  * AdKernel\\n  * AdSpirit AdServer\\n  * AdTheorent\\n  * AdTiming\\n\\n1-10 / 129\\n\\nUse profiles to select personalised advertising\\n\\nAdvertising presented to you on this service can be based on your advertising\\nprofiles, which can reflect your activity on this service or other websites or\\napps (like the forms you submit, content you look at), possible interests and\\npersonal aspects.\\n\\nAn online retailer wants to advertise a limited sale on running shoes. It\\nwants to target advertising to users who previously looked at running shoes on\\nits mobile app. Tracking technologies might be used to recognise that you have\\npreviously used the mobile app to consult running shoes, in order to present\\nyou with the corresponding advertisement on the app.\\n\\nA profile created for personalised advertising in relation to a person having\\nsearched for bike accessories on a website can be used to present the relevant\\nadvertisement for bike accessories on a mobile app of another organisation.\\n\\nVendors127 vendor(s)\\n\\n  * 6sense\\n  * A.Mob\\n  * ADventori\\n  * Aarki\\n  * AcuityAds\\n  * AdElement Media Solutions\\n  * AdGear\\n  * AdKernel\\n  * AdSpirit AdServer\\n  * AdTheorent\\n\\n1-10 / 127\\n\\nMeasure advertising performance\\n\\nInformation regarding which advertising is presented to you and how you\\ninteract with it can be used to determine how well an advert has worked for\\nyou or other users and whether the goals of the advertising were reached. For\\ninstance, whether you saw an ad, whether you clicked on it, whether it led you\\nto buy a product or visit a website, etc. This is very helpful to understand\\nthe relevance of advertising campaigns.\\n\\nYou have clicked on an advertisement about a \\u201cblack Friday\\u201d discount by an\\nonline shop on the website of a publisher and purchased a product. Your click\\nwill be linked to this purchase. Your interaction and that of other users will\\nbe measured to know how many clicks on the ad led to a purchase.\\n\\nYou are one of very few to have clicked on an advertisement about an\\n\\u201cinternational appreciation day\\u201d discount by an online gift shop within the\\napp of a publisher. The publisher wants to have reports to understand how\\noften a specific ad placement within the app, and notably the \\u201cinternational\\nappreciation day\\u201d ad, has been viewed or clicked by you and other users, in\\norder to help the publisher and its partners (such as agencies) optimise ad\\nplacements.\\n\\nVendors76 vendor(s)\\n\\n  * 6sense\\n  * Aarki\\n  * AcuityAds\\n  * AdGear\\n  * AdKernel\\n  * Adelaide\\n  * Adform\\n  * Adikteev\\n  * Adloox\\n  * Adnami\\n\\n1-10 / 76\\n\\nUnderstand audiences through statistics or combinations of data from different\\nsources\\n\\nReports can be generated based on the combination of data sets (like user\\nprofiles, statistics, market research, analytics data) regarding your\\ninteractions and those of other users with advertising or (non-advertising)\\ncontent to identify common characteristics (for instance, to determine which\\ntarget audiences are more receptive to an ad campaign or to certain contents).\\n\\nThe owner of an online bookstore wants commercial reporting showing the\\nproportion of visitors who consulted and left its site without buying, or\\nconsulted and bought the last celebrity autobiography of the month, as well as\\nthe average age and the male/female distribution of each category. Data\\nrelating to your navigation on its site and to your personal characteristics\\nis then used and combined with other such data to produce these statistics.\\n\\nAn advertiser wants to better understand the type of audience interacting with\\nits adverts. It calls upon a research institute to compare the characteristics\\nof users who interacted with the ad with typical attributes of users of\\nsimilar platforms, across different devices. This comparison reveals to the\\nadvertiser that its ad audience is mainly accessing the adverts through mobile\\ndevices and is likely in the 45-60 age range.\\n\\nVendors28 vendor(s)\\n\\n  * AdGear\\n  * Amazon Ad Server\\n  * Amobee (Nexxen)\\n  * Appier\\n  * AudienceProject\\n  * Bombora\\n  * Clinch\\n  * Crimtan\\n  * Emerse\\n  * Google Ads\\n\\n1-10 / 28\\n\\nDevelop and improve services\\n\\nInformation about your activity on this service, such as your interaction with\\nads or content, can be very helpful to improve products and services and to\\nbuild new products and services based on user interactions, the type of\\naudience, etc. This specific purpose does not include the development or\\nimprovement of user profiles and identifiers.\\n\\nA technology platform working with a social media provider notices a growth in\\nmobile app users, and sees based on their profiles that many of them are\\nconnecting through mobile connections. It uses a new technology to deliver ads\\nthat are formatted for mobile devices and that are low-bandwidth, to improve\\ntheir performance.\\n\\nAn advertiser is looking for a way to display ads on a new type of consumer\\ndevice. It collects information regarding the way users interact with this new\\nkind of device to determine whether it can build a new mechanism for\\ndisplaying advertising on this type of device.\\n\\nVendors50 vendor(s)\\n\\n  * 6sense\\n  * Aarki\\n  * AcuityAds\\n  * AdGear\\n  * Adelaide\\n  * Adform\\n  * Admixer\\n  * Amazon Ad Server\\n  * Amobee (Nexxen)\\n  * Appier\\n\\n1-10 / 50\\n\\nBelow, you will find a list of the features for which your data is being\\nprocessed. You may exercise your rights for special features using the toggles\\nbelow.\\n\\nFeatures\\n\\nMatch and combine data from other data sources\\n\\nInformation about your activity on this service may be matched and combined\\nwith other information relating to you and originating from various sources\\n(for instance your activity on a separate online service, your use of a\\nloyalty card in-store, or your answers to a survey), in support of the\\npurposes explained in this notice.\\n\\nVendors107 vendor(s)\\n\\n  * 6sense\\n  * A.Mob\\n  * AdGear\\n  * AdTheorent\\n  * Adara (Rate Gain)\\n  * Adelaide\\n  * Adex (Virtual Minds)\\n  * Admixer\\n  * AdsWizz\\n  * Amazon Ad Server\\n\\n1-10 / 107\\n\\nLink different devices\\n\\nIn support of the purposes explained in this notice, your device might be\\nconsidered as likely linked to other devices that belong to you or your\\nhousehold (for instance because you are logged in to the same service on both\\nyour phone and your computer, or because you may use the same Internet\\nconnection on both devices).\\n\\nVendors108 vendor(s)\\n\\n  * 6sense\\n  * A.Mob\\n  * AcuityAds\\n  * AdElement Media Solutions\\n  * AdGear\\n  * AdTheorent\\n  * Adara (Rate Gain)\\n  * Adex (Virtual Minds)\\n  * Adform\\n  * Adikteev\\n\\n1-10 / 108\\n\\nIdentify devices based on information transmitted automatically\\n\\nYour device might be distinguished from other devices based on information it\\nautomatically sends when accessing the Internet (for instance, the IP address\\nof your Internet connection or the type of browser you are using) in support\\nof the purposes exposed in this notice.\\n\\nVendors125 vendor(s)\\n\\n  * 6sense\\n  * A.Mob\\n  * Aarki\\n  * AdElement Media Solutions\\n  * AdGear\\n  * AdKernel\\n  * AdSpirit AdServer\\n  * AdTheorent\\n  * Adacado\\n  * Adara (Rate Gain)\\n\\n1-10 / 125\\n\\nSpecial features\\n\\nUse precise geolocation data\\n\\nWith your acceptance, your precise location (within a radius of less than 500\\nmetres) may be used in support of the purposes explained in this notice.\\n\\nVendors64 vendor(s)\\n\\n  * A.Mob\\n  * AdElement Media Solutions\\n  * AdGear\\n  * AdKernel\\n  * AdTheorent\\n  * Adacado\\n  * Admixer\\n  * Adrule mobile\\n  * AdsWizz\\n  * Amnet GmbH\\n\\n1-10 / 64\\n\\nActively scan device characteristics for identification\\n\\nWith your acceptance, certain characteristics specific to your device might be\\nrequested and used to distinguish it from other devices (such as the installed\\nfonts or plugins, the resolution of your screen) in support of the purposes\\nexplained in this notice.\\n\\nVendors23 vendor(s)\\n\\n  * A.Mob\\n  * AdKernel\\n  * AdTheorent\\n  * Adcell (Firstlead)\\n  * Amnet GmbH\\n  * Cheq\\n  * Fraudlogix\\n  * Human\\n  * Hybrid\\n  * InMobi\\n\\n1-10 / 23\\n\\nBelow, you will find a list of vendors processing your data and the purposes\\nor features of processing they declare. You may exercise your rights for each\\nvendor based on the legal basis they assert.\\n\\nIAB TCF Vendors\\n\\n6senseIAB TCF\\n\\n6sense stores cookies with a maximum duration of about this many days: 730.\\nThis vendor also uses other methods like \\\"local storage\\\" to store and access\\ninformation on your device.\\n\\nPrivacy policyLegitimate interest disclosure\\n\\nPurposes| Retention  \\n---|---  \\nStore and/or access information on a device| 400 day(s)  \\nCreate profiles for personalised advertising| 400 day(s)  \\nUse profiles to select personalised advertising| 400 day(s)  \\nUse limited data to select advertising| 400 day(s)  \\nMeasure advertising performance| 400 day(s)  \\nDevelop and improve services| 400 day(s)  \\nSpecial purposes| Retention  \\n---|---  \\nEnsure security, prevent and detect fraud, and fix errors| 400 day(s)  \\nDeliver and present advertising and content| 400 day(s)  \\nFeatures  \\n---  \\nMatch and combine data from other data sources  \\nLink different devices  \\nIdentify devices based on information transmitted automatically  \\nData categories  \\n---  \\nIP addresses  \\nProbabilistic identifiers  \\nBrowsing and interaction data  \\nNon-precise location data  \\nUsers\\u2019 profiles  \\n  \\nA.MobIAB TCF\\n\\nA.Mob stores cookies with a maximum duration of about this many days: 395.\\nThis vendor also uses other methods like \\\"local storage\\\" to store and access\\ninformation on your device.\\n\\nPrivacy policy\\n\\nPurposes| Retention  \\n---|---  \\nStore and/or access information on a device| 395 day(s)  \\nUse limited data to select advertising| 395 day(s)  \\nCreate profiles for personalised advertising| 395 day(s)  \\nUse profiles to select personalised advertising| 395 day(s)  \\nMeasure advertising performance| 395 day(s)  \\nUnderstand audiences through statistics or combinations of data from different\\nsources| 395 day(s)  \\nDevelop and improve services| 395 day(s)  \\nFeatures  \\n---  \\nMatch and combine data from other data sources  \\nLink different devices  \\nIdentify devices based on information transmitted automatically  \\nSpecial features  \\n---  \\nUse precise geolocation data  \\nActively scan device characteristics for identification  \\nData categories  \\n---  \\nIP addresses  \\nDevice characteristics  \\nDevice identifiers  \\nProbabilistic identifiers  \\nAuthentication-derived identifiers  \\nBrowsing and interaction data  \\nUser-provided data  \\nNon-precise location data  \\nPrecise location data  \\nUsers\\u2019 profiles  \\nPrivacy choices  \\n  \\nADventoriIAB TCF\\n\\nADventori stores cookies with a maximum duration of about this many days: 90.\\nThese cookies may be refreshed. This vendor also uses other methods like\\n\\\"local storage\\\" to store and access information on your device.\\n\\nPrivacy policyLegitimate interest disclosure\\n\\nPurposes| Retention  \\n---|---  \\nStore and/or access information on a device| 400 day(s)  \\nUse limited data to select advertising| 90 day(s)  \\nUse profiles to select personalised advertising| 90 day(s)  \\nMeasure advertising performance| 400 day(s)  \\nSpecial purposes| Retention  \\n---|---  \\nEnsure security, prevent and detect fraud, and fix errors| 400 day(s)  \\nDeliver and present advertising and content| 400 day(s)  \\nData categories  \\n---  \\nIP addresses  \\nDevice identifiers  \\nProbabilistic identifiers  \\nBrowsing and interaction data  \\nUser-provided data  \\nNon-precise location data  \\n  \\nAarkiIAB TCF\\n\\nuses methods like \\\"local storage\\\" to store and access information on your\\ndevice.\\n\\nPrivacy policyLegitimate interest disclosure\\n\\nPurposes| Retention  \\n---|---  \\nStore and/or access information on a device| 365 day(s)  \\nUse limited data to select advertising| 365 day(s)  \\nCreate profiles for personalised advertising| 3650 day(s)  \\nUse profiles to select personalised advertising| 3650 day(s)  \\nMeasure advertising performance| 1500 day(s)  \\nDevelop and improve services| 365 day(s)  \\nSpecial purposes| Retention  \\n---|---  \\nEnsure security, prevent and detect fraud, and fix errors| 365 day(s)  \\nDeliver and present advertising and content| 365 day(s)  \\nFeatures  \\n---  \\nIdentify devices based on information transmitted automatically  \\nData categories  \\n---  \\nIP addresses  \\nDevice characteristics  \\nDevice identifiers  \\nUser-provided data  \\nNon-precise location data  \\n  \\nAcuityAdsIAB TCF\\n\\nAcuityAds stores cookies with a maximum duration of about this many days: 365.\\nThese cookies may be refreshed.\\n\\nPrivacy policyLegitimate interest disclosure\\n\\nPurposes| Retention  \\n---|---  \\nStore and/or access information on a device| 180 day(s)  \\nCreate profiles for personalised advertising| 180 day(s)  \\nUse profiles to select personalised advertising| 180 day(s)  \\nUse limited data to select advertising| 180 day(s)  \\nMeasure advertising performance| 180 day(s)  \\nDevelop and improve services| 180 day(s)  \\nSpecial purposes| Retention  \\n---|---  \\nEnsure security, prevent and detect fraud, and fix errors| 180 day(s)  \\nDeliver and present advertising and content| 180 day(s)  \\nFeatures  \\n---  \\nLink different devices  \\nData categories  \\n---  \\nIP addresses  \\nDevice characteristics  \\nDevice identifiers  \\nAuthentication-derived identifiers  \\nBrowsing and interaction data  \\nNon-precise location data  \\nUsers\\u2019 profiles  \\nPrivacy choices  \\n  \\nAdElement Media SolutionsIAB TCF\\n\\nAdElement Media Solutions stores cookies with a maximum duration of about this\\nmany days: 365. These cookies may be refreshed.\\n\\nPrivacy policyLegitimate interest disclosure\\n\\nPurposes| Retention  \\n---|---  \\nStore and/or access information on a device| 180 day(s)  \\nUse limited data to select advertising| 180 day(s)  \\nCreate profiles for personalised advertising| 90 day(s)  \\nUse profiles to select personalised advertising| 90 day(s)  \\nMeasure advertising performance| 180 day(s)  \\nUnderstand audiences through statistics or combinations of data from different\\nsources| 90 day(s)  \\nDevelop and improve services| 180 day(s)  \\nSpecial purposes| Retention  \\n---|---  \\nEnsure security, prevent and detect fraud, and fix errors| 180 day(s)  \\nDeliver and present advertising and content| 180 day(s)  \\nFeatures  \\n---  \\nLink different devices  \\nIdentify devices based on information transmitted automatically  \\nSpecial features  \\n---  \\nUse precise geolocation data  \\nData categories  \\n---  \\nIP addresses  \\nDevice characteristics  \\nDevice identifiers  \\nBrowsing and interaction data  \\nUser-provided data  \\nNon-precise location data  \\nPrecise location data  \\nUsers\\u2019 profiles  \\nPrivacy choices  \\n  \\nAdGearIAB TCF\\n\\nAdGear stores cookies with a maximum duration of about this many days: 395.\\nThis vendor also uses other methods like \\\"local storage\\\" to store and access\\ninformation on your device.\\n\\nPrivacy policyLegitimate interest disclosure\\n\\nPurposes| Retention  \\n---|---  \\nStore and/or access information on a device| 395 day(s)  \\nCreate profiles for personalised advertising| 395 day(s)  \\nUse profiles to select personalised advertising| 395 day(s)  \\nUse limited data to select advertising| 395 day(s)  \\nMeasure advertising performance| 395 day(s)  \\nUnderstand audiences through statistics or combinations of data from different\\nsources| 395 day(s)  \\nDevelop and improve services| 395 day(s)  \\nSpecial purposes| Retention  \\n---|---  \\nEnsure security, prevent and detect fraud, and fix errors| 395 day(s)  \\nDeliver and present advertising and content| 395 day(s)  \\nFeatures  \\n---  \\nMatch and combine data from other data sources  \\nLink different devices  \\nIdentify devices based on information transmitted automatically  \\nSpecial features  \\n---  \\nUse precise geolocation data  \\nData categories  \\n---  \\nIP addresses  \\nDevice characteristics  \\nDevice identifiers  \\nProbabilistic identifiers  \\nAuthentication-derived identifiers  \\nBrowsing and interaction data  \\nUser-provided data  \\nNon-precise location data  \\nUsers\\u2019 profiles  \\nPrivacy choices  \\n  \\nAdKernelIAB TCF\\n\\nAdKernel stores cookies with a maximum duration of about this many days: 18.\\nThese cookies may be refreshed.\\n\\nPrivacy policyLegitimate interest disclosure\\n\\nPurposes| Retention  \\n---|---  \\nStore and/or access information on a device| 180 day(s)  \\nCreate profiles for personalised advertising| 180 day(s)  \\nUse profiles to select personalised advertising| 180 day(s)  \\nUnderstand audiences through statistics or combinations of data from different\\nsources| 180 day(s)  \\nDevelop and improve services| 180 day(s)  \\nUse limited data to select advertising| 180 day(s)  \\nMeasure advertising performance| 180 day(s)  \\nSpecial purposes| Retention  \\n---|---  \\nEnsure security, prevent and detect fraud, and fix errors| 180 day(s)  \\nDeliver and present advertising and content| 180 day(s)  \\nFeatures  \\n---  \\nIdentify devices based on information transmitted automatically  \\nSpecial features  \\n---  \\nUse precise geolocation data  \\nActively scan device characteristics for identification  \\nData categories  \\n---  \\nIP addresses  \\nDevice identifiers  \\nNon-precise location data  \\nPrecise location data  \\nUsers\\u2019 profiles  \\n  \\nAdSpirit AdServerIAB TCF\\n\\nAdSpirit AdServer stores cookies with a maximum duration of about this many\\ndays: 30. These cookies may be refreshed.\\n\\nPrivacy policyLegitimate interest disclosure\\n\\nPurposes| Retention  \\n---|---  \\nStore and/or access information on a device| 60 day(s)  \\nUse limited data to select advertising| 14 day(s)  \\nCreate profiles for personalised advertising| 60 day(s)  \\nUse profiles to select personalised advertising| 60 day(s)  \\nMeasure advertising performance| 14 day(s)  \\nUnderstand audiences through statistics or combinations of data from different\\nsources| 60 day(s)  \\nSpecial purposes| Retention  \\n---|---  \\nEnsure security, prevent and detect fraud, and fix errors| 60 day(s)  \\nDeliver and present advertising and content| 60 day(s)  \\nFeatures  \\n---  \\nIdentify devices based on information transmitted automatically  \\nData categories  \\n---  \\nIP addresses  \\nDevice characteristics  \\nDevice identifiers  \\nProbabilistic identifiers  \\nBrowsing and interaction data  \\nNon-precise location data  \\nUsers\\u2019 profiles  \\nPrivacy choices  \\n  \\nAdTheorentIAB TCF\\n\\nAdTheorent stores cookies with a maximum duration of about this many days:\\n730. These cookies may be refreshed.\\n\\nPrivacy policyLegitimate interest disclosure\\n\\nPurposes| Retention  \\n---|---  \\nStore and/or access information on a device| 365 day(s)  \\nUse limited data to select advertising| 365 day(s)  \\nCreate profiles for personalised advertising| 365 day(s)  \\nUse profiles to select personalised advertising| 365 day(s)  \\nMeasure advertising performance| 365 day(s)  \\nUnderstand audiences through statistics or combinations of data from different\\nsources| 365 day(s)  \\nDevelop and improve services| 365 day(s)  \\nFeatures  \\n---  \\nMatch and combine data from other data sources  \\nLink different devices  \\nIdentify devices based on information transmitted automatically  \\nSpecial features  \\n---  \\nUse precise geolocation data  \\nActively scan device characteristics for identification  \\nData categories  \\n---  \\nIP addresses  \\nDevice characteristics  \\nDevice identifiers  \\nProbabilistic identifiers  \\nNon-precise location data  \\nPrecise location data  \\nPrivacy choices  \\n  \\n1-10 / 317\\n\\nDealBook|Daniel Ek\\u2019s Next Act: Full-Body Scans for the People\\n\\nhttps://www.nytimes.com/2024/04/27/business/dealbook/daniel-ek-neko-\\nhealth.html\\n\\nBernhard Warner undergoes a \\u201cTissue Scan,\\u201d a procedure designed to assess\\nmicrocirculation, or the blood flow in the arteries of his right\\nforearm.Credit...Photographs and Video by David B. Torch\\n\\nSkip to contentSkip to site index\\n\\n# Daniel Ek\\u2019s Next Act: Full-Body Scans for the People\\n\\nThe Spotify chief has co-founded a new start-up, Neko Health, that aims to\\nmake head-to-toe health scans part of the annual health checkup routine.\\n\\nAdvertisement\\n\\nSKIP ADVERTISEMENT\\n\\nImage\\n\\nAn exam room at a Neko Health clinic in central Stockholm showing a full-body\\nscan chamber.Credit...David B. Torch for The New York Times\\n\\nImage\\n\\nThe second part of the examination involved a blood draw, as well as tests for\\ngrip-strength, eye-pressure, and blood pressure.Credit...David B. Torch for\\nThe New York Times\\n\\nAdvertisement\\n\\nSKIP ADVERTISEMENT\\n\\nImage\\n\\nDaniel Ek, Spotify\\u2019s chief executive, in Brooklyn, New York, in\\n2018.Credit...Lucas Jackson/Reuters\\n\\nImage\\n\\nHjalmar Nilsonne of Neko Health in Stockholm, Sweden. Mr. Nilsonne co-founded\\nthe company with Daniel Ek.Credit...David B. Torch for The New York Times\\n\\nAdvertisement\\n\\nSKIP ADVERTISEMENT\\n\\nLeft to right; the New York Times journalist Bernhard Warner awaits his full-\\nbody scan, software maps suspect moles and other markings, and points in Mr.\\nWarner\\u2019s \\u201cskin library\\u201d are displayed on a screen.Credit...David B. Torch for\\nThe New York Times\\n\\nLeft to right; The body scan creates a \\u201cskin library,\\u201d Neko Health\\u2019s patients\\nare asked to put on a pair of Nike Air Jordan Hex mule slippers, and Dr.\\nAndreea Valdman, the lead G.P. at Neko Health, briefs Mr. Warner.\\nCredit...David B. Torch for The New York Times\\n\\nAdvertisement\\n\\nSKIP ADVERTISEMENT\\n\\nVideo\\n\\nData from Mr. Warner\\u2019s full-body scan is used to create a 3D avatar of\\nhim.CreditCredit...Photographs and Video by David B. Torch\\n\\nAdvertisement\\n\\nSKIP ADVERTISEMENT\\n\\nImage\\n\\nNeko Health\\u2019s lead general practitioner, Dr. Andreea Valdman, center, with a\\nmedical operator, Josephine Basous, and Mr. Warner.Credit...David B. Torch for\\nThe New York Times\\n\\nAdvertisement\\n\\nSKIP ADVERTISEMENT\\n\\nImage\\n\\nNeko Health Center in central Stockholm.Credit...David B. Torch for The New\\nYork Times\\n\\n\", \"frontpage\": true}"}
