{"value":"{\"aid\": \"40235432\", \"title\": \"Learning Go in 2024; from Beginner to Senior\", \"url\": \"https://www.bytesizego.com/blog/learning-golang-2024\", \"domain\": \"bytesizego.com\", \"votes\": 3, \"user\": \"el_hacker\", \"posted_at\": \"2024-05-02 12:33:47\", \"comments\": 0, \"source_title\": \"Attention Required! | Cloudflare\", \"source_text\": \"Attention Required! | Cloudflare\\n\\nPlease enable cookies.\\n\\n# Sorry, you have been blocked\\n\\n## You are unable to access bytesizego.com\\n\\n## Why have I been blocked?\\n\\nThis website is using a security service to protect itself from online\\nattacks. The action you just performed triggered the security solution. There\\nare several actions that could trigger this block including submitting a\\ncertain word or phrase, a SQL command or malformed data.\\n\\n## What can I do to resolve this?\\n\\nYou can email the site owner to let them know you were blocked. Please include\\nwhat you were doing when this page came up and the Cloudflare Ray ID found at\\nthe bottom of this page.\\n\\nCloudflare Ray ID: 87d8984d1959368a \\u2022 Your IP: 2a01:4f8:c0c:2311::1 \\u2022\\nPerformance & security by Cloudflare\\n\\n\", \"frontpage\": false}"}
