{"value":"{\"aid\": \"40233907\", \"title\": \"Private ChatGPT Using Encrypted Anonymization and Homomorphic Encryption\", \"url\": \"https://huggingface.co/spaces/zama-fhe/encrypted-anonymization\", \"domain\": \"huggingface.co\", \"votes\": 2, \"user\": \"zacchj\", \"posted_at\": \"2024-05-02 08:23:42\", \"comments\": 0, \"source_title\": \"Encrypted Anonymization Using Fully Homomorphic Encryption - a Hugging Face Space by zama-fhe\", \"source_text\": \"Encrypted Anonymization Using Fully Homomorphic Encryption - a Hugging Face\\nSpace by zama-fhe\\n\\n#\\n\\nSpaces\\n\\nzama-fhe\\n\\n/\\n\\nencrypted-anonymization\\n\\nRunning on CPU Upgrade\\n\\nApp Files Files Community\\n\\nRefreshing\\n\\n\", \"frontpage\": false}"}
