{"value":"{\"aid\": \"40234101\", \"title\": \"Lazarus Group $200M Crypto Laundering Explained \\u2013 Crypto DeFinance\", \"url\": \"https://www.cryptodefinance.com/lazarus-group-200m-crypto-laundering/\", \"domain\": \"cryptodefinance.com\", \"votes\": 1, \"user\": \"ColdSpirti\", \"posted_at\": \"2024-05-02 08:55:04\", \"comments\": 0, \"source_title\": \"Lazarus Group $200M Crypto Laundering Explained\", \"source_text\": \"Lazarus Group $200M Crypto Laundering Explained - Crypto DeFinance\\n\\nClose Menu\\n\\n  * Home\\n  * News\\n  * Cryptocurrency\\n\\n    * Cryptocurrency Market Capitalization\\n    * Exchange Crypto\\n  * Learn\\n  * Press Releases\\n\\n    * Submit Press Release\\n  * Newsletter\\n  * About\\n\\n    * Crypto DeFinance Editorial Team\\n  * Contact\\n\\nFacebook X (Twitter) Instagram\\n\\nTrending\\n\\n  * Analyzing CoinGecko 2024 Q1 Crypto Industry Report\\n  * Lazarus Group $200M Crypto Laundering Explained\\n  * Bitcoin Yen Valuation During Market Fluctuations\\n  * Spot Bitcoin ETF Set To Hit Australia\\u2019s Stock Exchange\\n  * Leading AI Crypto Today\\n  * AI and Blockchain Synergy: A Future Perspective\\n  * Fezoo Exchange: The Surge Post-Bitcoin Halving\\n  * Crypto Regulation: SEC Rules & Exchange Battles\\n\\nFacebook X (Twitter) Instagram\\n\\nSubscribe\\n\\n# Lazarus Group $200M Crypto Laundering Explained\\n\\nHacks 30/04/20248 Mins Read\\n\\nFacebook Twitter Pinterest LinkedIn Tumblr Email\\n\\nLazarus Group\\n\\nShare\\n\\nFacebook Twitter LinkedIn Pinterest Email Tumblr Copy Link\\n\\nLazarus Group, a North Korean cybercrime syndicate, has recently orchestrated\\na massive $200 million cryptocurrency laundering operation using sophisticated\\ntechniques involving mixers and peer-to-peer (P2P) exchanges, thereby evading\\nglobal tracking efforts.\\n\\nThis article delves into the methods used and their implications for\\ncybersecurity.\\n\\n# In-depth Analysis of Lazarus Group\\u2019s $200M Laundering Scheme\\n\\nRecent developments have implicated North Korea\\u2019s Lazarus Group in a massive\\n$200 million cryptocurrency laundering operation.\\n\\nThe Scheme intricately utilized cryptocurrency mixers and P2P exchanges to\\nobscure the origins of stolen funds, presenting significant challenges to\\nglobal financial security and law enforcement.\\n\\n## Techniques Used in the $200M Crypto Laundering\\n\\n### The Role of Cryptocurrency Mixers\\n\\nCryptocurrency mixers, or tumblers, play a crucial role in the laundering\\nprocess. These services blend potentially identifiable or \\u201ctainted\\u201d\\ncryptocurrency funds with others, making it challenging to trace the funds\\nback to their source. By breaking the link between initial deposits and final\\nwithdrawals, mixers provide a layer of anonymity essential for illicit\\nactivities.\\n\\nInvestigations reveal that the Lazarus Group channeled substantial amounts of\\nstolen funds through several prominent mixing services, thereby complicating\\nthe tracing process.\\n\\n#### How Mixers Complicate Tracking\\n\\nTracking funds through a mixer involves sophisticated blockchain forensic\\ntechniques that sometimes lead to dead ends.\\n\\nFollowing the trail requires law enforcement and blockchain analytics firms to\\ndifferentiate between legitimate and illegitimate payments, which is made more\\ndifficult by the volume and anonymity of transactions processed by these\\nmixers.\\n\\n### Utilization of P2P Exchanges\\n\\nParallel to using mixers, the Lazarus Group also extensively utilized P2P\\nexchanges. These platforms facilitate direct transactions between users\\nwithout a centralized authority, offering additional layers of anonymity. By\\nconducting transactions on these platforms, often under fake identities, the\\ngroup managed to convert mixed cryptocurrencies into new, less traceable\\nforms.\\n\\n#### Features of P2P Exchanges Anonymity\\n\\nThe inherent design of P2P exchanges emphasizes user privacy and minimal\\noversight, which benefits cybercriminals. These platforms often do not require\\nextensive identity verification, allowing users to maintain high levels of\\nanonymity.\\n\\nNoones and Paxful were the Bitcoin P2P exchanges that were mainly used by\\nLazarus Group.\\n\\nThe infamous Lazarus Group has been identified as the orchestrator behind\\nseveral high-profile cryptocurrency breaches in recent years. The FBI has\\nlinked the group to the $41 million attack on Stake.com, a gaming firm, as\\nwell as the $622 million exploit of the Ronin Bridge. In total, the group has\\namassed over $2 billion in stolen digital assets from its various heists.\\n\\nWith the help of industry leaders such as crypto exchange Binance and top\\nEthereum wallet MetaMask, ZachXBT has pinpointed multiple accounts believed to\\nbe connected to the Lazarus Group. These accounts allegedly received $44\\nmillion from Lazarus-led hacks and successfully laundered the stolen funds\\ninto fiat currency.\\n\\n### Challenges in Tracking Laundered Cryptocurrencies\\n\\nThe combined use of cryptocurrency mixers and P2P exchanges presents\\nformidable challenges for law enforcement and blockchain forensic experts.\\n\\nRead More: Metaverse-focused games are a trillion-dollar opportunity, says\\nGrayscale\\n\\nTracking the origins of funds becomes exponentially more complex as these\\ntechnologies effectively break the links between the initial deposits and\\ntheir final withdrawals.\\n\\nThe sophistication of the Lazarus Group\\u2019s strategies highlights the ongoing\\narms race in digital forensics, necessitating advancements in investigative\\ntechniques to keep pace with such elusive cybercriminal tactics.\\n\\nIt underscores the need for international cooperation and stronger regulatory\\nframeworks to monitor and control these decentralized platforms.\\n\\n## Global Impact and Response\\n\\nThe global response to the Lazarus Group\\u2019s laundering operation has been one\\nof alarm and mobilization.\\n\\n### International Reactions to the Laundering Operation\\n\\nRecognizing the need for a coordinated effort to combat the misuse of\\ncryptocurrency platforms, governments, and international bodies have begun\\ntightening regulations on digital currency exchanges to enforce compliance\\nwith anti-money laundering (AML) standards and know-your-customer (KYC)\\nprotocols.\\n\\nThe incident has catalyzed discussions at various global forums, focusing on\\nenhancing the regulatory framework around cryptocurrencies.\\n\\nThese measures aim to decrease the anonymity associated with crypto\\ntransactions, making it harder for groups like Lazarus to exploit these\\nplatforms for illicit purposes.\\n\\n### Changes in Cryptocurrency Regulation Post-Lazarus Group\\n\\nPost-Lazarus, the regulatory landscape is seeing significant shifts.\\nJurisdictions that previously adopted a laissez-faire approach to\\ncryptocurrency regulation are reconsidering their stance.\\n\\nThe focus has increasingly turned towards ensuring that exchanges and other\\ncrypto services adhere strictly to international AML guidelines. For instance,\\nenhanced monitoring of suspicious transactions and the implementation of\\nadvanced tracking systems are being discussed as imperative steps to prevent\\nsimilar incidents.\\n\\nThis incident has underscored the importance of global cooperation in the\\nrealm of financial technology. By sharing intelligence and aligning regulatory\\nframeworks, countries can better prevent the flow of illicit funds through\\ndigital channels.\\n\\n## Technological Countermeasures\\n\\nThe field of cryptocurrency forensics is rapidly advancing, keeping pace with\\nthe complex strategies employed by cybercriminals like the Lazarus Group.\\n\\n### Advances in Crypto-Forensic Tools\\n\\nThe field of cryptocurrency forensics is rapidly advancing, keeping pace with\\nthe complex strategies employed by cybercriminals like the Lazarus Group.\\n\\nRecent developments have emphasized the importance of sophisticated forensic\\ntechnologies that can trace and identify illicit cryptographic activities more\\neffectively.\\n\\nForensic specialists use a variety of techniques to track stolen or laundered\\ncryptocurrency.\\n\\nThese include pattern analysis, which scrutinizes the transaction patterns on\\nthe blockchain to identify suspicious activities, and address clustering,\\nwhere related addresses are analyzed to determine connections between\\ndifferent transactions that may seem unrelated at first glance.\\n\\nAnother critical technique is transaction tracing. Every transaction recorded\\non the blockchain can be examined to follow the path of funds as they move\\nthrough various wallets and exchanges.\\n\\nThis method is crucial for mapping the journey of laundered money and\\npotentially freezing involved assets to hinder further illicit activities,\\naccording to CNC Intelligence.\\n\\n### Enhancing Exchange Security Protocols\\n\\nBeyond tracing and analysis, the role of exchanges has become increasingly\\npivotal in combating cryptocurrency crimes.\\n\\nRead More: Israel conflict boost Bitcoin donation to Hamas\\n\\nExchanges are now integrating more robust KYC (Know Your Customer) and AML\\n(Anti-Money Laundering) regulations to prevent the misuse of their platforms.\\n\\nPer BDO, this includes real-time monitoring solutions provided by partnerships\\nwith blockchain analytics companies, which help identify and report suspicious\\ntransactions as they occur.\\n\\nThe evolution of blockchain forensics not only aids in immediate crime\\ndetection and prevention but also plays a significant role in shaping\\nregulatory approaches toward cryptocurrency worldwide.\\n\\nThe collaboration between forensic experts, regulatory bodies, and financial\\ninstitutions is crucial for developing a secure and transparent crypto\\necosystem, as reported by CryptoGlobe.\\n\\n## Future Challenges and Strategies\\n\\nAs the cryptocurrency landscape continues to evolve, so does the\\nsophistication of cyber threats.\\n\\n### Preparing for Future Cyber Threats in Crypto\\n\\nThe Lazarus Group\\u2019s recent activities underscore the ongoing need for the\\ncrypto industry to stay ahead of cybercriminals through innovation and\\nenhanced security measures.\\n\\nThe industry faces the dual challenge of improving its defensive technologies\\nwhile also educating users and regulators about the best practices for\\nsafeguarding digital assets.\\n\\n### Policy Recommendations for Enhanced Security\\n\\nTo combat future threats, policymakers and industry leaders must collaborate\\nto create robust regulatory frameworks that balance security with innovation.\\n\\nIt is also vital to improve worldwide coordination between law enforcement and\\nintelligence agencies.\\n\\nTo help stop possible security breaches before they occur, this involves\\nexchanging best practices, information, and strategies for handling cyber\\nthreats.\\n\\nThe continuous refinement of blockchain forensics tools, coupled with\\nproactive regulatory policies, will be pivotal in mitigating risks and\\nensuring the integrity of the cryptocurrency markets.\\n\\n### Conclusion and Summary\\n\\nThis investigation into the Lazarus Group\\u2019s activities highlights the ongoing\\narms race in digital forensics. It underscores the need for advanced tools and\\ninternational cooperation to combat sophisticated forms of money laundering\\neffectively.\\n\\n### FAQs\\n\\n  1. What are cryptocurrency mixers, and how do they facilitate laundering? Cryptocurrency mixers combine various streams of potentially identifiable cryptocurrency to obscure the origin of funds, making it difficult to trace illegal activities.\\n  2. How do peer-to-peer (P2P) exchanges increase anonymity? P2P exchanges allow users to trade cryptocurrencies directly with each other without the need for a centralized authority, often requiring less personal information, thus enhancing anonymity.\\n  3. What blockchain forensic techniques are used to track laundered cryptocurrencies? Techniques include pattern analysis, address clustering, transaction tracing, and exchange analysis, which help in identifying and linking suspicious transactions to real-world identities.\\n  4. What role do regulations play in preventing cryptocurrency laundering? Regulations enforce stricter KYC and AML protocols on exchanges and other crypto services to reduce anonymity and increase the traceability of crypto transactions.\\n  5. How can individuals and organizations protect themselves against crypto laundering? Adopting best security practices, using reputable exchanges, and staying informed about the latest in cryptographic technology can mitigate the risk of falling victim to such schemes.\\n\\nFollow us on google news\\n\\nHacking money laundering\\n\\nBruno Marques\\n\\n  * Website\\n  * Facebook\\n  * X (Twitter)\\n\\nHi! I am the CEO/Founder of Crypto DeFinance, and I am an Enthusiast crypto\\ninvestor. I started this project so we can provide you with carefully curated\\nnews. If you like us and our news, share the posts and comment. Your visit and\\ninteraction is very important to us.\\n\\n#### Related Posts\\n\\n13 Mins Read\\n\\n## Analyzing CoinGecko 2024 Q1 Crypto Industry Report\\n\\n01/05/202413 Mins Read\\n\\n5 Mins Read\\n\\n## Bitcoin Yen Valuation During Market Fluctuations\\n\\n29/04/20245 Mins Read\\n\\n6 Mins Read\\n\\n## Spot Bitcoin ETF Set To Hit Australia\\u2019s Stock Exchange\\n\\n29/04/20246 Mins Read\\n\\n##### Stay In Touch\\n\\n  * Facebook\\n  * Twitter\\n  * Pinterest\\n  * Instagram\\n\\n##### Tag Cloud\\n\\nADA adoption ath binance binance smart chain bitcoin bitcoin etf bitcoin\\nmining blockchain cardano china coinbase coinbase pro crypto cryptocurrencies\\ncryptocurrency DeFi dogecoin eip-1559 elon musk el salvador ETF eth Ethereum\\nFan Token hacks insights investment jack dorsey Learn market cap Metaverse\\nnews nft paypal Ripple scam SEC shiba inu socios.com Tesla uniswap Visa\\nWorldcoin XRP\\n\\n\\u00a9 2020 - 2024 \\u00a9 All rights reserved.\\n\\n  * Home\\n  * Terms and Conditions\\n\\nManage Consent\\n\\nTo provide the best experiences, we use technologies like cookies to store\\nand/or access device information. Consenting to these technologies will allow\\nus to process data such as browsing behavior or unique IDs on this site. Not\\nconsenting or withdrawing consent, may adversely affect certain features and\\nfunctions.\\n\\nManage options Manage services Manage {vendor_count} vendors Read more about\\nthese purposes\\n\\nView preferences\\n\\n{title} {title} {title}\\n\\nManage Consent\\n\\nTo provide the best experiences, we use technologies like cookies to store\\nand/or access device information. Consenting to these technologies will allow\\nus to process data such as browsing behavior or unique IDs on this site. Not\\nconsenting or withdrawing consent, may adversely affect certain features and\\nfunctions.\\n\\nManage options Manage services Manage {vendor_count} vendors Read more about\\nthese purposes\\n\\nView preferences\\n\\n{title} {title} {title}\\n\\nAd Blocker Enabled!\\n\\n##### Ad Blocker Enabled!\\n\\nOur website is made possible by displaying online advertisements to our\\nvisitors. Please support us by disabling your Ad Blocker.\\n\\n\", \"frontpage\": false}"}
