{"value":"{\"aid\": \"40234835\", \"title\": \"Google's Temporospatial SDN That Powered Project Loon and Leo Satellite Internet [video]\", \"url\": \"https://www.youtube.com/watch?v=hBmOMBmTMZ4\", \"domain\": \"youtube.com\", \"votes\": 1, \"user\": \"hasheddan\", \"posted_at\": \"2024-05-02 11:13:12\", \"comments\": 0, \"source_title\": \"The Google Minkowski Project: Temporospatial SDN | Rick Altherr\", \"source_text\": \"The Google Minkowski Project: Temporospatial SDN | Rick Altherr - YouTube\\n\\n\\u2022\\n\\nNaN / NaN\\n\\nBack\\n\\nDE\\n\\nDE\\n\\nThe Google Minkowski Project: Temporospatial SDN | Rick Altherr\\n\\n2x\\n\\nIf playback doesn't begin shortly, try restarting your device.\\n\\n\\u2022\\n\\nYou're signed out\\n\\nVideos you watch may be added to the TV's watch history and influence TV\\nrecommendations. To avoid this, cancel and sign in to YouTube on your\\ncomputer.\\n\\nUp next\\n\\nLive\\n\\nUpcoming\\n\\nPlay Now\\n\\nMicroarch Club\\n\\nSubscribe\\n\\nSubscribed\\n\\nShare\\n\\nAn error occurred while retrieving sharing information. Please try again\\nlater.\\n\\n0:00\\n\\n0:00 / 8:38\\u2022Watch full video\\n\\n## Description\\n\\nThe Google Minkowski Project: Temporospatial SDN | Rick Altherr\\n\\n3Likes\\n\\n75Views\\n\\nMay 12024\\n\\nRick Altherr describes working on the Minkowski Project at Google, which was a\\ntemporospatial software-defined network (TS-SDN) controller capable of routing\\nover dynamic link topologies. The project provided the underlying networking\\nlayer for other Google moonshot efforts, such as Project Loon and an LEO\\nsatellite internet project that preceded Starlink. Minkowski lives on as\\nGoogle spinout Aalyria's Spacetime platform. Clip is from Episode 6 of the\\nMicroarch Club Podcast: https://microarch.club/episodes/110/ Microarch Club:\\nhttps://microarch.club/ X / Twitter: / microarchclub\\n\\nShow less Show more\\n\\nTranscript\\n\\nFollow along using the transcript.\\n\\n### Microarch Club\\n\\n810 subscribers\\n\\nVideos\\n\\nAbout\\n\\nVideos\\n\\nAbout\\n\\n## Comments\\n\\nTop comments\\n\\nNewest first\\n\\n## Transcript\\n\\nNaN / NaN\\n\\n# The Google Minkowski Project: Temporospatial SDN | Rick Altherr\\n\\nMicroarch Club\\n\\nMicroarch Club\\n\\n810 subscribers\\n\\n<__slot-el>\\n\\n<__slot-el>\\n\\nDownload\\n\\n75 views 1 day ago\\n\\n75 views \\u2022 May 1, 2024\\n\\nShow less\\n\\nRick Altherr describes working on the Minkowski Project at Google, which was a\\ntemporospatial software-defined network (TS-SDN) controller capable of routing\\nover dynamic link topologies. The project provided the underlying networking\\nlayer for other Google moonshot efforts, such as Project Loon and an LEO\\nsatellit ......more\\n\\n...more\\n\\nTranscript\\n\\nFollow along using the transcript.\\n\\n### Microarch Club\\n\\n810 subscribers\\n\\nVideos\\n\\nAbout\\n\\nVideos\\n\\nAbout\\n\\nShow less\\n\\n# The Google Minkowski Project: Temporospatial SDN | Rick Altherr\\n\\n75 views75 views\\n\\nMay 1, 2024\\n\\nDownload\\n\\n### The Only .NET Scheduler You Should Be Using!\\n\\nNick Chapsas\\n\\nNick Chapsas\\n\\n\\u2022\\n\\n\\u2022\\n\\n3.5K views 1 hour ago\\n\\nNew\\n\\n### The Compiler Explorer Story | Matt Godbolt\\n\\nMicroarch Club\\n\\nMicroarch Club\\n\\n\\u2022\\n\\n\\u2022\\n\\n1.8K views 9 days ago\\n\\n### Generative AI in a Nutshell - how to survive and thrive in the age of AI\\n\\nHenrik Kniberg\\n\\nHenrik Kniberg\\n\\n\\u2022\\n\\n\\u2022\\n\\n1.1M views 3 months ago\\n\\n### The Impact of Micro-Optimizations at Google Scale | Rick Altherr\\n\\nMicroarch Club\\n\\nMicroarch Club\\n\\n\\u2022\\n\\n\\u2022\\n\\n887 views 3 days ago\\n\\nNew\\n\\n### Create your own CUSTOMIZED Llama 3 model using Ollama\\n\\nDevTechBytes\\n\\nDevTechBytes\\n\\n\\u2022\\n\\n\\u2022\\n\\n8.7K views 13 days ago\\n\\nSaving your choice\\n\\nAn error occurred while saving your choice. Please try again.\\n\\nA Google company\\n\\nSign in\\n\\nSign in\\n\\n## Before you continue to YouTube\\n\\nWe use cookies and data to\\n\\n  * Deliver and maintain Google services\\n\\n  * Track outages and protect against spam, fraud, and abuse\\n\\n  * Measure audience engagement and site statistics to understand how our services are used and enhance the quality of those services\\n\\nIf you choose to \\u201cAccept all,\\u201d we will also use cookies and data to\\n\\n  * Develop and improve new services\\n\\n  * Deliver and measure the effectiveness of ads\\n\\n  * Show personalized content, depending on your settings\\n\\n  * Show personalized ads, depending on your settings\\n\\nIf you choose to \\u201cReject all,\\u201d we will not use cookies for these additional\\npurposes.\\n\\nNon-personalized content and ads are influenced by things like the content\\nyou\\u2019re currently viewing and your location (ad serving is based on general\\nlocation). Personalized content and ads can also include things like video\\nrecommendations, a customized YouTube homepage, and tailored ads based on past\\nactivity, like the videos you watch and the things you search for on YouTube.\\nWe also use cookies and data to tailor the experience to be age-appropriate,\\nif relevant.\\n\\nSelect \\u201cMore options\\u201d to see additional information, including details about\\nmanaging your privacy settings. You can also visit g.co/privacytools at any\\ntime.\\n\\nMore options\\n\\nPrivacy Policy \\u2022 Terms of Service\\n\\n\", \"frontpage\": false}"}
