{"value":"{\"aid\": \"40234890\", \"title\": \"Satellite images of plants' fluorescence can predict crop yields\", \"url\": \"https://phys.org/news/2024-05-satellite-images-fluorescence-crop-yields.amp\", \"domain\": \"phys.org\", \"votes\": 1, \"user\": \"westurner\", \"posted_at\": \"2024-05-02 11:25:16\", \"comments\": 2, \"source_title\": \"Satellite images of plants' fluorescence can predict crop yields\", \"source_text\": \"Satellite images of plants' fluorescence can predict crop yields\\n\\n18 hours ago\\n\\n0\\n\\n  * Biology\\n  * Molecular & Computational biology\\n\\n  * Biology\\n  * Agriculture\\n\\nEditors' notes\\n\\nThis article has been reviewed according to Science X's editorial process and\\npolicies. Editors have highlighted the following attributes while ensuring the\\ncontent's credibility:\\n\\nfact-checked\\n\\npeer-reviewed publication\\n\\ntrusted source\\n\\nproofread\\n\\n# Satellite images of plants' fluorescence can predict crop yields\\n\\nby Laura Reiley , Cornell University\\n\\nCorn yield maps from USDA reports (A1\\u2013E1), MLR-SIF estimates (calibrated)\\n(A2\\u2013E2), and their difference (USDA\\u2014MLR-SIF) (A3-E3), for 2015, 2016, 2018,\\n2019, and 2020 respectively. Credit: Environmental Research Letters (2024).\\nDOI: 10.1088/1748-9326/ad3142\\n\\n\\u00d7 close\\n\\nCorn yield maps from USDA reports (A1\\u2013E1), MLR-SIF estimates (calibrated)\\n(A2\\u2013E2), and their difference (USDA\\u2014MLR-SIF) (A3-E3), for 2015, 2016, 2018,\\n2019, and 2020 respectively. Credit: Environmental Research Letters (2024).\\nDOI: 10.1088/1748-9326/ad3142\\n\\nCornell researchers and collaborators have developed a new framework that\\nallows scientists to predict crop yield without the need for enormous amounts\\nof high-quality data\\u2014which is often scarce in developing countries, especially\\nthose facing heightened food insecurity and climate risk.\\n\\nIn many parts of the world, crop yields are dropping, largely due to the\\neffects of climate change. According to a recent Cornell study, over the last\\nfour decades, for every 1 degree Celsius of warming, net farm income decreased\\nby 66%.\\n\\nFarmers in developed countries can often rely on big datasets and risk\\nmanagement tools to help reduce the impacts of extreme heat on their yield and\\nincome. But in developing countries, data is scarce, and it is often difficult\\nto accurately measure crop yield.\\n\\nIn a paper appearing in Environmental Research Letters, the scientists suggest\\nusing satellite photos to remotely measure solar-induced chlorophyll\\nfluorescence (SIF) as a way of assessing and predicting crop yield. Using\\nsample fields of corn in the U.S. and wheat in India, the scientists have hit\\nupon an approach that should, in principle, work universally for any crop,\\naccording to Ying Sun, a co-author and associate professor of soil and crop\\nsciences in the College of Agriculture and Life Sciences (CALS).\\n\\nChlorophyll fluorescence is the reddish light re-emitted by photosynthetic\\ntissues and organisms, she said, a measurement that serves as a proxy of\\nphotosynthetic energy conversion in plants.\\n\\n\\\"It won't tell you how many ears of corn are in a field,\\\" she said, \\\"but step\\none is to model photosynthesis from fluorescence. Crop yield depends on\\nphotosynthesis. Here we have a mechanistic model, which is very important.\\\"\\n\\nCo-author Chris Barrett, the Stephen B. and Janice G. Ashley Professor of\\nApplied Economics and Management in the Charles H. Dyson School of Applied\\nEconomics and Management, and in the Cornell Jeb E. Brooks School of Public\\nPolicy, suggests this approach could be valuable for forecasting and\\ntargeting: for making policy decisions, establishing crop insurance and even\\nforecasting areas of poverty.\\n\\nThis strategy takes advantage of the growing availability of satellite data\\nand is cheaper to use and faster to access than other yield-prediction\\nmethods, he said.\\n\\n\\\"That's why I see this as promising. I can imagine this being helpful in\\npredicting poverty at a village-level scale in rural areas where a lot of the\\neconomy is driven by agriculture,\\\" he said. \\\"Those are places we have had a\\nhard time collecting data and where things can change very quickly. If we're\\ntrying to take scarce resources and redirect them where they are going to have\\nthe biggest impact, this could be helpful.\\\"\\n\\nThis tool could be employed to help food assistance organizations and\\nnongovernmental agencies be more fleet of foot in providing aid, Barrett said.\\n\\nSun said she and her colleagues are working on further research that would\\nallow this kind of tool in the future to be used in real time to allow farmers\\nto react, adjusting things like soil amendments or irrigation strategies to\\nimprove a current harvest's health and productivity.\\n\\nIn the U.S., the Department of Agriculture and other institutions provide\\nenormous amounts of harvest data. Increasingly, machine learning models are\\nbeing employed to make predictions, said lead author Oz Kira, of Ben-Gurion\\nUniversity of the Negev in Israel, and formerly a post-doc in Sun's lab, but\\nthese models presuppose similar environmental condition.\\n\\nKira suggests using chlorophyll fluorescence satellite data will allow for\\nchanging conditions.\\n\\n\\\"If growing conditions change, it's possible that predictions aren't\\napplicable,\\\" Kira said. \\\"In our case, we are not basing our models on prior\\nobservation. This can take climate change into account.\\\"\\n\\nThe study's co-authors include Jiaming Wen, Ph.D.; Jimei Han, a postdoctoral\\nresearcher in Sun's lab; Andrew McDonald, associate professor in the School of\\nIntegrative Plant Science and the Department of Global Development (CALS);\\nAriel Ortiz-Bobea, associate professor of applied economics and policy (Dyson\\nand Brooks School); and Yanyan Liu, adjunct professor (Dyson).\\n\\nMore information: Oz Kira et al, A scalable crop yield estimation framework\\nbased on remote sensing of solar-induced chlorophyll fluorescence (SIF),\\nEnvironmental Research Letters (2024). DOI: 10.1088/1748-9326/ad3142\\n\\nJournal information: Environmental Research Letters\\n\\nProvided by Cornell University\\n\\nFeedback to editors\\n\\nRelated\\n\\n### New dataset sheds light on relationship of far-red sun-induced chlorophyll\\nfluorescence to canopy-level photosynthesis\\n\\nApr 25, 2024\\n\\n### Crop yield prediction: New model uses sun-induced chlorophyll fluorescence\\nfor enhanced photosynthetic trait estimation\\n\\nNov 27, 2023\\n\\n### Report: Warmer planet will trigger increased farm losses\\n\\nJan 18, 2024\\n\\n### Study: Fluorescent light clarifies relationship between heat stress and\\ncrop yield\\n\\nMay 24, 2021\\n\\n### Better tech needed to increase soil organic carbon and crop yields, study\\nsays\\n\\nOct 30, 2023\\n\\n### Crop insurance and unintended consequences\\n\\nAug 14, 2021\\n\\nRecommended\\n\\n### Archaea can be 'picky eaters': Study shows a group of parasitic microbes\\ncan change host metabolism\\n\\n16 hours ago\\n\\n### This Texas veterinarian helped crack the mystery of bird flu in cows\\n\\n17 hours ago\\n\\n### Researchers discover key functions of therapeutically promising jumbo\\nviruses\\n\\n17 hours ago\\n\\n### Cell contraction drives the initial shaping of human embryos, study finds\\n\\n22 hours ago\\n\\n### Discovery of an atypical heat shock factor, HSF5, involved in meiotic\\nmechanisms has implications for male infertility\\n\\n23 hours ago\\n\\n### Researchers develop genetic plant regeneration approach without the\\napplication of phytohormones\\n\\n23 hours ago\\n\\n### Fungal resistance in plants associated with heritable differences in\\nmicrobiota abundances\\n\\n23 hours ago\\n\\nLoad comments (0)\\n\\n### Climate is one culprit in growth and spread of dust in Middle East\\n\\n16 minutes ago\\n\\n### TOI-837 b is a young Saturn-sized exoplanet with a massive core,\\nobservations find\\n\\n2 hours ago\\n\\nreport\\n\\n### Why do male chicks play more than females? Study finds answers in distant\\nancestor\\n\\n8 hours ago\\n\\n### EPA underestimates methane emissions from landfills and urban areas,\\nresearchers find\\n\\n17 hours ago\\n\\n### Marine sharks and rays 'use' urea to delay reproduction, finds study\\n\\n17 hours ago\\n\\n### Researchers unlock potential of 2D magnetic devices for future computing\\n\\n17 hours ago\\n\\n### Researchers build new device that is a foundation for quantum computing\\n\\n18 hours ago\\n\\n### New work reveals the 'quantumness' of gravity\\n\\n18 hours ago\\n\\n### Mystery behind huge opening in Antarctic sea ice solved\\n\\n19 hours ago\\n\\n### Do earthquake hazard maps predict higher shaking than actually occurred?\\nResearch finds discrepancy\\n\\n19 hours ago\\n\\n### New computer algorithm supercharges climate models and could lead to\\nbetter predictions of future climate change\\n\\n19 hours ago\\n\\n### Get in touch\\n\\n  * Contact us\\n\\n### OUR Products\\n\\n  * Tech Xplore\\n  * Medical Xpress\\n  * Science X\\n\\n### Other Publications\\n\\n  * Android app\\n  * iOS app\\n  * RSS feeds\\n\\n### Extras\\n\\n  * Help\\n  * FAQ\\n\\n### Legal\\n\\n  * About\\n  * Terms of use\\n  * Privacy policy\\n\\n  * Science X Account\\n  * Premium Account\\n  * Newsletter\\n  * Archive\\n\\n\\u00a9 Phys.org 2003 - 2024 powered by Science X Network\\n\\n  * Nanotechnology\\n  * Physics\\n  * Earth\\n  * Astronomy & Space\\n  * Chemistry\\n  * Biology\\n  * Other Sciences\\n  * Favourites\\n  * Science X Account\\n  * Science X\\n\\n\", \"frontpage\": false}"}
