{"value":"{\"aid\": \"40235761\", \"title\": \"George Hotz explains tinygrad's approach [video]\", \"url\": \"https://www.youtube.com/watch?v=fq__NqceKVs\", \"domain\": \"youtube.com\", \"votes\": 1, \"user\": \"tosh\", \"posted_at\": \"2024-05-02 13:06:20\", \"comments\": 0, \"source_title\": \"George Hotz explains tinygrad's approach to winning at deep learning\", \"source_text\": \"George Hotz explains tinygrad's approach to winning at deep learning - YouTube\\n\\nGeorge Hotz explains tinygrad's approach to winning at deep learning\\n\\n2x\\n\\nIf playback doesn't begin shortly, try restarting your device.\\n\\n\\u2022\\n\\nYou're signed out\\n\\nVideos you watch may be added to the TV's watch history and influence TV\\nrecommendations. To avoid this, cancel and sign in to YouTube on your\\ncomputer.\\n\\nUp next\\n\\nLive\\n\\nUpcoming\\n\\nPlay Now\\n\\nShare\\n\\nAn error occurred while retrieving sharing information. Please try again\\nlater.\\n\\n0:00\\n\\n0:00 / 7:21\\u2022Watch full video\\n\\n\\u2022\\n\\nNaN / NaN\\n\\nBack\\n\\n\", \"frontpage\": false}"}
