{"value":"{\"aid\": \"40236766\", \"title\": \"Show HN: I made a browser extension for recording product demos\", \"url\": \"https://www.demo.fun\", \"domain\": \"demo.fun\", \"votes\": 1, \"user\": \"johnwheeler\", \"posted_at\": \"2024-05-02 14:34:06\", \"comments\": 0, \"source_title\": \"Interactive Demo Recorder \\u2013 Engage Customers & Enhance Product Presentations\", \"source_text\": \"Interactive Demo Recorder \\u2013 Engage Customers & Enhance Product Presentations\\n\\n## demo.fun is a browser extension that lets you recor|\\n\\n\", \"frontpage\": false}"}
