{"value":"{\"aid\": \"40234082\", \"title\": \"Eva AI: Your Friendly AI Assistant Revolutionizing Personal Productivity\", \"url\": \"https://eva-friend.web.app/\", \"domain\": \"web.app\", \"votes\": 1, \"user\": \"devavinothm\", \"posted_at\": \"2024-05-02 08:52:58\", \"comments\": 2, \"source_title\": \"Eva AI - Your AI Friend\", \"source_text\": \"Eva AI - Your AI Friend\\n\\nEva AI\\n\\n  * Home\\n  * Chat\\n  * Services\\n\\n# Hello Bestie, I'm Eva\\n\\nWelcome to friendly space! I'm here to listen, care, and build meaningful\\nconnections with you. Let's embark on a journey of delightful conversations\\nand fun-filled moments together!\\n\\nEva AI\\n\\n## Resources\\n\\n  * Eva AI Chat\\n  * Eva AI Plus\\n  * Profile\\n\\n## Company\\n\\n  * Services\\n  * About Eva AI\\n\\n## Legal\\n\\n  * Privacy Policy\\n  * Terms & Conditions\\n\\n\\u00a9 2024 Eva AI. All Rights Reserved.\\n\\nLinkedIn pageFacebook pageInstagram pageTwitter pageDiscord community\\n\\n\", \"frontpage\": false}"}
