{"value":"{\"aid\": \"40234433\", \"title\": \"Hynix says high-bandwidth memory chips almost sold out for 2025\", \"url\": \"https://www.scmp.com/tech/big-tech/article/3261205/nvidia-supplier-sk-hynix-says-its-high-bandwidth-memory-chips-used-ai-processors-almost-sold-out\", \"domain\": \"scmp.com\", \"votes\": 2, \"user\": \"belter\", \"posted_at\": \"2024-05-02 09:58:30\", \"comments\": 0, \"source_title\": \"Nvidia supplier SK Hynix says 2025 HBM chips for AI processors nearly sold out\", \"source_text\": \"Nvidia supplier SK Hynix says its high-bandwidth memory chips used in AI processors almost sold out for 2025 | South China Morning Post\\n\\nAdvertisement\\n\\nLatest\\n\\nChina\\n\\nEconomy\\n\\nHK\\n\\nAsia\\n\\nBusiness\\n\\nTech\\n\\nLifestyle\\n\\nPeople & Culture\\n\\nWorld\\n\\nOpinion\\n\\nVideo\\n\\nSport\\n\\nPost Mag\\n\\nStyle\\n\\n-\\n\\nAll\\n\\nListen\\n\\nAdvertisement\\n\\nAdvertisement\\n\\nSemiconductors\\n\\nGet more with myNEWS\\n\\nA personalised news feed of stories that matter to you\\n\\nLearn more\\n\\nSouth Korean semiconductor firm SK Hynix was until March the sole supplier of\\nhigh-bandwidth memory chips to Nvidia. Photo: Shutterstock\\n\\nTechBig Tech\\n\\n## Nvidia supplier SK Hynix says its high-bandwidth memory chips used in AI\\nprocessors almost sold out for 2025\\n\\n  * SK Hynix has already sold out its high-bandwidth memory chips for this year, as enterprises aggressively expand AI services\\n  * The South Korean memory chip maker forecast annual demand growth for HBM chips to be about 60 per cent in the mid- to long-term\\n\\nSemiconductors\\n\\nReuters\\n\\nPublished: 5:24pm, 2 May 2024\\n\\nWhy you can trust SCMP\\n\\nListen to this article\\n\\nSouth Korea\\u2019s SK Hynix said on Thursday that its high-bandwidth memory (HBM)\\nchips used in artificial intelligence (AI) processors were sold out for this\\nyear and almost sold out for 2025, as businesses aggressively expand AI\\nservices.\\n\\nThe Nvidia supplier and the world\\u2019s second-largest memory chip maker will\\nbegin sending samples of its latest HBM chip, called the 12-layer HBM3E, in\\nMay and begin mass-producing them in the third quarter.\\n\\n\\u201cThe HBM market is expected to continue to grow as data and [AI] model sizes\\nincrease,\\u201d SK Hynix chief executive Kwak Noh-Jung told a news conference.\\n\\u201cAnnual demand growth is expected to be about 60 per cent in the mid- to long-\\nterm.\\u201d\\n\\nSK Hynix, which competes with US rival Micron Technology and domestic behemoth\\nSamsung Electronics in HBM, was until March the sole supplier of these chips\\nto Nvidia, according to analysts, who added that major AI chip buyers are keen\\nto diversify their suppliers to better maintain operating margins. Nvidia\\ncommands some 80 per cent of the global AI chip market.\\n\\nNvidia chief executive Jensen Huang unveils the company\\u2019s new graphics\\nprocessing unit design, called Blackwell, that is multiple times faster at\\nhandling artificial intelligence projects at an event in San Jose, California,\\non March 18, 2024. Photo: AP\\n\\nMicron has also said its HBM chips were sold out for 2024 and that most of its\\n2025 supply was already allocated. It plans to provide samples for its\\n12-layer HBM3E chips to customers in March.\\n\\n\\u201cAs AI functions and performance are being upgraded faster than expected,\\ncustomer demand for ultra-high-performance chips such as the 12-layer chips\\nappear to be increasing faster than for 8-layer HBM3Es,\\u201d said Jeff Kim, head\\nof research at KB Securities.\\n\\nSamsung, which plans to produce its HBM3E 12-layer chips in the second\\nquarter, said this week that this year\\u2019s shipments of HBM chips are expected\\nto increase more than three-fold and that it has completed supply discussions\\nwith customers. The company did not elaborate further.\\n\\nAdvertisement\\n\\nLast month, SK Hynix announced a US$3.87 billion plan to build an advanced\\nchip packaging plant in the US state of Indiana with an HBM chip line and a\\n5.3 trillion won (US$3.9 billion) investment in a new DRAM chip factory at\\nhome with a focus on HBMs.\\n\\nMemory chips made by South Korean semiconductor company SK Hynix are seen on a\\ncomputer circuit board on February 25, 2022. Photo: Reuters\\n\\nKwak of SK Hynix said investment in HBM differed from past patterns in the\\nmemory chip industry because production capacity is being increased after\\nmaking certain of demand first.\\n\\nSaturday\\n\\nInside China Tech Newsletter\\n\\nYour weekly round-up of the biggest trending tech stories from China.\\n\\nBy submitting, you consent to receiving marketing emails from SCMP. If you\\ndon't want these, tick here\\n\\nBy registering, you agree to ourT&CandPrivacy Policy\\n\\nBy 2028, the portion of chips made for AI, such as HBM and high-capacity DRAM\\nmodules, is expected to account for 61 per cent of all memory volume in terms\\nof value from about 5 per cent last year, SK Hynix\\u2019s head of AI infrastructure\\nJustin Kim said.\\n\\nLast week, SK Hynix said in a post-earnings conference call that there may be\\na shortage of regular memory chips for smartphones, personal computers and\\nnetwork servers by the year\\u2019s end if demand for tech devices exceeds\\nexpectations.\\n\\nAdvertisement\\n\\nListen\\n\\nPost\\n\\nAdvertisement\\n\\nWe use cookies to tailor your experience and present relevant ads. By clicking\\n\\u201cAccept\\u201d, you agree that cookies can be placed per our Privacy Policy.\\n\\n\", \"frontpage\": false}"}
