{"value":"{\"aid\": \"40235459\", \"title\": \"Why DOS .exe \\\"MZ executables\\\" can also begin with \\\"ZM\\\"\", \"url\": \"https://mastodon.social/@hansw2000/112370700746989338\", \"domain\": \"mastodon.social\", \"votes\": 2, \"user\": \"zmodem\", \"posted_at\": \"2024-05-02 12:36:43\", \"comments\": 0, \"source_title\": \"Hans Wennborg (@hansw2000@mastodon.social)\", \"source_text\": \"Hans Wennborg: \\\"@Ange I've always wondered abo...\\\" - Mastodon\\n\\nCreate accountLogin\\n\\n6d\\n\\nAnge @Ange\\n\\nICYDK DOS checks for the 'MZ' magic for its executables (.EXE), but also 'ZM'.\\nhttps://github.com/microsoft/MS-\\nDOS/blob/2d04cacc5322951f187bb17e017c12920ac8ebe2/v2.0/source/EXEC.ASM#L333-L336\\n\\nGitHubMS-DOS/v2.0/source/EXEC.ASM at 2d04cacc5322951f187bb17e017c12920ac8ebe2\\n\\u00b7 microsoft/MS-DOSThe original sources of MS-DOS 1.25, 2.0, and 4.0 for\\nreference purposes - microsoft/MS-DOS\\n\\nHans Wennborg @hansw2000@mastodon.social\\n\\n@Ange I've always wondered about the \\\"ZM\\\" variant.\\n\\nMark told me: \\\"ZM was emitted by the linker IBM wrote for their mainframe in\\n'81. For some reason big-/little-endian was confusing for them.\\\"\\n\\nhttps://www.os2museum.com/wp/pascal-out-of-memory/ mentions example binaries\\nfrom IBM (presumably created by that linker?) that start with \\\"ZM\\\", and point\\nout that originally command.com did not check the file magic\\n(https://github.com/microsoft/MS-DOS/blob/main/v1.25/source/COMMAND.ASM#L895\\nseems to check the extension only), which is presumably how this could happen.\\n\\nwww.os2museum.comPascal Out Of Memory | OS/2 Museum\\n\\nMay 02, 2024, 09:06 AM\\u00b7\\u00b7Web\\n\\n3boosts\\u00b72favorites\\n\\nExploreLive feeds\\n\\nLogin to follow profiles or hashtags, favorite, share and reply to posts. You\\ncan also interact from your account on a different server.\\n\\nCreate accountLogin\\n\\nAbout\\n\\nDrag & drop to upload\\n\\n\", \"frontpage\": false}"}
