{"value":"{\"aid\": \"40235944\", \"title\": \"Show HN: Hamilton's UI \\u2013 observability, lineage, and catalog for data pipelines\", \"url\": \"https://github.com/DAGWorks-Inc/hamilton/tree/main/ui\", \"domain\": \"github.com/dagworks-inc\", \"votes\": 1, \"user\": \"elijahbenizzy\", \"posted_at\": \"2024-05-02 13:22:39\", \"comments\": 0, \"source_title\": \"hamilton/ui at main \\u00b7 DAGWorks-Inc/hamilton\", \"source_text\": \"hamilton/ui at main \\u00b7 DAGWorks-Inc/hamilton \\u00b7 GitHub\\n\\nSkip to content\\n\\n## Navigation Menu\\n\\nSign in\\n\\n# Search code, repositories, users, issues, pull requests...\\n\\nSearch syntax tips\\n\\nSign in\\n\\nSign up\\n\\nYou signed in with another tab or window. Reload to refresh your session. You\\nsigned out in another tab or window. Reload to refresh your session. You\\nswitched accounts on another tab or window. Reload to refresh your session.\\nDismiss alert\\n\\nDAGWorks-Inc / hamilton Public\\n\\n  * Notifications\\n  * Fork 84\\n  * Star 1.3k\\n\\n/\\n\\n# ui\\n\\n/\\n\\n## Directory actions\\n\\n## More options\\n\\n## Directory actions\\n\\n## More options\\n\\n## Latest commit\\n\\nskrawcz\\n\\nUpdate ui/README.md\\n\\nMay 2, 2024\\n\\n08ab43c \\u00b7 May 2, 2024May 2, 2024\\n\\n## History\\n\\nHistory\\n\\n/\\n\\n# ui\\n\\n/\\n\\n## Folders and files\\n\\nName| Name| Last commit message| Last commit date  \\n---|---|---|---  \\n  \\n### parent directory\\n\\n..  \\n  \\n### backend/server\\n\\n|\\n\\n### backend/server\\n\\n| Fixes it to work on 0.0.0.0| Apr 25, 2024  \\n  \\n### deployment\\n\\n|\\n\\n### deployment\\n\\n| Changes port to 8241/8242| Apr 24, 2024  \\n  \\n### frontend\\n\\n|\\n\\n### frontend\\n\\n| Adds Hamilton UI Example| Apr 30, 2024  \\n  \\n### screenshots\\n\\n|\\n\\n### screenshots\\n\\n| Adding the Hamilton/UI README| May 2, 2024  \\n  \\n### sdk\\n\\n|\\n\\n### sdk\\n\\n| SDK bump version to 0.3.5| Apr 26, 2024  \\n  \\n### .gitignore\\n\\n|\\n\\n### .gitignore\\n\\n| Implements Hamilton UI -- OS from previously closed source (#840)| Apr 24,\\n2024  \\n  \\n### README.md\\n\\n|\\n\\n### README.md\\n\\n| Update ui/README.md| May 2, 2024  \\n  \\n### hamilton-ui-architecture.png\\n\\n|\\n\\n### hamilton-ui-architecture.png\\n\\n| Implements Hamilton UI -- OS from previously closed source (#840)| Apr 24,\\n2024  \\n  \\n## README.md\\n\\n# Hamilton UI\\n\\nThis contains the code for the new Hamilton UI. For an overview of getting\\nstarted & features see this documentation. For a lengthier post and intro see\\nour blog post.\\n\\n## One operational UI for all your dataflows\\n\\nThe Hamilton UI is a system that provides the following capabilities:\\n\\n  1. Execution tracking with associated metadata\\n\\n     * Provides a persistent database to store/manage these\\n     * Provides a server that allows reading/writing/authentication\\n  2. Data/artifact observability: provides telemetry/observability of Hamilton executions + specific function results/code through a web interface\\n  3. Lineage & provenance: allows you to quickly inspect how code and data is connected.\\n  4. Catalog: everything is observed and cataloged, so you can quickly search and find what exists and when it was run.\\n\\nThe UI is meant to monitor/debug Hamilton dataflows both in development and\\nproduction. The aim is to enable dataflow authors to move faster during all\\nphases of the software development lifecycle.\\n\\n### Execution Tracking\\n\\nSee what's slow (left), pinpoint errors (middle) compare execution performance\\n(right)\\n\\n### Data/Aritfact Observability\\n\\nVisualize data for a run (left), track code the run used (middle) compare data\\nacross executions (right)\\n\\n### Lineage & Provenance\\n\\nSee how things connect: what's upstream/downstream (left), walk through code\\nvisually (right)\\n\\n### Catalog\\n\\nUnderstand artifacts produced (left), find features and when they were used\\n(right)\\n\\n## Getting started\\n\\nMake sure you have docker running:\\n\\n    \\n    \\n    # clone the repository if you haven't git clone https://github.com/dagworks-inc/hamilton # change into the UI directory cd hamilton/ui # run docker ./deployment/run.sh\\n\\nOnce docker is running navigate to http://localhost:8242 and create an email\\nand a project; then follow instructions on integrating with Hamilton.\\n\\nA fuller guide can be found here.\\n\\n## Architecture\\n\\nThe architecture is simple.\\n\\nThe tracking server stores data on postgres, as well as any blobs on s3. This\\nis stored in a docker volume on local mode. The frontend is a simple React\\napplication. There are a few authentication/ACL capabilities, but the default\\nis to use local/unauthenticated (open). Please talk to us if you have a need\\nfor more custom authentication.\\n\\n## License\\n\\nThere are a few directories that are not licensed under the BSD-3 Clear Clause\\nlicense. These are:\\n\\n  * frontend/src/ee\\n  * backend/server/trackingserver_auth\\n\\nSee the main repository LICENSE for details, else the LICENSE file in the\\nrespective directories mentioned above.\\n\\n## Footer\\n\\n\\u00a9 2024 GitHub, Inc.\\n\\nYou can\\u2019t perform that action at this time.\\n\\n\", \"frontpage\": false}"}
