{"value":"{\"aid\": \"40235790\", \"title\": \"Use forums rather than Slack/Discord to support developer community\", \"url\": \"https://www.mooreds.com/wordpress/archives/3451\", \"domain\": \"mooreds.com\", \"votes\": 1, \"user\": \"nalinidash\", \"posted_at\": \"2024-05-02 13:09:21\", \"comments\": 0, \"source_title\": \"You should use forums rather than Slack/Discord to support developer community\", \"source_text\": \"You should use forums rather than Slack/Discord to support developer community\\n\\u2013 Dan Moore!\\n\\nSkip to content\\n\\nDan Moore!\\n\\nMy place on the web\\n\\n# You should use forums rather than Slack/Discord to support developer\\ncommunity\\n\\nHot take after a year or so of trying to build a developer community. If you\\ncan pick only one, use forum software rather than synchronous chat software\\nfor community building around a developer platform.\\n\\nWhile there are tradeoffs in terms of convenience and closeness, for most\\ndeveloper communities a public, managed forum is better than a private,\\nunsearchable Slack.\\n\\nThere are a few key differences between forum software (which includes\\npackages like nodebb, forem, discourse, and others) and chat software (like\\nSlack, Facebook groups, or Discord).\\n\\nFirst, though, it\\u2019s important to know what you are trying to accomplish. If\\nyou are trying to get immediate feedback from a small set of users, then\\nsynchronous solutions are better. You can be super responsive, your users will\\nfeel loved, and you\\u2019ll get feedback quickly. However, synchronous solutions go\\nbeyond chat and include phone and video calls. The general goal of validating\\nuser feedback at an early stage is beyond the scope of this post.\\n\\nBut as you scale with a chat solution, major problems for the longevity and\\nvalue of the community emerge.\\n\\nProblem #1: the memory hole\\n\\nThis occurs when there\\u2019s a great answer to a common question, but it isn\\u2019t\\navailable or is hard to find. This matters more for community Slacks than\\nother synchronous solutions, since Slack limits free plans to 10,000 messages.\\n\\nIt still exists for solutions such as discord because older messages scroll\\nup. Search isn\\u2019t great. As a participant it feels easier to just re-ask the\\nquestion. If the community is vibrant and willing to help newcomers, such\\nquestions get answered. If not, they languish or are ignored, frustrating the\\nnew participants. Not good.\\n\\nYou can work around the memory hole as a community member by extracting and\\nreifying interesting chat posts. I have done this by generalizing and\\npublishing the messages as blog posts, to a newsletter, or even to a google\\nsheet. But this is additional work that may not be done regularly, or at all.\\n\\nSide note: for some communities, discussing current events or just chatting\\nwith friends, this is actually a feature, not a bug. Who needs to remember who\\nsaid what six months ago when conversing with friends.\\n\\nBut for developer communities, friendly chat is important, but so is sharing\\nknowledge; the memory hole actively thwarts the latter.\\n\\nForums, on the other hand, are optimized for reading. nodebb even suggests\\nrelated posts as you begin a topic, actively directing people to older posts\\nthat may solve their issue without them ever posting.\\n\\nAnd if published on the internet, forums are searched via Google.\\n\\nProblem #2: Google can\\u2019t see inside chats\\n\\nGoogle is the primary user interface for knowledge gathering among developers.\\n\\nI hope this statement isn\\u2019t controversial. It is based on personal experience\\nand observation, but there\\u2019s also some research.\\n\\nI have seen many many developers use Google as soon as they are confronted by\\na problem. Youtube, books, going to a specific site and using that search:\\nthese all are far less used alternatives when a developer has a question.\\n\\nGoogle has made it so easy to find so much good information that most\\ndevelopers have been trained when they face a problem to open a new tab, type\\nin the search term and trust the first page of results.\\n\\nChat systems don\\u2019t work well with this common workflow, because all the\\ncontent is hidden.\\n\\nThis means when you use a chat for a developer community, you don\\u2019t get\\ncompounding benefits when someone, either a team member or a community member,\\nanswers a question well or has an insightful comment that would be worth\\nreading. Very few folks ever benefit in the future.\\n\\nWith chat, people who aren\\u2019t present at message posting or soon thereafter\\nnever learn from that knowledge.\\n\\nProblem #3: synchronous communication is synchronous\\n\\nWhen you are in a chat system, the information is ephemeral. This means that\\nvaluable comments can be lost if there is a flurry of other messages.\\n\\nPeople can feel ignored even though the reality is that they just posted at an\\ninopportune moment. This feeling can be intimidating; I\\u2019ve definitely felt\\nmiffed as a question or comment I posted was ignored or unseen and other\\npeople\\u2019s questions were answered. \\u201cWas it me? My topic? Are other people more\\nwelcome here than I am?\\u201d\\n\\nPeople who like to answer questions may feel the need to do so quickly. This\\nmay interfere with time for deep work. The Pavlovian response is real; I\\u2019ve\\nfelt it myself. It feels \\u201cbetter\\u201d to write a response to help someone than it\\ndoes to write a document that will help many, because the former is so\\nconcrete and immediate.\\n\\nWhen you pick a chat solution, you are optimizing for this kind of response.\\n\\nProblem #4: less capable moderation tools\\n\\nForums have been around a long time. It\\u2019s a well understood problem space.\\nThere\\u2019s a rich set of functionality in most of them for handling the more\\nfrustrating aspects of online community management (see also \\u201cA Group is its\\nown worst enemy\\u201d).\\n\\nChat applications have uneven support for this aspect of community management;\\nI have heard Discord is pretty good, but Slack is not.\\n\\nRemember that when you are running a community, you will inevitably attract\\ntrolls and spammers. Make sure you have the tools to protect the community\\nfrom abuse.\\n\\nIn addition, make sure you have the time/energy. The community may be able to\\npolice itself when it gets to a certain size, but initially and for a long\\nwhile, with a chat solution you may need to be ready to jump in and moderate.\\n\\nForums still require attention, don\\u2019t get me wrong, but the tooling and the\\nseparation of topics means they aren\\u2019t quite as vulnerable. They are a higher\\nvalue target, because of Google, however.\\n\\nProblem #5: you\\u2019re missing out on long tail content\\n\\nThis issue is related to problem #2, but slightly different. When you are\\nbuilding developer tools, there is a wide surface area of support needed.\\nQuestions from developers help define that space. When they go to a chat,\\nsomeone needs to capture the questions and make them public to help future\\ndevelopers. You can capture this knowledge in formal docs.\\n\\nWhen using a forum, the answers are made available to the long tail of\\nsearchers without any effort at all. A company I worked for got about 5-6% of\\ntheir traffic from their forum pages.\\n\\nThat traffic was essentially free because the time to answer the questions was\\nrequired with either solution. (This assumes the question would have been\\nasked in either a chat or a forum.)\\n\\nProblem #6: questions can be flippant\\n\\nWhen I am talking in person to someone and they ask a question, I don\\u2019t expect\\nthem to have done a ton of research or thinking about it. It\\u2019s a conversation,\\nafter all.\\n\\nThe same attitude occurs during real time chat.\\n\\nFor technical questions, this can be frustrating because you want to help\\nimmediately (see problem #3) and yet you don\\u2019t have all the information you\\nneed. In async discussions, because they are async, more context is typically\\nprovided by the questioner.\\n\\nThis makes it easier for people who want to help to do so.\\n\\nWhy do people use Slack/Discord/etc?\\n\\nWow, so many problems with chat and all these reasons are why forum software\\nis better.\\n\\nSo why do so many folks building developer communities choose solutions like\\nSlack or Discord?\\n\\nThere are two motivations that I can see.\\n\\nOne from the company perspective and one from that of the developer.\\n\\nFrom the company side: it helps build community between members.\\n\\nI don\\u2019t know about you, but I am much more likely to pitch in and help when I\\nhave had a conversation with someone than if some rando drops by with a\\nquestion and leaves.\\n\\nA Slack can begin to feel like a real community, where you know people. It\\ndoesn\\u2019t feel as transactional when I see a question in a Slack when I\\u2019ve seen\\nthe questioner post other messages or share a bit about themselves. This type\\nof interaction can happen in a forum, but seems more common in a Slack. This\\ntype of interaction makes the community more sticky and people more likely to\\nhelp. A minor benefit is that chat can be hosted elsewhere for free so the\\nstartup cost and friction is low.\\n\\nFrom the developer\\u2019s side: when I run into an issue or problem, I want an\\nanswer as soon as frickin\\u2019 possible. It\\u2019s blocking me, otherwise I wouldn\\u2019t\\nhave asked it.\\n\\nSure, I can context switch, but that has its own costs. So there\\u2019s tremendous\\nvalue from a knowledge seeker\\u2019s side to pick a synchronous method of asking\\nquestions.\\n\\nIf you had a burning question to ask, which would you prefer? Hopping on the\\nphone or sending a physical email. That\\u2019s the allure of the chat platforms.\\n\\nI will say that some forum software has built chat in, but that isn\\u2019t going to\\nget you an answer immediately.\\n\\nWhat\\u2019s right for you?\\n\\nWell, what do you want to emphasize? Long term aggregation of knowledge and a\\nculture of completeness, or community and a culture of immediacy.\\n\\nAs alluded to initially, you can of course use both tools at different times\\nin your community\\u2019s evolution. I think the longer you build, the more you\\u2019ll\\nmove to a forum or other public knowledge sharing solution.\\n\\nHere\\u2019s a tweet survey that I ran a month ago asking how developers wanted to\\nget tech help. (Something else turned out to mostly be \\u201cwell written\\ndocumentation\\u201d, from the thread responses.)\\n\\n> As a developer seeking tech help for a platform or software package, which\\n> do you prefer?\\n>\\n> \\u2014 Dan Moore (@mooreds) April 11, 2021\\n\\nDevrel Tips | moore | May 8, 2021\\n\\n* Online community power outside of devrel\\n* Advice for finding a technical co-founder\\n\\n#### Letters to a New Developer\\n\\n#### Pages\\n\\n  * About\\n  * Contact Me\\n\\n#### Subscribe\\n\\nMy newsletter will deliver my blog posts to your email as well as infrequent\\nemail only content.\\n\\nI also have a free newsletter about CIAM if you prefer a more focused option.\\n\\n#### Socials\\n\\nFollow me on Twitter Follow me on Blue Sky Follow me on Mastodon\\n\\n#### Categories\\n\\n  * 8z\\n  * Amazon Machine Learning\\n  * Amazon RDS\\n  * Android\\n  * AngularJS\\n  * APIs\\n  * AWS\\n  * BarCamp\\n  * Big Data\\n  * BJUG\\n  * Blog\\n  * Books\\n  * BPA\\n  * Business\\n  * CakePHP\\n  * Cloud Computing\\n  * Community\\n  * Conferences\\n  * Consulting\\n  * Content\\n  * Contracting Basics\\n  * Cordova CLI\\n  * CU Colloquia\\n  * Databases\\n  * Devops\\n  * Devrel\\n  * Drupal\\n  * Dynamic Languages\\n  * ElasticSearch\\n  * Email\\n  * FusionAuth\\n  * GIS\\n  * golang\\n  * Google Apps\\n  * Google Maps\\n  * GWT\\n  * GWT Mini Patterns\\n  * HTTP\\n  * IDEs\\n  * Interview\\n  * Java\\n  * Javascript\\n  * Jobs\\n  * Lifehack\\n  * Mistakes\\n  * Mobile Technology\\n  * MySQL\\n  * New Tech Meetup\\n  * NoSQL\\n  * Oracle\\n  * Pentaho Data Integration\\n  * Phonegap\\n  * PHP\\n  * Podcast\\n  * Presentations\\n  * Programming\\n  * Rails\\n  * Real Estate\\n  * Recruiting\\n  * RIA\\n  * RSS Pick\\n  * SaaS\\n  * Security\\n  * Sharetribe\\n  * Side Project\\n  * Social Media\\n  * Startup\\n  * Stripe\\n  * Technology\\n  * Technology and Society\\n  * Testing\\n  * The Food Corridor\\n  * Thunderbird\\n  * Tips\\n  * Tomcat\\n  * Transposit\\n  * Uncategorized\\n  * Useful Tools\\n  * Video\\n  * Web Applications\\n  * Wikis\\n  * YUI\\n\\n#### Archives\\n\\n  * April 2024 (1)\\n  * March 2024 (1)\\n  * February 2024 (1)\\n  * January 2024 (1)\\n  * December 2023 (1)\\n  * November 2023 (1)\\n  * October 2023 (2)\\n  * September 2023 (1)\\n  * August 2023 (1)\\n  * July 2023 (1)\\n  * June 2023 (1)\\n  * May 2023 (1)\\n  * April 2023 (1)\\n  * March 2023 (1)\\n  * February 2023 (1)\\n  * January 2023 (1)\\n  * December 2022 (1)\\n  * November 2022 (2)\\n  * October 2022 (1)\\n  * September 2022 (1)\\n  * August 2022 (1)\\n  * July 2022 (1)\\n  * June 2022 (1)\\n  * May 2022 (1)\\n  * April 2022 (1)\\n  * March 2022 (1)\\n  * February 2022 (1)\\n  * January 2022 (1)\\n  * December 2021 (1)\\n  * November 2021 (1)\\n  * October 2021 (1)\\n  * September 2021 (1)\\n  * August 2021 (1)\\n  * July 2021 (1)\\n  * June 2021 (1)\\n  * May 2021 (1)\\n  * April 2021 (1)\\n  * March 2021 (1)\\n  * February 2021 (1)\\n  * January 2021 (1)\\n  * December 2020 (1)\\n  * November 2020 (1)\\n  * October 2020 (1)\\n  * September 2020 (1)\\n  * August 2020 (1)\\n  * July 2020 (1)\\n  * June 2020 (1)\\n  * May 2020 (1)\\n  * April 2020 (2)\\n  * March 2020 (3)\\n  * February 2020 (1)\\n  * January 2020 (4)\\n  * December 2019 (2)\\n  * November 2019 (1)\\n  * October 2019 (1)\\n  * September 2019 (1)\\n  * August 2019 (3)\\n  * July 2019 (1)\\n  * June 2019 (1)\\n  * May 2019 (1)\\n  * April 2019 (1)\\n  * March 2019 (1)\\n  * February 2019 (1)\\n  * January 2019 (2)\\n  * December 2018 (1)\\n  * November 2018 (1)\\n  * October 2018 (2)\\n  * September 2018 (4)\\n  * August 2018 (1)\\n  * July 2018 (2)\\n  * June 2018 (6)\\n  * May 2018 (15)\\n  * April 2018 (18)\\n  * March 2018 (31)\\n  * February 2018 (28)\\n  * January 2018 (32)\\n  * December 2017 (31)\\n  * November 2017 (3)\\n  * October 2017 (2)\\n  * September 2017 (1)\\n  * August 2017 (2)\\n  * July 2017 (4)\\n  * June 2017 (3)\\n  * May 2017 (5)\\n  * April 2017 (3)\\n  * March 2017 (4)\\n  * February 2017 (5)\\n  * January 2017 (4)\\n  * December 2016 (2)\\n  * November 2016 (1)\\n  * October 2016 (2)\\n  * September 2016 (2)\\n  * August 2016 (6)\\n  * July 2016 (1)\\n  * June 2016 (2)\\n  * May 2016 (1)\\n  * April 2016 (2)\\n  * March 2016 (2)\\n  * February 2016 (1)\\n  * January 2016 (2)\\n  * December 2015 (1)\\n  * November 2015 (2)\\n  * October 2015 (3)\\n  * September 2015 (1)\\n  * August 2015 (1)\\n  * July 2015 (3)\\n  * June 2015 (2)\\n  * May 2015 (1)\\n  * April 2015 (1)\\n  * March 2015 (1)\\n  * February 2015 (5)\\n  * January 2015 (13)\\n  * December 2014 (14)\\n  * November 2014 (12)\\n  * October 2014 (15)\\n  * September 2014 (17)\\n  * August 2014 (16)\\n  * July 2014 (4)\\n  * June 2014 (1)\\n  * May 2014 (1)\\n  * April 2014 (1)\\n  * March 2014 (2)\\n  * February 2014 (3)\\n  * January 2014 (2)\\n  * December 2013 (3)\\n  * November 2013 (2)\\n  * October 2013 (3)\\n  * September 2013 (2)\\n  * August 2013 (5)\\n  * July 2013 (13)\\n  * June 2013 (6)\\n  * May 2013 (5)\\n  * April 2013 (5)\\n  * March 2013 (2)\\n  * February 2013 (1)\\n  * January 2013 (2)\\n  * December 2012 (1)\\n  * November 2012 (2)\\n  * October 2012 (4)\\n  * September 2012 (3)\\n  * August 2012 (5)\\n  * July 2012 (2)\\n  * June 2012 (2)\\n  * May 2012 (3)\\n  * April 2012 (3)\\n  * March 2012 (2)\\n  * February 2012 (5)\\n  * January 2012 (4)\\n  * December 2011 (4)\\n  * October 2011 (3)\\n  * September 2011 (4)\\n  * August 2011 (1)\\n  * July 2011 (2)\\n  * June 2011 (1)\\n  * May 2011 (2)\\n  * April 2011 (2)\\n  * March 2011 (2)\\n  * February 2011 (3)\\n  * January 2011 (4)\\n  * December 2010 (2)\\n  * November 2010 (4)\\n  * October 2010 (1)\\n  * September 2010 (3)\\n  * August 2010 (4)\\n  * July 2010 (8)\\n  * June 2010 (1)\\n  * May 2010 (2)\\n  * April 2010 (5)\\n  * March 2010 (5)\\n  * February 2010 (4)\\n  * January 2010 (2)\\n  * December 2009 (9)\\n  * November 2009 (7)\\n  * October 2009 (6)\\n  * September 2009 (4)\\n  * August 2009 (4)\\n  * July 2009 (3)\\n  * June 2009 (10)\\n  * May 2009 (4)\\n  * April 2009 (3)\\n  * March 2009 (4)\\n  * February 2009 (4)\\n  * January 2009 (4)\\n  * December 2008 (5)\\n  * November 2008 (3)\\n  * October 2008 (4)\\n  * September 2008 (5)\\n  * August 2008 (1)\\n  * July 2008 (3)\\n  * June 2008 (4)\\n  * May 2008 (1)\\n  * April 2008 (4)\\n  * March 2008 (8)\\n  * February 2008 (2)\\n  * January 2008 (4)\\n  * December 2007 (5)\\n  * November 2007 (3)\\n  * October 2007 (6)\\n  * September 2007 (1)\\n  * August 2007 (3)\\n  * July 2007 (10)\\n  * June 2007 (3)\\n  * May 2007 (3)\\n  * April 2007 (5)\\n  * March 2007 (6)\\n  * February 2007 (6)\\n  * January 2007 (12)\\n  * December 2006 (3)\\n  * November 2006 (3)\\n  * October 2006 (2)\\n  * September 2006 (10)\\n  * August 2006 (4)\\n  * July 2006 (6)\\n  * June 2006 (12)\\n  * May 2006 (7)\\n  * April 2006 (6)\\n  * March 2006 (10)\\n  * February 2006 (9)\\n  * January 2006 (10)\\n  * December 2005 (4)\\n  * November 2005 (5)\\n  * October 2005 (8)\\n  * September 2005 (4)\\n  * August 2005 (3)\\n  * July 2005 (5)\\n  * June 2005 (12)\\n  * May 2005 (7)\\n  * April 2005 (4)\\n  * March 2005 (3)\\n  * February 2005 (12)\\n  * January 2005 (7)\\n  * December 2004 (10)\\n  * November 2004 (6)\\n  * October 2004 (9)\\n  * September 2004 (7)\\n  * August 2004 (9)\\n  * July 2004 (8)\\n  * June 2004 (6)\\n  * May 2004 (13)\\n  * April 2004 (12)\\n  * March 2004 (13)\\n  * February 2004 (14)\\n  * January 2004 (9)\\n  * December 2003 (15)\\n  * November 2003 (7)\\n  * October 2003 (8)\\n\\nTheme: FirmaSite\\n\\n\", \"frontpage\": false}"}
