{"value":"{\"aid\": \"40233870\", \"title\": \"Getir to exit European and US markets, announces new investment round\", \"url\": \"https://www.foodbev.com/news/getir-to-exit-european-and-us-markets-announces-new-investment-round/\", \"domain\": \"foodbev.com\", \"votes\": 1, \"user\": \"the-dude\", \"posted_at\": \"2024-05-02 08:17:04\", \"comments\": 0, \"source_title\": \"Just a moment...\", \"source_text\": \"Just a moment...\\n\\n# www.foodbev.com\\n\\n## Verifying you are human. This may take a few seconds.\\n\\nwww.foodbev.com needs to review the security of your connection before\\nproceeding.\\n\\nVerification successful\\n\\nWaiting for www.foodbev.com to respond...\\n\\nRay ID: 87d71fc8c95f9c04\\n\\nPerformance & security by Cloudflare\\n\\n\", \"frontpage\": false}"}
