{"value":"{\"aid\": \"40234918\", \"title\": \"Show HN: Open-source multimodal multitool written by A.I\", \"url\": \"https://github.com/alexdredmon/crayeye\", \"domain\": \"github.com/alexdredmon\", \"votes\": 1, \"user\": \"anais9\", \"posted_at\": \"2024-05-02 11:30:20\", \"comments\": 0, \"source_title\": \"GitHub - alexdredmon/crayeye: Visual analysis multitool\", \"source_text\": \"GitHub - alexdredmon/crayeye: Visual analysis multitool\\n\\nSkip to content\\n\\n## Navigation Menu\\n\\nSign in\\n\\n# Search code, repositories, users, issues, pull requests...\\n\\nSearch syntax tips\\n\\nSign in\\n\\nSign up\\n\\nYou signed in with another tab or window. Reload to refresh your session. You\\nsigned out in another tab or window. Reload to refresh your session. You\\nswitched accounts on another tab or window. Reload to refresh your session.\\nDismiss alert\\n\\nalexdredmon / crayeye Public\\n\\n  * Notifications\\n  * Fork 0\\n  * Star 2\\n\\nVisual analysis multitool\\n\\n### License\\n\\nMIT license\\n\\n2 stars 0 forks Branches Tags Activity\\n\\nStar\\n\\nNotifications\\n\\n# alexdredmon/crayeye\\n\\nThis commit does not belong to any branch on this repository, and may belong\\nto a fork outside of the repository.\\n\\n1 Branch\\n\\n1 Tags\\n\\n## Folders and files\\n\\nName| Name| Last commit message| Last commit date  \\n---|---|---|---  \\n  \\n## Latest commit\\n\\nalexdredmonREADME markdown fixesMay 2, 2024851aab1 \\u00b7 May 2, 2024May 2, 2024\\n\\n## History\\n\\n73 Commits  \\n  \\n### flutter\\n\\n|\\n\\n### flutter\\n\\n| Prompt share link fix| Apr 24, 2024  \\n  \\n### LICENSE\\n\\n|\\n\\n### LICENSE\\n\\n| README, MIT license, UI tweaks| Apr 21, 2024  \\n  \\n### README.md\\n\\n|\\n\\n### README.md\\n\\n| README markdown fixes| May 2, 2024  \\n  \\n### logo.png\\n\\n|\\n\\n### logo.png\\n\\n| Prompt search style & logo tweaks| Apr 21, 2024  \\n  \\n### logo.psd\\n\\n|\\n\\n### logo.psd\\n\\n| Prompt search style & logo tweaks| Apr 21, 2024  \\n  \\n## Repository files navigation\\n\\n# crayeye\\n\\nOpen-source multimodal LLM visual analysis utility. Build & share AI vision\\nprompts augmented with native device sensor data.\\n\\nLearn more via https://crayeye.com\\n\\n## Setup\\n\\nInstall Flutter.\\n\\nIf you want to set a default API key for your dev environment, you can set the\\nenvironment variable DEFAULT_OPENAI_API_KEY.\\n\\nTo start the local dev environment, from within the ./flutter directory run\\n./flutter_run.sh (to pass along a default OpenAI API key) or execute flutter\\nrun.\\n\\n## Build\\n\\nTo build the app for iOS/Android, you can use the open_xcode.sh or\\nopen_android_studio.sh scripts to open the corresponding SDK. Within XCode,\\nyou can generate a build via Product->Archive, within Android SDK you can\\ncreate a build via Build -> Generate Signed Bundle/APK.\\n\\n## Contributing\\n\\nTo contribute to this project, open a pull request or an issue.\\n\\n## Install\\n\\nInstall via the:\\n\\n  * Apple App Store\\n  * Google Play Store\\n\\n## How it's made\\n\\nCrayEye is the product of A.I. driven development. Read more about how it was\\ncreated.\\n\\n## Backronym\\n\\n\\\"Cognitive Recognition Analysis Yielding Eye\\\"\\n\\n## License\\n\\nCopyright 2024 Alexandria Redmon\\n\\nPermission is hereby granted, free of charge, to any person obtaining a copy\\nof this software and associated documentation files (the \\u201cSoftware\\u201d), to deal\\nin the Software without restriction, including without limitation the rights\\nto use, copy, modify, merge, publish, distribute, sublicense, and/or sell\\ncopies of the Software, and to permit persons to whom the Software is\\nfurnished to do so, subject to the following conditions:\\n\\nThe above copyright notice and this permission notice shall be included in all\\ncopies or substantial portions of the Software.\\n\\nTHE SOFTWARE IS PROVIDED \\u201cAS IS\\u201d, WITHOUT WARRANTY OF ANY KIND, EXPRESS OR\\nIMPLIED, INCLUDING BUT NOT LIMITED TO THE WARRANTIES OF MERCHANTABILITY,\\nFITNESS FOR A PARTICULAR PURPOSE AND NONINFRINGEMENT. IN NO EVENT SHALL THE\\nAUTHORS OR COPYRIGHT HOLDERS BE LIABLE FOR ANY CLAIM, DAMAGES OR OTHER\\nLIABILITY, WHETHER IN AN ACTION OF CONTRACT, TORT OR OTHERWISE, ARISING FROM,\\nOUT OF OR IN CONNECTION WITH THE SOFTWARE OR THE USE OR OTHER DEALINGS IN THE\\nSOFTWARE.\\n\\n## About\\n\\nVisual analysis multitool\\n\\n### Resources\\n\\nReadme\\n\\n### License\\n\\nMIT license\\n\\nActivity\\n\\n### Stars\\n\\n2 stars\\n\\n### Watchers\\n\\n1 watching\\n\\n### Forks\\n\\n0 forks\\n\\nReport repository\\n\\n## Releases 1\\n\\nv1.0.78 Latest\\n\\nApr 21, 2024\\n\\n## Packages 0\\n\\nNo packages published\\n\\n## Languages\\n\\n  * Dart 64.5%\\n  * C++ 16.7%\\n  * CMake 13.0%\\n  * Ruby 1.9%\\n  * Swift 1.6%\\n  * HTML 1.2%\\n  * Other 1.1%\\n\\n## Footer\\n\\n\\u00a9 2024 GitHub, Inc.\\n\\nYou can\\u2019t perform that action at this time.\\n\\n\", \"frontpage\": false}"}
