{"value":"{\"aid\": \"40235270\", \"title\": \"Show HN: SeniorAI - AI to help you build software (try the MVP)\", \"url\": \"https://seniorai.ai/\", \"domain\": \"seniorai.ai\", \"votes\": 3, \"user\": \"sash20m\", \"posted_at\": \"2024-05-02 12:16:05\", \"comments\": 0, \"source_title\": \"Senior AI\", \"source_text\": \"Senior AI\\n\\nAboutPricesContact\\n\\nSign In\\n\\nSign Up for Free\\n\\nMenu\\n\\nLeverage AI to develop and maintain software products.\\n\\n# Leverage AI to develop and maintain software products.\\n\\n# Supercharge software development with an AI-first approach.\\n\\nUse Artificial Intelligence to help you build software\\n\\nTry the MVP now\\n\\nSign Up for Free\\n\\nWant to talk or get a live demo? Get in touch \\u2192\\n\\nSenior AI is a platform that helps individuals and companies build and manage\\nsoftware in a more productive and secure manner. The AI will understand all of\\nyour projects, independently and collectively, unlocking incredible\\npossibilities for faster and more reliable development.\\n\\nAdd Your Codebase\\n\\nImport your repositories from your GIT hosting service and start interacting\\nwith your code. Let Senior AI help and guide you in anything you need.\\n\\nPossibilities\\n\\nEntire codebase awareness gives you incredible possibilities for further\\nsoftware development - from bug analysis, specific features requests, security\\noptimization and everything in between.\\n\\nAnalyze the project\\n\\nand give code improvements ideas.\\n\\nExplain the ins and outs of\\n\\nthe project to a new junior developer on our team.\\n\\nFind possible security\\n\\nthreats that the project does not prevent\\n\\nIs the code implemented\\n\\nwith best practices ?\\n\\nEnhanced productivity and security\\n\\nProductivity\\n\\nSenior AI already understands everything about the product you are building.\\nIt can guide the development process, providing code for specific features or\\nrequests and ideas perfectly tailored to your codebase without spending time\\non teaching it all the technical inner workings.\\n\\nSecurity\\n\\nComplex projects have complex bugs and security implications, Senior AI is\\nable to look into them and connect the dots to find the bugs and show a\\npathway ahead for better security, simultaneously saving time and making your\\ncode more secure.\\n\\nPricing\\n\\nFree tier\\n\\nFor individuals\\n\\nIncludes\\n\\n1 repository\\n\\n5 prompts/day\\n\\nGet started\\n\\nTier 1\\n\\nFor power users\\n\\nIncludes\\n\\n2 repositories\\n\\n20 prompts/day\\n\\n$44/month\\n\\nor $528/yr.\\n\\nGet started\\n\\nTier 2\\n\\nFor small teams\\n\\nIncludes\\n\\n3 repositories\\n\\n45 prompts/day\\n\\n$80/month\\n\\nor $960/yr.\\n\\nGet started\\n\\nTier 3\\n\\nFor growing teams\\n\\nIncludes\\n\\n4 repositories\\n\\n80 prompts/day\\n\\n$152/month\\n\\nor $1824/yr.\\n\\nGet started\\n\\nTier 4\\n\\nFor large teams and\\n\\nIncludes\\n\\n5 repositories\\n\\n120 prompts/day\\n\\n$224/month\\n\\nor $2688/yr.\\n\\nGet started\\n\\nEnterprise\\n\\nFor corporations\\n\\nGet started\\n\\nBuild software with an AI-first approach\\n\\nStart for free\\n\\nIncrease your development speed, productivity and security.\\n\\nStart for free, flexible for all teams.\\n\\nContact Us\\n\\nStart for free\\n\\nProduct\\n\\nFeaturesPricingSupport\\n\\nLegal\\n\\nTerms of PrivacyPrivacy PolicySecurity\\n\\nSocial\\n\\nLinkedinFacebookInstagramX\\n\\nContact\\n\\nhello@seniorai.ai\\n\\n\\u00a9 2024 SeniorAI, Inc. All rights reserved.\\n\\n\", \"frontpage\": false}"}
