{"value":"{\"aid\": \"40235040\", \"title\": \"John Lothropp: Ancestor of 80k people including 6 US presidents\", \"url\": \"https://en.wikipedia.org/wiki/John_Lothropp\", \"domain\": \"wikipedia.org\", \"votes\": 1, \"user\": \"_xerces_\", \"posted_at\": \"2024-05-02 11:49:56\", \"comments\": 0, \"source_title\": \"John Lothropp\", \"source_text\": \"John Lothropp - Wikipedia\\n\\nJump to content\\n\\nSearch\\n\\nWiki Loves Earth\\n\\nPhotograph nature for Wikipedia and win!\\n\\n# John Lothropp\\n\\n  * Espa\\u00f1ol\\n\\nEdit links\\n\\nFrom Wikipedia, the free encyclopedia\\n\\nEnglish Anglican clergyman\\n\\nFor his great-great-grandson, see John Lathrop (American minister).\\n\\nJohn Lothropp  \\n---  \\nBorn| 20 December 1584Etton, East Riding of Yorkshire, England  \\nDied| 8 November 1653Barnstable, Massachusetts  \\nNationality| English subject  \\nOther names| John Lothrop, John Lathrop  \\nEducation| Queens' College, Cambridge  \\nSpouse(s)| Hannah House, Ann Hammond  \\nChildren| Jane, Anne, John, Barbara, Thomas, Samuel, Joseph, Benjamin,\\nElizabeth, Barnabas, Abigail, Bathsheba, John  \\n  \\nRev. John Lothropp (1584\\u20131653) \\u2013 sometimes spelled Lothrop or Lathrop \\u2013 was an\\nEnglish Anglican clergyman, who became a Congregationalist minister and\\nemigrant to New England. He was among the first settlers of Barnstable,\\nMassachusetts.\\n\\nLothropp was a strong proponent of the separation of church and state. This\\nidea eventually became the mainstream view of people in the United States of\\nAmerica, because of the efforts of Lothropp and others. Lothropp influenced\\nthe culture of New England, and through that, upon the rest of the country. He\\nhas had many notable descendants, including at least six US presidents, as\\nwell as many other prominent governors, government leaders, leaders of the\\nChurch of Jesus Christ of Latter-day Saints, and businesspeople.\\n\\n## Biography[edit]\\n\\n### Early life[edit]\\n\\nLothropp was born in Etton, East Riding of Yorkshire. He was baptised on 20\\nDecember 1584. He attended Queens' College, Cambridge, where he matriculated\\nin 1601, graduated with a BA in 1605, and with an MA in 1609.^[1]\\n\\n### Ministry and incarceration[edit]\\n\\nHe was ordained in the Church of England and appointed curate of Egerton,\\nKent. In 1623 he renounced his orders and joined the Independents. Lothropp\\ngained prominence in 1624, when he was called to replace Reverend Henry Jacob\\nas the pastor of the 'First Independent Church' in London, a congregation of\\nsixty members which met at Southwark. Church historians sometimes call this\\nchurch the Jacob-Lathrop-Jessey (JLJ^[2]) Church, named for its first three\\npastors, Henry Jacob, John Lothropp and Henry Jessey.\\n\\nThey met in private to avoid the scrutiny of the Bishop of London, William\\nLaud. Following the group's discovery on 22 April 1632 by officers of the\\nking, forty-two of Lothropp's Independents were arrested; only eighteen\\nescaped capture. The arrested were prosecuted for failure to take the Oath of\\nSupremacy. Evidence gleaned by the historians Burrage and Kiffin and from the\\nJessey records indicate many were jailed in the Clink prison. As for Lothropp,\\nthe question is unresolved. English historian Samuel Rawson Gardiner, whose\\nbook Reports of Cases in the Courts of Star Chamber and High Commission, gives\\nan account of the courtroom trial and cites information from the trial record\\nthat the convicted dissenters were to be divided up and sent to various\\nprisons. Historian E. B. Huntington suggests Lothropp was incarcerated in\\neither the Clink or Newgate Prison.^[3] Further, it may be that Lothropp\\nactually served time in both prisons since it was customary to move prisoners\\nfrom one prison to another due to space availability. The end, the precise\\nlocation of Lothropp's imprisonment is not confirmable from primary\\ndocumentation.\\n\\nWhile Lothropp was in prison, his wife Hannah House became ill and died. His\\nsix surviving children were, according to tradition, left to fend for\\nthemselves begging for bread on the streets of London. Friends, being unable\\nto care for his children, brought them to the Bishop who had charge of\\nLothropp. After about a year, all were released on bail except Lothropp, who\\nwas deemed too dangerous to be set at liberty. The Bishop ultimately released\\nhim on bond in May 1634 with the understanding that he would immediately\\nremove to the New World. Since he did not immediately leave for the New World,\\na court order was subsequently put out for him. Family tradition and other\\nhistorical reflections indicate he then \\\"escaped.\\\"\\n\\n### Emigration[edit]\\n\\nLothropp was told that he would be pardoned upon acceptance of terms to leave\\nEngland permanently with his family along with as many of his congregation\\nmembers as he could take who would not accept the authority of the Church of\\nEngland. Lathropp accepted the terms of the offer and left for Plymouth,\\nMassachusetts. With his group, he sailed on the Griffin and arrived in Boston\\non 18 September 1634.^[4] The record found on page 71 of Governor Winthrop's\\nJournal, quotes John Lothropp, a freeman, rejoicing in finding a \\\"church\\nwithout a bishop ... and a state without a king.\\\" John Lothropp married Ann\\n(surname unknown) (1616\\u20131687).^[5]\\n\\nLothropp did not stay in Boston long. Within days, he and his group relocated\\nto Scituate where they \\\"joined in covenaunt together\\\" along with nine others\\nwho preceded them to form the \\\"church of Christ collected att Scituate.\\\"^[6]\\nThe Congregation at Scituate was not a success. Dissent on the issue of\\nbaptism as well as other unspecified grievances and the lack of good grazing\\nland and fodder for their cattle caused the church in Scituate to split in\\n1638.\\n\\nLothropp petitioned Governor Thomas Prence in Plymouth for a \\\"place for the\\ntransplanting of us, to the end that God might have more glory and wee more\\ncomfort.\\\"^[7] Thus as Otis says \\\"Mr. Lothropp and a large company arrived in\\nBarnstable, 11 October 1639 O.S., bringing with them the crops which they had\\nraised in Scituate.\\\"^[7] There, within three years they had built homes for\\nall the families and then Lothropp began construction on a larger, sturdier\\nmeeting house adjacent to Coggin's (or Cooper's) Pond, which was completed in\\n1644. This building, now part of the Sturgis Library in Barnstable,\\nMassachusetts is one of John Lothropp's original homes and meeting houses, and\\nis now also the oldest building housing a public library in the USA.\\n\\n## Genealogy[edit]\\n\\nCoat of Arms of John Lathropp\\n\\n### Children[edit]\\n\\nLothropp married Hannah House/Howse in England, on 10 October 1610. They had\\neight children:^[5]\\n\\n  1. Thomas Lothropp, baptised 21 February 1612/3 in Eastwell, Kent, England, by his grandfather Rev. John Howse, parson there. Record from Bishop's Transcript records at Canterbury.\\n  2. Jane Lothropp, baptised 29 September 1614 in Egerton, Kent, England; married Mayflower passenger Samuel Fuller (1608\\u20131683), son of Mayflower passenger Edward Fuller (1575-1621).\\n  3. Anne Lothropp, baptised 12 May 1616 in Egerton, England; buried in Egerton 30 April 1617.\\n  4. John Lothropp, baptised 22 February 1617/8 in Egerton, England\\n  5. Barbara Lothropp, baptised 31 October 1619 in Egerton, England\\n  6. Samuel Lothropp, born about 1621 in Egerton, England\\n  7. Captain Joseph Lothropp, baptised 11 April 1624 in Eastwell, Kent, England\\n  8. Benjamin Lothropp, born December 1626 in Eastwell, Kent, England\\n\\nAfter Hannah's death, Lothropp married again, to Ann Hammond in 1635. They had\\nfive children:^[5]\\n\\n  9. Barnabas Lothropp, baptised 6 June 1636 in Scituate, Massachusetts\\n  10. Unnamed daughter, buried 30 July 1638.\\n  11. Abigail Lothropp, baptised 2 November 1639 in Barnstable, Massachusetts\\n  12. Bathsheba Lothropp, baptised 27 February 1641/42 in Barnstable, MA\\n  13. Elizabeth Lothropp, born about 1643\\n  14. Captain John Lothropp, baptised 18 May 1645 in Barnstable, MA\\n  15. Unnamed son, buried 25 January 1649/50 in Barnstable. Died immediately after birth.\\n\\n### Descendants[edit]\\n\\nLothropp's direct descendants in America and elsewhere number more than\\n80,000,^[citation needed] including:\\n\\n  * Rev. John Lathrop (1740-1816), great-great-grandson; congregationalist Boston minister\\n  * Rev. R.A. Torrey\\n  * Rev. Robert P. Shuler\\n  * Presidents of the United States:\\n\\n    * Millard Fillmore\\n    * James A. Garfield\\n    * Ulysses S. Grant\\n    * Franklin D. Roosevelt\\n    * George H. W. Bush\\n    * George W. Bush\\n  * Revolutionary War figure Benedict Arnold\\n  * Early leaders of the Church of Jesus Christ of Latter-day Saints\\n\\n    * Joseph Smith^[8]\\n    * Hyrum Smith\\n    * Wilford Woodruff\\n    * Oliver Cowdery\\n    * Parley P. Pratt\\n    * Orson Pratt\\n  * State governors:\\n\\n    * Jeb Bush\\n    * Thomas E. Dewey\\n    * Jon Huntsman Jr.\\n    * William W. Kitchin\\n    * Sarah Palin\\n    * George W. Romney\\n    * Mitt Romney\\n    * Jim Guy Tucker^[9]\\n  * US Senator Adlai Stevenson III\\n  * Secretary of State John Foster Dulles\\n  * CIA Director Allen Welsh Dulles\\n  * Joseph F. Smith, 6th President of the Church of Jesus Christ of Latter-day Saints\\n  * Joseph Fielding Smith, 10th President of the Church of Jesus Christ of Latter-day Saints\\n  * Ezra Taft Benson, U.S. Secretary of Agriculture and 13th President of the Church of Jesus Christ of Latter-day Saints\\n  * Roman Catholic cardinal Avery Dulles\\n  * Old West gunfighter and lawman Wild Bill Hickok\\n  * Poet Henry Wadsworth Longfellow\\n  * Educator, president of Yale University, and American diplomat Kingman Brewster Jr.\\n  * Historian, College Administrator, and president of Harvard University, Catherine Drew Gilpin Faust^[10]\\n  * Speaker of the United States House of Representatives Galusha A. Grow, father of the Homestead Act\\n  * Historical, Asahel Lathrop Mormon Pioneer^[11]\\n  * Artists Louis Comfort Tiffany and Georgia O'Keeffe\\n  * Physician, author Benjamin Spock\\n  * Jane Stanford, co-founder of Stanford University\\n  * Author and doctor Oliver Wendell Holmes Sr. and his son, US Supreme Court Justice Oliver Wendell Holmes Jr.\\n  * Novelist Michael MacConnell\\n  * Founder of Post Cereal Company C. W. Post\\n  * Marjorie Merriweather Post, founder of General Foods\\n  * Alfred Carl Fuller, founder of Fuller Brush Company\\n  * Founder of University of Chicago Law School, Founder of the Harvard Law Review, and Royall Professor of Law at Harvard University Law School Joseph Henry Beale\\n  * Financier John Pierpont Morgan\\n  * The Allred family, including actor Corbin Allred and polygamist sect leaders and brothers Rulon C. Allred and Owen A. Allred\\n  * Actresses Dina Merrill, Shirley Temple, Brooke Shields, Jordana Brewster, Sissy Spacek and Maggie Gyllenhaal and her brother actor Jake Gyllenhaal.\\n  * Actors Clint Eastwood and Kevin Bacon\\n  * Singers Nick Carter and Aaron Carter^[citation needed]\\n  * Serial killer Jeffrey Dahmer\\n\\n### Family tree[edit]\\n\\nFamily tree  \\n---  \\n| Hannah House| John Lothropp| Ann Hammond  \\n---|---|---  \\nThomas| Jane| Anne| John  \\nBarbara| Samuel| Joseph| Benjamin  \\nElizabeth| Barnabas| Abigail| Bathsheba| {{{John}}}  \\n  \\n## See also[edit]\\n\\n  * Christianity portal\\n\\n  * Barnstable, Massachusetts\\n  * Congregationalism\\n  * Plymouth Colony\\n  * Lowthorp for a discussion of the origins and spelling variations of the name Lo-/Lathrop.\\n\\n## Bibliography[edit]\\n\\n  * Huntington, Rev E. B., A.M. \\\"A Genealogical Memoir of the Lo-Lathrop Family in this country embracing as far as known the descendants of The Rev. John Lothropp of Scituate and Barnstable, Mass., and Mark Lothrop of Salem and Bridgewater, Mass. the first generation of descendants of other names.\\\" ; Ridgefield Ct. 1884.\\n  * Price, Richard. John Lothropp: \\\"A Puritan Biography And Genealogy\\\". Salt Lake City, Utah, 1984.\\n  * Otis, Amos. \\\"Genealogical Notes of Barnstable Families\\\". 1888.\\n  * Holt, Helene Exiled : the story of John Lathrop, 1584\\u20131653, a biographical novel 1987\\n\\n## Notes[edit]\\n\\n  1. ^ \\\"Loothrop, John (LTRP606J)\\\". A Cambridge Alumni Database. University of Cambridge.\\n  2. ^ McBeth, Leon (1987). The Baptist Heritage: Four Centuries of Baptist Witness. Broadman. pp. 42\\u201343. ISBN 0-8054-6569-3.\\n  3. ^ A plaque in the Lothrop Hill Cemetery in Barnstable, Massachusetts, the town which John Lothropp settled and where he died, states he was incarcerated in Newgate Prison during the years 1632-1634. The National Archives at London which would hold the records for Newgate Prison indicate they have nothing earlier than 1770. The lack of documentation is attributable to the Great Fire of London (1666), the Gordon Riots (1780), and the fact that upon the abolition of the Star Chamber in 1641, the court proceedings of the reign of Charles I deteriorated and failed to survive. A report to the Lords in 1719 noted that those documents were \\\"in a very great heap, undigested, and without any covering from dust or security from rats and mice. \\\"As for records of the Clink, the National Archives indicates they would be held at the London Metropolitan Archives, but those records start from 1690. The National Archives states that records from these earlier times are also not complete due to the fact that they were not created or kept for research purposes, but for use by the government or law courts of the day.\\n  4. ^ The State Papers in the new Record Office, Fetter Lane, London, preserved some of the Star Chamber records of John Lothropp's imprisoned days. The last record probably was the order of the court which opened the way for his escape to America. However, according to the National Archives, this office has not been in use since the 1860s and State Papers are now held at the National Archives.\\n  5. ^ Jump up to: ^a ^b ^c Great Migration 1634-1635, I-L. (Online database. AmericanAncestors.org. New England Historic Genealogical Society, 2008.) Originally published as: The Great Migration, Immigrants to New England, 1634-1635, Volume IV, I-L, by Robert Charles Anderson. Boston: New England Historic Genealogical Society, 2005. John Lothrop pages 345 - 351\\n  6. ^ Huntington, 1884 p27\\n  7. ^ Jump up to: ^a ^b Otis, 1888 p198\\n  8. ^ KEITH W. PERKINS (21 March 2014). \\\"Rev. John Lathrop\\\". familysearch.org. Family Search. Retrieved 8 August 2017.\\n  9. ^ The Progenitors and Descendants of James P. Edwards Baptist Missionary and Western Pioneer by Harry K. Windland, copyright 1996\\n  10. ^ Hollick, Martin E. (2008). \\\"Notable Kin: The New England Ancestry of Drew Gilpin Faust, Harvard's 28th President\\\". NewEnglandAncestors.org. New England Historic Genealogical Society. Archived from the original on 28 December 2010. Retrieved 21 April 2010.\\n  11. ^ The Barbour Collection of Connecticut Town Vital Records: Stafford 1719\\u20131850, Tolland 1715\\u20131850\\n\\n## External links[edit]\\n\\n  * Lothropp Foundation\\n  * Barnstable county history page\\n  * John Lothrop in Great Migration: Immigrants to New England, 1634-1635.\\n  * Sturgis Library History\\n  * History of the Jacob Lathrop Jessy Church\\n  * Notable Descendants of Rev. John Lathrop/Lothropp, Founder of Barnstable, Massachusetts\\n  * Immigrant Ancestor Rev. John Lathrop\\n  * Lathrop Genealogy Lathrop history and resources for genealogical research.\\n  * John Lothropp at Find a Grave\\n\\nAuthority control databases  \\n---  \\nInternational|\\n\\n  * FAST\\n  * VIAF\\n\\n  \\nNational|\\n\\n  * United States\\n\\n  \\nOther|\\n\\n  * SNAC\\n\\n  \\n  \\nRetrieved from\\n\\\"https://en.wikipedia.org/w/index.php?title=John_Lothropp&oldid=1208010344\\\"\\n\\nCategories:\\n\\n  * 1584 births\\n  * 1653 deaths\\n  * Alumni of Queens' College, Cambridge\\n  * People from the East Riding of Yorkshire\\n  * American Congregationalist ministers\\n  * 17th-century English Anglican priests\\n  * English separatists\\n  * 17th-century Congregationalist ministers\\n  * People from colonial Massachusetts\\n  * People from Barnstable, Massachusetts\\n  * American city founders\\n  * Immigrants to Plymouth Colony\\n  * Clergy from Yorkshire\\n  * English emigrants to Massachusetts Bay Colony\\n  * People from Eastwell, Kent\\n\\nHidden categories:\\n\\n  * Articles with short description\\n  * Short description is different from Wikidata\\n  * EngvarB from September 2013\\n  * Use dmy dates from September 2013\\n  * Pages using infobox person with multiple spouses\\n  * Articles with hCards\\n  * All articles with unsourced statements\\n  * Articles with unsourced statements from September 2019\\n  * Articles with unsourced statements from July 2016\\n  * Articles with FAST identifiers\\n  * Articles with VIAF identifiers\\n  * Articles with LCCN identifiers\\n  * Articles with SNAC-ID identifiers\\n\\n  * This page was last edited on 16 February 2024, at 07:42 (UTC).\\n  * Text is available under the Creative Commons Attribution-ShareAlike License 4.0; additional terms may apply. By using this site, you agree to the Terms of Use and Privacy Policy. Wikipedia\\u00ae is a registered trademark of the Wikimedia Foundation, Inc., a non-profit organization.\\n\\n  * Privacy policy\\n  * About Wikipedia\\n  * Disclaimers\\n  * Contact Wikipedia\\n  * Code of Conduct\\n  * Developers\\n  * Statistics\\n  * Cookie statement\\n  * Mobile view\\n  * Edit preview settings\\n\\n\", \"frontpage\": false}"}
