{"value":"{\"aid\": \"40235085\", \"title\": \"Thai Official Suspended After Husband Catches Her in Bed with Adopted Monk Son\", \"url\": \"https://www.ibtimes.co.uk/thai-official-suspended-after-husband-catches-her-bed-adopted-monk-son-1724507\", \"domain\": \"ibtimes.co.uk\", \"votes\": 1, \"user\": \"ACHILLIES\", \"posted_at\": \"2024-05-02 11:55:03\", \"comments\": 0, \"source_title\": \"Thai Official Suspended After Husband Catches Her In Bed With Adopted Monk Son\", \"source_text\": \"Thai Official Suspended After Husband Catches Her In Bed With Adopted Monk Son | IBTimes UK\\n\\nINTERNATIONAL BUSINESS TIMES uk\\n\\nNOTICEBOARD\\n\\n  * My account\\n  * Log Out\\n\\nMay 02, 1:19 PM BST\\n\\n  * Business\\n  * Latest News\\n  * UK News\\n  * Personal Finance\\n  * Tech and Science\\n  * Work Life\\n  * Women in Business\\n  * Travel\\n  * Real Estate\\n\\nNOTICEBOARD\\n\\n  * My account\\n  * Log Out\\n\\nWorld\\n\\n# Thai Official Suspended After Husband Catches Her In Bed With Adopted Monk\\nSon\\n\\n## The 24-year-old 'son' is said to have left the monastery and is on the run\\n\\nBy Mae Lorraine Lorenzo 05/02/24 AT 11:39 AM BST\\n\\nShare on Facebook Share on Twitter Share on LinkedIn Share on Reddit Share on\\nFlipboard Share on Pocket\\n\\nPrapaporn Choeiwadkoh\\n\\nA scandal of epic proportions has rocked not only Thai social media but the\\ncountry's political scene when one of its stateswomen was caught by her\\nhusband in bed with their adopted son, a monk, no less.\\n\\nThe 45-year-old female politician, Prapaporn Choeiwadkoh, was embroiled in a\\nscandalous affair with her adopted son, Phra Maha, a 24-year-old monk, leading\\nto her suspension from public office and stirring widespread attention across\\nmainland social media platforms.\\n\\nAccording to a report, Prapaporn's husband, Ti, recorded the scandal on video\\nand drove for five hours to confirm his growing suspicion of his wife's\\nactivities.\\n\\n## Real Life Telenovela\\n\\nThe revelation has sent shockwaves through Thai society, with many grappling\\nto comprehend the situation's complexity and gravity. First are the\\ncharacters: a 64-year-old businessman in love with his wife, a 45-year-old\\nbeautiful politician for his wife, and a 24-year-old Buddhist monk the couple\\nadopted last year after the wife, who has always been religious, said she felt\\nsorry for the young man.\\n\\nThe incident, which has spread mainly in China through various social media\\nchannels, including YouTube, began when Ti started getting suspicious of his\\nwife, who would constantly visit the monk's cabin. He would then knock on the\\ndoor without getting a reply before his wife would emerge, saying they were\\ndeep in prayer after some time.\\n\\nThai politician in bed, caught monk-ying around with adopted son (Weibo)\\n\\nOn the day before the scandal, Ti said he had to drive from Bangkok to\\nSukhothai, where the couple owned a house, to confirm his suspicions. The rest\\nof the scene played out according to the video, with the husband shouting,\\n\\\"Are you two very happy?\\\"\\n\\nDespite being caught with their pants down (literally), Prapaporn denied her\\nhusband's suspicions and said they were just there to talk because the monk\\nwas experiencing problems. She then said they also planned to shower together.\\n\\n\\\"I was so angry when I found them together; I feel so betrayed. I had brought\\nher gold and given her many gifts,\\\" said Ti.\\n\\n## Political Repercussions\\n\\nPrapaporn's position as a politician has only intensified the scrutiny\\nsurrounding the affair, raising questions about ethics, moral conduct, and\\nabuse of power. The betrayal of trust and the involvement of a monk, a revered\\nfigure in Thai culture, has added complexity to an already scandalous\\nnarrative.\\n\\nThe fallout from the affair has been swift and severe. Prapaporn was suspended\\nfrom public office directly, resulting in the scandal. She is known as \\\"Madam\\nPle\\\" in the political circle and is currently president of Sukhothai's local\\nChamber of Commerce. She has also been part of the Democrat Party since 2023.\\n\\nThe politician and her adopted monk son were \\\"just talking\\\" in bed when her\\nhusband walked in (Weibo)\\n\\nMeanwhile, Phra Maha's involvement has sparked outrage and disbelief among the\\npublic. As a monk, he is held to a higher standard of moral conduct, making\\nhis participation in the affair all the more egregious. The 24-year-old is\\nsaid to have escaped after the discovery and is hiding.\\n\\nMadam Ple, speaking with local media, said that she wasn't having an affair.\\n\\\"We didn't have sex then. Nothing happened; it's not what it looks like in the\\nvideo. He had some problems, so we were talking together, and then we were\\ngoing to shower.\\\"\\n\\nRead more\\n\\nElon Sorry For Calling Asana CEO 'R*tard': 'I Meant He's a Pompous *diot With\\nHead Up His A*s'\\n\\nVietnam Property Tycoon Faces Verdict In Multi-billion Dollar Fraud Case\\n\\nJakarta Is Sinking: Indonesia's $30B Plan To Relocate 11M Residents To New\\nCapital Starting October 2024\\n\\nThailand\\n\\n\\u00a9 Copyright IBTimes 2024. All rights reserved.\\n\\nJoin the Discussion\\n\\nLatest News\\n\\n  * ### Thai Official Suspended After Husband Catches Her In Bed With Adopted Monk Son\\n\\n  * ### Jakarta Is Sinking: Indonesia's $30B Plan To Relocate 11M Residents To New Capital Starting October 2024\\n\\n  * ### S. Africa To Build Bullet-Proof Playgrounds With Facial Recognition and Panic Button To Fend off Gangs\\n\\n  * ### NYC Firefighter Dies of Heart Attack 4 Months After City Fires Him To Fund Migrants\\n\\n  * MOST READ IN World\\n\\n  * 1\\n\\nJakarta Is Sinking: Indonesia's $30B Plan To Relocate 11M Residents To New\\nCapital Starting October 2024\\n\\n  * 2\\n\\nS. Africa To Build Bullet-Proof Playgrounds With Facial Recognition and Panic\\nButton To Fend off Gangs\\n\\n  * 3\\n\\nNYC Firefighter Dies of Heart Attack 4 Months After City Fires Him To Fund\\nMigrants\\n\\n  * 4\\n\\nChinese Warships Seen Stalking US, PH, and France Fleet During Drills in West\\nPhilippine Sea\\n\\n  * 5\\n\\nThai Official Suspended After Husband Catches Her In Bed With Adopted Monk Son\\n\\nStay up to date with our daily newsletter\\n\\nIBT VIDEO\\n\\nNEWS\\n\\n  * World\\n  * Politics\\n  * Business\\n  * Markets\\n  * Fintech\\n  * Technology\\n  * Personal Finance\\n  * Health\\n  * Life Style\\n\\nFeatured\\n\\n  * E-retail\\n  * Electrification of Auto\\n  * Artificial intelligence\\n  * Women in business\\n  * Cybersecurity\\n  * Real estate\\n  * SME\\n\\nABOUT\\n\\n  * About Us\\n  * Contact Us\\n  * Terms & Conditions\\n  * Privacy Policy\\n  * Cookie Policy\\n\\nEDITIONS\\n\\n  * Australia\\n  * India\\n  * International\\n  * Singapore\\n  * United Kingdom\\n  * United States\\n\\nFOLLOW US\\n\\n  * Facebook\\n  * Twitter\\n  * LinkedIn\\n  * Flipboard\\n  * YouTube\\n  * TikTok\\n  * Instagram\\n  * Threads\\n  * WhatsApp\\n  * RSS\\n\\n\\u00a9 Copyright 2024 IBTimes LLC. All Rights Reserved.\\n\\n\", \"frontpage\": false}"}
