{"value":"{\"aid\": \"40236030\", \"title\": \"OpenAI to Launch Search Engine\", \"url\": \"https://www.seroundtable.com/openai-to-launch-search-engine-37319.html\", \"domain\": \"seroundtable.com\", \"votes\": 1, \"user\": \"adif_sgaid\", \"posted_at\": \"2024-05-02 13:31:10\", \"comments\": 0, \"source_title\": \"OpenAI To Launch Search Engine\", \"source_text\": \"OpenAI To Launch Search Engine\\n\\nHome / Other Search Engines / Report: OpenAI To Launch Search Engine\\n\\n# Report: OpenAI To Launch Search Engine\\n\\nMay 2, 2024 - 7:31 am 2 \\u2014 by Barry Schwartz\\n\\nFiled Under Other Search Engines\\n\\nOver the past week or so, I've seen two signals that OpenAI will launch its\\nown search engine of sorts soon. The first is that search.chatgpt.com is\\nshowing in the log files for some servers, and also, yesterday, there were\\nmore business-oriented rumors of OpenAI launching a search engine on May 9th.\\n\\nAshutosh Shrivastava shared a screenshot that shows OpenAI's recent SSL\\ncertificate logs revealed the domain search.chatgpt.com. He said that this\\n\\\"may indicate that OpenAI is developing a search functionality.\\\" He shared\\nthis with me on X and shared this screenshot of the log:\\n\\nThe logs came from Jimmy Apples, who posted this over here:\\n\\n> Thanks @apples_jimmy for logs.https://t.co/Ppmn3B9NRS\\n>\\n> \\u2014 AshutoshShrivastava (@ai_for_success) April 28, 2024\\n\\nIt took me a few days to cover it because I went offline for Passover, but it\\nlooks like Analutics India Magizine covered it and wrote, \\\"OpenAI is likely to\\nannounce a new search engine soon, revealed Jimmy Apples, stating that the\\ncompany is looking to host an event this month, tentatively on May 9, 2024, at\\n10 a.m.\\\" That is a very specific date and time.\\n\\n\\u201cThey were advertising for in house events staff and events marketing back in\\nJanuary, they just hired an events manager last month\\u201d said Jimmy Apples,\\nhinting at a big deal event coming in the month of June, where OpenAI might\\nrelease its next model \\u2014 \\u201cwhat ever sam decides to call it.\\u201d\\n\\nI suspect whatever OpenAI launches, it won't be exactly like Google Search but\\nwe will see. I do like that we are seeing more alternatives to Google Search,\\nnot just from Bing but also Perplexity AI and others.\\n\\nForum discussion at X.\\n\\nCopied!\\n\\n## Popular Categories\\n\\n  * Google\\n  * Bing\\n  * Algorithm Updates\\n  * Maps\\n  * Ads\\n\\n## The Pulse of the search community\\n\\nFollow\\n\\nSubscribe Options\\n\\n## Search Video Recaps\\n\\nVideo Details More Videos Subscribe to Videos\\n\\n## Most Recent Articles\\n\\nGoogle Search Engine Optimization\\n\\n## May 2024 Google Webmaster Report\\n\\nMay 2, 2024 - 7:51 am\\n\\n0 - by Barry Schwartz\\n\\nGoogle Search Engine Optimization\\n\\n## Google: Helpful Content Update Recoveries May Take Much Longer Than Others\\n\\nMay 2, 2024 - 7:41 am\\n\\n24 - by Barry Schwartz\\n\\nOther Search Engines\\n\\n## Report: OpenAI To Launch Search Engine\\n\\nMay 2, 2024 - 7:31 am\\n\\n2 - by Barry Schwartz\\n\\nGoogle Ads\\n\\n## Google Ads To Automatically Pause Low-Activity Keywords Next Month\\n\\nMay 2, 2024 - 7:21 am\\n\\n0 - by Barry Schwartz\\n\\nGoogle Search Engine Optimization\\n\\n## Forbes Completely Removes (410 Server Status) Coupon Directory\\n\\nMay 2, 2024 - 7:11 am\\n\\n1 - by Barry Schwartz\\n\\nGoogle Ads\\n\\n## Google Ads To Disallow Services For Deepfake Sexual Content\\n\\nMay 2, 2024 - 7:05 am\\n\\n0 - by Barry Schwartz\\n\\nPrevious Story: Google Ads To Automatically Pause Low-Activity Keywords Next\\nMonth\\n\\nNext Story: Google: Helpful Content Update Recoveries May Take Much Longer\\nThan Others\\n\\n  * Submit a Thread\\n  * Forum Search\\n  * Awards\\n  * About Us\\n  * Comments Policy\\n  * Advertise\\n  * Contact\\n\\nThe content at the Search Engine Roundtable are the sole opinion of the\\nauthors and in no way reflect views of RustyBrick \\u00ae, Inc Copyright \\u00a9 1994-2024\\nRustyBrick \\u00ae, Inc. Web Development All Rights Reserved. This work by Search\\nEngine Roundtable is licensed under a Creative Commons Attribution 3.0 United\\nStates License. Creative Commons License and YouTube videos under YouTube's\\nToS.\\n\\n# Search Engine Roundtable asks for your consent to use your personal data to:\\n\\n  * perm_identity\\n\\nPersonalised advertising and content, advertising and content measurement,\\naudience research and services development\\n\\n  * devices\\n\\nStore and/or access information on a device\\n\\n  * How can I change my choice?\\n\\n  * What if I don't consent?\\n\\n  * How does legitimate interest work?\\n\\n  * Do I have to consent to everything?\\n\\nYour personal data will be processed and information from your device\\n(cookies, unique identifiers, and other device data) may be stored by,\\naccessed by and shared with 13 TCF vendor(s) and 3 ad partner(s), or used\\nspecifically by this site or app.\\n\\nSome vendors may process your personal data on the basis of legitimate\\ninterest, which you can object to by managing your options below. Look for a\\nlink at the bottom of this page to manage or withdraw consent in privacy and\\ncookie settings.\\n\\nData preferences\\n\\n# Manage your data\\n\\nYou can choose how your personal data is used. Vendors want your permission to\\ndo the following:\\n\\nTCF vendors\\n\\n## Store and/or access information on a device\\n\\nCookies, device or similar online identifiers (e.g. login-based identifiers,\\nrandomly assigned identifiers, network based identifiers) together with other\\ninformation (e.g. browser type and information, language, screen size,\\nsupported technologies etc.) can be stored or read on your device to recognise\\nit each time it connects to an app or to a website, for one or several of the\\npurposes presented here.\\n\\nView details\\n\\n## Use limited data to select advertising\\n\\nAdvertising presented to you on this service can be based on limited data,\\nsuch as the website or app you are using, your non-precise location, your\\ndevice type or which content you are (or have been) interacting with (for\\nexample, to limit the number of times an ad is presented to you).\\n\\nView details\\n\\n## Create profiles for personalised advertising\\n\\nInformation about your activity on this service (such as forms you submit,\\ncontent you look at) can be stored and combined with other information about\\nyou (for example, information from your previous activity on this service and\\nother websites or apps) or similar users. This is then used to build or\\nimprove a profile about you (that might include possible interests and\\npersonal aspects). Your profile can be used (also later) to present\\nadvertising that appears more relevant based on your possible interests by\\nthis and other entities.\\n\\nView details\\n\\n## Use profiles to select personalised advertising\\n\\nAdvertising presented to you on this service can be based on your advertising\\nprofiles, which can reflect your activity on this service or other websites or\\napps (like the forms you submit, content you look at), possible interests and\\npersonal aspects.\\n\\nView details\\n\\n## Create profiles to personalise content\\n\\nInformation about your activity on this service (for instance, forms you\\nsubmit, non-advertising content you look at) can be stored and combined with\\nother information about you (such as your previous activity on this service or\\nother websites or apps) or similar users. This is then used to build or\\nimprove a profile about you (which might for example include possible\\ninterests and personal aspects). Your profile can be used (also later) to\\npresent content that appears more relevant based on your possible interests,\\nsuch as by adapting the order in which content is shown to you, so that it is\\neven easier for you to find content that matches your interests.\\n\\nView details\\n\\n## Use profiles to select personalised content\\n\\nContent presented to you on this service can be based on your content\\npersonalisation profiles, which can reflect your activity on this or other\\nservices (for instance, the forms you submit, content you look at), possible\\ninterests and personal aspects. This can for example be used to adapt the\\norder in which content is shown to you, so that it is even easier for you to\\nfind (non-advertising) content that matches your interests.\\n\\nView details\\n\\n## Measure advertising performance\\n\\nInformation regarding which advertising is presented to you and how you\\ninteract with it can be used to determine how well an advert has worked for\\nyou or other users and whether the goals of the advertising were reached. For\\ninstance, whether you saw an ad, whether you clicked on it, whether it led you\\nto buy a product or visit a website, etc. This is very helpful to understand\\nthe relevance of advertising campaigns.\\n\\nView details\\n\\n## Measure content performance\\n\\nInformation regarding which content is presented to you and how you interact\\nwith it can be used to determine whether the (non-advertising) content e.g.\\nreached its intended audience and matched your interests. For instance,\\nwhether you read an article, watch a video, listen to a podcast or look at a\\nproduct description, how long you spent on this service and the web pages you\\nvisit etc. This is very helpful to understand the relevance of (non-\\nadvertising) content that is shown to you.\\n\\nView details\\n\\n## Understand audiences through statistics or combinations of data from\\ndifferent sources\\n\\nReports can be generated based on the combination of data sets (like user\\nprofiles, statistics, market research, analytics data) regarding your\\ninteractions and those of other users with advertising or (non-advertising)\\ncontent to identify common characteristics (for instance, to determine which\\ntarget audiences are more receptive to an ad campaign or to certain contents).\\n\\nView details\\n\\n## Develop and improve services\\n\\nInformation about your activity on this service, such as your interaction with\\nads or content, can be very helpful to improve products and services and to\\nbuild new products and services based on user interactions, the type of\\naudience, etc. This specific purpose does not include the development or\\nimprovement of user profiles and identifiers.\\n\\nView details\\n\\n## Use limited data to select content\\n\\nContent presented to you on this service can be based on limited data, such as\\nthe website or app you are using, your non-precise location, your device type,\\nor which content you are (or have been) interacting with (for example, to\\nlimit the number of times a video or an article is presented to you).\\n\\nView details\\n\\n## Ensure security, prevent and detect fraud, and fix errors\\n\\nYour data can be used to monitor for and prevent unusual and possibly\\nfraudulent activity (for example, regarding advertising, ad clicks by bots),\\nand ensure systems and processes work properly and securely. It can also be\\nused to correct any problems you, the publisher or the advertiser may\\nencounter in the delivery of content and ads and in your interaction with\\nthem.\\n\\nView details\\n\\n## Deliver and present advertising and content\\n\\nCertain information (like an IP address or device capabilities) is used to\\nensure the technical compatibility of the content or advertising, and to\\nfacilitate the transmission of the content or ad to your device.\\n\\nView details\\n\\n## Match and combine data from other data sources\\n\\nInformation about your activity on this service may be matched and combined\\nwith other information relating to you and originating from various sources\\n(for instance your activity on a separate online service, your use of a\\nloyalty card in-store, or your answers to a survey), in support of the\\npurposes explained in this notice.\\n\\nView details\\n\\n## Link different devices\\n\\nIn support of the purposes explained in this notice, your device might be\\nconsidered as likely linked to other devices that belong to you or your\\nhousehold (for instance because you are logged in to the same service on both\\nyour phone and your computer, or because you may use the same Internet\\nconnection on both devices).\\n\\nView details\\n\\n## Identify devices based on information transmitted automatically\\n\\nYour device might be distinguished from other devices based on information it\\nautomatically sends when accessing the Internet (for instance, the IP address\\nof your Internet connection or the type of browser you are using) in support\\nof the purposes exposed in this notice.\\n\\nView details\\n\\n## Use precise geolocation data\\n\\nWith your acceptance, your precise location (within a radius of less than 500\\nmetres) may be used in support of the purposes explained in this notice.\\n\\nView details\\n\\nVendor preferences\\n\\n# Confirm our vendors\\n\\nVendors can use your data to provide services. Declining a vendor can stop\\nthem from using the data you shared.\\n\\nTCF vendors\\n\\n## Xandr, Inc.\\n\\nCookie duration: 90 (days).\\n\\nData collected and processed: Users\\u2019 profiles, Privacy choices, Browsing and\\ninteraction data, Non-precise location data, Authentication-derived\\nidentifiers, IP addresses, Precise location data, Device characteristics,\\nDevice identifiers\\n\\nmore\\n\\nCookie duration resets each session. Uses other forms of storage.\\n\\nView details | Storage details | Privacy policylaunch\\n\\n## Adform A/S\\n\\nCookie duration: 3650 (days).\\n\\nData collected and processed: User-provided data, Users\\u2019 profiles, Privacy\\nchoices, Probabilistic identifiers, Browsing and interaction data, Non-precise\\nlocation data, Authentication-derived identifiers, IP addresses, Device\\ncharacteristics, Device identifiers\\n\\nmore\\n\\nCookie duration resets each session.\\n\\nView details | Storage details | Privacy policylaunch\\n\\n## Amazon Ad Server\\n\\nCookie duration: 396 (days).\\n\\nData collected and processed: Users\\u2019 profiles, Privacy choices, Browsing and\\ninteraction data, Non-precise location data, Authentication-derived\\nidentifiers, IP addresses, Device characteristics, Device identifiers\\n\\nmore\\n\\nCookie duration resets each session. Uses other forms of storage.\\n\\nView details | Storage details | Privacy policylaunch\\n\\n## OpenX\\n\\nCookie duration: 365 (days).\\n\\nData collected and processed: Privacy choices, Browsing and interaction data,\\nNon-precise location data, IP addresses, Device characteristics, Device\\nidentifiers\\n\\nmore\\n\\nCookie duration resets each session.\\n\\nView details | Storage details | Privacy policylaunch\\n\\n## PubMatic, Inc\\n\\nCookie duration: 365 (days).\\n\\nData collected and processed: User-provided data, Users\\u2019 profiles, Privacy\\nchoices, Probabilistic identifiers, Browsing and interaction data, Non-precise\\nlocation data, Authentication-derived identifiers, IP addresses, Precise\\nlocation data, Device characteristics, Device identifiers\\n\\nmore\\n\\nUses other forms of storage.\\n\\nView details | Storage details | Privacy policylaunch\\n\\n## LiveRamp\\n\\nCookie duration: 365 (days).\\n\\nData collected and processed: Privacy choices, Browsing and interaction data,\\nNon-precise location data, Authentication-derived identifiers, IP addresses,\\nDevice characteristics, Device identifiers\\n\\nmore\\n\\nCookie duration resets each session. Uses other forms of storage.\\n\\nView details | Storage details | Privacy policylaunch\\n\\n## DoubleVerify Inc.\\n\\nDoesn't use cookies.\\n\\nData collected and processed: Privacy choices, Probabilistic identifiers,\\nBrowsing and interaction data, Non-precise location data, IP addresses, Device\\ncharacteristics\\n\\nmore\\n\\nView details | Privacy policylaunch\\n\\n## LiveIntent Inc.\\n\\nCookie duration: 731 (days).\\n\\nData collected and processed: Privacy choices, Browsing and interaction data,\\nAuthentication-derived identifiers, IP addresses, Device characteristics,\\nDevice identifiers\\n\\nmore\\n\\nCookie duration resets each session. Uses other forms of storage.\\n\\nView details | Storage details | Privacy policylaunch\\n\\n## SmartyAds Inc.\\n\\nDoesn't use cookies.\\n\\nData collected and processed: Non-precise location data, IP addresses, Device\\ncharacteristics\\n\\nmore\\n\\nView details | Privacy policylaunch\\n\\n## Google Advertising Products\\n\\nCookie duration: 396 (days).\\n\\nData collected and processed: User-provided data, Users\\u2019 profiles, Privacy\\nchoices, Browsing and interaction data, Non-precise location data,\\nAuthentication-derived identifiers, IP addresses, Device characteristics,\\nDevice identifiers\\n\\nmore\\n\\nUses other forms of storage.\\n\\nView details | Privacy policylaunch\\n\\n## AdGear Technologies, Inc.\\n\\nCookie duration: 395 (days).\\n\\nData collected and processed: User-provided data, Users\\u2019 profiles, Privacy\\nchoices, Probabilistic identifiers, Browsing and interaction data, Non-precise\\nlocation data, Authentication-derived identifiers, IP addresses, Device\\ncharacteristics, Device identifiers\\n\\nmore\\n\\nUses other forms of storage.\\n\\nView details | Storage details | Privacy policylaunch\\n\\n## Amazon Advertising\\n\\nCookie duration: 396 (days).\\n\\nData collected and processed: Users\\u2019 profiles, Privacy choices, Browsing and\\ninteraction data, Non-precise location data, Authentication-derived\\nidentifiers, IP addresses, Device characteristics, Device identifiers\\n\\nmore\\n\\nCookie duration resets each session. Uses other forms of storage.\\n\\nView details | Storage details | Privacy policylaunch\\n\\n## Epom Ltd.\\n\\nCookie duration: 730 (days).\\n\\nData collected and processed: Non-precise location data, IP addresses, Device\\ncharacteristics\\n\\nmore\\n\\nCookie duration resets each session. Uses other forms of storage.\\n\\nView details | Storage details | Privacy policylaunch\\n\\nAd partners\\n\\n## AdButler\\n\\nPrivacy policylaunch\\n\\n## Adzerk\\n\\nPrivacy policylaunch\\n\\n## MoPub (a division of Twitter, Inc.)\\n\\nPrivacy policylaunch\\n\\n\", \"frontpage\": false}"}
