{"value":"{\"aid\": \"40235153\", \"title\": \"Empowering Learning: Peter Ullrich's Journey from Psychology to Indie Courses\", \"url\": \"https://adolfont.substack.com/p/empowering-learning-peter-ullrichs\", \"domain\": \"adolfont.substack.com\", \"votes\": 1, \"user\": \"amalinovic\", \"posted_at\": \"2024-05-02 12:02:30\", \"comments\": 0, \"source_title\": \"Empowering Learning: Peter Ullrich's Journey from Psychology to Indie Courses\", \"source_text\": \"Empowering Learning: Peter Ullrich's Journey from Psychology to Indie Courses\\n\\n# Elixir & Erlang\\n\\nShare this post\\n\\n#### Empowering Learning: Peter Ullrich's Journey from Psychology to Indie\\nCourses\\n\\nadolfont.substack.com\\n\\n#### Discover more from Elixir & Erlang\\n\\nWhy Elixir and Erlang are the best languages around\\n\\nContinue reading\\n\\nSign in\\n\\n# Empowering Learning: Peter Ullrich's Journey from Psychology to Indie\\nCourses\\n\\nAdolfo Neto\\n\\nMay 02, 2024\\n\\nShare this post\\n\\n#### Empowering Learning: Peter Ullrich's Journey from Psychology to Indie\\nCourses\\n\\nadolfont.substack.com\\n\\nShare\\n\\nIn this episode of the Professor Adolfo Neto Podcast, Adolfo sits down with\\nPeter Ullrich, founder of Indie Courses and a senior Elixir engineer, for an\\nengaging discussion about his unique journey from psychology to software\\nengineering. Peter shares his early passion for building things, which\\neventually led him to pursue a bachelor's degree in psychology followed by a\\nmaster's degree in software engineering and distributed systems. He recounts\\nhow he discovered Elixir during his first job and the pivotal role it played\\nin shaping his career trajectory. Peter also dives into the creation of Indie\\nCourses, a video course platform for indie creators, sharing his motivations\\nbehind its inception and the challenges he faced along the way. Throughout the\\nconversation, he emphasizes the importance of continuous learning and staying\\nupdated with industry trends, whether through Twitter, blog posts, or books.\\n\\n### Subscribe to Elixir & Erlang\\n\\nBy Adolfo Neto \\u00b7 Launched 2 years ago\\n\\nWhy Elixir and Erlang are the best languages around\\n\\nShare this post\\n\\n#### Empowering Learning: Peter Ullrich's Journey from Psychology to Indie\\nCourses\\n\\nadolfont.substack.com\\n\\nShare\\n\\nComments\\n\\nAn interview with Sophie DeBenedetto at Code BEAM America 2022\\n\\nSophie is one of the authors of Programming Phoenix LiveView Interactive\\nElixir Web Programming Without Writing Any JavaScript by Bruce A. Tate and...\\n\\nMar 5 \\u2022\\n\\nAdolfo Neto\\n\\nShare this post\\n\\n#### An interview with Sophie DeBenedetto at Code BEAM America 2022\\n\\nadolfont.substack.com\\n\\nNew ElxPro course!\\n\\nYou can buy it until March 31st.\\n\\nMar 28, 2023 \\u2022\\n\\nAdolfo Neto\\n\\nShare this post\\n\\n#### New ElxPro course!\\n\\nadolfont.substack.com\\n\\n2\\n\\nElixir, Education, and Beyond: A Conversation with Rickson Oliveira, Software\\nEngineer at ateliware\\n\\nIn this episode of the Professor Adolfo Neto podcast, join me, Adolfo, as we\\nsit down with Rickson Oliveira. Rickson is a Software Engineer at...\\n\\nFeb 19 \\u2022\\n\\nAdolfo Neto\\n\\n1\\n\\nShare this post\\n\\n#### Elixir, Education, and Beyond: A Conversation with Rickson Oliveira,\\nSoftware Engineer at ateliware\\n\\nadolfont.substack.com\\n\\nReady for more?\\n\\n\\u00a9 2024 Adolfo Neto\\n\\nPrivacy \\u2219 Terms \\u2219 Collection notice\\n\\nStart WritingGet the app\\n\\nSubstack is the home for great culture\\n\\nShare\\n\\n## Create your profile\\n\\n## Only paid subscribers can comment on this post\\n\\nAlready a paid subscriber? Sign in\\n\\n#### Check your email\\n\\nFor your security, we need to re-authenticate you.\\n\\nClick the link we sent to , or click here to sign in.\\n\\n\", \"frontpage\": false}"}
