{"value":"{\"aid\": \"40236384\", \"title\": \"NASA says Artemis II report by its inspector general is unhelpful and redundant\", \"url\": \"https://arstechnica.com/space/2024/05/nasa-seems-unhappy-to-be-questioned-about-its-artemis-ii-readiness/\", \"domain\": \"arstechnica.com\", \"votes\": 3, \"user\": \"rntn\", \"posted_at\": \"2024-05-02 13:57:07\", \"comments\": 2, \"source_title\": \"NASA says Artemis II report by its inspector general is unhelpful and redundant\", \"source_text\": \"NASA says Artemis II report by its inspector general is unhelpful and redundant | Ars Technica\\n\\nSkip to main content\\n\\nSubscribe\\n\\nClose\\n\\n### Navigate\\n\\n  * Store\\n  * Subscribe\\n  * Videos\\n  * Features\\n  * Reviews\\n\\n  * RSS Feeds\\n  * Mobile Site\\n\\n  * About Ars\\n  * Staff Directory\\n  * Contact Us\\n\\n  * Advertise with Ars\\n  * Reprints\\n\\n### Filter by topic\\n\\n  * Biz & IT\\n  * Tech\\n  * Science\\n  * Policy\\n  * Cars\\n  * Gaming & Culture\\n  * Store\\n  * Forums\\n\\n### Settings\\n\\nFront page layout\\n\\nGrid\\n\\nList\\n\\nSite theme\\n\\nlight\\n\\ndark\\n\\nSign in\\n\\n#### Nettled NASA \\u2014\\n\\n# NASA says Artemis II report by its inspector general is unhelpful and\\nredundant\\n\\n## \\\"The redundancy in the above recommendations does not help.\\\"\\n\\nEric Berger - 5/2/2024, 1:43 PM\\n\\nEnlarge / Orion, the Moon, and Earth in one photo in December 2022.\\n\\nNASA\\n\\n#### reader comments\\n\\n42\\n\\nNASA's acting inspector general, George A. Scott, released a report Wednesday\\nthat provided an assessment of NASA's readiness to launch the Artemis II\\nmission next year. This is an important flight for the space agency because,\\nwhile the crew of four will not land on the Moon, it will be the first time\\nhumans have flown into deep space in more than half a century.\\n\\nThe report did not contain any huge surprises. In recent months the biggest\\nhurdle for the Artemis II mission has been the performance of the heat shield\\nthat protects the Orion spacecraft during its fiery reentry at more than\\n25,000 mph from the Moon.\\n\\nAlthough NASA downplayed the heat shield issue in the immediate aftermath of\\nthe uncrewed Artemis I flight in late 2022, it is clear that the unexpected\\ndamage and charring during that uncrewed mission is a significant concern. As\\nrecently as last week, Amit Kshatriya, who oversees development for the\\nArtemis missions in NASA's exploration division, said the agency is still\\nlooking for the root cause of the problem.\\n\\nThis week's report from the inspector general\\u2014an independent office charged\\nwith investigating crime, fraud, waste, and mismanagement involving NASA\\nprograms\\u2014provides some additional details but does not change the overall\\nconclusion. The unresolved issues with the heat shield pose a significant risk\\nto NASA's plans to launch Artemis II in September 2025. Probably the most\\nnotable new information came in the form of two images that showed previously\\nundisclosed details about the deep divots in the Orion heat shield after\\nArtemis I.\\n\\nAdvertisement\\n\\n## A bit peeved\\n\\nHowever, what was striking about this report is NASA's response. Buried at the\\nend, on page 36, there is a distinct tone of petulance in the remarks from\\nCatherine Koerner, the associate administrator for Exploration Systems\\nDevelopment Mission Directorate. Her role at NASA, in effect, is to oversee\\ndevelopment of Orion and other hardware used for missions into deep space.\\n\\nAfter concurring with each of the six recommendations in the inspector\\ngeneral's report, Koerner made the following comment:\\n\\n\\\"NASA is dedicated to continuous enhancement of our processes and procedures\\nto ensure safety and address potential risks and deficiencies,\\\" she wrote.\\n\\\"However, the redundancy in the above recommendations does not help to ensure\\nwhether NASA\\u2019s programs are organized, managed, and implemented economically,\\neffectively, and efficiently.\\\"\\n\\nA careful reading of the second sentence reveals that Koerner feels that the\\ninspector general's efforts are both redundant and unhelpful. This is not\\naccidental language. Koerner's response was certainly reviewed by NASA's\\nsenior managers, who could have flagged and removed the text. And yet they\\nwent through with it.\\n\\n## So what\\u2019s going on here?\\n\\nNASA officials are clearly feeling the pressure when it comes to Artemis. The\\nsecond mission, a flyby around the Moon, is supposed to be the relatively easy\\none. The really difficult mission, a lunar landing involving Orion docking\\nwith SpaceX's Starship in lunar orbit, is much more ambitious. Politically,\\nthere is a lot of pressure to deliver on both, and Congress is watching\\nclosely as NASA faces probable delays.\\n\\nThis week, during a hearing of the House Science, Space, & Technology\\nCommittee to consider NASA's budget for fiscal year 2025, the very first\\nquestion from Chairman Frank Lucas concerned possible changes to Artemis III.\\nReferring to an article in Ars Technica about NASA's internal deliberations\\nabout modifying the mission profile to have Orion and Starship dock in low-\\nEarth orbit, Lucas asked the NASA administrator what was happening.\\n\\n### Ars Video\\n\\n### What Happens to the Developers When AI Can Code? | Ars Frontiers\\n\\n#### reader comments\\n\\n42\\n\\nEric Berger Eric Berger is the senior space editor at Ars Technica, covering\\neverything from astronomy to private space to wonky NASA policy, and author of\\nthe book Liftoff, about the rise of SpaceX. A certified meteorologist, Eric\\nlives in Houston.\\n\\nAdvertisement\\n\\n### Channel Ars Technica\\n\\n#### Unsolved Mysteries Of Quantum Leap With Donald P. Bellisario\\n\\nToday \\\"Quantum Leap\\\" series creator Donald P. Bellisario joins Ars Technica to\\nanswer once and for all the lingering questions we have about his enduringly\\npopular show. Was Dr. Sam Beckett really leaping between all those time\\nperiods and people or did he simply imagine it all? What do people in the\\nwaiting room do while Sam is in their bodies? What happens to Sam's loyal ally\\nAl? 30 years following the series finale, answers to these mysteries and more\\nawait.\\n\\n  * ##### Unsolved Mysteries Of Quantum Leap With Donald P. Bellisario\\n\\n  * ##### Unsolved Mysteries Of Warhammer 40K With Author Dan Abnett\\n\\n  * ##### SITREP: F-16 replacement search a signal of F-35 fail?\\n\\n  * ##### Sitrep: Boeing 707\\n\\n  * ##### Steve Burke of GamersNexus Reacts To Their Top 1000 Comments On YouTube\\n\\n  * ##### Modern Vintage Gamer Reacts To His Top 1000 Comments On YouTube\\n\\n  * ##### How The NES Conquered A Skeptical America In 1985\\n\\n  * ##### Scott Manley Reacts To His Top 1000 YouTube Comments\\n\\n  * ##### How Horror Works in Amnesia: Rebirth, Soma and Amnesia: The Dark Descent\\n\\n  * ##### LGR's Clint Basinger Reacts To His Top 1000 YouTube Comments\\n\\n  * ##### The F-35's next tech upgrade\\n\\n  * ##### How One Gameplay Decision Changed Diablo Forever\\n\\n  * ##### Unsolved Mortal Kombat Mysteries With Dominic Cianciolo From NetherRealm Studios\\n\\n  * ##### US Navy Gets an Italian Accent\\n\\n  * ##### How Amazon\\u2019s \\u201cUndone\\u201d Animates Dreams With Rotoscoping And Oil Paints\\n\\n  * ##### Fighter Pilot Breaks Down Every Button in an F-15 Cockpit\\n\\n  * ##### How NBA JAM Became A Billion-Dollar Slam Dunk\\n\\n  * ##### Linus \\\"Tech Tips\\\" Sebastian Reacts to His Top 1000 YouTube Comments\\n\\n  * ##### How Alan Wake Was Rebuilt 3 Years Into Development\\n\\n  * ##### How Prince of Persia Defeated Apple II's Memory Limitations\\n\\n  * ##### How Crash Bandicoot Hacked The Original Playstation\\n\\n  * ##### Myst: The challenges of CD-ROM | War Stories\\n\\n  * ##### Markiplier Reacts To His Top 1000 YouTube Comments\\n\\n  * ##### How Mind Control Saved Oddworld: Abe's Oddysee\\n\\n  * ##### Bioware answers unsolved mysteries of the Mass Effect universe\\n\\n  * ##### Civilization: It's good to take turns | War Stories\\n\\n  * ##### SITREP: DOD Resets Ballistic Missile Interceptor program\\n\\n  * ##### Warframe's Rebecca Ford reviews your characters\\n\\n  * ##### Subnautica: A world without guns | War Stories\\n\\n  * ##### How Slay the Spire\\u2019s Original Interface Almost Killed the Game | War Stories\\n\\n  * ##### Amnesia: The Dark Descent - The horror facade | War Stories\\n\\n  * ##### Command & Conquer: Tiberian Sun | War Stories\\n\\n  * ##### Blade Runner: Skinjobs, voxels, and future noir | War Stories\\n\\n  * ##### Dead Space: The Drag Tentacle | War Stories\\n\\n  * ##### Teach the Controversy: Flat Earthers\\n\\n  * ##### Delta V: The Burgeoning World of Small Rockets, Paul Allen's Huge Plane, and SpaceX Gets a Crucial Green-light\\n\\n  * ##### Chris Hadfield explains his 'Space Oddity' video\\n\\n  * ##### The Greatest Leap, Episode 1: Risk\\n\\n  * ##### Ultima Online: The Virtual Ecology | War Stories\\n\\nMore videos\\n\\n\\u2190 Previous story Next story \\u2192\\n\\n### Related Stories\\n\\n### Today on Ars\\n\\nCNMN Collection WIRED Media Group \\u00a9 2024 Cond\\u00e9 Nast. All rights reserved. Use of and/or registration on any portion of this site constitutes acceptance of our User Agreement (updated 1/1/20) and Privacy Policy and Cookie Statement (updated 1/1/20) and Ars Technica Addendum (effective 8/21/2018). Ars may earn compensation on sales from links on this site. Read our affiliate link policy. Your California Privacy Rights | Manage Preferences The material on this site may not be reproduced, distributed, transmitted, cached or otherwise used, except with the prior written permission of Cond\\u00e9 Nast. Ad Choices\\n\\n## We Care About Your Privacy\\n\\nWe and our 166 partners store and/or access information on a device, such as\\nunique IDs in cookies to process personal data. You may accept or manage your\\nchoices by clicking below or at any time in the privacy policy page. These\\nchoices will be signaled to our partners and will not affect browsing\\ndata.More information about your privacy\\n\\n### We and our partners process data to provide:\\n\\nUse precise geolocation data. Actively scan device characteristics for\\nidentification. Store and/or access information on a device. Personalised\\nadvertising and content, advertising and content measurement, audience\\nresearch and services development.\\n\\n\", \"frontpage\": true}"}
