{"value":"{\"aid\": \"40234075\", \"title\": \"Bitwarden just launched a new authenticator app\", \"url\": \"https://bitwarden.com/blog/bitwarden-just-launched-a-new-authenticator-app-heres-what-it-means-to-users/\", \"domain\": \"bitwarden.com\", \"votes\": 2, \"user\": \"LaSombra\", \"posted_at\": \"2024-05-02 08:51:43\", \"comments\": 0, \"source_title\": \"Bitwarden just launched a new authenticator app. Here\\u2019s what it means to users. | Bitwarden Blog\", \"source_text\": \"Bitwarden just launched a new authenticator app. Here\\u2019s what it means to users. | Bitwarden Blog\\n\\nOpens in a new window Opens an external website Opens an external website in a\\nnew window\\n\\nThis website utilizes technologies such as cookies to enable essential site\\nfunctionality, as well as for analytics, personalization, and targeted\\nadvertising purposes. You may change your settings at any time or accept the\\ndefault settings. You may close this banner to continue with only essential\\ncookies. Privacy Policy\\n\\nLooking for an open source alternative for secure secrets management? Try\\nBitwarden Secrets Manager >\\n\\nThe Bitwarden Blog\\n\\n# Bitwarden just launched a new authenticator app. Here\\u2019s what it means to\\nusers.\\n\\nVS\\n\\nauthored by:Vivian Shic\\n\\nposted:May 1, 2024\\n\\nLink Copied!\\n\\n  1. Blog\\n  2. Bitwarden just launched a new authenticator app. Here\\u2019s what it means to users.\\n\\n## Available for iOS and Android\\n\\n> Boost your security and download Bitwarden Authenticator today.\\n\\n#### Storing 2FA codes is just the beginning. Bitwarden aims to add defense in\\ndepth to authentication.\\n\\nBitwarden products equip enterprises and individuals with the ability to\\nsecurely manage and share sensitive information online: password management\\nfor everyone, secrets management for developer and DevOps teams, and software\\ndeveloper tools for passwordless experiences such as passkeys and magic links.\\nThese solutions work together, adding protection across organizations that\\nrely on passwords, machine credentials, and passkeys to safeguard sensitive\\napplications and data.\\n\\nToday, Bitwarden strengthens this security product portfolio with a new\\nauthenticator app that protects online services and applications from\\nunauthorized access. Bitwarden Authenticator generates and stores time-based\\none-time passwords, aka TOTP, which adds another layer of user verification,\\nensuring identities are confirmed before users gain access to critical data.\\nReleased in app stores, Bitwarden Authenticator is available for everyone,\\neven if they are not currently Bitwarden customers.\\n\\n#### A new authentication approach that's dynamic and adaptive\\n\\nThis offering signals the future of advanced authentication where enterprises\\ncan deliver security at scale, elevate convenience, while embracing\\npasswordless. Though multi-factor authentication (MFA) is a core defense\\nstrategy, some implementations have limitations. The infamous SolarWinds\\nattack occurred after cybercriminals took advantage of employees' MFA requests\\nto gain access to internal accounts. In short, traditional multi-factor\\nauthentication is susceptible to phishing attacks, code interceptions, stolen\\nSIM cards, and other vulnerabilities.\\n\\nToday, Bitwarden Authenticator is available for everyone to store and generate\\nTOTP codes. Looking forward, Bitwarden aims to expand the product roadmap,\\nproviding enterprises with more granularity and policy controls around how\\nthey manage workforce authentication.\\n\\nJust like logins and passwords, workforce authentication itself needs\\nadditional verification steps. Here\\u2019s an overview of what that future horizon\\nlooks like:\\n\\n#### Authentication that aligns to custom enterprise policies\\n\\nGenerally, users are required to provide their identities and SSO access when\\naccessing cloud applications. A modern authentication approach would require\\nauthorized users to provide additional verification or meet certain\\nrequirements before accessing their Windows or MacOS workstations, as well as\\nany other service used within their domain.\\n\\n#### Authentication that integrates with your IT infrastructure\\n\\nAdopting modern authentication solutions can often mean overhauling existing\\napplications and identity infrastructure. By leveraging widely adopted\\nstandards such as TOTP, Bitwarden can work seamlessly everywhere, including\\nlegacy applications. Enterprises can remain nimble, without having to re-\\narchitect current systems while adopting strong passwordless options such as\\npasskeys, FIDO2 hardware keys, magic links, biometrics, and beyond.\\n\\n#### Authentication that makes passkeys even more phishing resistant\\n\\nWith passkeys -- already more secure and simpler than passwords -- the user\\nexperience is greatly improved and human error is nearly eliminated. Even so,\\npasskeys only remain phishing resistant as long as your device or browser\\nremains uncompromised. With a need to further strengthen passkeys, Bitwarden\\nenvisions enterprises adding comprehensive policies that are dynamic to how\\nemployees use passkeys and the services they\\u2019re allowed to access.\\n\\n#### Bitwarden Authenticator for everyone\\n\\nMulti-factor authentication isn't just for businesses. An authenticator that\\nsupports cloud and mobile across devices helps everyone stay more secure\\nonline. Bitwarden Authenticator helps reduce your risk of fraud and data\\nbreaches at home, at work, and everywhere you go.\\n\\n\\u201cBitwarden Authenticator provides immediate value to the Bitwarden user base\\nwho has been asking for a standalone app for several years. Stay tuned for\\nupcoming new features that will help enterprise organizations enforce security\\npolicies to protect and monitor authentication to business applications,\\\" said\\nKyle Spearrin, founder and CTO of Bitwarden.\\n\\nUse Bitwarden Authenticator to easily generate 2FA verification codes\\n\\n## FAQs\\n\\nIs Bitwarden Authenticator part of Bitwarden Password Manager?\\n\\nBitwarden Authenticator is a standalone app that is available for everyone,\\neven non-Bitwarden customers.\\n\\nWhat does Bitwarden Authenticator do?\\n\\nIn its current release, Bitwarden Authenticator generates time-based one-time\\npasswords (TOTP) for users who want to add an extra layer of 2FA security to\\ntheir logins.\\n\\nIsn't this the same as storing TOTP authentication codes in Bitwarden Password\\nManager?\\n\\nIntegrated TOTP authentication is a premium feature in Bitwarden Password\\nManager. Bitwarden Authenticator is a standalone mobile app that generates\\nTOTP codes for any online service that supports them. Bitwarden Authenticator\\ncan be used without a Bitwarden account.\\n\\nShould I use both? When should I use the integrated authentication feature?\\nWhen should I use Bitwarden Authenticator?\\n\\nIntegrated authentication in Bitwarden Password Manager offers a convenient\\nway for users to add 2FA to their online accounts. This popular feature will\\nremain available across paid plans.\\n\\nBitwarden Authenticator can be used to store your verification codes to access\\nyour Bitwarden account, as well as other online applications you use.\\n\\nThey can be used together, or separately, depending on your security\\npreferences.\\n\\nCan I use the Bitwarden Authenticator to add 2FA to my Bitwarden account?\\n\\nYes! Many Bitwarden users have asked for a standalone authenticator in which\\nto store their verification codes used to access their Bitwarden account.\\n\\nWill Bitwarden be removing the TOTP feature in Bitwarden Password Manager?\\n\\nThe integrated authenticator will continue to be available in paid plans.\\n\\nCan I use different logins for Bitwarden Authenticator and Bitwarden Password\\nManager?\\n\\nYes, users can set up different accounts for Bitwarden Authenticator and\\nBitwarden Password Manager.\\n\\nHow do I backup my data in Bitwarden Authenticator?\\n\\nIn this initial release, your data will be backed up through the mobile\\noperating system's backup services. Please make sure your device is configured\\nfor backups. Bitwarden Authenticator data is included in the OS backups and\\nwill be restored with them.\\n\\nIs Bitwarden Authenticator open source?\\n\\nYes! Bitwarden Authenticator is open source and available at the following\\nGitHub repositories for Android and iOS.\\n\\n## Bitwarden Authenticator roadmap\\n\\nBitwarden Authenticator is now released with Phase 1 functions for local\\nauthenticator codes. There is a comprehensive roadmap planned with additional\\nfunctionality including a longer term focus on business offerings for\\nworkforce authentication.\\n\\nBitwarden Authenticator Roadmap\\n\\nLink Copied!\\n\\nBack to Blog\\n\\nGet started with Bitwarden today.\\n\\nCreate your free account\\n\\n\\u00a9 2024 Bitwarden, Inc. Terms Privacy Cookie Settings Sitemap\\n\\nThis site is available in English.\\n\\nGo to EnglishStay Here\\n\\n\", \"frontpage\": false}"}
