{"value":"{\"aid\": \"40234212\", \"title\": \"GPS jamming: no more flights to the airport in Estonia for the time being\", \"url\": \"https://www.heise.de/en/news/GPS-jamming-no-more-flights-to-the-airport-in-Estonia-for-the-time-being-9703197.html\", \"domain\": \"heise.de\", \"votes\": 2, \"user\": \"doener\", \"posted_at\": \"2024-05-02 09:13:49\", \"comments\": 0, \"source_title\": \"GPS jamming: no more flights to the airport in Estonia for the time being\", \"source_text\": \"GPS jamming: no more flights to the airport in Estonia for the time being | heise online\\n\\nGratis testen Jetzt 1 Monat gratis testen\\n\\nAnmelden|Registrieren\\n\\nMen\\u00fc\\n\\n  * c't \\u2013 Magazin f\\u00fcr Computertechnik\\n  * iX \\u2013 Magazin f\\u00fcr professionelle Informationstechnik\\n  * c't Fotografie - Das Magazin rund ums digitale Bild\\n  * Mac & i \\u2013 Nachrichten, Tests, Tipps und Meinungen rund um Apple\\n  * Make \\u2013 Kreativ mit Technik\\n  * Alle Magazine im Browser lesen\\n\\nAnzeige Die Zukunft der Arbeit KI + Hybrid Work\\n\\nNewsletter heise-Bot Push Push-Nachrichten\\n\\nGratis testen Jetzt 1 Monat gratis testen\\n\\nNewsletter heise-Bot Push Push-Nachrichten\\n\\nAnmelden|Registrieren\\n\\nAnzeige\\n\\n# GPS jamming: no more flights to the airport in Estonia for the time being\\n\\nGPS signals in the eastern Baltic Sea were disrupted for months, but aviation\\nremained unaffected. However, this led to consequences for Tartu, Estonia.\\n\\nSave to Pocket listen Print view\\n\\n(Bild: Finnair/Tartu Airport)\\n\\nApr 30, 2024 at 10:28 am CEST\\n\\n2 min. read\\n\\nBy\\n\\n  * Martin Holland\\n\\nAnzeige\\n\\nThis article was originally published in German and has been automatically\\ntranslated.\\n\\nDue to the ongoing GPS disruptions in the eastern Baltic Sea region, flights\\nto the airport of Estonia's second largest city will be suspended immediately\\nand for a month. This was announced by the Finnish airline Finnair, which\\nconnects the airport of the European Capital of Culture Tartu with Helsinki.\\nThis means that Tartu Airport will be closed for the time being and there are\\nno other connections. According to Finnair, two planes had to return to\\nHelsinki last week because GPS interference had prevented them from landing in\\nTartu. The airline relies on satellite navigation there. The interference is\\n\\\"quite frequent\\\" in the area and the next few weeks will be used to work out\\nalternative methods to ensure a safe and problem-free landing.\\n\\nAnzeige\\n\\n### Approaches only resumed a month ago\\n\\nNormally, GPS disruptions would not affect flight routes or have any\\nconsequences for safety, Finnair writes. Pilots are aware of the consequences\\nand can fall back on other systems to determine their position. In Tartu,\\nhowever, they must use GPS when flying below 3000 meters, the airport adds.\\nAlternative systems are now being worked on to enable take-offs and landings\\nwhen the GPS signal is disrupted. The plan is to resume flight operations from\\nMay 31. Finnair has only been flying to Tartu again for a month; before that,\\nthere had been no flight connections to and from the city, which is a few\\ndozen kilometers from the Russian border and is a European Capital of Culture\\nthis year, since autumn 2022.\\n\\nIt is not only in the Baltic Sea region that large-scale GPS interference has\\nbeen observed for months; it appears to be targeted jamming of the associated\\nsignals. There is speculation as to the cause, with Russia in particular being\\nsuspected, as it has the necessary technology and could be trying to prevent\\ndrone attacks. However, NATO units also have the military capability to jam\\nGPS signals over a large radius. Finnair now explains that interference is\\nmainly observed in the area around the Russian exclave of Kaliningrad, but\\nalso in the Black and Caspian Seas and in the eastern Mediterranean. Israel\\nrecently had GPS signals jammed there in order to make attacks more difficult.\\n\\n### Read also\\n\\n### GPS-Jamming: Ostseeraum erlebt gro\\u00dffl\\u00e4chige Ausf\\u00e4lle\\n\\n### Ukraine-Krieg: US-General warnt vor GPS-Jamming durch Russland\\n\\n(mho)\\n\\nAnzeige\\n\\n  * Wie viel Spa\\u00df macht digitales Flatrate-Lesen?\\n  * Virtueller Rundgang durch die Stadt von morgen\\n  * Themenspecial: Die Zukunft der Arbeit\\n  * Website erstellen lassen: Lohnt sich die Investition?\\n  * Sind APIs das neue Einfallstor f\\u00fcr Angreifer?\\n  * Themenspecial: Secure IT f\\u00fcr Unternehmen\\n  * Software-Lieferkette: Schwachstellen beseitigen\\n  * Modulare Rechenzentren: effizient, nachhaltig, skalierbar\\n  * So haben Admins weniger Stress\\n  * Flash-Speicher: Fr\\u00fchwarnsystem f\\u00fcr Cyberangriffe\\n\\nShare this article\\n\\nKurzlink: https://heise.de/-9703197\\n\\n## Spiele\\n\\nAlle Spiele im \\u00dcberblick\\n\\n  * TGIQF\\n  * Solit\\u00e4r\\n  * Sudoku\\n  * Mahjong\\n  * eXchange\\n  * Bubbles\\n  * SNAKE\\n  * SudoKen\\n  * Schach\\n  * Fibonacci\\n  * Power Of 2\\n  * Street\\n  * Cuboro Riddles\\n  * Gumblast\\n  * Doppel\\n  * Rushtower\\n  * Wortblitz\\n  * Wimmelbild\\n  * Skiracer\\n  * Sudoku leicht\\n  * Sudoku schwer\\n  * Sudoku sehr schwer\\n\\nAnzeige\\n\\nAnzeige\\n\\nnach oben\\n\\nAlle Angebote\\n\\nNewsletter heise-Bot Push Push-Nachrichten\\n\\n  * Datenschutz\\n  * Cookies & Tracking\\n  * Impressum\\n  * Kontakt\\n  * Barriere melden\\n  * Mediadaten\\n  * Vertr\\u00e4ge k\\u00fcndigen\\n  * 4582152\\n\\n  * Content Management by InterRed\\n  * Hosted by Plus.line\\n  * Copyright \\u00a9 2024 Heise Medien\\n\\n### F\\u00fcr alle unter 30: heise+ mit 50% Rabatt\\n\\nJetzt testen\\n\\n#### Das digitale Abo f\\u00fcr IT und Technik.\\n\\nAls junger Leser heise+ mit 50 % Rabatt lesen. Exklusive Tests, Ratgeber &\\nHintergr\\u00fcnde. Zugriff auf alle heise+ Beitr\\u00e4ge inkl. allen Digital-\\nMagazinen.Sichern Sie sich jetzt als junger Leser heise+ mit 50 % Rabatt.\\nExklusive Tests, Ratgeber & Hintergr\\u00fcnde. Unbegrenzter Zugriff auf alle heise+\\nBeitr\\u00e4ge inkl. allen Digital-Magazinen.\\n\\nJetzt testen\\n\\n\", \"frontpage\": false}"}
