{"value":"{\"aid\": \"40191637\", \"title\": \"The Ksplice Pointer Challenge\", \"url\": \"https://blogs.oracle.com/linux/post/the-ksplice-pointer-challenge\", \"domain\": \"oracle.com\", \"votes\": 1, \"user\": \"rrampage\", \"posted_at\": \"2024-04-28 20:40:44\", \"comments\": 0, \"source_title\": \"blogs.oracle.com\", \"source_text\": \"blogs.oracle.com\\n\\n# This site can\\u2019t be reached\\n\\nThe webpage at https://blogs.oracle.com/linux/post/the-ksplice-pointer-\\nchallenge might be temporarily down or it may have moved permanently to a new\\nweb address.\\n\\nERR_HTTP2_PROTOCOL_ERROR\\n\\nnull\\n\\nThe webpage at https://blogs.oracle.com/linux/post/the-ksplice-pointer-\\nchallenge might be temporarily down or it may have moved permanently to a new\\nweb address.\\n\\n\", \"frontpage\": false}"}
