{"value":"{\"aid\": \"40191446\", \"title\": \"The Simplest Thing in the World: Modifing Keymaps in Wayland\", \"url\": \"https://lars.ingebrigtsen.no/2024/04/28/the-simplest-thing-in-the-world-modifing-keymaps-in-wayland/\", \"domain\": \"ingebrigtsen.no\", \"votes\": 1, \"user\": \"deng\", \"posted_at\": \"2024-04-28 20:18:13\", \"comments\": 0, \"source_title\": \"The Simplest Thing In The World: Modifing Keymaps in Wayland\", \"source_text\": \"The Simplest Thing In The World: Modifing Keymaps in Wayland \\u2013 Random Thoughts\\n\\nSkip to content\\n\\nRandom Thoughts\\n\\nThe Sky Won't Fall?\\n\\n## About\\n\\nLars Ingebrigtsen\\n\\n## Recent Posts\\n\\n## Featured\\n\\n## Recent Comments\\n\\n## Movies\\n\\nThe World Officially The Best Tilda Swinton Ingmar Bergman Netflix 2019 Decade\\nMCMXXXIX Moving Pictures\\n\\n## Comics\\n\\nFantagraphics Eclipse Comics Pacific Comics Epic Comics Vortex Elaine Lee AV &\\nRenegade Punk Comix Kitchen Sink\\n\\n## Archives\\n\\n## Now Playing\\n\\n## Categories\\n\\n# The Simplest Thing In The World: Modifing Keymaps in Wayland\\n\\nTo remap the PrtSc key to the Hyper modifier key under Wayland with Gnome\\nShell on Ubuntu/Debian on the 28th of April 2024 (around noon) with a us\\nkeyboard mapping (I\\u2019m hedging my bets here), put the following in the\\n~/.config/xkb/symbol/us file:\\n\\n    \\n    \\n    partial alphanumeric_keys modifier_keys xkb_symbols \\\"hyper\\\" { name[Group1]= \\\"Hyper (US)\\\"; include \\\"us(basic)\\\" key <PRSC> { [ Hyper_L ] }; modifier_map Mod3 { <PRSC> }; };\\n\\nAnd then log out and back in again.\\n\\nThat\\u2019s it. That\\u2019s definitely all I had to say. Or perhaps...\\n\\nYes, it\\u2019s bitching and moaning time again, but I feel like I\\u2019m entitled \\u2014\\nbecause I\\u2019ve been struggling with this for (and I\\u2019m not exaggerating) years.\\nThat is, I\\u2019ve taken stabs at making this work going back at least a decade. In\\ntotal, I\\u2019ve probably spent more than a dozen hours pulling my hair and\\nswearing at the computer. So:\\n\\nIn the Olden Days Of Yore, the first thing that happened when you used a\\ncomputer for the first time was getting really annoyed with the keyboard\\nbecause nothing was ever exactly like you wanted. (Especially with the\\nnational varieties of different keyboards from different companies \\u2014 the\\nhorror!) I remember back at the university in the 90s, people had all kinds of\\nfancy and amusing layouts, making it impossible for anybody to use anybody\\nelses keyboards \\u2014 keyboard encryption as a security feature, eh? And these\\nshenanigans were possible because it was trivial to modify keyboard\\ndefinitions. If you wanted to have a Hyper key on PrtSc (if that key did\\nindeed exist back then; probably not on most keyboards), you put this in\\n~/.Xmodmap and went on with your life:\\n\\n    \\n    \\n    keycode 107 = Hyper_L add Mod3 = Hyper_L\\n\\nThis still works to this day, three decades later \\u2014 sort of. Any changes to\\nthe HID device hierarchy these days and the OS is likely to blank the setting\\nand then you have to xmodmap it \\u201cmanually\\u201d. And this only works if you\\u2019re\\nstill running X, of course, which is getting to be more and more difficult.\\n\\nI got a new Lenovo Yoga X1 Gen 8, which is a nice laptop \\u2014 I like a Yoga while\\ntravelling, because you can flip it around and watch movies on it without\\nhaving the keyboard in front of you.\\n\\nSee? It\\u2019s nice.\\n\\nAnd it has a built-in WWAN/5G modem, so I can use the laptop when there\\u2019s no\\nWIFI and without tethering and stuff.\\n\\nBut the modem didn\\u2019t work in Debian/stable, so I installed Ubuntu. The modem\\nworks fine there, but:\\n\\nI opened the Settings app, and there were all these horizontal stripes and\\nglitches and stuff? I mean... what? This is a totally normal laptop with\\nbuilt-in normal Intel graphics:\\n\\n    \\n    \\n    00:02.0 VGA compatible controller: Intel Corporation Raptor Lake-P [Iris Xe Graphics] (rev 04)\\n\\nAnd still, just opening the Settings apps displays oodles of glitches in the\\ndefault configuration? So they\\u2019ve obviously stopped even testing in Xorg \\u2014\\neverything is moving to Wayland anyway, right?\\n\\nAnd then I tried watching a video with mpv! My god!\\n\\nGoogling showed a lot of people having problems in this area, and the\\nsolutions were along the lines of:\\n\\n    \\n    \\n    i915.enable_dc=0 intel_idle.max_cstate=2\\n\\nAnd other boot parameters, none of which had any effect for me. So after\\ntrying that for a few hours, the writing\\u2019s on the wall, even if I\\u2019ve resisted\\nfor years: I have to switch to Wayland before I get so old that there\\u2019s no\\nchance of me ever figuring out any computer stuff ever again: I have to\\nfinally make The Configuration For The Future.\\n\\nSo how do you do something as trivial as assigning Hyper_L to the PrtSc key?\\nAs the keyboard(5) man page says:\\n\\n> The specification of the keyboard layout in the keyboard file is based on\\n> the XKB options XkbModel, XkbLayout, XkbVariant and XkbOptions. Un-\\n> fortunately, there is little documentation how to use them.\\n\\nThe keyboard definition in an Ubuntu/Debian machine is in\\n/etc/default/keyboard:\\n\\n    \\n    \\n    cat /etc/default/keyboard # KEYBOARD CONFIGURATION FILE # Consult the keyboard(5) manual page. XKBMODEL=\\\"pc105\\\" XKBLAYOUT=\\\"us\\\" XKBVARIANT=\\\"\\\" XKBOPTIONS=\\\"\\\" BACKSPACE=\\\"guess\\\"\\n\\nOK. And Wayland is using the xkb stuff? Confusing, but OK. So I google how to\\nredefine things in this system, and... there\\u2019s a million people as confused as\\nI am. Because surely things can\\u2019t be as bad as this, fifteen years on since\\nWayland was created?\\n\\nThe story told on a thousand web sites is that to alter the keyboard layout,\\nyou \\u201cjust\\u201d alter the layout definition file, which is in\\n/usr/share/X11/xkb/symbols. (In my case, it\\u2019s /usr/share/X11/xkb/symbols/us,\\nsince I\\u2019m using a US layout.) But this is absurd! That\\u2019s a file that\\u2019s updated\\nwhen the OS updates, so either your changes will be overwritten, or updating\\nwon\\u2019t touch the file at all, so you won\\u2019t get updates from the OS. (Which can\\nbe important \\u2014 keyboards rarely change, but they do evolve slowly over time,\\nand you want a solution you can use for decades, right?)\\n\\nThere\\u2019s official-looking pages like this that tries to tell you how to add new\\nlayout files:\\n\\nOK, ignoring the empty \\u201cwriting a symbol file\\u201d entry, they suggest creating a\\nnew file /usr/share/X11/xkb/symbols/test, which is nice, because it won\\u2019t be\\noverwritten by the OS... but then you have to register that file in two other\\nfiles, /usr/share/X11/xkb/rules/xorg.lst and\\n/usr/share/X11/xkb/rules/xorg.xml, which will be overwritten by the OS! This\\nshit is infuriating!\\n\\nBut I did take a stab at it \\u2014 created the new file and changed\\n/etc/default/keyboard to point to it... and it had absolutely no effect in\\nGnome Shell, because it doesn\\u2019t really rely on it? Only slightly? (Did I\\nmention that none of this is really documented well?)\\n\\nxkb has specific options for swapping around certain modifiers:\\n\\n    \\n    \\n    setxkbmap -option caps:hyper\\n\\nSo you can presumably put that into XKBOPTIONS in /etc/default/keyboard if you\\nwanted to map Caps Lock to Hyper... but these options only exist for certain\\ncombinations of keys! How insane is that? I mean, it\\u2019s nice that the XKB\\ndevelopers thought it would be handy to swap certain keys around, but it\\u2019s\\nabsurd that they thought they could enumerate them all? Instead of making a\\nhandy general utility that allowed people to do whatever they wanted, they\\nhard-coded a few possibilities and called it a day.\\n\\nBut some suggest you do something like this:\\n\\n    \\n    \\n    cd /usr/share/X11/xkb/symbols mv us us-real cp hyper us\\n\\nAnd then you have\\n\\n    \\n    \\n    /usr/share/X11/xkb/symbols\\n\\nbe just:\\n\\n    \\n    \\n    xkb_symbols \\\"basic\\\" { name[Group1]= \\\"Hyper (US)\\\"; include \\\"us-real\\\" key <PRSC> { [ Hyper_L ] }; modifier_map Mod3 { <PRSC> }; };\\n\\nAnd this works, and it has the advantage of you being able to actually make\\nsense of whatever changes you\\u2019ve made to the layout. But still, it has the\\nproblem of not being updated when the OS updates (or conversely, being\\noverwritten). (And in any case, keeping personal configuration under /usr is a\\nhorrible long term solution, anyway \\u2014 you want your config to follow you\\naround as you upgrade laptops, and that ideally means just copying your home\\ndirectory.)\\n\\nSo many people are trying to make sense of this system \\u2014 like this guy, who\\nhas been through my entire journey, and amusingly enough, he\\u2019s also trying to\\nrebind PrtSc to Hyper!\\n\\nThis sounds excellent! Just what I need! This should be the official\\ndocumentation for when you google \\u201chow do I rebind a key\\u201d, right? Except that\\nit doesn\\u2019t work \\u2014 at least not under Gnome Shell (the default in Ubuntu),\\nwhich just seems to ignore the XKB_DEFAULT_LAYOUT variable. I\\u2019m guessing the\\n\\u201cbefore starting my compositor\\u201d means that he runs Sway or something...\\n\\n*sigh*\\n\\nAnd one more deeply infuriating thing about this whole mess: Whenever you\\u2019re\\ntesting something, you can never know whether logging out and then in again,\\nor a full reboot is necessary, because it\\u2019s never clear whether the changes\\nare applied on login, or by the OS (probably in systemd somewhere nasty) when\\nbooting up. What used to be a priority in Unix \\u2014 being able to try things out\\niteratively and interactively (with informative error messages when you screw\\nsomething up) has been replaced by mysterious systems that nobody can tell\\nexactly how interact. So while Wayland uses the XKB files, you can\\u2019t use\\nsetxkbmap to try out the changes you\\u2019re making.\\n\\n(Instead, if you make a syntax error and log out/in again, the OS will just\\ndisplay the White Screen of Death saying that something\\u2019s wrong (but not what,\\nof course.). ssh to the rescue.)\\n\\nAnd people are desperately trying to make things work:\\n\\n> I didn\\u2019t find any well-working solutions in 2024, so I\\u2019ve made one. Search\\n> for the \\u201cShyriiwook\\u201d extension in the GNOME Shell Extensions store.\\n\\nI applaud their efforts, but surely this shouldn\\u2019t have to be necessary!\\n\\nBut there are other ways to remap key in Linux, surely? OK, let\\u2019s take a look\\nat a guide. It lists four different applications that work under Wayland:\\nkeyd, kbct, kmonad and interception. These keyboard remapper things all rely\\non daemons that talk to the evdev layer in the Linux kernel, and should work\\nno matter whether you use Wayland or X.\\n\\nkeyd looks nice, and is available on Ubuntu by default. But:\\n\\nIt doesn\\u2019t support a Hyper key.\\n\\nkbct, kmonad and interception aren\\u2019t in Ubuntu, and I didn\\u2019t test them,\\nbecause most guides on the Googles seem to suggest that the generically named\\ninput-remapper (which was previously called key-remapper) is the bee\\u2019s knees.\\nAnd it\\u2019s in Ubuntu! But when I started it, it didn\\u2019t look anything like what\\npeople were talking about, and doesn\\u2019t match the documentation. Were there\\nseveral of these?\\n\\nNo, it just turns out that there\\u2019s a new version out, and it looks totally\\ndifferent, and has a different configuration hierarchy:\\n\\nThanks, thanks. So I downloaded that from Github, managed to get it installed\\nand the daemon running, and\\n\\n    \\n    \\n    # input-remapper-control --symbol-names | grep -i hyper #\\n\\nIt doesn\\u2019t support remapping a key to Hyper.\\n\\n*sigh*\\n\\nThis excellent page is what finally pointed me in the right direction. The\\nrecipe given there doesn\\u2019t work for me, and as he says:\\n\\n> Now, I fully agree that this is cumbersome, clunky and feels outdated.\\n\\nBut after testing a number of variations on this theme, I ended up with the\\nsolution I posted above. Which works. Today.\\n\\nWho knows what these Gnome/Wayland people will come up with tomorrow. It would\\nbe nice if it were something that, you know, works, but I\\u2019m not really holding\\nmy breath.\\n\\nSo now that the first hurdle is out of the way, I just have to fix all the\\nother things that don\\u2019t quite work under Wayland. I mean, it\\u2019s only fifteen\\nyears old; one can\\u2019t expect everything to work yet...\\n\\n### Like this:\\n\\nLike Loading...\\n\\n### Related Articles\\n\\n#### Innovations in Emacs Touch Interfacing\\n\\nI've long attempted to hack some touch interfaces for laptops in non-keyboard\\nconfigurations. The sad thing is that there aren't really any good solutions\\nin GNU/Linux. If you want to be able to respond to more complex events like\\n\\\"two finger drag\\\", you have to hack GTK and use Touch\\u00e9gg,...\\n\\nAugust 7, 2018\\n\\nIn \\\"Emacs\\\"\\n\\n#### OTB#48: Pickpocket\\n\\nPickpocket. Robert Bresson. 1959. \\u2685 Oh, I've got this both on DVD from\\nArtificial Eye and bluray from Criterion... I'm watching the Criterion\\nrelease. OH MY EMACS! Bresson is straight from the screen into my pretentious\\nmind. Those affectless deliveries! The moral quandaries! Those French\\nhairstyles! It's just pure fabulousness....\\n\\nMarch 21, 2020\\n\\nIn \\\"movies\\\"\\n\\n#### V2014: WolfCop\\n\\nVortex (2014) by Lowell Dean and others \\\"What's this then? A MOVIE?!?! BUT\\nTHIS IS A COMICS BLOG!\\\" Once again, dear reader, I can read your mind. But you\\nsee, after Vortex Comics stopped publishing comics, they... Well, I don't\\nquite know what they did at first, but they ended...\\n\\nOctober 14, 2020\\n\\nIn \\\"comics\\\"\\n\\nPosted on April 28, 2024April 28, 2024Author larsmagne23Categories linux\\n\\n## 2 thoughts on \\u201cThe Simplest Thing In The World: Modifing Keymaps in\\nWayland\\u201d\\n\\n  1. Vinicius says:\\n\\nApril 28, 2024 at 21:04\\n\\ncan\\u2019t you use .config/kxkbrc? my KDE system use it to swap keys(it\\u2019s even has\\na gui for that,\\nhttps://userbase.kde.org/File:Enable_Ctrl_%2B_Alt_%2B_Backspace_to_kill_X-\\nServer.png)\\n\\nReply\\n\\n    1. larsmagne23 says:\\n\\nApril 28, 2024 at 21:06\\n\\nI\\u2019m not using KDE, so probably not?\\n\\nReply\\n\\n### Leave a ReplyCancel reply\\n\\nProudly powered by WordPress\\n\\n%d\\n\\n\", \"frontpage\": false}"}
