{"value":"{\"aid\": \"40191715\", \"title\": \"Global debt hasn't been this bad since the Napoleonic Wars\", \"url\": \"https://fortune.com/2024/04/28/global-debt-crisis-world-gdp-napoleonic-wars-us-debt-bond-yields/\", \"domain\": \"fortune.com\", \"votes\": 1, \"user\": \"thomasfl\", \"posted_at\": \"2024-04-28 20:48:14\", \"comments\": 0, \"source_title\": \"Global debt hasn't been this bad since the Napoleonic Wars, says World Economic Forum president\", \"source_text\": \"Global debt hasn't been this bad since the Napoleonic Wars, says World Economic Forum president | Fortune\\n\\n## We\\u2019ve updated our Privacy Policy\\n\\nOur updated Privacy Policy addresses how we may use and share your information\\nwith affiliate marketing networks and throughout the Fortune group of\\ncompanies for marketing purposes. By clicking \\u201cAccept\\u201d or continuing to use\\nour services, you accept these updates and consent to the terms of our Privacy\\nPolicy. If you do not agree to the updated Privacy Policy, please do not\\ncontinue to use, access, or download any of the services.\\n\\nSubscribe Now\\n\\nHome Page\\n\\nSubscribe Now\\n\\nFinance \\u00b7economy\\n\\n# Global debt hasn\\u2019t been this bad since the Napoleonic Wars, says World\\nEconomic Forum president\\n\\nBYJason Ma\\n\\nApril 28, 2024 at 6:03 PM UTC\\n\\nPainting of Napoleon Bonaparte at the Battle of Wagram.\\n\\nShirley Markham Collection\\u2014Heritage Images via Getty Images\\n\\nThe massive volumes of debt piling up around the globe forced the president of\\nthe World Economic Forum to reach back more than 200 years for a comparable\\nperiod.\\n\\nIn an interview Sunday with CNBC at a WEF conference in Saudi Arabia, Borge\\nBrende warned overall debt is approaching the world\\u2019s total economic output.\\n\\n\\u201cWe haven\\u2019t seen this kind of debt since the Napoleonic Wars,\\u201d he said. \\u201cWe\\u2019re\\ngetting close to 100% of global GDP in debt.\\u201d\\n\\nAccording to the International Monetary Fund last year, global public debt hit\\n$91 trillion, or 92% of GDP, by the end of 2022. That was actually a dip from\\npandemic-era debt levels but remained in line with a decades-long trend\\nhigher.\\n\\nData on global debt during the Napoleonic Wars, which took place in the early\\n1800s, is harder to come by. But for comparison, some estimates put British\\ngovernment debt at more than 200% of GDP by 1815.\\n\\nBrende also told CNBC that governments need to take fiscal measures to reduce\\ntheir debts without triggering a recession.\\n\\nFor now, global growth is about 3.2% annually, which isn\\u2019t bad, but it\\u2019s also\\nbelow the 4% trend growth the world had seen for decades, he said earlier in\\nthe interview.\\n\\nThat risks a repeat of the 1970s, when growth was low for a decade, Brende\\nadded. But the world can avoid such an outcome if it continues to trade and\\ndoesn\\u2019t engage in more trade wars.\\n\\n\\u201cTrade was the engine of growth for decades,\\u201d he said.\\n\\nThe WEF\\u2019s debt warning comes amid growing alarm over all the red ink that\\u2019s\\nbeen spilled in recent years, especially from top economies like the U.S. and\\nChina.\\n\\nThe IMF said earlier this month that soaring U.S. government debt risks\\nbecoming a problem for the rest of the world. That\\u2019s because more debt could\\nboost U.S. bond yields, which are a benchmark for borrowing costs across\\nglobal markets.\\n\\n\\u201cLoose fiscal policy in the United States exerts upward pressure on global\\ninterest rates and the dollar,\\u201d said Vitor Gaspar, director of the IMF\\u2019s\\nfiscal affairs department, according to CNN. \\u201cIt pushes up funding costs in\\nthe rest of the world, thereby exacerbating existing fragilities and risks.\\u201d\\n\\nIn fact, 2024 will mark the year that spending to service U.S. debt will\\nexceed defense outlays, the Congressional Budget Office has said.\\n\\nThe CBO also estimated in a March report that U.S. public debt will soar to\\n166% of GDP, reaching $141.1 trillion, by 2054 from 99%, or $34 trillion debt,\\ntoday.\\n\\nThis mounting debt, the CBO warned, \\u201cwould slow economic growth, push up\\ninterest payments to foreign holders of U.S. debt, and pose significant risks\\nto the fiscal and economic outlook; it could also cause lawmakers to feel more\\nconstrained in their policy choices.\\u201d\\n\\nSimilarly, the Government Accountability Office said in a separate report\\nreleased in February that the government is facing an \\u201cunsustainable\\u201d fiscal\\npath that poses a \\u201cserious\\u201d threat to economic, security, and social issues if\\nunaddressed.\\n\\nThe situation has also been getting more attention on Wall Street, with\\nBlackRock CEO Larry Fink, Citadel CEO Ken Griffin, and JPMorgan CEO Jamie\\nDimon, among others, sounding the alarm.\\n\\nSubscribe to the CFO Daily newsletter to keep up with the trends, issues, and\\nexecutives shaping corporate finance. Sign up for free.\\n\\n## Latest in Finance\\n\\n  * 28 minutes ago\\n  * Finance - economy\\n\\n## Jerome Powell may not rule out future rate hikes as the Fed gets ready to\\nmeet amid stubborn inflation, analysts say\\n\\nBYJason Ma\\n\\nApril 28, 2024\\n\\n  * 3 hours ago\\n  * Finance - economy\\n\\n## The U.S. economy is actually a \\u2018wolf in sheep\\u2019s clothing\\u2019 as the weak GDP\\nreport masks underlying strength, Wells Fargo says\\n\\nBYJason Ma\\n\\nApril 28, 2024\\n\\n  * 5 hours ago\\n  * Finance - economy\\n\\n## Global debt hasn\\u2019t been this bad since the Napoleonic Wars, says World\\nEconomic Forum president\\n\\nBYJason Ma\\n\\nApril 28, 2024\\n\\n  * 7 hours ago\\n  * Companies - Entertainment\\n\\n## Disneyland performers unionizing often work other gigs in movies and TV or\\nat theme-park rivals like Universal Studios\\n\\nBYMike Schneider and The Associated Press\\n\\nApril 28, 2024\\n\\n  * 14 hours ago\\n  * Politics - TikTok\\n\\n## A new law will ban TikTok unless China sells most of it. An expert says\\nit\\u2019s \\u2018unconstitutional\\u2019 and backed by no evidence\\n\\nBYSunny Nagpaul\\n\\nApril 28, 2024\\n\\n  * a day ago\\n  * Finance - Federal Reserve\\n\\n## \\u2018We expect Powell to make a hawkish pivot\\u2019\\u2014Fed meeting to headline busy\\nweek for global markets\\n\\nBYReade Pickert, Craig Stirling, and others\\n\\nApril 27, 2024\\n\\n## Most Popular\\n\\n  * a day ago\\n  * Success\\n\\n## The meteoric rise and stunning fall of Prime, Logan Paul\\u2019s energy drink\\nthat was once resold for almost $1,500 a can: \\u2018A brand cannot live on hype\\nalone\\u2019\\n\\nBY\\n\\nApril 27, 2024\\n\\n  * 3 days ago\\n  * Success\\n\\n## \\u2018Americans just work harder\\u2019 than Europeans, says CEO of Norway\\u2019s $1.6\\ntrillion oil fund, because they have a higher \\u2018general level of ambition\\u2019\\n\\nBY\\n\\nApril 25, 2024\\n\\n  * 2 days ago\\n  * Retail\\n\\n## Pottery Barn parent Williams-Sonoma fined for marketing furniture as\\n\\u2018crafted\\u2019 in the U.S. when it was made in China\\n\\nBY\\n\\nApril 27, 2024\\n\\n  * 3 days ago\\n  * Tech\\n\\n## Amazon should be forced to disclose how Jeff Bezos and others were\\ninstructed to use the Signal disappearing-message app, FTC says\\n\\nBY\\n\\nApril 26, 2024\\n\\n  * 2 days ago\\n  * Finance\\n\\n## Jamie Dimon says America needs to \\u2018take a deep breath\\u2019 before facing off\\nwith China, because the U.S. is actually in a \\u2018very good position\\u2019 to\\nnegotiate\\n\\nBY\\n\\nApril 26, 2024\\n\\n  * 2 days ago\\n  * Tech\\n\\n## Tesla\\u2019s Elon Musk speeds past Mark Zuckerberg on the billionaires list\\nafter Meta stock plummets on its cash-sucking AI plans\\n\\nBY\\n\\nApril 26, 2024\\n\\n## Related Articles\\n\\n  * Finance\\n\\n## Asian economic region is \\u2018underachieving its own potential,\\u2019 World Bank\\nsays\\n\\nBYElaine Kurtenbach and Associated Press\\n\\nApril 1, 2024\\n\\n  * Finance\\n\\n## Global economy will sputter in 2024 because of inflation, interest rates\\nand wars, OECD says\\n\\nBYPaul Wiseman and Associated Press\\n\\nNovember 29, 2023\\n\\n  * Finance\\n\\n## Legendary investor Paul Tudor Jones says a \\u2018debt bomb\\u2019 is about to go off\\nin the U.S. \\u2018We\\u2019re fast-pouring consumption like crazy\\u2019\\n\\nBYMarco Quiroz-Gutierrez\\n\\nFebruary 7, 2024\\n\\n  * Finance\\n\\n## After Jamie Dimon warns of market \\u2018rebellion\\u2019 against $34 trillion national\\ndebt, Fed\\u2019s Jerome Powell says it\\u2019s past time for an \\u2018adult conversation\\u2019\\nabout unsustainable fiscal policy\\n\\nBYWill Daniel\\n\\nFebruary 5, 2024\\n\\n  * Finance\\n\\n## Hedge funder famous for his \\u2018black swan\\u2019 strategy says there\\u2019s \\u2018something\\nimmoral\\u2019 about America\\u2019s reliance on debt\\u2014and future generations \\u2018will bear\\nthe burden for this\\u2019\\n\\nBYWill Daniel\\n\\nApril 7, 2024\\n\\n  * Article Hub\\n\\n## Exclusive: The world\\u2019s top tech companies are launching a consortium to\\naddress AI\\u2019s impact on the workforce\\n\\nBYPreston Fore\\n\\nApril 4, 2024\\n\\n\\u00a9 2024 Fortune Media IP Limited. All Rights Reserved. Use of this site constitutes acceptance of our Terms of Use and Privacy Policy | CA Notice at Collection and Privacy Notice | Do Not Sell/Share My Personal Information FORTUNE is a trademark of Fortune Media IP Limited, registered in the U.S. and other countries. FORTUNE may receive compensation for some links to products and services on this website. Offers may be subject to change without notice.\\n\\nYOUR CHOICES REGARDING COOKIES ON THIS SITE\\n\\nPlease choose whether this site may use cookies or related technologies such\\nas web beacons, pixel tags, and Flash objects (\\\"Cookies\\\") as described below.\\nYou can learn more about how this site uses cookies and related technologies\\nby reading our privacy policy linked to below. Your choices on this site will\\nbe applied globally. This means that your settings will be available on other\\nsites that set your choices globally. You can change your mind and revisit\\nyour preferences at any time by accessing the \\\"Cookie Preferences\\\" link in the\\nfooter of this site.\\n\\nWE AND OUR PARTNERS (172)\\n\\nWe and our partners: (172) process personal data such as IP Address, Unique ID, browsing data for: Store and/or access information on a device | Personalised advertising, advertising measurement, and audience research | Content based on limited data and content measurement | Personalised content | Develop and improve services | Use precise geolocation data | Actively scan device characteristics for identification.\\n\\nSome partners do not ask for your consent to process your data, instead, they\\nrely on their legitimate business interest. View our list of partners to see\\nthe purposes they believe they have a legitimate interest for and how you can\\nobject to it.\\n\\nPrivacy Policy\\n\\nPowered by:\\n\\nsearch by queryly Advanced Search\\n\\n\", \"frontpage\": false}"}
