{"value":"{\"aid\": \"40192204\", \"title\": \"Call-to-Action on SB 1047 \\u2013 Frontier Artificial Intelligence Models Act\", \"url\": \"https://www.affuture.org/post/9-context/\", \"domain\": \"affuture.org\", \"votes\": 81, \"user\": \"jph00\", \"posted_at\": \"2024-04-28 21:34:02\", \"comments\": 29, \"source_title\": \"Call-To-Action on SB 1047\", \"source_text\": \"Call-To-Action on SB 1047 | Alliance for the Future\\n\\nCall-To-Action on SB 1047\\n\\nCOMMUNITY\\n\\n# Call-To-Action on SB 1047\\n\\nApril 28, 2024\\n\\nCalifornia legislators, under the influence of Effective Altruism activists,\\nare trying to sneak through a disastrous bill for open-source AI and the\\ntechnology industry generally.\\n\\nSB 1047 creates an unaccountable Frontier Model Division that will be staffed\\nby EAs with police powers, and which can throw model developers in jail for\\nthe thoughtcrime of doing AI research. It\\u2019s being fast-tracked through the\\nstate Senate. Since many cloud and AI companies are headquartered in\\nCalifornia, this will have worldwide impact.\\n\\nWe need your help to stop this now. It only takes a few minutes, and three\\nsteps, but you need to do them soon, ideally this week. Non-California\\nresidents are very welcome to comment, and indeed many of the supporters are\\nnot from California.\\n\\n1\\\\. Submit a position letter to the bill author, which ensures that your\\nposition shows up on all future bill analyses that state Senators read. Go to\\nhttps://leginfo.legislature.ca.gov/faces/billNavClient.xhtml?bill_id=202320240SB1047,\\nclick on \\u201cComments to the Author\\u201d, register an account and submit an\\nopposition letter.\\n\\nUse your own words for the letter, and feel free to borrow liberally from or\\ncite friend of AFTF Context Fund\\u2019s analysis of the bill\\n(https://www.context.fund/policy/sb_1047_analysis.html). One of key arguments\\nbeing advanced is that this is \\u201cpro-little guy\\u201d, so if you\\u2019re involved in the\\nopen source movement, are a startup founder, or an investor, heavily cite your\\nexperience and how the bill affects you personally.\\n\\nIf it\\u2019s still before May 5th, also submit comments to the Senate\\nAppropriations Committee: https://sapro.senate.ca.gov/position-letters.\\nUnfortunately, you have to submit to both the committee and the author to make\\nsure the position letter is fully considered at the hearing.\\n\\n2\\\\. Also add your public comment to the Context Fund analysis document\\n(https://docs.google.com/document/d/1rk8uRTs0tiQ8O4k6ZVkwnOQX5n2PSdFhh0sXeXoDNM4/edit).\\n\\n3\\\\. Tell your friends about this and introduce it to the media, publications\\nyou are connected to, and your own social media followings, especially those\\nserving the ML, tech and startup audiences.\\n\\nMost builders and investors who would be affected by this bill are not aware\\nof it, but the special interests are. We need to change that quickly.\\n\\nThank you for your help!\\n\\n\\u00a9 Alliance for the Future 2024\\n\\n\", \"frontpage\": true}"}
