{"value":"{\"aid\": \"40192317\", \"title\": \"Do Not Try to Upgrade to Ubuntu 24.04 LTS at This Time\", \"url\": \"https://linuxiac.com/do-not-try-to-upgrade-to-ubuntu-24-04-at-this-time/\", \"domain\": \"linuxiac.com\", \"votes\": 2, \"user\": \"neitsab\", \"posted_at\": \"2024-04-28 21:50:04\", \"comments\": 0, \"source_title\": \"Do Not Try to Upgrade to Ubuntu 24.04 LTS at This Time\", \"source_text\": \"Do Not Try to Upgrade to Ubuntu 24.04 LTS at This Time\\n\\nSkip to content\\n\\n# Do Not Try to Upgrade to Ubuntu 24.04 LTS at This Time\\n\\nWARNING: Upgrading to Ubuntu 24.04 LTS (Noble Numbat) now risks system\\ncrashes, so hold off. Fixes coming soon.\\n\\n  * ByBobby Borisov\\n  * OnApril 27, 2024\\n  * 4 Comments\\n\\nUbuntu 24.04 LTS (Noble Numbat) was released just a few days ago. So you might\\nwant to jump to it from 22.04 LTS or 23.10 (Mantic Minotaur)\\u2014the excitement is\\nbig! But let me be direct and a bit intense here: JUST DON\\u2019T! I\\u2019ll explain why\\nbelow.\\n\\nFor your information, traditionally, Canonical provides an official upgrade\\npath for Ubuntu\\u2019s LTS versions soon after their first point release. For the\\n24.04 LTS, this update is planned for August 15th (24.04.1). But that\\u2019s not\\nthe problem in this case.\\n\\nIn previous Ubuntu LTSes, long before the release of the first point version,\\nupgrades always ran smoothly; however, until now. Two newly discovered bugs in\\nthe Noble Numbat release, one related to the Thunderbird snap and another in\\nthe libglib transitional package, result in a completely broken and non-\\nfunctional system if you try the upgrade. So, please, don\\u2019t do it!\\n\\nRight after Ubuntu 24.04 was released, we tried different upgrade approaches\\nto provide you with the best tested and working guide on the topic. However,\\nall attempts ended ingloriously, so that\\u2019s why we still haven\\u2019t published\\nsomething like \\u201cHow to upgrade to Ubuntu 24.04 LTS.\\u201d\\n\\nUnfortunately, you might encounter someone recommending the magical sudo do-\\nrelease-upgrade -d command for a \\u201cseamless\\u201d upgrade. However, promoting this\\nwithout warning of the risks and consequences is irresponsible and puts your\\nsystem and valuable data in danger.\\n\\nIf you follow such advice, clearly showing that those recommending it have not\\nbothered even to test the procedure, be aware that it will lead to a faulty\\nupgrade process and a completely non-functional system. Feel warned.\\n\\nYes, there are some \\u201cdirty\\u201d tricks to get around the problem, such as manually\\nremoving some legacy and obsolete packages, reconnecting to a framebuffer tty\\nto be able to continue the procedure after you get the startling black screen,\\netc., but that\\u2019s something we would never suggest among our guides as a\\nrecommended approach.\\n\\nSo, if you try to upgrade and end up with a broken system, there is only one\\nsolution now. Prepare a bootable flash drive with the distribution of your\\nchoice. Boot from it and mount the partitions of your broken Ubuntu system.\\nTransfer your important information and files to the flash drive, then install\\na fresh copy of Ubuntu 24.04 LTS.\\n\\nThe good news is that Ubuntu is aware of the issue and has prepared fixes.\\nOnce these are out, we\\u2019ll test the whole procedure again. We\\u2019ll share the \\u201cHow\\nto Upgrade to Ubuntu 24.04 LTS\\u201d guide only after we\\u2019re happy with the end\\nresult.\\n\\nLastly, the issue primarily impacts the desktop version of Ubuntu 24.04 LTS.\\nHowever, we advise against updating your server instances now, especially if\\nthey are critical to your operations.\\n\\n#### Tell others:\\n\\n### Bobby Borisov\\n\\nBobby, an editor-in-chief at Linuxiac, is a Linux professional with over 20\\nyears of experience. With a strong focus on Linux and open-source software, he\\nhas worked as a Senior Linux System Administrator, Software Developer, and\\nDevOps Engineer for small and large multinational companies.\\n\\n## Linux News You'll Love!\\n\\nCraving the latest in Linux? Get your weekly fix with our newsletter. It's\\neverything Linux, straight to your inbox! It's fun, it's free, and it's full\\nof insights!\\n\\n#### Welcome Aboard!\\n\\nYour confirmation email is waiting for you in your inbox. Just a quick click,\\nand you'll be all set!\\n\\n## TRENDING\\n\\nUbuntu 24.04 LTS (Noble Numbat) Released, This Is What\\u2019s New\\n\\nFedora 40 Released, Here\\u2019s What\\u2019s New\\n\\nDo Not Try to Upgrade to Ubuntu 24.04 LTS at This Time\\n\\nEndeavourOS Gemini Brings Plasma 6 Integration\\n\\nHow to Upgrade to Fedora 40 from Fedora 39\\n\\n## Support US\\n\\nEnjoy the article? Linux runs the world; coffee runs me. A $2 donation keeps\\nmy Linux writing round the clock. Made my day; contribute a cup!\\n\\n### Related Posts\\n\\n#### How to Install Google Chrome on Ubuntu 24.04 LTS\\n\\n  * April 27, 2024\\n\\n#### Ubuntu 24.04 LTS (Noble Numbat) Released, This Is What\\u2019s New\\n\\n  * April 25, 2024\\n\\n#### Ubuntu 24.04 LTS Beta Released, Here\\u2019s What\\u2019s New\\n\\n  * April 12, 2024\\n\\n#### Thunderbird to Officially Support Snap in Upcoming Ubuntu Release\\n\\n  * April 4, 2024\\n  * 2 Comments\\n\\nCopyright \\u00a9 2024 Linuxiac\\n\\nLinuxiac Data and Cookie Consent\\n\\nIn order to provide a more personal user experience, we and our 218 partners\\nuse technology such as cookies to store and/or access device information.\\n\\nBy clicking \\u201cAccept\\u201d you consent to these technologies which will allow us and\\n\\nour partners\\n\\nto process non-sensitive data such as IP address, unique ID, and browsing data\\nfor the purposes of serving personalized ads and content, measuring ads and\\ncontent, gaining audience insights, gathering analytics on website activity,\\nand developing and improving products.\\n\\nYour choices on this site will be applied only for this site. You can change\\nyour settings at any time, including withdrawing your consent, by going to the\\n\\nPrivacy Policy\\n\\npage of this site.\\n\\nManage Settings\\n\\nAccept\\n\\nUpdate Privacy Settings\\n\\n\", \"frontpage\": false}"}
