{"value":"{\"aid\": \"40191312\", \"title\": \"Show HN: Auto-updating docs with every product release\", \"url\": \"https://www.autodocs.me/\", \"domain\": \"autodocs.me\", \"votes\": 2, \"user\": \"ayushrodrigues\", \"posted_at\": \"2024-04-28 19:55:53\", \"comments\": 2, \"source_title\": \"AutoDocs\", \"source_text\": \"AutoDocs\\n\\nAutoDocs\\n\\nAutoDocs\\n\\n### AutoDocs\\n\\nLearn more\\n\\non our notion\\n\\n# Your docsand product updates, syncedautomatically\\n\\nWhenever your product changes, AutoDocs identifies where in your documentation\\nupdates are needed.\\n\\nLoading...\\n\\n## How it works\\n\\nStep 1\\n\\n### Detecting product changes\\n\\nWe monitor release tracking platforms, such as JIRA or Linear, to detect\\nproduct updates\\n\\nStep 2\\n\\n### Understanding the change\\n\\nWe search your internal knowledge base to understand the product change in its\\ncontext\\n\\nStep 3\\n\\n### Identifying relevant docs\\n\\nWe then identify where in your documentation an update is needed, and draft an\\nedit for review\\n\\n## About Us\\n\\nEvery time software is released, documentation needs to be updated. Good\\ndocumentation can be a competitive advantage and is essential for a good\\nonboarding and customer support experience.\\n\\nUnfortunately, there is a synchronisation problem between product releases and\\ndocumentation. You may have experienced:\\n\\n  1. New features shipped, with documentation an afterthought\\n\\n  2. Large backlogs as a result of pushing new content over maintaining existing content\\n\\n  3. Features referenced in multiple documents, without a simple 'CTRL+F & Replace' process\\n\\nWe faced this problem first-hand and want to solve it. Our mission is to make\\nit 10x easier to keep documentation updated, and free up your time for higher\\nvalue initiatives.\\n\\nIf you're interested in solving this problem with us, we'd love to have a chat\\nwith you!\\n\\n\", \"frontpage\": false}"}
