{"value":"{\"aid\": \"40191486\", \"title\": \"Harry Chapin and RATM: the problem with bleeding interests\", \"url\": \"https://alexanderell.is/posts/playlist/\", \"domain\": \"alexanderell.is\", \"votes\": 1, \"user\": \"otras\", \"posted_at\": \"2024-04-28 20:22:35\", \"comments\": 0, \"source_title\": \"Harry Chapin and RATM: the problem with bleeding interests\", \"source_text\": \"Harry Chapin and RATM: the problem with bleeding interests \\u00b7 Caffeinspiration\\n\\n# Harry Chapin and RATM: the problem with bleeding interests\\n\\n## Apr 28, 2024 \\u00b7 575 words \\u00b7 3 minutes read\\n\\nNote: this post requires a basic familiarity with the songs discussed. If\\nyou\\u2019re not familiar with them, I\\u2019d recommend you listen to at least a portion\\nof the following three songs:\\n\\n  * Free Bird by Lynyrd Skynyrd (YouTube)\\n  * Cat\\u2019s in the Cradle by Harry Chapin (YouTube)\\n  * Killing In The Name by Rage Against The Machine (YouTube)\\n\\nThere are many musical genres I like, and what I listen to usually depends on\\nmy mood at the time. Some days, I want to listen to Miles Davis, and some\\ndays, I want to listen to Slayer.\\n\\nSome days, I just want to play some normcore Southern rock. The other day, I\\nopened Spotify, went to Free Bird, and selected \\u201cGo to radio\\u201d. It gave me a\\nplaylist, and after playing on shuffle for a few songs, I realized something\\nwas wrong.\\n\\nWhat\\u2019s the problem here? It\\u2019s a little tag at the top of the playlist, just\\nout of sight in that screenshot: \\u201cMade for Alex\\u201d.\\n\\nLet me start the rest of this complaint with full acknowledgement that I have\\nnearly zero knowledge of recommendation algorithms. But, to me, this is a\\nproblem with personalized recommendations that are over-indexed on your\\ninterests. In particular, when these interests are very disparate; I don\\u2019t\\nthink I would ever expect a human to create a playlist with nearly polar vibe\\nopposites Cat\\u2019s in the Cradle and Killing In The Name. Though they can be\\nloosely connected to the song the playlist was based off of, they clearly\\ndon\\u2019t fit together.\\n\\nI\\u2019ve probably searched for and clicked play on every song in that screenshot,\\nand there\\u2019s the problem. They have a clear, explicit signal that these are\\nsongs I\\u2019m likely to like, and there\\u2019s no signal for interest like an explicit\\nsignal from the user. But, by focusing on this, this means that the source,\\nthis Free Bird track, counts less. Worse still, it means that it\\u2019s quick to\\nbleed interests, genres, and vibes, with songs that not only don\\u2019t fit, but\\nharshly clash.\\n\\nIt could come back to the philosophical question about the goal of a song\\nradio or playlist, but I don\\u2019t think that even fully explains it. If you\\u2019re\\nusing it as a way to listen to songs you like, this could work, minus the\\ngenre clashing. If you\\u2019re using it as a way to discover new, similar music,\\nthen it really doesn\\u2019t work. It leans towards things I already know about, and\\nby prioritizing those, it\\u2019s omitting songs I don\\u2019t know I don\\u2019t know. In this\\ncase, I wish there was a separate way to generate these playlists: \\u201cignore\\neverything I\\u2019ve ever told you before and just give me songs that are similar\\nto this one\\u201d.\\n\\nIn all of my Googling so far, there doesn\\u2019t seem to be an easy way to turn\\nthis off. I\\u2019m also not the only one asking about this.\\n\\nSpotify\\u2019s new daylist sounds like it could be what I\\u2019m looking for, as it\\u2019s a\\nmore \\u201cmatch the vibe\\u201d playlist. For example, it says I\\u2019ve previously listened\\nto pop art and soundscape on Sunday afternoons, and it created a playlist with\\n\\u201csiren, haunting, delicate, soothing, vocal, and songwriter\\u201d. All great\\nadjectives, but what if this Sunday I\\u2019m driving in Boston traffic instead of\\ndoing some delicate vibing?\\n\\nThis is all likely a sign that there are better tools out there for new music\\ndiscoverability, and I should go discover them too.\\n\\nIn closing, please enjoy:\\n\\n\\u00a9 Copyright 2024\\n\\n\", \"frontpage\": false}"}
