{"value":"{\"aid\": \"40192395\", \"title\": \"Fixing C source code from the internet using cake static analyzer\", \"url\": \"https://www.youtube.com/watch?v=X5tmkF16UMQ\", \"domain\": \"youtube.com\", \"votes\": 3, \"user\": \"thradams\", \"posted_at\": \"2024-04-28 22:02:52\", \"comments\": 0, \"source_title\": \"Cake Playground \\u2014 fixing a sample using fopen\", \"source_text\": \"Cake Playground \\u2014 fixing a sample using fopen - YouTube\\n\\n\\u2022\\n\\nNaN / NaN\\n\\nBack\\n\\nDE\\n\\nSign in\\n\\nDE\\n\\nCake Playground \\u2014 fixing a sample using fopen\\n\\n2x\\n\\nIf playback doesn't begin shortly, try restarting your device.\\n\\n\\u2022\\n\\nYou're signed out\\n\\nVideos you watch may be added to the TV's watch history and influence TV\\nrecommendations. To avoid this, cancel and sign in to YouTube on your\\ncomputer.\\n\\nUp next\\n\\nLive\\n\\nUpcoming\\n\\nPlay Now\\n\\nShare\\n\\nAn error occurred while retrieving sharing information. Please try again\\nlater.\\n\\n0:00\\n\\n0:00 / 2:36\\u2022Watch full video\\n\\n## Description\\n\\nCake Playground \\u2014 fixing a sample using fopen\\n\\n1Likes\\n\\n65Views\\n\\nApr 282024\\n\\nTranscript\\n\\nFollow along using the transcript.\\n\\n### Cake Compiler\\n\\n5 subscribers\\n\\nVideos\\n\\nAbout\\n\\nVideos\\n\\nAbout\\n\\n## Comments\\n\\nTop comments\\n\\nNewest first\\n\\n## Transcript\\n\\nNaN / NaN\\n\\n# Cake Playground \\u2014 fixing a sample using fopen\\n\\nCake Compiler\\n\\nCake Compiler\\n\\n5 subscribers\\n\\n<__slot-el>\\n\\n<__slot-el>\\n\\nDownload\\n\\n65 views 2 hours ago\\n\\n65 views \\u2022 Apr 28, 2024\\n\\nShow less\\n\\n......more\\n\\n...more\\n\\nTranscript\\n\\nFollow along using the transcript.\\n\\n### Cake Compiler\\n\\n5 subscribers\\n\\nVideos\\n\\nAbout\\n\\nVideos\\n\\nAbout\\n\\nShow less\\n\\n# Cake Playground \\u2014 fixing a sample using fopen\\n\\n65 views65 views\\n\\nApr 28, 2024\\n\\nDownload\\n\\n2:16\\n\\n2:16\\n\\nNow playing\\n\\n### Cake Playground \\u2014 double free\\n\\nCake Compiler\\n\\nCake Compiler\\n\\n\\u2022\\n\\n\\u2022\\n\\n5 views 3 hours ago\\n\\nNew\\n\\n1:56:16\\n\\n1:56:16\\n\\nNow playing\\n\\n### Programmieren in C++ im SS 2024, Vorlesung 02\\n\\nAD Lectures\\n\\nAD Lectures\\n\\n\\u2022\\n\\n\\u2022\\n\\n849 views 5 days ago\\n\\nNew\\n\\n33:03\\n\\n33:03\\n\\nNow playing\\n\\n### Why Some Designs Are Impossible to Improve: Quintessence\\n\\nDesign Theory\\n\\nDesign Theory\\n\\n\\u2022\\n\\n\\u2022\\n\\n51K views 2 days ago\\n\\nNew\\n\\n9:07\\n\\n9:07\\n\\nNow playing\\n\\n### HUGE NEWS! Tesla JUST FINALLY UNVEILS New $20,000 Robot For EASY LIVING\\n\\nAi Rewind\\n\\nAi Rewind\\n\\n\\u2022\\n\\n\\u2022\\n\\n109 views 13 hours ago\\n\\nNew\\n\\n8:29\\n\\n8:29\\n\\nNow playing\\n\\n### Google Data Center 360\\u00b0 Tour\\n\\nGoogle Cloud Tech\\n\\nGoogle Cloud Tech\\n\\n\\u2022\\n\\n\\u2022\\n\\n5.1M views 8 years ago\\n\\n360\\u00b0\\n\\n31:20\\n\\n31:20\\n\\nNow playing\\n\\n### Hollywood is Using AI! Have You Noticed?\\n\\nCurious Refuge\\n\\nCurious Refuge\\n\\n\\u2022\\n\\n\\u2022\\n\\n16K views 2 days ago\\n\\nNew\\n\\n45:33\\n\\n45:33\\n\\nNow playing\\n\\n### 1 BILLION row challenge in Go - 2.5 Seconds!\\n\\nDuane Bester\\n\\nDuane Bester\\n\\n\\u2022\\n\\n\\u2022\\n\\n5.7K views 13 days ago\\n\\n15:08\\n\\n15:08\\n\\nNow playing\\n\\n### Keep your project structure simple!\\n\\nCodeOpinion\\n\\nCodeOpinion\\n\\n\\u2022\\n\\n\\u2022\\n\\n9.4K views 4 days ago\\n\\nNew\\n\\n2:33:15\\n\\n2:33:15\\n\\nNow playing\\n\\n### C++ POINTERS FULL COURSE Beginner to Advanced (Learn C++ Pointers in 2,5\\nhours)\\n\\nCodeBeauty\\n\\nCodeBeauty\\n\\n\\u2022\\n\\n\\u2022\\n\\n364K views 2 years ago\\n\\n15:17\\n\\n15:17\\n\\nNow playing\\n\\n### How Binary Works, and the Power of Abstraction\\n\\nJosh's Channel\\n\\nJosh's Channel\\n\\n\\u2022\\n\\n\\u2022\\n\\n288K views 1 year ago\\n\\n1:36:52\\n\\n1:36:52\\n\\nNow playing\\n\\n### Programmieren in C++ im SS 2024, Vorlesung 01\\n\\nAD Lectures\\n\\nAD Lectures\\n\\n\\u2022\\n\\n\\u2022\\n\\n1.8K views 12 days ago\\n\\n12:05\\n\\n12:05\\n\\nNow playing\\n\\n### Using AI to Create the Perfect Keyboard\\n\\nadumb\\n\\nadumb\\n\\n\\u2022\\n\\n\\u2022\\n\\n1.4M views 1 year ago\\n\\n21:32\\n\\n21:32\\n\\nNow playing\\n\\n### Modern Python logging\\n\\nmCoding\\n\\nmCoding\\n\\n\\u2022\\n\\n\\u2022\\n\\n135K views 3 months ago\\n\\n1:27:46\\n\\n1:27:46\\n\\nNow playing\\n\\n### CppCon 2014: Mike Acton \\\"Data-Oriented Design and C++\\\"\\n\\nCppCon\\n\\nCppCon\\n\\n\\u2022\\n\\n\\u2022\\n\\n633K views 9 years ago\\n\\n2:13\\n\\n2:13\\n\\nNow playing\\n\\n### Cake Playground \\u2014 owner pointers\\n\\nCake Compiler\\n\\nCake Compiler\\n\\n\\u2022\\n\\n\\u2022\\n\\n4 views 3 hours ago\\n\\nNew\\n\\n3:57:55\\n\\n3:57:55\\n\\nNow playing\\n\\n### Houdini Algorithmic Live #042 - Night Cityscape with Wave Function\\nCollapse\\n\\nJunichiro Horikawa\\n\\nJunichiro Horikawa\\n\\n\\u2022\\n\\n\\u2022\\n\\n419K views Streamed 3 years ago\\n\\n1:29:16\\n\\n1:29:16\\n\\nNow playing\\n\\n### Delivering Safe C++ - Bjarne Stroustrup - CppCon 2023\\n\\nCppCon\\n\\nCppCon\\n\\n\\u2022\\n\\n\\u2022\\n\\n123K views 5 months ago\\n\\n13:46\\n\\n13:46\\n\\nNow playing\\n\\n### Mikrochip-Herstellung - Wie entsteht ein Chip? | Infineon\\n\\nInfineon Technologies\\n\\nInfineon Technologies\\n\\n\\u2022\\n\\n\\u2022\\n\\n412K views 4 years ago\\n\\n49:47\\n\\n49:47\\n\\nNow playing\\n\\n### Observer Pattern \\u2013 Design Patterns (ep 2)\\n\\nChristopher Okhravi\\n\\nChristopher Okhravi\\n\\n\\u2022\\n\\n\\u2022\\n\\n547K views 7 years ago\\n\\n2:17:06\\n\\n2:17:06\\n\\nNow playing\\n\\n### COMP4300 - C++ Game Programming - Lecture 02 - Intro to C++ (1/2)\\n\\nDave Churchill\\n\\nDave Churchill\\n\\n\\u2022\\n\\n\\u2022\\n\\n115K views Streamed 1 year ago\\n\\nSaving your choice\\n\\nAn error occurred while saving your choice. Please try again.\\n\\nA Google company\\n\\nSign in\\n\\nSign in\\n\\n## Before you continue to YouTube\\n\\nWe use cookies and data to\\n\\n  * Deliver and maintain Google services\\n\\n  * Track outages and protect against spam, fraud, and abuse\\n\\n  * Measure audience engagement and site statistics to understand how our services are used and enhance the quality of those services\\n\\nIf you choose to \\u201cAccept all,\\u201d we will also use cookies and data to\\n\\n  * Develop and improve new services\\n\\n  * Deliver and measure the effectiveness of ads\\n\\n  * Show personalized content, depending on your settings\\n\\n  * Show personalized ads, depending on your settings\\n\\nIf you choose to \\u201cReject all,\\u201d we will not use cookies for these additional\\npurposes.\\n\\nNon-personalized content and ads are influenced by things like the content\\nyou\\u2019re currently viewing and your location (ad serving is based on general\\nlocation). Personalized content and ads can also include things like video\\nrecommendations, a customized YouTube homepage, and tailored ads based on past\\nactivity, like the videos you watch and the things you search for on YouTube.\\nWe also use cookies and data to tailor the experience to be age-appropriate,\\nif relevant.\\n\\nSelect \\u201cMore options\\u201d to see additional information, including details about\\nmanaging your privacy settings. You can also visit g.co/privacytools at any\\ntime.\\n\\nMore options\\n\\nPrivacy Policy \\u2022 Terms of Service\\n\\n\", \"frontpage\": true}"}
