{"value":"{\"aid\": \"40192442\", \"title\": \"Bun v1.1.6\", \"url\": \"https://bun.sh/blog/bun-v1.1.6\", \"domain\": \"bun.sh\", \"votes\": 3, \"user\": \"herpderperator\", \"posted_at\": \"2024-04-28 22:11:03\", \"comments\": 0, \"source_title\": \"Bun v1.1.6 | Bun Blog\", \"source_text\": \"Bun v1.1.6 | Bun Blog\\n\\nDocsGuidesBlog\\n\\n# Bun v1.1.6\\n\\nJarred Sumner \\u00b7 April 28, 2024\\n\\nBun is an incredibly fast JavaScript runtime, bundler, transpiler, and package\\nmanager \\u2014 all in one.\\n\\nBun v1.1.6 is here! This release fixes 10 bugs (addressing 512 \\ud83d\\udc4d reactions).\\nWe've implemented UDP socket support & node:dgram. DataDog and ClickHouseDB\\nnow work. We've fixed a regression in node:http from v1.1.5. There are also\\nNode.js compatibility improvements and bugfixes.\\n\\nWe're hiring systems engineers in San Francisco to build the future of\\nJavaScript!\\n\\n#### Previous releases\\n\\n  * v1.1.5 fixes 64 bugs (addressing 101 \\ud83d\\udc4d). bun build --compile cross-compile standalone JavaScript & TypeScript executables to other platforms. import any file as text via the type: \\\"text\\\" import attribute. Introduces a new crash reporter. package.json doesn't error with comments or trailing commas. Fixes a bug where bun run --filter exited with 0. Fixes a bug in bun install with file: dependencies. Fixes bugs in node:fs, node:tls, node:crypto, node:readline, node:http, node:worker_threads\\n  * v1.1.4 fixes 40 bugs (addressing 84 \\ud83d\\udc4d reactions). bun run --filter <workspace> <script> lets you run multiple workspace scripts in parallel. Reinstalls get up to 50% faster in bun install. Important reliability fixes to bun install. bun:sqlite supports using for resource cleanup and has a few bugfixes. Memory leak impacting Next.js Standalone & Web Streams is fixed. Node.js compatibility improvements fs and child_process. Fix for \\\"Connection closed\\\" in fetch(). A few bugfixes for Bundows.\\n  * v1.1.0 Bundows. Windows support is here!\\n\\n#### To install Bun:\\n\\ncurl\\n\\nnpm\\n\\npowershell\\n\\nscoop\\n\\nbrew\\n\\ndocker\\n\\ncurl\\n\\n    \\n    \\n    curl -fsSL https://bun.sh/install | bash\\n\\nnpm\\n\\n    \\n    \\n    npm install -g bun\\n\\npowershell\\n\\n    \\n    \\n    powershell -c \\\"irm bun.sh/install.ps1|iex\\\"\\n\\nscoop\\n\\n    \\n    \\n    scoop install bun\\n\\nbrew\\n\\n    \\n    \\n    brew tap oven-sh/bun\\n    \\n    \\n    brew install bun\\n\\ndocker\\n\\n    \\n    \\n    docker pull oven/bun\\n    \\n    \\n    docker run --rm --init --ulimit memlock=-1:-1 oven/bun\\n\\n#### To upgrade Bun:\\n\\n    \\n    \\n    bun upgrade\\n\\n## UDP Sockets\\n\\nBun now supports UDP sockets. UDP sockets are a low-level unreliable messaging\\nprotocol, often used by production monitoring tools, video/audio streaming\\ntools, and games.\\n\\n    \\n    \\n    import { udpSocket } from \\\"bun\\\"; const server = await udpSocket({ socket: { data(socket, buf, port, addr) { console.log(`message from ${addr}:${port}:`); console.log(buf.toString()); }, }, }); const client = await udpSocket({}); client.send(\\\"Hello!\\\", server.port, \\\"127.0.0.1\\\");\\n\\nThanks to @gvilums for implementing UDP socket soupport in Bun!\\n\\n## node:dgram is implemented\\n\\nnode:dgram is the Node.js module for using UDP sockets. Building on top of\\nBun's new UDP socket support, node:dgram is now implemented. This was one of\\nthe most upvoted issues on Bun's GitHub repository.\\n\\nsend-10-messages.js\\n\\n    \\n    \\n    const dgram = require(\\\"dgram\\\"); let count = 0; const { promise, resolve } = Promise.withResolvers(); const server = dgram.createSocket(\\\"udp4\\\"); server.on(\\\"message\\\", (msg, {port, address}) => { console.log(`server got: ${msg} from ${address}:${port}`); if (count++ === 9) process.exit(0); }); server.bind(41234); const client = dgram.createSocket(\\\"udp4\\\"); for (let i = 0; i < 10; i++) { client.send(\\\"hello\\\", 41234, \\\"127.0.0.1\\\"); } await promise;\\n\\nThanks to @gvilums for implementing node:dgram in Bun!\\n\\n## DataDog in Bun\\n\\nDataDog's dd-trace module now works in Bun. DataDog is a popular\\ninfrastructure monitoring tool.\\n\\n> In the next version of Bun@datadoghq + express seems to work\\n> pic.twitter.com/szOIDs4fsc\\n>\\n> \\u2014 Bun (@bunjavascript) April 27, 2024\\n\\nThanks to @gvilums and @paperdave for getting DataDog to work in Bun!\\n\\n## ClickHouse in Bun\\n\\nThe official Node.js client for ClickHouse now works in Bun.\\n\\n> In the next version of Bun\\n>\\n> ClickHouse works pic.twitter.com/tT58vaDkUb\\n>\\n> \\u2014 meghan \\ud83c\\udf3b (@nektro) April 27, 2024\\n\\nThanks to @nektro for getting ClickHouse to work in Bun!\\n\\n## SvelteKit in Bun\\n\\nA bug impacting fetch when used with SvelteKit has been fixed.\\n\\nWhen fetch was called with a Request subclass, Bun would skip calling the\\nmethod or url getters and instead use the internal method and url properties.\\nSince SvelteKit's Request subclass overrides these properties, this meant we\\nignored the method property from the Request subclass.\\n\\n    \\n    \\n    class FooRequest extends Request { get method() { return \\\"POST\\\"; } } await fetch(new FooRequest(\\\"https://example.com\\\")); // This would be a GET request instead of a POST request!\\n\\nThis bug has now been fixed, and our test suite has been updated to prevent\\nregressions.\\n\\n## Array#sort gets 15% - 135% faster\\n\\nThis release upgrades to the latest version of JavaScriptCore, and\\nArray.prototype.sort is now 15% - 135% faster in Bun & Safari. Thanks to\\n@Constellation.\\n\\n    \\n    \\n    \\u276f bun array-sort.mjs # New cpu: Apple M3 Max runtime: bun 1.1.6 (arm64-darwin) benchmark time (avg) (min ... max) p75 p99 p995 ----------------------------------------------------------------------- ----------------------------- Array.sort (64 num, unsorted) 736.22 ns/iter (673.6 ns ... 975.75 ns) 747.02 ns 975.75 ns 975.75 ns Array.sort (64 num, pre-sorted) 377.94 ns/iter (370.2 ns ... 395.56 ns) 380.33 ns 390.1 ns 395.56 ns \\u276f bun-1.1.4 array-sort.mjs # Before cpu: Apple M3 Max runtime: bun 1.1.4 (arm64-darwin) benchmark time (avg) (min ... max) p75 p99 p995 ----------------------------------------------------------------------- ----------------------------- Array.sort (64 num, unsorted) 1.14 \\u03bcs/iter (1.03 \\u03bcs ... 1.65 \\u03bcs) 1.19 \\u03bcs 1.65 \\u03bcs 1.65 \\u03bcs Array.sort (64 num, pre-sorted) 1.07 \\u03bcs/iter (1.01 \\u03bcs ... 1.18 \\u03bcs) 1.08 \\u03bcs 1.18 \\u03bcs 1.18 \\u03bcs \\u276f node array-sort.mjs # Node.js, for comparison cpu: Apple M3 Max runtime: node v22.0.0 (arm64-darwin) benchmark time (avg) (min ... max) p75 p99 p995 ----------------------------------------------------------------------- ----------------------------- Array.sort (64 num, unsorted) 1.95 \\u03bcs/iter (1.8 \\u03bcs ... 2.12 \\u03bcs) 2.04 \\u03bcs 2.12 \\u03bcs 2.12 \\u03bcs Array.sort (64 num, pre-sorted) 689.28 ns/iter (677.4 ns ... 719.66 ns) 694.22 ns 719.66 ns 719.66 ns\\n\\nView microbenchmark\\n\\n## Module._resolveLookupPaths in node:module is implemented\\n\\nThe private Node.js API Module._resolveLookupPaths is now implemented in Bun.\\nThis API is used by require-in-the-middle to intercept require calls to\\ninstrument module loading.\\n\\nWarning: when used by dd-trace this may slow down your application's start\\ntime.\\n\\n## node:http regression is fixed\\n\\nA regression in node:http from v1.1.5 is fixed. The regression caused requests\\nwith errors to not propagate to the error event correctly. This regression\\nimpacted the stripe npm package, amongst others. Thanks to @nektro for fixing\\nthis regression!\\n\\n## Fixed: node:http listen callback had wrong this value\\n\\nA bug where the this value in the listen callback was incorrect has been\\nfixed. The this value is now the server instance, as expected.\\n\\nThanks to @nektro for fixing this.\\n\\n## Fixed: cross-compilation extracting bug on Windows\\n\\nA bug where bun build --compile would incorrectly extract the tarball on\\nWindows has been fixed, thanks to @dylan-conway.\\n\\n## Fixed: error.Unexpected when upgrading bun across devices on Windows\\n\\nThe Windows NT error NOT_SAME_DEVICE was not correctly mapped to the posix\\nerror EXDEV, causing an error.Unexpected when upgrading Bun across different\\ndrive letters on Windows. This has been fixed.\\n\\n## Fixed: node:dns lookup didn't keep event loop alive on macOS\\n\\nPreviously, the following code would not log hiii on macOS:\\n\\n    \\n    \\n    const dns = require(\\\"dns\\\"); dns.lookup(\\\"google.com\\\", (err, address, family) => { console.log(\\\"hiii\\\"); });\\n\\nThis has been fixed.\\n\\nThe bug was we were not draining microtasks after DNS lookups on macOS were\\ncompleted. This caused the event loop to be empty, and the process to exit\\nbefore the callback was called.\\n\\n## Fixed: Bug with TOML & JSON imports\\n\\nA bug where json and toml imports would go through the CommonJS -> ESM\\nconversion path when they were originally required has been fixed.\\n\\nThe following input:\\n\\n    \\n    \\n    console.log(require(\\\"./hello.toml\\\"));\\n\\n\\ud83d\\udd34 Bun v1.1.5 would output (bad):\\n\\n    \\n    \\n    Module { __esModule: true, default: { hello: \\\"world\\\" }, hello: { world: \\\"world\\\" } }\\n\\n\\ud83d\\udfe2 Bun v1.1.6 now outputs (good):\\n\\n    \\n    \\n    { hello: \\\"world\\\", }\\n\\nThis should also slightly reduce the memory usage of TOML imports. Previously,\\nwe would generate a sourcemap for TOML along with source code, which was\\nunnecessary. Now we just create the objects/values directly without emitting\\nJavaScript source code.\\n\\n## Fixed: memory leak in Bun.write()\\n\\nWhen using Bun.write() with large output, the memory for the input string or\\nbytes was not correctly freed. This led to large memory growth over time. This\\nhas been fixed, and a memory leak test has been added to prevent this from\\nregressing in the future.\\n\\n## Fixed: Crash in napi_get_date_value\\n\\nA crash in napi_get_date_value when an unexpected type was passed has been\\nfixed. This crash impacted certain Node Native Addons.\\n\\n## Fixed: Possible crash in HTMLRewriter with Bun.file()\\n\\nWhen using HTMLRewriter to transform HTML files on disk with Bun.file(), in\\ncertain cases Bun could crash or never fulfill a Promise. This has been fixed.\\n\\n## Fixed: edgecase with --define\\n\\nA bug where --define when used on a global property would have incorrect\\noutput has been fixed, thanks to @dylan-conway.\\n\\n## Thank you to 9 contributors!\\n\\n  * @Electroid\\n  * @Jarred-Sumner\\n  * @KilianB\\n  * @dylan-conway\\n  * @gvilums\\n  * @jlucaso1\\n  * @nektro\\n  * @paperdave\\n  * @yus-ham\\n\\nResources\\n\\nDocs\\n\\nGuides\\n\\nDiscord\\n\\nGitHub\\n\\nBlog\\n\\nToolkit\\n\\nRuntime\\n\\nPackage manager\\n\\nTest runner\\n\\nBundler\\n\\nPackage runner\\n\\nProject\\n\\nBun 1.0\\n\\nRoadmap\\n\\nContributing\\n\\nLicense\\n\\nBaked with \\u2764\\ufe0f in San Francisco\\n\\nWe're hiring \\u2192\\n\\n\", \"frontpage\": false}"}
