{"value":"{\"aid\": \"40192524\", \"title\": \"Fun and Functional\", \"url\": \"https://eclecticlight.co/2024/04/28/last-week-on-my-mac-fun-and-functional/\", \"domain\": \"eclecticlight.co\", \"votes\": 1, \"user\": \"frizlab\", \"posted_at\": \"2024-04-28 22:24:15\", \"comments\": 0, \"source_title\": \"Last Week on My Mac:\", \"source_text\": \"Last Week on My Mac: Fun and functional \\u2013 The Eclectic Light Company\\n\\nSkip to content\\n\\n# The Eclectic Light Company\\n\\nMacs, painting, and more\\n\\nhoakley April 28, 2024 Macs, Technology\\n\\n# Last Week on My Mac: Fun and functional\\n\\nI finally replaced my old iPhone XR with a 15 Pro. Although I\\u2019m delighted with\\nthe upgrade, there\\u2019s one prominent feature that I\\u2019m disappointed with, and\\nthat\\u2019s the new Action Button replacing the Mute (ring/silent) Switch on the\\nleft side of its titanium case. The design of the previous switch made\\ninadvertent operation almost impossible, but the new button is all too easy to\\npress accidentally. So I took a look in Settings to discover how to reassign\\nits function, and that\\u2019s where I discovered the feature that I most object to.\\nSelect the Action Button there to see a travesty of human interface design.\\n\\nApple provides ten choices for the Action Button\\u2019s function, but rather than\\nusing one of several well-proven methods of offering that choice, it took me\\non a trip to the theatre.\\n\\nThere\\u2019s no way to see all ten choices listed together. Instead, you have to\\nswipe from one to the next to discover them one at a time, with each option\\nfilling the display. The first time I saw this it was vaguely amusing, but as\\nI\\u2019ve been trying to work out my choice, given that the Action Button can be\\npressed when the phone is in my pocket, Apple\\u2019s stageshow has worn thin. I\\u2019ve\\nnow come to hate the Action Button settings, and have disabled the button.\\n\\nThis reminded me painfully of two examples of Apple\\u2019s theatrical design that\\nhave persisted in macOS: the Time Machine app, and its prot\\u00e9g\\u00e9 the version\\nbrowser.\\n\\nFrom the outset, Time Machine looks as if it has just come from a fancy dress\\nparty with a Star Wars theme. Best described at the time by John Siracusa as\\n\\u201ca crazy-ass swirling nebula and moving star field, into which fades a\\nsuccession of historic incarnations of the lone remaining Finder window\\u201d, it\\nwas fun for the first few times before you learned to access your backups more\\nprosaically in the Finder.\\n\\nAlthough Apple has more recently cleaned this up and made it look more\\nfunctional, I\\u2019ve never understood why it\\u2019s the only app on my Mac that has to\\nrun in full-screen mode purely for effect.\\n\\nFans of Time Machine\\u2019s unique interface can get more of the same through the\\nFile / Revert To / Browse All Versions... command. While it\\u2019s an entertaining\\nencore, I fail to see how this too has to run in full-screen mode,\\nparticularly as it interrupts the running app and its interface. This time,\\nmacOS provides no more direct alternative, and that makes me wonder how many\\nmight have been deterred from accessing document versions as a result.\\n\\nOddly, the one part of the macOS interface that had its videos removed is\\nTrackpad settings. Prior to macOS Ventura, the Trackpad pane in System\\nPreferences contained helpful video clips demonstrating various gestures, that\\nwere far superior to verbal descriptions. When Ventura replaced those with\\nSystem Settings, Apple dropped those clips, and only reinstated them with\\nprimitive animations after general outcry during beta-testing.\\n\\nI\\u2019m all in favour of having fun, and good human interfaces should bring fun\\nwherever it\\u2019s appropriate, just as the Trackpad pane used to. But fun is only\\njustifiable when the rest of the word is completed, making it functional. The\\nAction Button on my iPhone is now functionless, just as the version browser\\nhas been since it was introduced. Well-known controls might seem boring, but\\nthey\\u2019re well-proven.\\n\\n### Share this:\\n\\n  * Twitter\\n  * Facebook\\n  * Reddit\\n  * Pinterest\\n  * Email\\n  * Print\\n\\nLike Loading...\\n\\n### Related\\n\\nMore fun scripting with Swift and Xcode: alerts and file saveDecember 23,\\n2016In \\\"Macs\\\"\\n\\nBeyond Scripting in Swift: A preference sheetJuly 26, 2017In \\\"Macs\\\"\\n\\nXcode Swift playgrounds 4: running scripts without XcodeNovember 26, 2016In\\n\\\"Macs\\\"\\n\\nPosted in Macs, Technology and tagged Action Button, design, human interface,\\niPhone, System Preferences, System Settings, Time Machine, trackpad, version.\\nBookmark the permalink.\\n\\n## 12Comments\\n\\nAdd yours\\n\\n  1. 1\\n\\nEnzo Vincenzo on April 28, 2024 at 7:44 am\\n\\nReply\\n\\nThanks Howard, I knew nothing about the new iPhone 15 button. But did Apple\\nreally make this choice that is nothing short of obnoxious and cartoonish for\\nchildren and/or mentally retarded?... Probably Apple hired Designers from the\\nconfused mindset of Microsoft or people from Barbie factories... How sad...\\nYou\\u2019ve reminded me of the Antenna Gate on the iPhone 4 and the multiple\\nnervous reactions to the problem by many people; Whoopi Goldberg, for example,\\nthrew her new iPhone 4 out the car window out of nervousness at seeing the\\nsignal drop all the time... Well, anyway to everything there is a solution and\\njust as the antenna problem of the iPhone 4 was totally solved by the use of\\ncases or bumpers, surely you can find a nice case that besides protecting the\\npurchased jewel inserts the Function key in a recess and thus makes it\\nimpossible to activate it unintentionally. Most likely the childish Designers\\nwho created this disservice will have used their prototypes wrapped in cases\\nof Donald Duck, Barbie, Mickey Mouse, Spiderman and their brains did not\\nsuggest to them that the design of an object and every detail of it should be\\ncreated by putting first the function it should perform \\u201cas is\\u201d. A beautiful\\nvase of flowers, for example, \\u201cas is\\u201d, should not ruin tables, and one should\\nnot think that those who buy it will put it on an embroidered centerpiece...\\nAll the more so when it comes to objects, designer or otherwise, whose price\\nis sky-high and at the top for its category.\\n\\nHave a great Sunday and congratulations and best wishes on your magnificent\\npurchase.\\n\\nLikeLiked by 1 person\\n\\n     * 2\\n\\nhoakley on April 28, 2024 at 9:27 am\\n\\nReply\\n\\nThank you. One of the main reasons that I chose the iPhone 15 Pro is its\\ntitanium case. That\\u2019s so resilient that it doesn\\u2019t need another layer, which\\nonly makes the phone bigger, heavier, and more slippery in my fingers. So no,\\nI\\u2019m not going to put this phone inside a case just to prevent inadvertent use\\nof the Action Button. Howard.\\n\\nLikeLiked by 1 person\\n\\n  2. 3\\n\\nJavier Gallardo on April 28, 2024 at 8:58 am\\n\\nReply\\n\\nFun or functional? Well, we\\u2019re chatting from a technical and computer-savvy\\nperspective. But real value is reflected mainly in the stock market. New\\npotential customers buy \\u201cfun\\u201d (I\\u2019m a teacher, the big mass of new adopters are\\nteenagers in my world). \\u201cFunctional\\u201d is, frequently, left for specific\\nproducts made by independent developers. Think about iPad iOS: no fun nor\\nfunction for the most primal computing task, a CALCULATOR!\\n\\nI hope that Mr. Hoakley could soon install an app for a really functional\\ncontrol of the \\u201caction button\\u201d, now that he has become, at last, a new gen.\\niPhone acquirer. (Possibly already \\u201cthere\\u2019s an app for that!\\u201d). I keep on\\ngoing with my nice iPhone SE, I\\u2019m happy if it just works.\\n\\n...But I suspect both of us are medium () age consumers, not prone to buying\\nnew Apple devices if they\\u2019re not really needed. We\\u2019re not big business for\\nApple... The naive \\u201cshow\\u201d while setting \\u201caction button\\u201d is -perhaps- better\\nsuited for the general buyer, I\\u2019m afraid. My son loves these kind of Apple\\ngimmicks. Could it be that \\u201cfun\\u201d is highly profitable? (An \\u201cfunction\\u201d?\\n...Well... You seem \\u201cdelighted\\u201d even without the function... Apple was\\naccurate when pondering at the design table, as your experience proves).\\n\\nLikeLiked by 2 people\\n\\n     * 4\\n\\nhoakley on April 28, 2024 at 9:30 am\\n\\nReply\\n\\nThank you. There shouldn\\u2019t be a choice between fun and functional. For 40\\nyears Macs have provided both \\u2013 and the Trackpad pane is an excellent example.\\nWe all love gimmicks for the first hour or two. Then when we have to live with\\nthem for the next few years, those gimmicks just become painful. That\\u2019s what\\nhuman factors are all about. Howard.\\n\\nLikeLiked by 1 person\\n\\n       * 5\\n\\nJavier Gallardo on April 28, 2024 at 10:14 am\\n\\nReply\\n\\nThere\\u2019s an important choice, if \\u201cfunctional\\u201d makes \\u201cfun\\u201d less helpful for\\nsales. The photo of the iOS assignation control you post is delightful and a\\nnice jingle for sales. Could a similarly tasty photo be provided about a \\u201cfun\\nand functional\\u201d interface? That is the question, when talking about marketing;\\ntechnically, the target should be fun & function, I agree (and I have praised\\nyour utility apps precisely because of that).\\n\\nLikeLiked by 2 people\\n\\n         * 6\\n\\nhoakley on April 28, 2024 at 9:20 pm\\n\\nSurely, the original Mac was successful largely because it was designed to\\ncombine fun and function. At a time when PCs were still bound to text and\\ncommands, the Mac interface combined both. Have we now lost that ability, or\\nis it that no one cares any more? Howard.\\n\\nLikeLiked by 1 person\\n\\n  3. 7\\n\\nKees on April 28, 2024 at 9:52 am\\n\\nReply\\n\\nAs for the Document Versions interface ... I appreciate it when developers\\ntake the time to come up with a more sensible alternative for accessing macOS\\ndocument versions from within their application. Examples are Nisus Writer [1]\\nand BBEdit v. 15 (clock icon in top navigation bar). No modal full screen\\ninterfaces here, just direct access to saved prior versions as if they are\\nregular files.\\n\\nLikeLiked by 2 people\\n\\n     * 8\\n\\nhoakley on April 28, 2024 at 9:18 pm\\n\\nReply\\n\\nThank you. Yes, those implementations are superb. Howard.\\n\\nLikeLike\\n\\n  4. 9\\n\\nEnzo Vincenzo on April 28, 2024 at 1:54 pm\\n\\nReply\\n\\nPerhaps by now we must resign ourselves and submit to the demands of marketing\\nthat aims to win over children and superficial people. But let us reflect on\\nthe fact that those children to whom we are transmitting the idea that life is\\na game, with no respect for substance, ergonomics and proper functionality,\\nwill be the ones who will rule us, manage technology and take care of us in\\nthe near future... Hopefully, they will not be inspired by the unserious or\\nsuperficial trends that Apple and many other brands are, unfortunately,\\ndeveloping...\\n\\nLikeLiked by 1 person\\n\\n     * 10\\n\\nhoakley on April 28, 2024 at 9:22 pm\\n\\nReply\\n\\nThank you. Howard.\\n\\nLikeLiked by 1 person\\n\\n  5. 11\\n\\nsamual on April 28, 2024 at 8:59 pm\\n\\nReply\\n\\nThe best use of the Action Button is to run a shortcut. Then you can get it to\\ndo something you actually can use. Unfortunately yes you still experience that\\ncrazy UX to set it to run a shortcut. And yes the button basically has the\\nsame hand/finger feel as the volume up/down so it\\u2019s easy to press the wrong\\nbutton. I think it really is an apple fail on the placement of the button. Had\\nthey put it in the right side it would be much easier to differentiate from\\nthe long lock button.\\n\\nLikeLiked by 2 people\\n\\n     * 12\\n\\nhoakley on April 28, 2024 at 9:58 pm\\n\\nReply\\n\\nThank you for your suggestion, which had occurred to me. However, without\\nputting the phone in a case, its Action Button does get pressed sometimes when\\nit\\u2019s in my pocket; that wasn\\u2019t a problem with the more traditional Mute switch\\nof course. So I can\\u2019t assign the Action Button any useful action. It\\u2019s just\\nanother wasted feature. Howard.\\n\\nLikeLike\\n\\n### Leave a comment Cancel reply\\n\\nThis site uses Akismet to reduce spam. Learn how your comment data is\\nprocessed.\\n\\n# Quick Links\\n\\n  * Free Software Menu\\n  * System Updates\\n  * M-series Macs\\n  * Mac Troubleshooting Summary\\n  * Mac problem-solving\\n  * Painting topics\\n  * Painting\\n  * Long Reads\\n\\n# Search\\n\\n# Monthly archives\\n\\n  * April 2024 (68)\\n  * March 2024 (81)\\n  * February 2024 (72)\\n  * January 2024 (78)\\n  * December 2023 (79)\\n  * November 2023 (74)\\n  * October 2023 (77)\\n  * September 2023 (77)\\n  * August 2023 (72)\\n  * July 2023 (79)\\n  * June 2023 (73)\\n  * May 2023 (79)\\n  * April 2023 (73)\\n  * March 2023 (76)\\n  * February 2023 (68)\\n  * January 2023 (74)\\n  * December 2022 (74)\\n  * November 2022 (72)\\n  * October 2022 (76)\\n  * September 2022 (72)\\n  * August 2022 (75)\\n  * July 2022 (76)\\n  * June 2022 (73)\\n  * May 2022 (76)\\n  * April 2022 (71)\\n  * March 2022 (77)\\n  * February 2022 (68)\\n  * January 2022 (77)\\n  * December 2021 (75)\\n  * November 2021 (72)\\n  * October 2021 (75)\\n  * September 2021 (76)\\n  * August 2021 (75)\\n  * July 2021 (75)\\n  * June 2021 (71)\\n  * May 2021 (80)\\n  * April 2021 (79)\\n  * March 2021 (77)\\n  * February 2021 (75)\\n  * January 2021 (75)\\n  * December 2020 (77)\\n  * November 2020 (84)\\n  * October 2020 (81)\\n  * September 2020 (79)\\n  * August 2020 (103)\\n  * July 2020 (81)\\n  * June 2020 (78)\\n  * May 2020 (78)\\n  * April 2020 (81)\\n  * March 2020 (86)\\n  * February 2020 (77)\\n  * January 2020 (86)\\n  * December 2019 (82)\\n  * November 2019 (74)\\n  * October 2019 (89)\\n  * September 2019 (80)\\n  * August 2019 (91)\\n  * July 2019 (95)\\n  * June 2019 (88)\\n  * May 2019 (91)\\n  * April 2019 (79)\\n  * March 2019 (78)\\n  * February 2019 (71)\\n  * January 2019 (69)\\n  * December 2018 (79)\\n  * November 2018 (71)\\n  * October 2018 (78)\\n  * September 2018 (76)\\n  * August 2018 (78)\\n  * July 2018 (76)\\n  * June 2018 (77)\\n  * May 2018 (71)\\n  * April 2018 (67)\\n  * March 2018 (73)\\n  * February 2018 (67)\\n  * January 2018 (83)\\n  * December 2017 (94)\\n  * November 2017 (73)\\n  * October 2017 (86)\\n  * September 2017 (92)\\n  * August 2017 (69)\\n  * July 2017 (81)\\n  * June 2017 (76)\\n  * May 2017 (90)\\n  * April 2017 (76)\\n  * March 2017 (79)\\n  * February 2017 (65)\\n  * January 2017 (76)\\n  * December 2016 (75)\\n  * November 2016 (68)\\n  * October 2016 (76)\\n  * September 2016 (78)\\n  * August 2016 (70)\\n  * July 2016 (74)\\n  * June 2016 (66)\\n  * May 2016 (71)\\n  * April 2016 (67)\\n  * March 2016 (71)\\n  * February 2016 (68)\\n  * January 2016 (90)\\n  * December 2015 (96)\\n  * November 2015 (103)\\n  * October 2015 (119)\\n  * September 2015 (115)\\n  * August 2015 (117)\\n  * July 2015 (117)\\n  * June 2015 (105)\\n  * May 2015 (111)\\n  * April 2015 (119)\\n  * March 2015 (69)\\n  * February 2015 (54)\\n  * January 2015 (39)\\n\\n# Tags\\n\\nAPFS Apple Apple silicon backup Big Sur Blake bug Catalina Consolation Console\\nCorinth diagnosis Disk Utility Dor\\u00e9 El Capitan extended attributes Finder\\nfirmware Gatekeeper G\\u00e9r\\u00f4me High Sierra history of painting iCloud\\nImpressionism landscape LockRattler log M1 Mac Mac history macOS macOS 10.12\\nmacOS 10.13 macOS 10.14 macOS 10.15 macOS 11 macOS 12 macOS 13 macOS 14\\nmalware Metamorphoses Mojave Monet Monterey Moreau MRT myth narrative OS X\\nOvid painting performance Pissarro Poussin privacy realism Renoir riddle\\nRubens Sargent scripting security Sierra SilentKnight SSD Swift Time Machine\\nTintoretto Turner update upgrade Ventura xattr Xcode XProtect\\n\\n# Statistics\\n\\n  * 17,049,142 hits\\n\\nBlog at WordPress.com.\\n\\nBegin typing your search above and press return to search. Press Esc to\\ncancel.\\n\\n  * Comment\\n  * Reblog\\n  * Subscribe Subscribed\\n\\n    * The Eclectic Light Company\\n    * Already have a WordPress.com account? Log in now.\\n\\n  * Privacy\\n  *     * The Eclectic Light Company\\n    * Customize\\n    * Subscribe Subscribed\\n    * Sign up\\n    * Log in\\n    * Copy shortlink\\n    * Report this content\\n    * View post in Reader\\n    * Manage subscriptions\\n    * Collapse this bar\\n\\nLoading Comments...\\n\\n%d\\n\\n\", \"frontpage\": false}"}
