{"value":"{\"aid\": \"40192185\", \"title\": \"Are Workplaces Inherently Toxic?\", \"url\": \"https://thewalrus.ca/toxic-work/\", \"domain\": \"thewalrus.ca\", \"votes\": 1, \"user\": \"laurex\", \"posted_at\": \"2024-04-28 21:31:51\", \"comments\": 0, \"source_title\": \"Are Workplaces Inherently Toxic?\", \"source_text\": \"Are Workplaces Inherently Toxic? | The Walrus\\n\\nNewsletters\\n\\nSubscribe\\n\\nDonate\\n\\n##### Sections\\n\\nLatest Stories Business Environment Society Politics Arts & Culture\\n\\n##### Explore\\n\\nNewsletters Events Listen Games Magazine The Walrus Lab\\n\\n##### Support\\n\\nDonate Subscribe Merchandise Annual Report The Walrus Gala\\n\\n##### Follow\\n\\nTwitter LinkedIn YouTube TikTok Facebook Instagram\\n\\n  * About Us\\n  * Contact Us\\n  * My Account\\n  * Manage Subscriptions\\n\\nPOPULAR \\u2192\\n\\nGames\\n\\nContributing Writers\\n\\nAI\\n\\nPolice\\n\\nThe Walrus Talks Cultural Futures\\n\\nSkip to content\\n\\nThe Walrus\\n\\nFact-based journalism that sparks the Canadian conversation\\n\\n[hmenu id=2]\\n\\nMay 2024 / Society\\n\\n# Are Workplaces Inherently Toxic?\\n\\nBullying. Harassment. Horrible bosses. How dream jobs turn into nightmares\\n\\nApril 3, 2024April 3, 2024 - by Samia MadwarSamia Madwar Illustration by Pete Ryan, Updated 12:07, Apr. 3, 2024 | Published 6:30, Apr. 3, 2024\\n\\nWhen Sara Fung was hired as a clinical nurse specialist at a hospital near\\nToronto, she thought she was starting her dream job. Six months in, she was\\nmiserable. Every day felt like an episode of Survivor. \\u201cI had to find the\\nright alliances,\\u201d she says, \\u201cor I was going to sink.\\u201d\\n\\nA manager Fung worked with was a bully, and the environment was generally\\nhostile. During daily huddles with staff, the manager would reject most of her\\nsuggestions and discourage her from asking questions, and would sometimes call\\nmeetings intentionally excluding her. Fung recalls meetings in which\\nphysicians yelled at one another across the table, to the point that the\\nadministrative assistant didn\\u2019t know what to record in the minutes. The\\ndoctors rarely gave Fung a chance to speak and disregarded her expertise. It\\nhappened to others too. \\u201cA lot of high-performing individuals got stepped on,\\u201d\\nsays Fung. \\u201cThey either stayed and kept their heads down, or left.\\u201d\\n\\nFung didn\\u2019t think complaints to the human resources department would go\\nanywhere. At home, she would snap at her husband, her children, and her\\nmother. She had trouble sleeping. To cope, she gossiped with the few co-\\nworkers she trusted. She eventually quit, moving on to another job that in\\nmany ways was just as demoralizing, where a manager would regularly give her\\nspecific instructions only to question her when she carried them out. Fung\\ndescribes another director she worked under as a \\u201ctoxic rock star\\u201d: someone\\nwho gets results but at the expense of the team\\u2019s well-being. Fung noticed\\nthat newcomers like her would start out with enthusiasm and a desire to\\nimprove things, but few lasted.\\n\\nShe has since built a business helping nurses grow their careers. She and a\\nformer co-worker host a podcast on health care; in certain episodes, they\\nreflect on some of their worst experiences in nursing.\\n\\nSome might counter that what Fung dealt with is typical of a high-stress\\nenvironment, where tension among colleagues is expected. Those who can\\u2019t\\nmanage difficult co-workers or live up to their bosses\\u2019 standards are simply\\nnot cut out for their jobs. Maybe that\\u2019s true. Maybe we expect too much from\\nour jobs. We don\\u2019t have to like our colleagues. Our bosses owe us nothing more\\nthan a paycheque.\\n\\nOr maybe we shouldn\\u2019t accept misery at work as being normal.\\n\\n  * Can Microcredentials Get You a Better Job?\\n  * Are We Seeing a Surge in Labour Unrest?\\n  * As a Black Woman, I Couldn\\u2019t Get a Fair Chance in Construction. So I Started My Own Company\\n\\nSearches for the term \\u201ctoxic workplace,\\u201d per Google Trends, have risen\\nsteadily over the past two decades. That lines up with increasingly publicized\\nscandals involving high-profile figures. Then governor general Julie Payette\\nresigned after a 2020 CBC report, and a subsequent independent review, found\\nthat she and her second-in-command had bullied and harassed staff by screaming\\nat, belittling, and publicly humiliating them. In the past three years,\\nallegations and complaints have abounded in TV and media, including at The\\nEllen DeGeneres Show (sexual harassment and racial discrimination), comedian\\nHasan Minhaj\\u2019s now-cancelled show Patriot Act (women of colour reported they\\u2019d\\nbeen mistreated), the food magazine Bon App\\u00e9tit (racism), the podcast Reply\\nAll (also racism\\u2014which came to light as its reporters investigated Bon\\nApp\\u00e9tit), Jimmy Fallon\\u2019s The Tonight Show (culture of intimidation), and Fox\\nNews and Tucker Carlson\\u2019s show (sexist and antisemitic work environment). Last\\nyear, Mike Babcock, who once coached the Toronto Maple Leafs, was fired from\\nhis latest gig following an NHL Players\\u2019 Association investigation into\\nreports that he bullied players\\u2014for instance, by demanding to go through their\\nphones.\\n\\nThen there are the less star-studded but equally alarming allegations of toxic\\nworkplaces. To name a few: Exxon\\u2019s offices in Texas, the video gaming company\\nUbisoft, the United Nations World Food Programme\\u2014one of the world\\u2019s biggest\\nhumanitarian organizations\\u2014and several municipal governments in Canada,\\nincluding Edmonton, Winnipeg, and Montreal.\\n\\nNews reports tend to treat each case as a one-off, but there are some clear\\npatterns. In several instances, employees allege that complaints to HR\\ndepartments are either ignored, dismissed, or quashed\\u2014or spark retaliation.\\nProblematic supervisors or co-workers are excused for their misbehaviours,\\nespecially if they\\u2019re men. (Anyone who\\u2019s heard something along the lines of\\n\\u201cThat\\u2019s just the way he is\\u201d about a colleague often enough will likely start\\nbelieving and even repeating it.) Felicia Enuha, in an episode of her career\\nmanagement podcast Trill MBA, describes a toxic workplace as one that \\u201callows\\nthe bad behaviour of one or a few to continue.\\u201d But what that looks like is\\nsubjective. Ashley McCulloch\\u2019s 2016 doctoral dissertation for Carleton\\nUniversity, one of the few studies that examine the psychological\\nconsiderations of toxic work environments, draws parallels with the science of\\ntoxicology. A chemical can be harmless at low doses but becomes poisonous past\\na certain threshold. So it is with toxic behaviour at work.\\n\\nBy some measures, that poison is widespread. A 2020/21 survey, jointly\\nconducted by researchers at Western University and the University of Toronto,\\nfound that 71.4 percent of respondents had experienced a form of workplace\\nharassment or violence in the previous two years. In some cases, remote work\\nmodels during the COVID-19 pandemic introduced new barriers to reporting\\nharassment and prevented workers from accessing adequate support. The\\nphenomenon isn\\u2019t limited to Canada: a 2021 survey by the UN\\u2019s International\\nLabour Organization (ILO), Lloyd\\u2019s Register Foundation, and Gallup found that\\nnearly one in five people worldwide experience psychological violence and\\nharassment in their working lives. According to the report, many of those who\\nfaced discrimination because of factors like gender, disability status, or\\nskin colour were more likely to have also experienced workplace harassment or\\nviolence.\\n\\n\\u201cWithin a capitalist system, the dynamic of worker and boss is already set up\\nto be toxic.\\u201d\\n\\nIt\\u2019s not clear whether toxic behaviour is on the rise or if increasingly open\\ndiscussions about mental health, sexual harassment, and racism, among other\\nforms of discrimination, are shining a light on some fundamental flaws in the\\nway we work. One could argue, for example, that professional hierarchies\\u2014often\\nbuilt on the conceit that promotions and advancements are merit based\\u2014provide\\na convenient facade for some of humanity\\u2019s worst impulses. Favouritism and\\nnepotism can reward the undeserving, and discriminatory attitudes among those\\nin power can hold back genuine hard work and talent. Inflated egos among some\\nof those who rise through the ranks might drive them to mistreat those below\\nthem. There\\u2019s even handy business jargon that attempts to justify the\\ninequity\\u2014say, for example, the concept of \\u201cmanaging up,\\u201d whereby employees are\\nmeant to, in essence, babysit incompetent or moody supervisors. \\u201cEven if your\\nboss has some serious shortcomings,\\u201d one Harvard Business Review article\\nadvises, \\u201cit\\u2019s in your best interest, and it\\u2019s your responsibility, to make\\nthe relationship work.\\u201d (It\\u2019s not clear why exactly that burden should fall on\\nsubordinates, especially if they aren\\u2019t receiving a manager\\u2019s salary.)\\n\\nSeniority-based workplaces, which reward those who are loyal to their\\nemployer, can also be problematic; workers who last long enough might arguably\\nmake the minimum amount of effort to maintain their positions at the top,\\nleaving junior employees to do the heavy lifting. And commissions-based jobs\\ninvite the kind of noxious competition that makes the Netflix hit Selling\\nSunset so hate-watchable. (Toxic behaviour at work offers juicy tension for\\nany number of films and shows\\u2014Succession\\u2019s characters seem to have bullying\\nencoded into their DNA.)\\n\\nStructural inequities aside, conflict in professional environments may be\\ninevitable, since they often involve assemblages of people who otherwise\\nwouldn\\u2019t choose to spend time together. Workplaces rarely invest in dealing\\nwith conflict, because profits tend to be prioritized over well-being. You\\ncould argue that the two go hand in hand: from a business perspective, work\\nstress can result in lost productivity, absenteeism, medical costs, and high\\nturnover, among other consequences. Given how much time we spend at work, how\\nmuch self-worth many of us associate with our careers, and how job stress\\ninevitably spills into the rest of our lives, the true damage may be\\nimpossible to quantify.\\n\\n\\u201cWhen people tell me they\\u2019re in a toxic work environment, what they usually\\nmean is they feel it\\u2019s causing them physical or psychological harm,\\u201d says\\nJeanette Bicknell, a workplace mediation specialist. \\u201cEven if you\\u2019re a good\\nperson or a good employee in a toxic workplace, you won\\u2019t thrive because . . .\\nthe workplace itself will make you dysfunctional.\\u201d\\n\\nAccording to the ILO survey, just over half of those who experience workplace\\nviolence and harassment report what happened, and many are more likely to tell\\nfriends or family rather than turn to formal avenues. \\u201cAmong survey\\nrespondents,\\u201d the report says, \\u201c\\u2018waste of time\\u2019 and \\u2018fear for their\\nreputation\\u2019 were the most common barriers.\\u201d\\n\\nSome of that reticence may stem from the covert and insidious nature of\\npsychological harassment. Micromanaging, giving inconsistent directions, and\\nwithholding crucial information from subordinates\\u2014as in Fung\\u2019s experience\\u2014are\\nall forms of bullying. That hadn\\u2019t occurred to me until I spoke with Edmonton-\\nbased Linda Crockett, founder of the Canadian Institute of Workplace Bullying\\nResources.\\n\\nWhen Crockett is called into a workplace for a consultation, she tells me,\\nit\\u2019s usually because the client doesn\\u2019t know exactly what\\u2019s wrong, except that\\nworkers are unhappy. She starts by helping complainants understand what\\nthey\\u2019re dealing with. Many of them experience seemingly minor instances of\\nharassment\\u2014small insults or derogatory comments\\u2014that they might dismiss at\\nfirst, especially if they love their jobs. But then the problems add up,\\nleading to some telltale symptoms: sleep loss, anxiety, even gastrointestinal\\ndisorders. Over time, she says, bullying targets\\u2014and she deliberately uses the\\nword targets rather than victims\\u2014start to isolate themselves. They question\\ntheir own behaviour, wondering whether they\\u2019re being too sensitive. They worry\\ntheir complaints might be dismissed as run-of-the-mill interpersonal conflict.\\n\\nFor McCulloch\\u2019s study, she surveyed more than 500 employees and managers from\\nthirty industries, with job titles as varied as academic librarian, police\\nofficer, CFO, and waitress. She found that the litmus test of toxicity lay in\\nan organization\\u2019s tolerance for harmful behaviour: if employees reported being\\nbullied, harassed, or otherwise abused, management did little to address their\\nconcerns.\\n\\nI wondered if the long-term decline of overall union membership in this\\ncountry had something to do with the seeming ubiquity of toxic workplaces. I\\nhaven\\u2019t worked in a unionized environment for most of my professional life,\\nbut I have heard friends and acquaintances describe labour organizing\\u2014and its\\nfocus on better working conditions, wages, and benefits for members\\u2014as a\\nsolution to workplace woes. But even unions can fall prey to a larger economic\\nsystem that is itself toxic\\u2014riven with systemic features and dynamics that\\nundermine the principles of unionizing.\\n\\nChristina Hajjar was fired from her server\\u2019s job at Stella\\u2019s Caf\\u00e9 & Bakery, a\\nWinnipeg chain, in November 2017 after complaining about her schedule. On the\\none-year anniversary of her firing, she posted about it on Instagram. Amid a\\nflood of replies, Hajjar, alongside other Stella\\u2019s veterans, launched an\\nInstagram account that posted screenshots, often anonymized, of solidarity\\nmessages from other workers at various locations. Some recounted daily\\ninjustices, such as managers insulting and fat-shaming workers. One post\\nreported how a patron harassed a trans employee. Management did nothing about\\nit and she was forced to quit. The most egregious violation, says Hajjar, was\\na case of sexual assault. When complainants made reports like these,\\nmanagement allegedly transferred the accused perpetrator to another location.\\n\\nAs part of their campaign, Hajjar, along with Amanda Murdock, Kelsey Wade, and\\nseveral others who ran the Instagram account, demanded that Stella\\u2019s owners\\nformally acknowledge the harm they\\u2019d caused and create an HR department.\\n(Stella\\u2019s had introduced an HR position in 2016, but Murdock says the role\\nlargely consisted of issuing edicts\\u2014for instance, that workers shouldn\\u2019t take\\nbathroom breaks during their shifts.) Within a few weeks, Stella\\u2019s owners\\napologized in a newspaper ad and video, and two of the most complained-about\\nmanagers, including a vice president, were fired. By mid-December 2018, two\\nStella\\u2019s locations voted to join the United Food and Commercial Workers Canada\\nLocal 832 union. The triumph turned out to be short lived: both unionized\\nlocations shut down during the COVID-19 pandemic. Stella\\u2019s stated that the\\nunion\\u2019s demands\\u2014such as optional weekend work, minimum hours, and a $0.25 per\\nhour wage increase for employees after one year\\u2014made pandemic operations\\nunsustainable. It\\u2019s one reason, Hajjar says, the work she did to speak out\\nwill never be complete. (The company did not respond to a request for\\ncomment.)\\n\\n\\u201cWithin a capitalist system, the dynamic of worker and boss is already set up\\nto be toxic,\\u201d she says. \\u201cOur labour has already been exploited. So what is\\ntoxicity if not exploitation?\\u201d It doesn\\u2019t have to be this way, says Hajjar,\\nwho hopes that it\\u2019s possible to have a job where the work environment doesn\\u2019t\\nhave to feel punishing.\\n\\nDenise O\\u2019Connell thinks it can be. She now works in a corporate role at a\\ncompany with a robust HR department. Before that, she had a long career in\\nmedia and saw the difference unions can make. During one period when she\\nworked in a unionized newsroom, she perceived better morale among her co-\\nworkers. At the very least, she says, they knew what time they could expect to\\nleave work for the day. In other jobs, the hours could be long, stressful, and\\nunpredictable.\\n\\nShe likens working in media to navigating playground politics: there are\\npopular kids at the top of the hierarchy, and there are bullies who, she says,\\ntry to take back power when they feel powerless in other parts of their lives.\\nHer newsroom co-workers harassed her. Some implied that, as a woman of colour,\\nshe\\u2019d been hired only because she met a so-called diversity quota. \\u201cI realized\\nthat the industry that I\\u2019m in just breeds a certain type of personality,\\u201d she\\nsays, \\u201ca certain type of ego.\\u201d\\n\\nO\\u2019Connell once confronted a supervisor who had yelled at her at length for the\\nway she\\u2019d labelled videotapes; her contract was terminated soon afterward.\\nThat was fairly typical, she says. In many places where O\\u2019Connell worked,\\nthere was no HR department or union to address complaints. It was worse when\\nshe shifted from news to reality and lifestyle television, where work tended\\nto be contract dependent. She believes the precarity was by design. \\u201cWhen we\\ntalk about bullying,\\u201d she says, \\u201cit\\u2019s holding somebody\\u2019s livelihood over their\\nhead.\\u201d The transient nature of the work meant crews would disband after a few\\nweeks, and there was never anyone on staff who dealt with interpersonal\\nconflicts.\\n\\nI didn\\u2019t realize that in accepting a certain level of toxicity at work, I\\nmight be helping to perpetuate it.\\n\\nWhen she tried to help form a union among media workers, many of her\\ncolleagues were reluctant to sign on, fearing they might lose their jobs. She\\nand some fellow organizers eventually received support from other media unions\\nto help workers in their industry on a case-by-case basis\\u2014advising freelancers\\non how to negotiate their contracts, for example, or simply clarifying what\\nrights they had.\\n\\nCrockett tells me she\\u2019s perceived little difference between unionized and non-\\nunionized environments in her work. She\\u2019s seen burnout among union employees,\\nand some unions, she says, can be \\u201ctoxic as hell\\u201d: their structures mimic the\\nproblematic hierarchies in many workplaces, and leaders are known to abuse\\ntheir power. When I raised Crockett\\u2019s assertion, O\\u2019Connell conceded that for a\\nunion to be effective, its representatives have to reflect the diversity of\\nthose working in that industry.\\n\\nMaybe that goes for all those who have the power to litigate or act on\\nworkplace complaints. It takes an informed perspective to recognize\\ndiscrimination or harassment for what they are. And it takes a certain kind of\\nleadership to accept that their work culture might perpetuate systemic\\ninequities. That\\u2019s only possible when workplace leaders\\u2014especially at the\\nhighest levels\\u2014believe those systemic problems are real.\\n\\nIn theory, the federal government\\u2014this country\\u2019s largest employer\\u2014is loaded\\nwith mechanisms to protect workers. But just because those tools exist doesn\\u2019t\\nmean they\\u2019re effective. Bernadeth Betchi had long felt underappreciated and\\noverlooked in various government roles, including while working at the Canada\\nRevenue Agency. She had a master\\u2019s degree in women\\u2019s and gender studies, yet\\nshe watched her white colleagues, some of whom had equivalent education and\\nexperience levels, get promoted ahead of her. \\u201cWhat makes it toxic,\\u201d she says,\\n\\u201cis that you\\u2019re now working twice as hard, or maybe more, because you want to\\nbe noticed.\\u201d\\n\\nAfter leaving the CRA, she began working as a communications assistant for the\\nPrime Minister\\u2019s Office, completing duties primarily for Sophie Gr\\u00e9goire\\nTrudeau, then took a position at the Canadian Human Rights Commission. Once\\nagain, she felt sidelined in her role and was dismissed when she asked about\\nopportunities for a promotion. A manager told her she wouldn\\u2019t be able to\\nhandle a higher workload given that she had young children. Another time, she\\nwas told she didn\\u2019t have enough experience debriefing senior management. \\u201cI\\nremember sitting there and thinking, \\u2018How much more \\u201csenior management\\u201d do you\\nwant than your prime minister?\\u2019\\u201d she says. Less than a year into her job,\\nBetchi took a leave of absence due to stress.\\n\\nIn 2020, she and eight other complainants accused the CHRC of perpetuating\\nracism and Islamophobia. The irony is hard to miss: the watchdog is meant to\\noversee complaints of harassment or discrimination in federally regulated\\nworkplaces. \\u201cIf you\\u2019re a Black person, if you\\u2019re a racialized person, if\\nyou\\u2019re [part of a] religious minority, I would say don\\u2019t . . . bring your\\ngrievance at the commission,\\u201d says Betchi. \\u201cIt\\u2019s not a safe place.\\u201d\\n\\nThat year, Betchi also became one of the representative plaintiffs who filed a\\nseparate claim against the federal government, seeking $2.5 billion in damages\\nfor Black employees in the public service. (A certification hearing for the\\nsuit is scheduled for early May.) In the statement of claim, Betchi describes\\na \\u201cpoisoned\\u201d and \\u201ctoxic\\u201d work environment. According to Nicholas Marcus\\nThompson of the Black Class Action Secretariat, Black employees across the\\npublic service have complained of reaching out to various employee assistance\\nprograms for mental health support, only to be told that the discrimination\\nthey were facing didn\\u2019t exist.\\n\\nThere have been previous class actions raised against federal government\\nagencies, including against the Royal Canadian Mounted Police, the Canadian\\nArmed Forces, and the Department of National Defence, with external reviews\\ndescribing what amounts to a toxic work environment for women and minorities.\\nIn recent years, Aboriginal Peoples Television Network has reported on\\nallegations from Indigenous employees whose cultures had been disparaged at\\nIndigenous Services Canada. In a 2021 APTN investigation, Mac Saulis, a\\nWolastoqey Elder, likened the environment of fear, harassment, and bullying to\\nhis experience at residential school.\\n\\nA few days after my interview with Betchi, last March, the Treasury Board of\\nCanada Secretariat, which oversees HR services for the federal government,\\nfound the CHRC had discriminated against Black and racialized employees.\\nAccording to a CBC report, it also reached the same conclusion in response to\\nsimilar complaints filed by three federal public sector unions. (The treasury\\nboard, meanwhile, had itself been accused of having a toxic workplace culture\\nthe previous year.)\\n\\nFour years ago, worldwide protests against anti-Black racism led to widespread\\nefforts to introduce diversity, equity, inclusion, and accessibility\\ninitiatives\\u2014commonly known by the acronym DEI\\u2014to improve workplace culture. In\\nmany cases, the results have been superficial at best. They\\u2019ve allowed some\\nworkplace leaders to simulate the appearance of progress without making any\\nmeaningful change. It\\u2019s why there are still those who, like Betchi, find\\nthemselves having to prove over and over that they\\u2019ve been wronged. Some forms\\nof toxicity may be systemic, but they\\u2019re perpetrated by individuals who\\nusually don\\u2019t think they\\u2019re part of the problem.\\n\\nIn the fall of 2015, the news site Canadaland published an article about The\\nWalrus, the organization that publishes this magazine. \\u201cThe words \\u2018toxic work\\nenvironment\\u2019 came up in many interviews Canadaland conducted,\\u201d author Jane\\nLytvynenko wrote at the time. Some described bullying, intimidation, and\\nthreats of firing if they spoke out.\\n\\nI started at The Walrus less than a year later. I thought I was immune to what\\nI considered to be typical hazards of professional life\\u2014that I could handle a\\ntoxic workplace because I\\u2019d survived others. I didn\\u2019t realize that in\\naccepting a certain level of toxicity at work, I might be helping to\\nperpetuate it. It can be hard to know where to draw the line between a\\ndemanding boss and a toxic one, between a high-pressure job and a damaging\\nwork culture. It\\u2019s harder still in an environment that\\u2019s perceived as\\nprogressive, where genuine passion drives the work\\u2014a place like The Walrus.\\n\\nStaff turnover in the past eight years, along with a broader cultural shift,\\nhas made the environment feel more trusting than when I started. I know I\\u2019ll\\nbe listened to, and I know I\\u2019ll likely be believed if I raise\\nconcerns\\u2014admittedly a low bar for any workplace to meet.\\n\\n\\u201cWe\\u2019re really bad at helping people through difficult conversations,\\u201d says\\nJulia Shaw, a psychology researcher based in London, UK. People on the\\nreceiving end of a complaint often don\\u2019t know how to react well, she says,\\neven if they\\u2019re trained HR professionals. They might start, whether\\nconsciously or not, assessing whether their co-worker is too emotional, or\\nmaybe doesn\\u2019t look emotional enough, to be believed. That\\u2019s because most of us\\nare wired this way. \\u201cWe\\u2019re immediately going into deception detection mode,\\nwhich is horrible for these kinds of situations,\\u201d says Shaw. \\u201cWe bring our own\\nbiases.\\u201d\\n\\nIn 2017, Shaw co-founded Spot, a start-up that created an AI chatbot through\\nwhich workers can report harassment anonymously. Shaw and her partners found\\nthat the uptake was highest in institutions with an existing reporting culture\\nand Spot simply became a tool for better documentation. For Spot to have any\\neffect, says Shaw, the desire for change \\u201cneeds to come from the top.\\u201d\\n\\nYet many of those at the top are promoted to their positions with very little\\ntraining in how to manage others. \\u201cThere\\u2019s this assumption that this\\nparticular kind of soft skill is intuitive, that you can just pick it up along\\nthe way,\\u201d says Shaw. \\u201cIt\\u2019s a skill you need to learn much like anything else.\\u201d\\nIt isn\\u2019t standard practice to train managers properly, because we tend to\\nundervalue skills that are \\u201cassociated with femininity,\\u201d she says, \\u201clike\\ncommunication and stuff like that.\\u201d\\n\\nI tried out a Spot demo Shaw sent me. I chatted with the HR bot about a made-\\nup workplace conflict. It prompted me to share as much as I could recall,\\nincluding who witnessed the incident and who else I told about it. Afterward,\\nSpot emailed me a transcript of our exchange. Whenever I was ready to submit\\nit along with any other complaints I filed, I could command Spot to compile my\\nreports as PDFs and send them to my organization\\u2019s HR department\\u2014assuming\\nthere was an HR department. I\\u2019ve always worked in small newsrooms or\\nnonprofits, places where human resources isn\\u2019t a fully staffed department but\\nrather an add-on to one person\\u2019s job title. (I\\u2019m also lucky to be employed\\nfull time; many in the journalism industry are freelancers, who have even\\nfewer protections or none at all.)\\n\\nMy situation is fairly common; Bicknell tells me the majority of her clients\\nare in mid-sized organizations that are big enough to have personnel problems\\nbut too underresourced to handle them internally. Whatever the size of the\\nworkplace, she avoids singling out anyone who might be causing problems.\\n\\u201cThere\\u2019s the toxic workplace discourse, but there\\u2019s also the toxic employee\\ndiscourse,\\u201d she says. \\u201cI try to get people away from that because . . . it\\u2019s\\noften about systems and structures and not about bad individuals.\\u201d If an\\nemployee is consistently disrespectful to colleagues and consistently gets\\naway with it, for example, that\\u2019s a structural problem.\\n\\nBut sometimes, there are obvious culprits. While Bicknell never recommends\\nthat anyone get fired, there are more strategic ways to go about it. \\u201cI\\nremember, in one of my earliest trials, the boss saying from the beginning,\\n\\u2018We don\\u2019t want to fire anyone, that\\u2019s not our culture. We pride ourselves on\\nbeing loyal,\\u2019\\u201d she says. \\u201cBut what message are you sending to the ten other\\npeople who work there? How are you being loyal to them?\\u201d\\n\\nWhen Crockett delivers her workplace training, through workshops with staff\\nand then leadership, she can usually identify, within an hour, who may\\npotentially be a bully. And a common characteristic of bullies, she says, is\\nthat they tend to be dismissive of the training, suggesting it\\u2019s unnecessary.\\n\\nShe also works with respondents\\u2014those who have been accused of bullying\\u2014to\\nhelp them change. In some cases, she finds they may have been accused\\nwrongfully and are themselves targets of toxic behaviour. She says they\\u2019re\\nsometimes dealing with layers of trauma that are triggered by high-pressure\\nwork environments, lack of supervision or training, and insecurity. \\u201cThe\\nsystem itself isn\\u2019t ready. The system itself is toxic,\\u201d Crockett told me when\\nI first spoke with her. She\\u2019s since noted that workplaces with the right\\nresources can successfully help people change their behaviour.\\n\\nStill, she encourages those who experience workplace toxicity to prioritize\\ntheir own recovery. \\u201cWe cannot sit around,\\u201d she says, \\u201cwaiting for justice to\\nhappen.\\u201d\\n\\nLooking back, I can think of times when I unwittingly became an agent of\\ntoxicity. There are episodes that haunt me: Times when I privately dismissed\\nco-workers\\u2019 complaints as being overblown. Times when I saw co-workers\\npublicly belittled or sidelined and did nothing to stand up for them. I would\\ntell myself that I was being professional or, worse, diplomatic. Like Fung,\\nI\\u2019d channel my own frustration into gossip.\\n\\nWhen I share this with Crockett, she tells me bystanders can feel as powerless\\nas those being bullied: they don\\u2019t trust the leadership to address their\\ncomplaints seriously. In other cases, they don\\u2019t want to risk becoming a\\ntarget. \\u201cIt\\u2019s valid,\\u201d she says. \\u201cMany people who speak up end up being\\nbullied.\\u201d Some people don\\u2019t want to come forward because the bully might be\\nsomeone they like. \\u201cAnd how do you report a friend?\\u201d\\n\\nIt\\u2019s not uncommon to find professionals who are conflict averse, she says. I\\nconfess to her that I\\u2019m one of them. \\u201cYou have an obligation to deal with the\\nfear of conflict,\\u201d she says, \\u201cbecause you have an obligation to report abuse.\\u201d\\nThis isn\\u2019t to imply that the root of toxic culture is all of us; that would be\\na cop-out for the leaders and systems responsible for how things run. But I do\\nfeel a responsibility for making sure that toxic behaviour, even if it\\u2019s\\ncommon, never feels normal.\\n\\nIn the course of researching this story, I read plenty of articles on spotting\\nand leaving toxic workplaces. None of the professional advice resonated as\\nmuch as the experiences people shared with me, whether in interviews or in\\ncasual conversations. One takeaway that stands out is this: those who tell me\\nthey\\u2019re happy at work now often say they or their bosses have created an\\nenvironment that they would have wanted when they were coming up in their\\ncareers. In other words, we need to become the role models we never had. That\\nfeels more achievable than trying to tackle systemic issues\\u2014and it might also\\nbe the only way to do so.\\n\\n\\u201cI don\\u2019t think it\\u2019s inevitable,\\u201d says Bicknell when I ask her if workplaces\\nare bound to be toxic. \\u201cI tend to see the unhappy workplaces, but I think\\nthere are happy workplaces out there.\\u201d The term she prefers is flourishing.\\n\\u201cIn a toxic workplace, there\\u2019s often gossip\\u2014people are talking about one\\nanother,\\u201d she says. \\u201cIn a flourishing workplace, people talk about the work\\nand they talk about ideas, and they\\u2019re energized and excited by their ideas,\\nby the work, and by what they\\u2019re doing.\\u201d\\n\\nSamia Madwar\\n\\nSamia Madwar is a senior editor at The Walrus.\\n\\nPete Ryan\\n\\nPete Ryan is an illustrator based in Nelson, BC. His work has been featured in\\nTime, The New Yorker, the New York Times, and Mother Jones.\\n\\nWe are Canada\\u2019s reader-supported conversation.\\n\\nDid you know that The Walrus is a registered charity? We rely on donations\\nfrom our readers to keep our journalism independent and thriving. That means\\nthe story you\\u2019re reading was made possible by readers like you.\\n\\nWith the support of our community, every story is meticulously researched,\\nwritten, and edited, before undergoing a rigorous fact-checking process, so\\nthat you always have access to stories you trust. If you believe in this work,\\nconsider joining your fellow readers in supporting Canada\\u2019s conversation and\\ndonate to The Walrus.\\n\\nRose Danen Development Officer, The Walrus\\n\\nGive a one-time annual donation\\n\\nTaggedaudiohomepagelabour\\n\\n#### Related Posts\\n\\n### \\u201cI Can Do Good Work\\u2014If I Don\\u2019t Get Killed\\u201d\\n\\nApril 15, 2024April 17, 2024\\n\\n### Letters to the Editor: May 2024\\n\\nApril 12, 2024April 11, 2024\\n\\n### The View\\n\\nApril 12, 2024April 11, 2024\\n\\nThe Walrus newsletter\\n\\nDon\\u2019t let news disappear from your feed. Sign up for The Walrus newsletter and\\nget trusted Canadian journalism straight in your inbox.\\n\\nView all newsletters >>\\n\\nThe Walrus sparks conversations about Canada and its place in the world\\nthrough our award-winning independent journalism, fact checking, events,\\npodcasts, and content solutions. The Walrus is a registered charity with an\\neducational mandate. Read more on our About Us page.\\n\\n#### About The Walrus\\n\\n  * About Us\\n  * Our Staff\\n  * Contact\\n  * Submissions\\n  * Careers & Fellowships\\n  * Advertise with us\\n\\n### About The Walrus\\n\\nAbout Us Our Staff Contact Us Careers Fellowships Submissions Advertise with\\nUs\\n\\n### Events\\n\\nGet Tickets The Walrus Talks The Walrus Gala Get in Touch\\n\\n### Subscribe\\n\\nCustomer Care Purchase a Subscription Renew Your Subscription Games\\nNewsletters Shop The Walrus Store\\n\\n### Podcasts\\n\\nArticles The Conversation Piece The Walrus Podcasts\\n\\n### The Walrus Lab\\n\\nAmazon Canada First Novel Award Content Services Podcast Services Our Clients\\nGet in Touch\\n\\n### Follow Us\\n\\nTwitter LinkedIn YouTube TikTok Facebook Instagram Substack\\n\\n### Support independent Canadian reporting and storytelling\\n\\nAccessibility Help Privacy Policy Cookie Policy\\n\\nThe Walrus is located within the bounds of Treaty 13 signed with the\\nMississaugas of the Credit. This land is also the traditional territory of the\\nAnishnabeg, the Haudenosaunee, and the Wendat peoples. Learn more >>\\n\\n\\u00a9 2023 The Walrus. All Rights Reserved. Charitable Registration Number: No.\\n861851624-RR0001\\n\\n\\u00a9 2024 The Walrus. All Rights Reserved. Charitable Registration Number: No.\\n861851624-RR0001\\n\\nAccessibility Help Privacy Policy Cookie Policy\\n\\n#### Subscribe\\n\\n  * Magazine Subscription\\n  * Weekly Newsletter\\n  * Events Newsletter\\n  * The Walrus Lab Newsletter\\n  * The Conversation Piece Podcast\\n\\n#### More\\n\\n  * The Walrus Talks @Home\\n  * The Walrus Books\\n  * The Walrus Podcasts\\n  * Magazine Archives\\n  * Policies and Standards\\n  * Privacy Policy\\n  * Cookie Policy\\n\\n\\u00a9 2023 The Walrus. All Rights Reserved. Charitable Registration Number: No.\\n861851624-RR0001\\n\\nThe Walrus is located within the bounds of Treaty 13 signed with the\\nMississaugas of the Credit. This land is also the traditional territory of the\\nAnishnabeg, the Haudenosaunee, and the Wendat peoples.\\n\\n\", \"frontpage\": false}"}
