{"value":"{\"aid\": \"40192566\", \"title\": \"Sexsomnia: An embarrassing sleep disorder no one wants to talk about\", \"url\": \"https://www.cnn.com/2024/04/28/health/sexsomnia-sleep-sex-explainer-wellness/index.html\", \"domain\": \"cnn.com\", \"votes\": 1, \"user\": \"Stratoscope\", \"posted_at\": \"2024-04-28 22:29:33\", \"comments\": 0, \"source_title\": \"edition.cnn.com\", \"source_text\": \"edition.cnn.com\\n\\n# This edition.cnn.com page can\\u2019t be found\\n\\nNo webpage was found for the web address:\\nhttps://edition.cnn.com/2024/04/28/health/sexsomnia-sleep-sex-explainer-\\nwellness/index.html\\n\\nHTTP ERROR 404\\n\\nnull\\n\\nNo webpage was found for the web address:\\nhttps://edition.cnn.com/2024/04/28/health/sexsomnia-sleep-sex-explainer-\\nwellness/index.html\\n\\n\", \"frontpage\": false}"}
