{"value":"{\"aid\": \"40191619\", \"title\": \"Drone maker DJI facing U.S. FCC ban\", \"url\": \"https://www.tomshardware.com/tech-industry/drone-maker-dji-facing-us-fcc-ban-the-national-security-risk-and-part-china-state-ownership-are-key-issues\", \"domain\": \"tomshardware.com\", \"votes\": 2, \"user\": \"elorant\", \"posted_at\": \"2024-04-28 20:39:06\", \"comments\": 0, \"source_title\": \"Drone maker DJI facing U.S. FCC ban \\u2014 the national security risk and part China-state ownership are key issues\", \"source_text\": \"Drone maker DJI facing U.S. FCC ban \\u2014 the national security risk and part China-state ownership are key issues | Tom's Hardware\\n\\nSkip to main content\\n\\nWhen you purchase through links on our site, we may earn an affiliate\\ncommission. Here\\u2019s how it works.\\n\\n# Drone maker DJI facing U.S. FCC ban \\u2014 the national security risk and part\\nChina-state ownership are key issues\\n\\nNews\\n\\nBy Roshan Ashraf Shaikh\\n\\npublished 7 hours ago\\n\\nCountering CCP Drones Act wouldn't stop the use of drones already in the U.S.\\n\\n(Image credit: DJI)\\n\\nU.S. authorities have their sights set on China-based drone maker DJI, a\\ncompany that has popularised drones for consumer and commercial markets\\nglobally. The U.S. Congress intends to ban it, as they have begun to see DJI\\nas a national security threat. Once the bipartisan legislation passes and the\\nfirm is added to the Federal Communications Commission's (FCC) communications\\ninfrastructure blocklist, DJI's business in the U.S. will effectively be over.\\n\\nDJI sells drones in a wide range of markets, from consumer, to agriculture,\\nand delivery businesses. Professional amateurs and content creators have used\\nthese drones for a variety of applications. Though its primary purpose is\\neither personal or commercial, that doesn't stop it from being used for\\nnefarious reasons - or worse.\\n\\nDJI's drones aren't designed for combat, but the firm is facing an issue with\\nU.S. lawmakers largely because 6% of its stocks are in the hands of Chinese\\nstate-owned businesses. There are fears of vulnerabilities and / or backdoors\\nin the DJI app, and that profits from DJI's business will strengthen the CCP.\\n\\nRepresentative Elise Stefanik, the New York senator said, \\\"DJI presents an\\nunacceptable national security risk, and it is past time that drones made by\\nCommunist China are removed from America.\\\" DJI however refutes these claims.\\nRegina Lin the spokesperson for DJI denied its drones were used for human\\nrights violations as they are not made for surveillance.\\n\\nLATEST VIDEOS FROM tomshardware\\n\\nWhile the company does not sell drones for military purposes, DJI drones are\\nknown to have been used in Russia's war against Ukraine. Its products were\\nalso used to spy on Uyghur Muslims in Xinjiang, though no ban was issued as a\\ndirect response at the time. If one imposes the same treatment on other\\ncompanies, many entities would fall under it. Divesting or discouraging\\ncompanies that actively engage in human rights violations is important,\\nirrespective of which side they are from.\\n\\nPrivacy is always a concern that should not be exclusive to companies from a\\nparticular nation. Regardless of the reasons, banning tech companies from\\nselling and operating looks to have little to no effect on many companies and\\ncountries in the longer term.\\n\\nOnce legislation is passed, the sales of DJI drones, even to consumers, will\\nbe banned. Any such ban would seriously affect its 58% market share in the\\ncommercial market as of 2022, according to numbers shared by a former\\nemployee. While this may not affect currently owned drones in the U.S.,\\ncutting off product sales encourages companies to exit the market, often\\ncutting the availability of service and official spare parts at the same time.\\nThis is no different than bans like Huawei, NAND maker YMTC, and the ongoing\\nprocess to ban Tiktok.\\n\\n## Stay on the Cutting Edge\\n\\nJoin the experts who read Tom's Hardware for the inside track on enthusiast PC\\ntech news \\u2014 and have for over 25 years. We'll send breaking news and in-depth\\nreviews of CPUs, GPUs, AI, maker hardware and more straight to your inbox.\\n\\nBy submitting your information you agree to the Terms & Conditions and Privacy\\nPolicy and are aged 16 or over.\\n\\nJust like how the restriction of U.S. tech has resulted in Chinese chipmakers\\nprospering, there's also a good chance that other drone companies may benefit\\nfrom this ban, as long they can fill the gap.\\n\\nRoshan Ashraf Shaikh\\n\\nFreelance News Writer\\n\\nMore about tech industry\\n\\nIntel Russia reports zero revenue in 2023 \\u2014 now only one employee remains\\n\\nASML claims US ban on servicing China chipmaking tools will not hurt the\\ncompany\\n\\nLatest\\n\\nChina gives local companies funding to buy homegrown GPUs \\u2014 aiming for self-\\nsufficiency by 2027\\n\\nSee more latest \\u25ba\\n\\n12 Comments Comment from the forums\\n\\n  * hotaru251\\n\\nso basically now if China has any stock ownership in something tis a security\\nrisk?\\n\\nguess should ban tencent games as could be security risks...\\n\\nReply\\n\\n  * parkerthon\\n\\n6 percent? You have got to be kidding me. Just say we\\u2019re in a cold war with\\nChina and be done with. This pissing match is going to cause so much economic\\ndamage globally.\\n\\nReply\\n\\n  * aetherwing\\n\\nmight as well just ban everything from china at this point:rolleyes:\\n\\nReply\\n\\n  * USAFRet\\n\\nAs a hobbyist drone pilot, I do not have a DJI due to the onerous geofencing\\nin the application.\\n\\nTo fly in my backyard, not only would I have to get permission from the local\\nairport and FAA (known, and OK), but also, permission from the DJI mothership.\\n\\nOther systems don't have that level of control and data sharing.\\n\\nReply\\n\\n  * arsIgnis\\n\\nThe next closest non-Chinese consumer drone costs like 5-10x as much as DJI\\nand still isn't as reliable (think like $10k). All the U.S. consumer drone\\nmakers checked out of the consumer market and went after military contracts\\nonly (and still aren't very reliable lol) due to their basically unlimited\\nbudget.\\n\\nIf lawmakers think it will give the U.S. an edge by just banning the\\ncompetition, they can think again. It won't spur the kind of innovations they\\nthink it will on the consumer front. Stuff like drone delivery and military\\nwere always doing their own thing, so it won't effect those markets. All a ban\\non DJI would do is kill off small businesses and innovators.\\n\\nThe better option would be to invest in the U.S. companies to spur on their\\ndesire and ability to compete. Encourage chip manufacturing in the U.S. to be\\nmore competitive and accessible to those willing to innovate, so we can have\\naffordable flight controllers, etc. Also, looser regulations for small\\nindependent businesses with more strict regulations for larger ones (otherwise\\nmajor corporations just end up with a nice regulatory moat, insulating them\\nagainst potential startups and innovations).\\n\\nThere needs to be more competition, not less. Accelerate innovation instead of\\nkilling it.\\n\\nReply\\n\\n  * USAFRet\\n\\n> arsIgnis said:\\n>\\n> The next closest non-Chinese consumer drone costs like 5-10x as much as DJI\\n> and still isn't as reliable (think like $10k). All the U.S. consumer drone\\n> makers checked out of the consumer market and went after military contracts\\n> only (and still aren't very reliable lol) due to their basically unlimited\\n> budget.\\n\\nIts not just Chinese vs non-Chinese. Rather, it is DJI vs all the other ones.\\n\\nMy Chinese made quadrotor does not have that same level of interaction and\\ncontrol with homebase, and was only a couple hundred $$.\\n\\nReply\\n\\n  * gioni6210\\n\\n> USAFRet said:\\n>\\n> Its not just Chinese vs non-Chinese. Rather, it is DJI vs all the other\\n> ones.\\n>\\n> My Chinese made quadrotor does not have that same level of interaction and\\n> control with homebase, and was only a couple hundred $$.\\n\\nCan you please tell me what Chinese quadrotor you are talking about. name and\\nlink would be great too, as I am a beginner from the US...and poor...so a\\nquadcopter for a few hundred sounds enticing. thanx\\n\\nReply\\n\\n  * USAFRet\\n\\n> gioni6210 said:\\n>\\n> Can you please tell me what Chinese quadrotor you are talking about. name\\n> and link would be great too, as I am a beginner from the US...and poor...so\\n> a quadcopter for a few hundred sounds enticing. thanx\\n\\nI have a HolyStone HS720G https://www.amazon.com/gp/product/B09N37GND2\\n\\nReply\\n\\n  * gioni6210\\n\\n> USAFRet said:\\n>\\n> I have a HolyStone HS720G https://www.amazon.com/gp/product/B09N37GND2\\n\\nthank you sir...you are a scholar and a gentlemen :)\\n\\nReply\\n\\n  * COLGeek\\n\\n> gioni6210 said:\\n>\\n> thank you sir...you are a scholar and a gentlemen :)\\n\\nI have the same make/model and it is quite capable for the cost.\\n\\nReply\\n\\n##### Most Popular\\n\\nHuawei's next-gen CPU could rival Apple's current best \\u2014 Kirin CPU with\\nTaishan V130 cores rumored to match Apple M3 performance\\n\\nIntel needs $2 Billion for New Ireland fab \\u2014 courting three venture capital\\nfirms for continued expansion\\n\\nAMD's server CPUs arrive on mainstream PC motherboards \\u2014 EPYC 4004 CPUs with\\n3D V-Cache for AM5 platform already on sale at eBay\\n\\nFlaming bots and NERF shooters: Pi Wars brings together the best Raspberry Pi\\nrobotics teams in the world\\n\\nHuawei launches another 7nm processor built by sanctioned Chinese fab SMIC \\u2014\\nKirin 9010 builds on previous design\\n\\nTSMC to build massive chips twice the size of today's largest \\u2014 chips will use\\nthousands of watts of power\\n\\nTop semiconductor company leaves China due to U.S. sanctions, cut-throat\\ncompetition\\n\\nChina developed its very own Neuralink \\u2014 Neucyber brain interface comes from a\\nneurotechnology firm\\n\\nIntel's revenues are up year-over-year, but foundry unit loses $2.5 billion\\n\\nBenQ set to release 24.1-inch 540 Hz Full HD gaming monitor in May\\n\\nTwo Chinese nationals charged in US with trying to export banned semiconductor\\nmachinery to China \\u2014 one arrested in Chicago\\n\\nTom's Hardware is part of Future US Inc, an international media group and\\nleading digital publisher. Visit our corporate site.\\n\\n\\u00a9 Future US, Inc. Full 7th Floor, 130 West 42nd Street, New York, NY 10036.\\n\\n\", \"frontpage\": false}"}
