{"value":"{\"aid\": \"40191430\", \"title\": \"Was unimpressed by bloated NPS calculators online so I built a simple one\", \"url\": \"https://nps.textswithfounders.com\", \"domain\": \"textswithfounders.com\", \"votes\": 1, \"user\": \"weisser\", \"posted_at\": \"2024-04-28 20:16:16\", \"comments\": 0, \"source_title\": \"NPS Calculator\", \"source_text\": \"NPS Calculator\\n\\n# NPS Calculator\\n\\n## Add Up Submissions\\n\\n## Total By Type\\n\\n## Calculate your NPS\\n\\n0% - 0% = 0\\n\\nYour NPS score: 0.00\\n\\n@julianwesser | Valuation Calculator | Texts with Founders\\n\\n\", \"frontpage\": false}"}
