{"value":"{\"aid\": \"40191825\", \"title\": \"NextDNS\", \"url\": \"https://nextdns.io/\", \"domain\": \"nextdns.io\", \"votes\": 1, \"user\": \"amirmasoudabdol\", \"posted_at\": \"2024-04-28 20:59:49\", \"comments\": 0, \"source_title\": \"NextDNS\", \"source_text\": \"NextDNS - The new firewall for the modern Internet\\n\\nmy.nextdns.io\\n\\nNextDNS\\n\\nPricing\\n\\nPrivacy Policy\\n\\nHelp\\n\\nThe new firewall for the modern Internet.\\n\\nNextDNS protects you from all kinds of security threats, blocks ads and\\ntrackers on websites and in apps and provides a safe and supervised Internet\\nfor kids \\u2014 on all devices and on all networks.\\n\\nTry it now\\n\\nNo signup required.\\n\\nSign up later to save your settings.\\n\\nLearn more\\n\\nSecurity\\n\\nProtect yourself against malware and phishing attacks, cryptojacking and more.\\n\\nDetermine your threat model and fine-tune your security strategy by enabling\\n10+ different types of protections.\\n\\nUse the most trusted threat intelligence feeds containing millions of\\nmalicious domains \\u2014 all updated in real-time.\\n\\nGo beyond the domain \\u2014 we analyze DNS questions and answers on-the-fly (in a\\nmatter of nanoseconds) in order to detect and block malicious behavior.\\n\\nWith usually only a few hours between domain registration and the start of an\\nattack, our threat intelligence system is built to catch malicious domains\\nearlier than classic security solutions.\\n\\nThreat Intelligence Feeds\\n\\nGoogle Safe Browsing\\n\\nCryptojacking\\n\\nDNS Rebinding\\n\\nIDN Homographs\\n\\nTyposquatting\\n\\nDomain Generation Algorithms (DGAs)\\n\\nNewly Registered Domains (NRDs)\\n\\nParked Domains\\n\\nTop-Level Domains (TLDs)\\n\\nChild Sexual Abuse Material\\n\\nPrivacy\\n\\nBlock ads and trackers on websites and in apps \\u2014 including the most devious\\nones.\\n\\nUse the most popular ads & trackers blocklists \\u2014 millions of domains all\\nupdated in real-time.\\n\\nWith Native Tracking Protection, block wide spectrum trackers that record your\\nactivity on a device at the operating system level.\\n\\nDetect and block third-party trackers disguising themselves as first-party to\\ncircumvent browsers' privacy protections like ITP.\\n\\nParental Control\\n\\nProtect your kids and control what they can access online, and when.\\n\\nBlock all websites containing porn, violence, piracy and more.\\n\\nEnforce SafeSearch \\u2014 filter explicit results on all search engines, including\\nimages and videos.\\n\\nEnforce YouTube Restricted Mode \\u2014 filter mature videos on YouTube and other\\nwebsites.\\n\\nBlock specific websites, apps and games \\u2014 Facebook, Tinder, Fortnite and many\\nmore.\\n\\nWith Recreation Time, only allow access to some websites, apps or games during\\nspecific times each day.\\n\\nFacebook\\n\\nTikTok\\n\\nSnapchat\\n\\nTinder\\n\\nFortnite\\n\\nInstagram\\n\\nTwitch\\n\\nYouTube\\n\\nAnalytics & Logs\\n\\nSee what's happening on your devices with in-depth analytics and real-time\\nlogs.\\n\\nMeasure the efficiency of your security, privacy and parental control\\nstrategies.\\n\\nDecide how long your logs are kept \\u2014 from one hour up to two years \\u2014 or\\ndisable logging completely for a no-logs experience.\\n\\nMeet your data residency requirements by choosing where your logs are stored \\u2014\\nUnited States, European Union, United Kingdom or Switzerland.\\n\\nWith Tracker Insights, see who is tracking you, how much of your web traffic\\nthey are tracking, and more.\\n\\nSetup\\n\\nNatively supported on all major platforms \\u2014 it only takes a few seconds to set\\nup.\\n\\nEnjoy the privacy and security benefits of DNS-over-HTTPS and DNS-over-TLS \\u2014\\nthe modern and encrypted DNS protocols.\\n\\nCover all networks \\u2014 at home, on cellular, at work and on public Wi-Fi.\\n\\nZero impact on your CPU, memory or battery life \\u2014 it's all done at the DNS\\nlevel, not on your device.\\n\\nMore features\\n\\nUnlimited Configurations\\n\\nCreate as many different configurations as you want in your account \\u2014 each\\nwith their own settings.\\n\\nCustom Denylist/Allowlist\\n\\nManually block or allow an unlimited amount of domains.\\n\\nCustomizable Block Page\\n\\nCustomize the optional page that shows up when a domain is being blocked.\\n\\nRewrites\\n\\nSet or override the DNS response for any domain.\\n\\nDNSSEC\\n\\nAutomatically validate the authenticity of DNS answers.\\n\\nHandshake\\n\\nTry the experimental peer-to-peer root naming system.\\n\\nUltra-Low Latency Network\\n\\nfra\\n\\n3 ms\\n\\nEmbedded within carriers' networks in major metropolitan areas \\u2014 minimizing\\nhops and delivering unbeatably low latency at the edge.\\n\\n100,000,000,000\\n\\nqueries each month\\n\\n15,000,000,000\\n\\nqueries blocked each month\\n\\n132\\n\\nserver locations\\n\\nWhat experts say\\n\\n\\u201cI'm really impressed and I think it's something people should pay attention\\nto. [...] I've put it on at home and on my phones and so far it works and it\\nworks imperceptibly and it absolutely will speed up your surfing.\\u201c\\n\\nLeo Laporte\\n\\nChief TWiT and The Tech Guy\\n\\n\\u201cNextDNS allows you to control and monitor your DNS queries. Think Pi-hole on\\nthe cloud. I'm impressed by the high quality of their work. I found it\\nspecially useful to learn of what services my phone talks to without me\\nrealizing.\\u201c\\n\\nVinicius Fortuna\\n\\nEngineering Lead at Google's Jigsaw\\n\\n\\u201cBegan tinkering with NextDNS for my home network and phone.. basically cloud\\nhosted Pi-Hole. Lets you block various known ad/malware/phishing domains [...]\\nand more.. and there\\u2019s a mobile VPN app to use on LTE.\\u201c\\n\\nPaul Stamatiou\\n\\nDesigner at Twitter\\n\\nTrusted by\\n\\n\\u201cFirefox Announces New Partner in Delivering Private and Secure DNS Services\\nto Users.\\u201d\\n\\nTry it now\\n\\nNo signup required.\\n\\nSign up later to save your settings.\\n\\nNextDNS Inc.\\n\\nAS34939\\n\\nFounded by\\n\\nRomain Cointepas\\n\\nPreviously Head of Mobile & TV at Dailymotion\\n\\nOlivier Poitrey\\n\\nDirector of Engineering at Netflix Co-founder & former CTO at Dailymotion\\n\\n\", \"frontpage\": false}"}
