{"value":"{\"aid\": \"40191607\", \"title\": \"Rabbit R1 Discussion (Dave2D)\", \"url\": \"https://www.youtube.com/watch?v=ZMqhE9r5JuI\", \"domain\": \"youtube.com\", \"votes\": 1, \"user\": \"jasong\", \"posted_at\": \"2024-04-28 20:37:40\", \"comments\": 0, \"source_title\": \"Rabbit R1 - We Gotta Talk...\", \"source_text\": \"Rabbit R1 - We Gotta Talk... - YouTube\\n\\n\\u2022\\n\\nNaN / NaN\\n\\nBack\\n\\nDE\\n\\nDE\\n\\nRabbit R1 - We Gotta Talk...\\n\\n2x\\n\\nIf playback doesn't begin shortly, try restarting your device.\\n\\n\\u2022\\n\\nYou're signed out\\n\\nVideos you watch may be added to the TV's watch history and influence TV\\nrecommendations. To avoid this, cancel and sign in to YouTube on your\\ncomputer.\\n\\nDave2D\\n\\nSubscribe\\n\\nSubscribed\\n\\nHey everyone! My name is Dave Lee and I make quality videos about useful tech.\\nIf you're into that kinda stuff, subscribe! Thanks for all the support =)\\n\\n\\\"The Best Gaming Laptop\\\" - 2024\\n\\n23:28\\n\\nThese Apple AirPods Seem... Impossible?\\n\\n8:11\\n\\nDave2D\\n\\nSubscribe\\n\\nSubscribed\\n\\nUp next\\n\\nLive\\n\\nUpcoming\\n\\nPlay Now\\n\\nShare\\n\\nAn error occurred while retrieving sharing information. Please try again\\nlater.\\n\\n0:00\\n\\n0:00 / 10:54\\u2022Watch full video\\n\\n## Description\\n\\nRabbit R1 - We Gotta Talk...\\n\\n10KLikes\\n\\n170,836Views\\n\\nApr 282024\\n\\nThoughts on the Rabbit R1 If you'd like to support the channel, consider a\\nDave2D membership by clicking the \\u201cJoin\\u201d button above! / dave2d / dave2d /\\ndiscord Purchases made from store links may give me some money. (It doesn\\u2019t\\ncost you extra, so please buy everything) Follow me: / dave2d / dave2d\\n\\nShow less Show more\\n\\nTranscript\\n\\nFollow along using the transcript.\\n\\n### Dave2D\\n\\n3.65M subscribers\\n\\nVideos\\n\\nAbout\\n\\nVideos\\n\\nAbout\\n\\nDiscord\\n\\nTwitter\\n\\nInstagram\\n\\nSubscribe to Dave2D!\\n\\n## Comments 1K\\n\\nTop comments\\n\\nNewest first\\n\\n## Transcript\\n\\nNaN / NaN\\n\\n# Rabbit R1 - We Gotta Talk...\\n\\nDave2D\\n\\nDave2D\\n\\n3.65M subscribers\\n\\n<__slot-el>\\n\\n<__slot-el>\\n\\nDownload\\n\\n170,836 views 6 hours ago\\n\\n170,836 views \\u2022 Apr 28, 2024\\n\\nShow less\\n\\nThoughts on the Rabbit R1 If you'd like to support the channel, consider a\\nDave2D membership by clicking the \\u201cJoin\\u201d button above! ......more\\n\\n...more\\n\\nTranscript\\n\\nFollow along using the transcript.\\n\\n### Dave2D\\n\\n3.65M subscribers\\n\\nVideos\\n\\nAbout\\n\\nVideos\\n\\nAbout\\n\\nDiscord\\n\\nTwitter\\n\\nInstagram\\n\\nSubscribe to Dave2D!\\n\\nShow less\\n\\n# Rabbit R1 - We Gotta Talk...\\n\\n170,836 views\\n\\nApr 28, 2024\\n\\nDownload\\n\\n### \\\"The Best Gaming Laptop\\\" - 2024\\n\\nDave2D\\n\\nDave2D\\n\\n\\u2022\\n\\n\\u2022\\n\\n573K views 6 days ago\\n\\nNew\\n\\n### I Tried a Disney Secret Project!\\n\\nMarques Brownlee\\n\\nMarques Brownlee\\n\\n\\u2022\\n\\n\\u2022\\n\\n3.9M views 2 days ago\\n\\nNew\\n\\nSaving your choice\\n\\nAn error occurred while saving your choice. Please try again.\\n\\nA Google company\\n\\nSign in\\n\\nSign in\\n\\n## Before you continue to YouTube\\n\\nWe use cookies and data to\\n\\n  * Deliver and maintain Google services\\n\\n  * Track outages and protect against spam, fraud, and abuse\\n\\n  * Measure audience engagement and site statistics to understand how our services are used and enhance the quality of those services\\n\\nIf you choose to \\u201cAccept all,\\u201d we will also use cookies and data to\\n\\n  * Develop and improve new services\\n\\n  * Deliver and measure the effectiveness of ads\\n\\n  * Show personalized content, depending on your settings\\n\\n  * Show personalized ads, depending on your settings\\n\\nIf you choose to \\u201cReject all,\\u201d we will not use cookies for these additional\\npurposes.\\n\\nNon-personalized content and ads are influenced by things like the content\\nyou\\u2019re currently viewing and your location (ad serving is based on general\\nlocation). Personalized content and ads can also include things like video\\nrecommendations, a customized YouTube homepage, and tailored ads based on past\\nactivity, like the videos you watch and the things you search for on YouTube.\\nWe also use cookies and data to tailor the experience to be age-appropriate,\\nif relevant.\\n\\nSelect \\u201cMore options\\u201d to see additional information, including details about\\nmanaging your privacy settings. You can also visit g.co/privacytools at any\\ntime.\\n\\nMore options\\n\\nPrivacy Policy \\u2022 Terms of Service\\n\\n\", \"frontpage\": false}"}
