{"value":"{\"aid\": \"40191264\", \"title\": \"The New Quarter-Life Crisis\", \"url\": \"https://www.theatlantic.com/family/archive/2024/04/running-marathon-quarter-life-crisis/678156/\", \"domain\": \"theatlantic.com\", \"votes\": 1, \"user\": \"wallflower\", \"posted_at\": \"2024-04-28 19:47:46\", \"comments\": 0, \"source_title\": \"The New Quarter-Life Crisis\", \"source_text\": \"The New Quarter-Life Crisis - The Atlantic\\n\\nFamily\\n\\n# The New Quarter-Life Crisis\\n\\nRunning a marathon has become a milestone for a growing number of young\\nadults.\\n\\nBy Maggie Mertens\\n\\nPaolo Pellegrin / Magnum\\n\\nApril 23, 2024\\n\\nListen to this article\\n\\n00:00\\n\\n07:22\\n\\nProduced by ElevenLabs and News Over Audio (NOA) using AI narration.\\n\\nMaybe you started running for fitness, or because it seemed like a good way to\\nmake friends. Or perhaps it was a distraction from an uninspiring and\\nunderpaid job. Maybe you wanted an outlet for the frustration you felt at\\nbeing single and watching your friends couple up. But no matter the reason you\\nstarted, at some point it became more than a hobby. Your runs got longer, and\\nlonger, and longer, until you started to wonder: Should you ... sign up for a\\nmarathon?\\n\\nThis might sound like a classic midlife-crisis move. But these days, much-\\nyounger people are feeling the same urge. TikTok and Instagram are filled with\\nvideos of 20-somethings filming themselves running and showing off slick gear\\nas they train for what some call their \\u201cquarter-life-crisis marathon.\\u201d And\\noffline, more young people really have been running marathons in recent years.\\nIn 2019, only 15 percent of people who finished the New York City Marathon\\nwere in their 20s. By 2023, that share had grown to 19 percent. Similarly, at\\nthis year\\u2019s Los Angeles Marathon, 28 percent of finishers were in their 20s,\\nup from 21 percent in 2019.\\n\\nSetting out to run 26.2 miles is intense. But it also promises a profound\\nsense of control that may be especially appealing to those coming into\\nadulthood. For many of today\\u2019s 20-somethings, the traditional markers of\\nmaturity (marriage, kids, a stable career, homeownership) have become harder\\nto reach. In this context, young people may feel \\u201cboth logistically\\ndisoriented\\u2014genuinely not knowing how to pay rent or what to do\\u2014but also\\ndeeply existentially disoriented,\\u201d Satya Doyle Byock, a psychotherapist in\\nPortland, Oregon, and the author of Quarterlife: The Search for Self in Early\\nAdulthood, told me. When other big life milestones seem elusive, a marathon,\\nthough extreme, can feel like a surer route to finding meaning: If you stick\\nto your training plan, this is a goal you can reach.\\n\\nRead: How student debt has contributed to \\u2018delayed\\u2019 adulthood\\n\\nWhile reporting this story, I spoke with four young marathoners, who had all\\nsorts of reasons for running\\u2014many of which were rooted in discontent. They\\ntold me about jobs that they hated or that were put on hold during the\\npandemic. I heard about unfulfilling personal lives, the loneliness of living\\nalone during COVID or of moving to a new city, and the anxiety over political\\nattacks against people like them. They wanted something, anything, to grab on\\nto when they felt unmoored. Marathons were a natural solution. As Kevin\\nMasters, a clinical psychologist and professor at the University of Colorado\\nSchool of Medicine, who began researching marathoners in the 1980s, has found,\\nfinishing one can help you find a sense of purpose or a new element of your\\nidentity\\u2014and he has reason to believe that those factors are motivating Gen Z\\nrunners too.\\n\\nBren Forester, a 25-year-old living in Indiana, was \\u201cabsolutely miserable\\u201d at\\nhis first job out of college, designing user interfaces for a tech company,\\nworking 40-to-60-hour weeks, and traveling often. He told me that even after\\nhe quit, in March 2023, he remained confused about what he wanted in life and\\nworried about threats against queer people like him in his home state. In the\\npast, running had helped his mental health, so he decided to sign up for the\\nIndianapolis Marathon. \\u201cWhy not devote hours and hard work and dedication and\\npain into something that\\u2019s going to be so rewarding?\\u201d he recalled thinking.\\n\\nQuarter-life is a real, often difficult developmental stage. When you become\\nan adult, you move from a highly structured existence, likely in school or\\nliving with your family, to a more open-ended one, Doyle Byock explained. In\\nrecent years, this period of unsettledness has become elongated. The median\\nage of first marriage keeps going up; the median age of first-time motherhood\\nis 30, the highest ever recorded. And, according to a 2022 McKinsey survey of\\nmore than 25,000 young adults, Gen Zers are more likely than older workers to\\nbe independently employed or to have multiple jobs, rather than one stable\\ncareer. They\\u2019re also less likely to feel connected to others or to be involved\\nin religious and other organizations, and more likely to be lonely.\\n\\nRead: Why Americans suddenly stopped hanging out\\n\\nFor some young people, marathons have become a coping mechanism. Lily Cox-\\nSkall told me that when she ran the Portland Marathon in 2022, with a group of\\ngood friends, the \\u201cbiggest perk\\u201d was gaining community. (Social-media running\\napps such as Strava and Map My Run have made this type of camaraderie easier\\nto find.) Cox-Skall was also drawn in by the ability to measure her progress,\\nset clear goals, and challenge herself in a way she couldn\\u2019t at\\nwork\\u2014motivations that may resonate with other Gen Zers struggling to pin down\\na clear professional path. Grace Lee, a 29-year-old in New York, started going\\non long runs around the city after her social-media business foundered, at the\\nstart of the pandemic. \\u201cI felt like running was the only thing I could\\ncontrol,\\u201d Lee told me. \\u201cIn terms of mileage, I could keep going; I could\\nstop.\\u201d\\n\\nOf course, the marathon isn\\u2019t a magical Band-Aid for quarter-life pain. It\\u2019s\\nan extreme physical activity that can lead to injuries or even obsessive,\\nunhealthy attention to one\\u2019s body, Doyle Byock told me. Someone who isn\\u2019t\\nalready a runner can expect to train for at least six months to a year,\\nracking up about 30 to 50 miles each week. Then there are the hours spent\\nstretching, meal planning, and strength training; the long post-run recovery\\ntimes; and the scheduling difficulties that might interfere with jobs,\\nrelationships, or socializing. As Masters told me: \\u201cIt\\u2019s basically a life\\ncommitment at least for the period of time that you\\u2019re doing it.\\u201d\\n\\nThose who run in pursuit of validation on social media rather than for self-\\nbetterment could find that the process leaves them empty, or with low self-\\nesteem. But for those truly committed to the challenge, undergoing the kind of\\n\\u201cmethodical, consistent, and focused\\u201d training that a marathon requires can be\\n\\u201cpowerful for psychological development,\\u201d Doyle Byock said. When approached\\nwith intention, the race can have a clarifying power.\\n\\nForester told me that preparing for a race had helped him figure out what he\\nwanted next in life. While he was training, he and his long-term partner\\nmarried, and he decided to pursue a master\\u2019s degree in design leadership. The\\nmarathon wasn\\u2019t easy; in fact, he said, he wanted to quit multiple times. But\\nonce he crossed the finish line, he cried tears of joy. \\u201cIt was utter\\neuphoria,\\u201d he said. Now, when faced with other obstacles, he reminds himself\\nthat he ran for six hours straight, something he once thought impossible.\\n\\nMaggie Mertens is a writer in Seattle and the author of the forthcoming book\\nBetter Faster Farther: How Running Changed Everything We Know About Women.\\n\\n\", \"frontpage\": false}"}
