{"value":"{\"aid\": \"40191862\", \"title\": \"Larry Osterman on \\\"Bowser.sys\\\" (2006)\", \"url\": \"https://learn.microsoft.com/en-us/archive/blogs/larryosterman/fun-with-names\", \"domain\": \"microsoft.com\", \"votes\": 1, \"user\": \"aragonite\", \"posted_at\": \"2024-04-28 21:02:30\", \"comments\": 0, \"source_title\": \"Fun with names\", \"source_text\": \"Fun with names | Microsoft Learn\\n\\nSkip to main content\\n\\n## Microsoft Build\\n\\nMay 21\\u201323, 2024\\n\\nAI has disrupted the industry. Join us as we disrupt it some more.\\n\\nRegister now\\n\\nThis browser is no longer supported.\\n\\nUpgrade to Microsoft Edge to take advantage of the latest features, security\\nupdates, and technical support.\\n\\nDownload Microsoft Edge More info about Internet Explorer and Microsoft Edge\\n\\nLearn\\n\\nSign in\\n\\nLearn\\n\\nSign in\\n\\nWe're no longer updating this content regularly. Check the Microsoft Product\\nLifecycle for information about how this product, service, technology, or API\\nis supported.\\n\\nReturn to main site\\n\\nRead in English\\n\\n# Fun with names\\n\\n  * Article\\n  * 03/14/2006\\n\\nThe other day, someone sent an email to an internal mailing list asking about\\na \\\"typo\\\" in the eventvwr.\\n\\nIt seems they noticed a number of events coming from the \\\"bowser\\\" event\\nsource, and they were convinced that it had to be a typo.\\n\\nWell, it's not :) The name of the component is bowser, and I wrote it back in\\nNT 3.1...\\n\\nThe bowser is actually the kernel mode portion of the Computer browser\\nservice. It also handles receiving broadcast mailslot messages and handing\\nthem. When I originally described the functionality, my boss at the time (who\\nwas rather opinionated) said \\\"What a dog! Why don't we call it the bowser?\\\"\\n\\nFor various technical reasons we didn't want to call the kernel component\\nbrowser.sys (because it messed up the debugger to have two components with the\\nsame name), so the name bowser just stuck.\\n\\nThus was born the name of the \\\"misspelled\\\" system component. Nowadays the\\nbowser is essentially gone (for instance, I can't find it on my XP SP2\\ninstallation), but the name lives on in eventlogs everywhere...\\n\\n## Additional resources\\n\\nEnglish (United States)\\n\\nYour Privacy Choices\\n\\n  * Previous Versions\\n  * Blog\\n  * Contribute\\n  * Privacy\\n  * Terms of Use\\n  * Trademarks\\n  * \\u00a9 Microsoft 2024\\n\\n## Additional resources\\n\\nEnglish (United States)\\n\\nYour Privacy Choices\\n\\n  * Previous Versions\\n  * Blog\\n  * Contribute\\n  * Privacy\\n  * Terms of Use\\n  * Trademarks\\n  * \\u00a9 Microsoft 2024\\n\\n\", \"frontpage\": false}"}
