{"value":"{\"aid\": \"40192190\", \"title\": \"Introducing the Ultimate Stand for Apple Vision Pro\", \"url\": \"https://bioniclabs.org/pages/introducing-the-precision-crafted-stand-for-apple-vision-pro\", \"domain\": \"bioniclabs.org\", \"votes\": 1, \"user\": \"georgegibbens\", \"posted_at\": \"2024-04-28 21:32:25\", \"comments\": 0, \"source_title\": \"Introducing the Precision Crafted Stand for Apple Vision Pro\", \"source_text\": \"Introducing the Precision Crafted Stand for Apple Vision Pro \\u2013 Bionic Labs\\n\\nSkip to content\\n\\nWelcome to our store\\n\\nCart\\n\\n## Item added to your cart\\n\\nView cart\\n\\n# Introducing the Precision Crafted Stand for Apple Vision Pro\\n\\nElevate Your Vision Pro with Unparalleled Elegance\\n\\nIntroducing the pinnacle of support for your Apple Vision Pro - a stand born\\nfrom the union of elegance and the forefront of technological advancement.\\nConceived in the very heart of Paris, this piece is not merely an accessory;\\nit represents a leap in innovation, designed to harmonise flawlessly with the\\nrefined aesthetics of your Apple Vision Pro headset. It boasts an exquisite\\nblend of aluminium and stainless steel, meticulously crafted through advanced\\n3D printing and CNC machining processes. This is more than a stand; it is a\\ndeclaration of style and the epitome of functionality.\\n\\nThe Art of Precision Meets Engineering Excellence\\n\\nWe set out to encapsulate the very essence of opulence and the cutting edge of\\ndesign, creating a bespoke accessory for the Apple Vision Pro connoisseur.\\nSelected for their robustness and aesthetic appeal, high-quality aluminium and\\nstainless steel are transformed through the precision of 3D printing and CNC\\nmachining, ensuring your headset is presented with the dignity it rightfully\\ncommands.\\n\\nDesigned to Perfection\\n\\nThis stand is engineered for excellence, providing a stable and accessible\\nhaven for your Apple Vision Pro. Its design, - characterised by smooth lines\\nand a minimalist approach, not only complements your headset but also imbues\\nyour environment with a hint of Parisian charm. The lightweight strength of\\nthe aluminium base, paired with the modern sophistication of stainless steel\\naccents, culminates in a durable yet stunningly attractive piece.\\n\\nA Narrative of Dedication and Innovation\\n\\nEach stand tells a story of fervour, ingenuity, and meticulous attention to\\ndetail. From the initial draft to the final product, every phase is marked by\\nan unwavering commitment to crafting an unparalleled piece. Our Parisian\\ndesigners and engineers collaborate closely, marrying art with technology to\\nrealize this extraordinary accessory. It represents more than a mere resting\\nplace for your headset; it's about uplifting your experience and celebrating\\nthe elegance of design in its purest form.\\n\\nEmbark on a Remarkable Odyssey with Us\\n\\nSelecting our stand means you're not just acquiring an accessory; you're\\nembracing a legacy that honours the confluence of technology and artistic\\nexpression. It's an invitation to immerse yourself in the sophistication and\\nmeticulousness of the design. Provide your Apple Vision Pro with the pedestal\\nit deserves and allow our stand to transform your space with its everlasting\\nelegance and pioneering innovation.\\n\\nInspiration: Christian Selig\\n\\nDimensions\\n\\nSpecifications\\n\\nMy Store\\n\\n## The Vision Pro Stand\\n\\nRegular price \\u20ac249,00 EUR\\n\\nRegular price Sale price \\u20ac249,00 EUR\\n\\nUnit price / per\\n\\nSale Sold out\\n\\nTax included. Shipping calculated at checkout.\\n\\nView full details\\n\\n## Quick links\\n\\n  * Home\\n  * Products\\n  * News\\n  * About\\n  * Contact\\n\\n## Stay in touch\\n\\n  * Instagram\\n  * Twitter\\n\\nPayment methods\\n\\n\\u00a9 2024, Bionic Labs Powered by Shopify\\n\\n  * Refund policy\\n  * Privacy policy\\n  * Terms of service\\n  * Shipping policy\\n  * Contact information\\n  * Terms of sale\\n  * Legal notice\\n\\n  * Choosing a selection results in a full page refresh.\\n  * Opens in a new window.\\n\\n\", \"frontpage\": false}"}
