{"value":"{\"aid\": \"40192594\", \"title\": \"The Sass project has become unreliable, political and abusive\", \"url\": \"https://github.com/sass/sass-site/issues/1030\", \"domain\": \"github.com/sass\", \"votes\": 1, \"user\": \"zaerthyn\", \"posted_at\": \"2024-04-28 22:32:42\", \"comments\": 0, \"source_title\": \"Violation of the code of conduct \\u00b7 Issue #1030 \\u00b7 sass/sass-site\", \"source_text\": \"Violation of the code of conduct \\u00b7 Issue #1030 \\u00b7 sass/sass-site \\u00b7 GitHub\\n\\nSkip to content\\n\\n## Navigation Menu\\n\\nSign in\\n\\n# Search code, repositories, users, issues, pull requests...\\n\\nSearch syntax tips\\n\\nSign in\\n\\nSign up\\n\\nYou signed in with another tab or window. Reload to refresh your session. You\\nsigned out in another tab or window. Reload to refresh your session. You\\nswitched accounts on another tab or window. Reload to refresh your session.\\nDismiss alert\\n\\nsass / sass-site Public\\n\\n  * Notifications\\n  * Fork 223\\n  * Star 302\\n\\nJump to bottom\\n\\n# Violation of the code of conduct #1030\\n\\nClosed\\n\\nzaerthyn opened this issue Apr 28, 2024 \\u00b7 0 comments\\n\\nClosed\\n\\n# Violation of the code of conduct #1030\\n\\nzaerthyn opened this issue Apr 28, 2024 \\u00b7 0 comments\\n\\n## Comments\\n\\n###\\n\\nzaerthyn commented Apr 28, 2024 \\u2022\\n\\nThis commit message violates the Sass Code of Conduct and Community Guidelines\\nin several ways, particularly when considering the mistreatment of related\\nissues and pull requests (mentioned below) by locking them without explaining,\\nmarking them as spam or \\\"off topic\\\" etc. The violations are:\\n\\n  1. Violation of Respect and Consideration: The Sass Code of Conduct stresses the importance of being considerate and respectful. It states that decisions should consider how they affect users and colleagues, and that disagreement is no excuse for poor manners. The commit message, especially the phrase \\\"from the river to the sea, Palestine will be free,\\\" can be highly contentious and is considered as a call for the elimination of Israel. This phrase has been interpreted in various ways, with some viewing it as a call for Palestinian liberation and others as an incitement to political violence. Its inclusion in a technical project's commit message can be seen as inconsiderate to those who may view it as offensive or harmful, thus not respecting the diverse perspectives within the community.\\n  2. Lack of Openness and Inviting Environment: The code encourages openness and an inviting environment, explicitly welcoming individuals regardless of their backgrounds or personal stances. By introducing politically charged statements into a project, it potentially alienates individuals who may have different views, thereby compromising the welcoming nature of the community.\\n  3. Escalation of Disagreements: The code also emphasizes resolving disagreements constructively and involving leaders or the community in arbitration if necessary. The use of the site banner for making a political statement can be seen as bypassing community consensus, particularly if there have been many pull requests closed as spam or otherwise mistreated, indicating a possible disagreement on this or related issues within the community.\\n  4. Potential Legal Issues: The phrase \\\"from the river to the sea\\\" is considered illegal in some European countries. This runs contrary to the guideline of taking responsibility for words and actions and ensuring that these do not harm others or the project itself.\\n  5. Inclusivity and Non-Discrimination: The guidelines specifically state the importance of not allowing frustrations to turn into personal attacks and ensuring no one feels uncomfortable or threatened. If the project owner's commit message is perceived as aligning the project with specific political ideologies or movements, this could be seen as discriminating against those who do not share those views, potentially making them feel unwelcome or threatened.\\n\\nIt\\u2019s important to note that the Code of Conduct applies equally to all\\nparticipants in the project, including the project owner and maintainers. As\\nthe ones who published and presumably endorsed the Code of Conduct, they are\\nexpected to adhere to its principles meticulously. In cases where the conduct\\nof high-level project members is questioned, it is crucial for the health and\\nintegrity of the project that these concerns are addressed transparently and\\nconstructively, following the procedures outlined in the Code of Conduct.These\\nviolations by the project owner not only undermine the stated principles of\\nthe Sass Code of Conduct but also risk reflecting negatively on the entire\\nproject. When the leadership fails to adhere to their own guidelines, it can\\nsignificantly damage the project's reputation, making it appear unreliable and\\nuntrustworthy. Potential contributors, users, and stakeholders might view the\\nproject as a hostile or politically charged environment, which could deter\\nparticipation and collaboration. This ultimately jeopardizes the project\\u2019s\\nsustainability and growth, as a community-driven project thrives on\\ninclusivity, respect, and collaborative effort.Mentioned Issues and Pull\\nRequests: #1021 #1020 #1000 #999 #998 #997 #995 #994 #992 #991 #990 #989 #988\\n#981 #980 #978 #971 #970 #1004 #996 #977  \\n---  \\nThe text was updated successfully, but these errors were encountered:  \\n  \\nnex3 closed this as not planned Won't fix, can't repro, duplicate, stale Apr\\n28, 2024\\n\\nsass locked as spam and limited conversation to collaborators Apr 28, 2024\\n\\nSign up for free to subscribe to this conversation on GitHub. Already have an\\naccount? Sign in.\\n\\nLabels\\n\\nNone yet\\n\\n2 participants\\n\\n## Footer\\n\\n\\u00a9 2024 GitHub, Inc.\\n\\nYou can\\u2019t perform that action at this time.\\n\\n\", \"frontpage\": false}"}
