{"value":"{\"aid\": \"40191982\", \"title\": \"\\\"Affordances\\\" (2019)\", \"url\": \"https://slate.com/technology/2019/10/affordances-cory-doctorow-sf-story-algorithmic-bias-facial-recognition.html\", \"domain\": \"slate.com\", \"votes\": 1, \"user\": \"mooreds\", \"posted_at\": \"2024-04-28 21:11:58\", \"comments\": 0, \"source_title\": \"Cory Doctorow on Reclaiming Technologies of Oppression\", \"source_text\": \"\\u201cAffordances,\\u201d a science-fiction story by Cory Doctorow about algorithmic\\nbias.\\n\\nSkip to the content\\n\\n  * Slate Shop\\n  * Games\\n  * Newsletters\\n  * Sign In\\n  * Account Sign out\\n\\nAccount\\n\\nAccepting a New Reality for What It Is\\n\\nFollow Us\\n\\nAdvertisement\\n\\nAdvertisement\\n\\n# \\u201cAffordances\\u201d\\n\\n## A new science fiction story about how technical restrictions start with\\npowerless people before coming for us all.\\n\\nBy Cory Doctorow\\n\\nOct 26, 20197:00 AM\\n\\nNatalie Matthews-Ramo\\n\\nTweet Share Share Comment\\n\\nTweet Share Share Comment\\n\\nEach month, Future Tense Fiction\\u2014a series of short stories from Future Tense\\nand ASU\\u2019s Center for Science and the Imagination about how technology and\\nscience will change our lives\\u2014publishes a story on a theme. The theme for\\nOctober-December 2019: artificial intelligence.\\n\\n# More on Future Tense Fiction\\n\\n  1. Can a Robot Be Sad?\\n  2. The Dangerous False Choice That Governs the Oil Industry\\n  3. What the Oil Industry Leaves Behind\\n  4. If We\\u2019re Addicted to Technology, What\\u2019s the Cure?\\n\\n####\\n\\nReal Names Policy\\n\\n\\u201cWe\\u2019ve got to call you something\\u201d the supervisor said as he wrote \\u201cBILL 2892\\u201d\\non the name slate. That was the first day, and BILL 2892 discovered shortly\\nthereafter that he was to be called 92, not Bill, because there were 2,891\\nother BILLs that had transited through the system, and several of them worked\\nin the same building where 92 was assigned to. (It was Building 34, and there\\nwere lots more just like it, in a row that stretched all the way down the\\nportlands, each long structure elevated on identical stained pillions that\\nwere striped with a series of high-tide lines that crept upward in the weeks\\nand months and years that came after the first day.)\\n\\nBefore he was 92, he\\u2019d had many names, and before that, he\\u2019d not had any. The\\nother kids called him YOU or KID or ASSHOLE, and the grown-ups they begged\\nfrom called them FUCK OFF. Then there were the police who called him SONNY and\\nSHUT UP, and then the teachers who\\u2019d called him Muhammed or\\u2014if they were\\nwhite\\u2014Moe. He didn\\u2019t see much of the teachers because almost all of the\\nteaching was on screens, and once he could pass the proficiency test, he\\u2019d\\nbeen taken to the supervisor (name-badge: Mr. Iskal Dungog) and he\\u2019d become\\n92.\\n\\nAdvertisement\\n\\nNinety-Two\\u2019s work in Building 34 was as an exceptions\\u2014catcher for a Re-Cog\\nfacial recognition product. All around the world, millions of people stepped\\nin front of cameras and made a neutral face and waited: for their office door\\nto unlock, for the lift to be summoned, for the gates at the airport to swing\\nopen. When the camera couldn\\u2019t figure out their face, it asked them to try\\nagain, and again, and again. Then it threw an exception, and 92, or someone\\nelse in Building 34, got a live view of the feed and tapped an icon: NO-FACE\\n(for anything that wasn\\u2019t a face, like a picture of a face, or a balloon, or,\\none time, a pigeon); BAD SCENE (poor lighting, dirt on the lens); CRIME (once,\\na decapitated man\\u2019s head; once, an unconscious woman; once, a woman in terror,\\na hand in her hair); and OTHER (for suspected malfunctions).\\n\\nAdvertisement\\n\\nAdvertisement\\n\\nAdvertisement\\n\\nAdvertisement\\n\\nNinety-Two was expected to tap the correct icon within three seconds. The next\\nimage would be on his screen within 1.5 seconds. Picture. Tap. Picture. Tap.\\nAll around him, stretching down long ranks, other refugees, mostly kids like\\nhim, tap, tap, tapping. When his shift was over, his eyes would swim as he\\nshifted his focus from his screen to the work-hall and joined the other kids\\nwho were headed to the chow line. He made a friend the first week, a SARAH\\n(SARAH 8,433, and he called her 33), and she showed him around: the most\\nreliable cafeteria food, how to avoid getting in debt at the company tuck-\\nshop, where the bullies were and what they did to you and what to do about it.\\nShe was about his age, which he thought was 13, and she reminded him of the\\ngirls who\\u2019d been the best at smoothing over fights in his gang back home, the\\nones who\\u2019d been scarred or maimed before being sent to beg. Thirty-Three was\\nblind in her left eye, a puckered scar around her always-closed eyelid. It\\nmade 92 feel better about the missing fingers on his left hand.\\n\\nAdvertisement\\n\\n####\\n\\nDolphin in the Tuna Net\\n\\nLong after she\\u2019d got her footage, long after she reached the safe house and\\nher heart stopped hammering and she\\u2019d settled into the cool and four bars of\\nsignal from the femtocell perched on the windowsill, where it could get line-\\nof-sight to the tower in town, Yolanda was still unable to calm herself.\\n\\nThere were different kinds of anxiety: the anxiety she\\u2019d felt when she was\\nrecording the people massing for their rush, clammy under the thermal blanket\\nwith its layer of retroreflective paint that would confound drones and\\ncameras; she walked among the people, their faces shining, their few things on\\ntheir backs, their children in their arms, the smell of too many bodies and\\ntoo much fear. Then there was the anxiety she felt as she retreated to her\\nperch, where she had her long lenses, each attached to its own phone, all\\nrecording as the rush formed up, the blankets rustling and rippling and then\\nripping as bodies burst forth, right into the gas, into the rubber bullets,\\ninto the armored bodies that raised their truncheons and swung and swung and\\nswung, while the klaxons blared and the drones took to the sky.\\n\\nAdvertisement\\n\\nAdvertisement\\n\\nAdvertisement\\n\\nAdvertisement\\n\\nThere was the anxiety she felt when the skirmish ended and she trained her\\nlenses on the bodies sprawled on the concrete, the toys and bags that had been\\ndropped, the child holding her mother\\u2019s limp hand and wailing.\\n\\nBut now came a different kind of anxiety as she edited her footage down,\\nmixing it and captioning it, being careful to blur the faces, but being even\\nmore careful to avoid any of the anti-extremism trigger-words: migration,\\nviolence, race, racism\\u2014words that white nationalists used, but also words that\\nwere impossible to avoid when discussing the victims of white nationalism.\\nAdvertisers hated them, and algorithms couldn\\u2019t tell the difference between\\npeople being racist and people complaining about racism. There were new\\neuphemisms every week, and new blacklists, too. In theory, she could just hit\\npublish and when the filter blocked her, she could get in line behind tens of\\nmillions of other people whose videos had been misclassified by the bots. But\\nshe didn\\u2019t want to wait 10 months for her video to be sprung from content\\njail; she wanted it to go viral now.\\n\\nAdvertisement\\n\\nThen she preflighted her video, to flag potentially problematic images and\\nsounds so she could remove them. But she didn\\u2019t use YouTube\\u2019s own preflighter,\\nbecause everyone knew that YouTube\\u2019s didn\\u2019t just help you figure out how to\\nstay between the lines that Google drew and redrew every day\\u2014it also put\\ninvisible strikes against your video before you formally submitted it. After\\nall, if you had to cut and preflight and cut and preflight a dozen times to\\nsatisfy YouTube\\u2019s filters, that was a blazing red flag that someone was trying\\nto figure out how to sneak something through.\\n\\nAlgorithms couldn\\u2019t tell the difference between people being racist and people\\ncomplaining about racism.\\n\\nSo she used a private tool that tried to approximate the YouTube filter\\nmodels. It was volunteer-maintained and it was down as often as it was up, but\\nwhen it worked, it was an invaluable way to spot and remove pesky spots of\\nblood or lip-read racial slurs visible through the Customs and Border\\nProtection visors. With its aid, she was able to scrub or blur a couple\\nhundred frames of footage. She knew that using happy-face emojis to mask the\\nworst violence would uprank her video with YouTube\\u2019s censorware bots, but she\\ncouldn\\u2019t bear to superimpose the grinning yellow face over the agonized boy\\nwho screamed as his father took a rubber bullet to the face. She cut the\\nsequence instead.\\n\\nAdvertisement\\n\\nAdvertisement\\n\\nFinally, she hit publish and watched the progress bar as the uploader squeezed\\nthe bits through the femtocell and then through an anonymizer. Sometimes she\\ngot up to pace the safe house\\u2019s peeling floors, stressing as the algorithm\\nweighed her video in the balance and pondered whether to make it public.\\n\\nThe green checkmark faded on her screen as the video went live, and she\\npounced on the keyboard, triumphantly hitting the bookmark for her channel,\\nbut instead of the thumbnails of her hard-won footage, surmounted with the\\nlatest video, there was an unhappy YouTube logo and a message: \\u201cYour channel\\nhas been suspended for violating our community standards. Click here to learn\\nmore about community standards on YouTube. Click here if you want to ask for\\nhuman review of your suspension.\\u201d\\n\\nAdvertisement\\n\\nAdvertisement\\n\\nAdvertisement\\n\\n####\\n\\nGarbage in, Garbage Out\\n\\nDion could have been the kid: Back when he was 15, he did stupid things in the\\ncompany of stupid friends, and for reasons he still struggled to understand,\\nit was always the stupidest friend who got to set the agenda. The only reasons\\nhe didn\\u2019t end up behind bars were his willingness to endure the contempt of\\nhis \\u201cfriends\\u201d when he bowed out of the stupidest shit, and his fleetness of\\nfoot when he allowed himself to be dragged into things.\\n\\nThis kid sitting in the back of Dion\\u2019s cruiser was barely 15, and the cannabis\\noil in his vape pen was even legal\\u2014just not for under-21s. He didn\\u2019t look\\nstoned, either. He looked terrified as Dion tapped through the cruiser\\u2019s risk\\nassessment screens. The system had linked the kid\\u2019s overt social media\\nidentity with a bunch of pseudonymous accounts, and some of them quoted rap\\nlyrics full of thug nonsense about guns and crime. He\\u2019d also been in a fight\\nin the school cafeteria the previous year.\\n\\nAdvertisement\\n\\nAdvertisement\\n\\nAll that added up to a seriously high risk-assessment score, which meant that\\nDion had no choice: He had to take the kid in. Looking at the kid in the rear-\\nview, it broke Dion\\u2019s heart. This wasn\\u2019t what he\\u2019d joined the force for. He\\u2019d\\ndreamed of being a good cop, a cop who fought injustice and helped kids like\\nthis one find their way.\\n\\nAdvertisement\\n\\nHe tapped the screen to tell the stationhouse that he was bringing in a\\njuvenile and to get the paperwork started so there could be an easy transfer\\nwhen they arrived, and then he put the car into gear.\\n\\nThe kid\\u2014Caleb\\u2014jolted when the car started moving, straining against the cuffs\\nand the seat belt. \\u201cCome on, man,\\u201d Caleb said. \\u201cCome on. Be serious, you can\\u2019t\\nbe taking me in for that. Come on.\\u201d\\n\\nDion hardened his heart and pretended he hadn\\u2019t heard.\\n\\nAdvertisement\\n\\n\\u201cDon\\u2019t you have any real crimes to stop, officer? Come on, this is so stupid.\\u201d\\n\\n\\u201cStupid was getting high on a street corner with your homies.\\u201d\\n\\n\\u201cHomies? Who even talks like that? Listen, Officer Corny, I wasn\\u2019t doing\\nanything that plenty of white kids around this city aren\\u2019t also doing tonight.\\nWhy roll up on us? Is that why you became a cop, to come down here to this\\nneighborhood and take young people to jail?\\u201d\\n\\nDion wished he hadn\\u2019t said anything, but he had, and now the kid was needling\\nhim. Damn it.\\n\\n\\u201cCome on, it\\u2019s a misdemeanor. Write me a ticket, for Christ\\u2019s sake.\\u201d\\n\\n\\u201cYou know a lot about the law.\\u201d\\n\\nAdvertisement\\n\\nAdvertisement\\n\\n\\u201cI do know a lot about the law, as a matter of fact. Do you?\\u201d\\n\\nAdvertisement\\n\\n\\u201cI know enough to know that if you get arrested, you should keep your mouth\\nshut until you get with a lawyer, which is what I suggest you do.\\u201d The light\\nover the screen at the front of the cruiser pulsed to let him know that it was\\nrecording, then it set up the flicker that told him that its aggression\\ndetector had tripped, meaning the computer thought Dion was about to lose his\\ntemper. He heaved a sigh and maneuvered into traffic. It was a hot night\\u2014they\\nwere all hot nights, now\\u2014and though it had been week since the floods, there\\nwas still a lot of mud and debris clogging the gutters on the side of\\nNorthwest 62^nd. A lot of the rest of Miami was clean and tourist-ready, but\\nnot Little Haiti.\\n\\nAdvertisement\\n\\nAdvertisement\\n\\nCaleb kept working at him, while the light glowed and blinked and reminded\\nDion that everything he was doing was being ingested into its database.\\nTraffic was crawling and a quick check ahead showed him why\\u2014a huge debris\\nfield in a low spot where the floodwaters had swept all the clutter and\\nsmashed property the surge had swept through the neighborhood. The side\\nstreets had less crap strewn all over them, but they also had more people who\\nwere trying to detour around Northwest 62^nd.\\n\\nAdvertisement\\n\\nHe thought about turning on the siren and the lights, but there really wasn\\u2019t\\nanywhere for the cars ahead of him to go, and besides\\u2014\\n\\nThat\\u2019s when his cruiser alerted him, flashing a message that a shotspotter on\\na light-post had heard the sounds of a fight breaking out. He looked at the\\ninfrared-illuminated footage, indistinct and blurred, then decided he had\\nbetter check it out. He mounted the curb and put the cruiser in park. \\u201cStay\\nthere,\\u201d he said to the kid and locked him in.\\n\\nAdvertisement\\n\\nIt wasn\\u2019t a fight yet, but it was about to become one. The sweaty, angry,\\nmiddle-aged white guy said he\\u2019d been cut off by a young Latina woman who\\nwouldn\\u2019t let him merge into her lane. He had already kicked her tire and now\\nhe was getting ready to kick her boyfriend, who had gotten out of the car and\\nwas looking ready to go for it.\\n\\nDion calmed down the boyfriend and muscled the white guy away, not in cuffs,\\nbut he did pat him down before putting him in the back of the cruiser with\\nCaleb. The old white guy was breathing like a steam-train and slapping\\nfuriously at the mosquitoes that had found their way into the cruiser. His\\nface was coursing with sweat, and he smelled like rage and privilege. Dion\\nhated him on sight but resolved not to show it.\\n\\nAdvertisement\\n\\nAdvertisement\\n\\nAdvertisement\\n\\nAdvertisement\\n\\nHe scanned the man\\u2019s ID and prodded at the screen. The risk assessment score\\nwas very low: The guy had great credit, his license plate was scanned making a\\ndaily commute to and from work with incredible regularity, and he\\u2019d never been\\narrested. His social media was \\u201cpolitical/conservative\\u201d but not\\n\\u201cextremist/identitarian,\\u201d which was also a score-lowerer. So many of these old\\nwhite Floridians scored high on the extremist/identitarian bar, mostly from\\nreposting white nationalist memes.\\n\\nDion let the man out of the cruiser and gave him back his ID. \\u201cSir, I suggest\\nyou control your temper. It\\u2019s a hot, difficult night out here, and there\\u2019s no\\ncall for blowing up like that. It could lead to trouble. Do I make myself\\nclear?\\u201d\\n\\nAdvertisement\\n\\nThe guy didn\\u2019t bother to hide his contempt. \\u201cYes, sir.\\u201d Sir, like a curse\\nword.\\n\\nWhen Dion got back into the car, Caleb was apoplectic. \\u201cWhat the actual fuck\\nwas that, man?\\u201d\\n\\nDion put the cruiser in gear and willed his shoulders to unclench.\\n\\n\\u201cCome on, are you serious? That guy walks away and I\\u2019m going to jail? You\\nbastards don\\u2019t even try to pretend anymore, do you?\\u201d\\n\\nSo many of these old white Floridians scored high on the\\nextremist/identitarian bar.\\n\\nDion knew the recorder was rolling, but he didn\\u2019t care. The kid was owed an\\nexplanation. He pulled out of traffic and back up onto the curb, put it in\\npark. \\u201cLook, you\\u2019re going to the stationhouse because you have a high risk\\nscore. Your social media, the rap lyrics, the people in your friends list,\\nthey all put you into a higher risk category. That guy I let go? He\\u2019s got a\\nlow score. He goes, you stay.\\u201d\\n\\nAdvertisement\\n\\n\\u201cThat\\u2019s bullshit. It\\u2019s not illegal to listen to hip-hop. And doesn\\u2019t the\\nConstitution say I got freedom of association?\\u201d\\n\\nAdvertisement\\n\\n\\u201cYeah, it does. But you have to understand: It\\u2019s a system. It\\u2019s using the\\narrest data from all the perps who went down for something serious, asking a\\ncomputer to find what they had in common, and that\\u2019s what makes your score go\\nup, because you do the same things they did.\\u201d\\n\\nCaleb glared at him. \\u201cYou know that\\u2019s bullshit, right? I mean, I\\u2019m not even\\nout of high school and I know that\\u2019s bullshit. Everyone they arrest is black.\\nThey ask a computer: \\u2018What do all the people we arrest have in common?\\u2019 And\\nthe computer answers, \\u2018All the things black people have in common,\\u2019 and that\\ngets used to arrest more black people. Meanwhile, since white folks don\\u2019t get\\narrested for bullshit like this, the computer tells you there\\u2019s no reason to\\narrest them for bullshit like this.\\u201d\\n\\nAdvertisement\\n\\nAdvertisement\\n\\nAdvertisement\\n\\nHe turned around and looked at the kid. \\u201cYou know, I expect you\\u2019re right about\\nthat.\\u201d\\n\\nCaleb\\u2019s mouth opened, shut, opened. \\u201cFor real?\\u201d\\n\\n\\u201cYeah, sounds right to me.\\u201d\\n\\n\\u201cSo you\\u2019re gonna let me go?\\u201d\\n\\nDion tapped the recording light. \\u201cCan\\u2019t. System\\u2019s watching. I got a procedure\\nto follow.\\u201d\\n\\n\\u201cYou\\u2019re fucking kidding me.\\u201d\\n\\nRather than replying, Dion put the cruiser into gear.\\n\\nThey drove in silence. Just before they got to the stationhouse, Dion\\nsurprised himself and said, \\u201cYou know, all those cameras and algorithms were\\nsupposed to take the bias out of policing, but sometimes they just take the\\nhuman judgment out of the picture.\\u201d\\n\\nCaleb made a disgusted face as they entered the station. The desk sergeant was\\nready to relieve Dion of his burden. At the last minute, he dug in his wallet\\nand passed the kid his business card. \\u201cLook, it is what it is, but this is how\\nyou can reach me, you need some help.\\u201d That was something that actually scored\\nhim performance points with the algorithm, the human touch.\\n\\nAdvertisement\\n\\nAdvertisement\\n\\nThe kid took the card in his cuffed hands, wrestled it into his jeans pocket.\\n\\u201cYeah, all right.\\u201d\\n\\nDion caught the desk sergeant\\u2019s eye as he handed Caleb over. \\u201cHe\\u2019s been real\\ncooperative,\\u201d he said. \\u201cNot going to give you any trouble.\\u201d\\n\\nHe didn\\u2019t think it was true, but maybe it would make a difference. Maybe not,\\nthough.\\n\\n####\\n\\nI/O Error\\n\\nNinety-Two\\u2019s screen was going crazy. A face would appear, but before he could\\nmake a judgment about it, it would disappear as the system decided his\\nintervention wasn\\u2019t necessary. Flick, flick, flick, the faces flickered across\\nhis screen faster than he could make sense of, and when he raised his head to\\nlook around, he saw that it wasn\\u2019t just him: Across Building 34, there were\\ndozens of kids staring in bewilderment at their screens. The kids whose\\nscreens weren\\u2019t crazy flocked around the kids whose screens were. Soon,\\neverything had ground to a halt. Supervisors charged into the room, sweaty-\\nfaced, flustered, bellowing, \\u201cBACK TO WORK BACK TO WORK,\\u201d moving down the\\nlines, seizing the flickering tablets, staring open-jawed and dumbstruck at\\nthem. This was not how the screens were supposed to act.\\n\\nAdvertisement\\n\\nWalking away from your assigned work spot was totally prohibited in Building\\n34. You could lose all leisure privileges for a week just for an unauthorized\\nbathroom break. But the normal rules were clearly suspended. People were\\nmilling, racing back and forth, calling out to one another. Ninety-Two found\\n33 in a corner with a group of other SARAHs and she pointed to the faces\\nflickering past her tablet.\\n\\nAdvertisement\\n\\nAdvertisement\\n\\nThe faces were mostly brown, but not all, and the people appeared excited and\\nscared as they looked into the camera. One woman\\u2019s expression riveted him:\\nThough she had a black eye and an ugly bruise on her cheek, her expression was\\npure triumph.\\n\\nAdvertisement\\n\\n\\u201cShe\\u2019s having a good day,\\u201d 33 said. \\u201cI wish I could be having that kind of\\nday.\\u201d The face was gone. There was a new one in its place. Thirty-Three\\u2019s\\nfriends were passing around lychee fruits, another forbidden pleasure in the\\nworkroom, and it was all the sweeter for that. He dropped the shell on the\\nground amid many others.\\n\\nAdvertisement\\n\\nCiudad Juarez got too hot for Yolanda after she refused to stop escalating the\\nfake copyright claims on her videos. That was Their new favorite tactic. (She\\ndidn\\u2019t know who They were, exactly, but it didn\\u2019t matter, because \\u201cThey\\u201d were\\njust members of the crimeware gig-economy, cartel enforcers getting some\\npocket money by making themselves available for hire by anyone in the world at\\nthe tap of an app. Who knew who hired them? Superpatriot militias, ICE private\\n\\u201cblackest black SEO\\u201d contractors, or just COINTELPRO 3.0. She\\u2019d post a video\\nand They\\u2019d claim it infringed Their copyright and it would disappear. Each\\nclaim was made by a different obviously fake name, but the platforms didn\\u2019t\\ncare, and when They made the claim, They\\u2019d also upload it to the rights-\\ndatabases that prevented her from reuploading it.\\n\\nAdvertisement\\n\\nAdvertisement\\n\\nA human rights person with a Twitter blue-check put her in touch with someone\\non the human rights task force of YouTube\\u2019s User Safety and Privacy group, who\\nfinally reviewed all these takedowns and flagged her account so future\\ntakedown requests would trigger human review\\u2014before the censorbots pulled her\\nvideos offline. The next time she posted a video\\u2014a local militia terrorizing\\nand robbing a group of Salvadorans\\u2014it absorbed dozens of bullshit copyright\\nclaims without being pulled offline.\\n\\nThe triumph she felt in that moment was short-lived. That night, she caught a\\nvicious beating from a group of three masked men who broke down her door. It\\nmight have gone beyond a beating if it wasn\\u2019t for the neighbor who heard her\\ncries and raised a group of locals who crowded into her house. She made\\narrangements to sleep somewhere else the next night\\u2014she had safe houses\\neverywhere\\u2014and so it wasn\\u2019t until the following morning that she found out\\nsomeone had firebombed her house.\\n\\nAdvertisement\\n\\nAdvertisement\\n\\nShe had been targeted before, but never quite like this. She couldn\\u2019t bear to\\nspend another minute in Ciudad Juarez, so she caught a bus south and searched\\non the highway for connections that would get her to a Caribbean port, maybe\\nin Tabasco or Campeche\\u2014anywhere the refugee ships were massing.\\n\\nAdvertisement\\n\\nAdvertisement\\n\\nShe\\u2019d almost gone to cover the ships as they were massing up. The word had\\nbeen going out for months that there was a flotilla assembling across the\\nCaribbean ports, a new kind of run for the border, something never seen\\nbefore. The organizers weren\\u2019t coyotes: They were a cooperative out of\\nChiapas, pirate cellular operators who\\u2019d been running their own networks to\\ncoordinate community organizing and balance out their own micro-grid for a\\ndecade, hooked into the tech resistance around the world.\\n\\nAdvertisement\\n\\nBut Yolanda had decided against it. She was comfortable in Ciudad Juarez,\\nplugged into her own network of activists and media hackers and meme-slingers,\\nto say nothing of the abuelas who were determined to fatten her up with\\ndelicious home cooking. Let someone else document the flotilla.\\n\\nBut with her home smoldering and her neighbors at risk with every moment she\\nlingered, the flotilla was looking like a safer bet than Ciudad Juarez. The\\nbus would take about three days depending on the connection in Mexico City and\\nsuppressing the urge to run and hide while she transited from the bustling\\nTerminal Central del Norte to the sparse Terminal Central del Sur, where she\\nfelt incredibly exposed and vulnerable. She ended up walking to a nearby cafe\\nafter buying her ticket and nursing cups of coffee for six hours until going\\nback to board, sporting a broad hat and shades she\\u2019d bought from a little\\nmarket stall.\\n\\nAdvertisement\\n\\nAdvertisement\\n\\nThe next day, as the road unrolled before the bus, she used the wireless to\\nmonitor the situation in Campeche, messaging her friends and contacts to make\\nsure she\\u2019d have a berth when she arrived. The whole thing was shrouded in\\nmystery: where the boat was leaving from, where it was going, how it would\\nevade the Coast Guard patrols and the cameras that ringed every beach and port\\non the U.S. coast. The day stretched into night and she veered from elation at\\nthe thought of the wild high-tech secret the Zaptatistas had come up with and\\nterror that she was handing herself over to deluded techno-idealists or,\\nworse, human traffickers who\\u2019d dump her in the sea if things went sour.\\n\\nAdvertisement\\n\\nAdvertisement\\n\\nBut once she stepped off the bus in Campeche, all her anxiety melted away. The\\nair was crackling with excitement, and everywhere she looked, she saw\\npeople\\u2014singles like her, moms with kids, old men, young men, families,\\ncarrying bags that were a little too big to be mere shopping or holiday\\nluggage. They made eye contact with one another, nodded. Someone gave her an\\norange; she shared her pumpkin seeds. She leaned out over a sea-wall to look\\nat the surf and her ridiculous broad-brimmed blew out to sea and she snatched\\nfor it, nearly overbalanced, recovered, and laughed at herself as her heart\\nthundered in her chest.\\n\\nAdvertisement\\n\\nAdvertisement\\n\\nThey were eight hours at sea when the Zaptatistas gathered them on the deck to\\nshow them their new hats. They came in a variety of styles\\u2014snappy little\\nporkpies, baseball caps, broad-brimmed straw hats, even the ridiculous boaters\\nthat had come into vogue during the American voter-registration drives and now\\ncould be had on the cheap in markets around the world.\\n\\nAdvertisement\\n\\n\\u201cThese are the projectors,\\u201d the Zaptatista said. She was middle-aged, with a\\nweathered face and a loud voice. She pointed to a tiny black box underneath\\nthe brim of the Marlins cap. \\u201cIt has a battery, a little camera, and it\\u2019s\\nwaterproof. It senses the shape of your face and projects ultraviolet shapes\\nonto it that are designed to confuse facial recognition algorithms. If you\\nconnect to it by Bluetooth, you can program it to make the cameras recognize\\nyou as anyone in the world, but for today\\u2019s purposes, we\\u2019ve just designed them\\nto make your face unrecognizable altogether. The systems will not be able to\\ntell that you\\u2019re anyone.\\n\\n\\u201cOnce you land, you need to get away from the site as quickly as possible,\\nhead inland and away from the zones with the most cameras. After you\\u2019re a\\ncouple of kilometers inside, you can take the hats off. Even if your face is\\nrecorded then, it won\\u2019t be matched to a face that came ashore that morning.\\u201d\\n\\nAdvertisement\\n\\nAdvertisement\\n\\nAdvertisement\\n\\nIt was a thrilling idea, but even more thrilling were the demos, with a large\\nprojector screen behind the Zaptatista displaying a camera\\u2019s-eye-view of the\\nfaces of random people, the system locking onto their faces with ease until\\nthey donned the hats, then losing the plot, drawing and erasing rectangles\\naround eyes and noses and mouths as the UV light confounded its ability to\\nsense and identify key points of facial geometry. Then, just for fun, the\\nZapatista put the hat through its paces, showing how it could be used to\\nconvince the algorithm that a little girl was Winston Churchill, then that an\\nold man was Frida Kahlo, and finally that a big bruiser of a dude was Keira\\nKnightley. They burst into applause.\\n\\nAdvertisement\\n\\nDion was nowhere near the beach when the screen in his cruiser alerted him.\\nThey\\u2019d had multiple reports of a flotilla coming ashore\\u2014individuals in\\ndinghies and zodiacs and canoes and even rafts of floaties. Normally, that was\\nCBP or the Coast Guard\\u2019s department: The camera-grid ringing the beaches and\\nports would capture images of the people as they came ashore, and any that got\\naway would trigger alerts as they moved inland from the sparser grid. It was\\nefficient, cost-effective, and minimally invasive\\u2014and since they\\u2019d installed\\nit a couple of years ago, the weekly flotilla rushes had dwindled to rare\\noccurrences. Sometimes a whole season would go by without one.\\n\\nAdvertisement\\n\\nAdvertisement\\n\\nBut this was new: scrambling every unit, every cop, every agency. Not just in\\nMiami, either. Word was that there were flotillas coming ashore all along the\\nGulf Coast: Texas, Florida, even Louisiana. Dion\\u2019s wife sent him a meme from a\\npresser where the president had gone purple-faced and spitting, and that was\\nnice to see, anyway.\\n\\nAdvertisement\\n\\nAdvertisement\\n\\nEvery cam on Dion\\u2019s cruiser was on high alert, face-recoging every person it\\npassed. Dion watched as it IDed and then passed on a string of petty parole\\nviolators and other low-level junk. He kept his speed down so it could ID each\\nperson he passed.\\n\\nThen he found himself looking at Caleb\\u2019s mug shot, pulled up as the cam\\nrecognized him. Dion looked around and sure enough, there he was, staring hard\\nat Dion through the cruiser window as Dion looked up. And the woman the kid\\nwas talking with, hair under a pretty sun-bonnet, her back to him, carrying a\\nsuspiciously large backpack? Even as Dion was sizing her up, the cruiser was\\nadvising him to get out and let Re-Cog get a look at her face.\\n\\nAdvertisement\\n\\nHe pulled over and blatted the siren once as he got out, stretched, kept his\\neyes on the kid. Caleb narrowed his eyes back, hate staring, and started to\\nwhisper urgently to the woman, who turned around, saw his uniform, blanched,\\ngrabbed her backpack.\\n\\n\\u201cHello, officer,\\u201d the kid said, interposing himself between her and Dion.\\n\\nAdvertisement\\n\\n\\u201cNice to see you again.\\u201d He was wearing an ankle-cuff, prominent on his bare\\ncalf under his basketball shorts. \\u201cWho\\u2019s your friend?\\u201d\\n\\nThe kid crowded him, stepping in his way. \\u201cNo one, just someone asking for\\ndirections. How\\u2019s things with you?\\u201d\\n\\nDion used his forearm to nudge Caleb out of the way, stepping right up to the\\nwoman. Latina, young, scared, defiant.\\n\\n\\u201cHello there,\\u201d he said, crouching down a little to get her face in better\\nrange of his bodycam. It chirped at him a couple times, error noises he\\u2019d\\nnever heard before. \\u201cCould you just step over here, please?\\u201d The diagnostic\\nreadout would be on the cruiser\\u2019s screen. He led her to the cruiser, set her\\nin the back seat. He could smell the fear-sweat on her.\\n\\nAdvertisement\\n\\nThe kid looked like he was about ready to throw a punch. Dion didn\\u2019t want to\\ntake the kid to jail again. He really didn\\u2019t.\\n\\nThe cruiser\\u2019s screen told him that it was having an \\u201cunexpected error\\u201d and\\ntasked him with re-photographing the woman. He took a couple more shots using\\nthe in-car cameras and tapping on her face, but the camera wasn\\u2019t having any\\nof it. The woman\\u2019s expression went from frightened to unreadable. Amused?\\nConfused?\\n\\nAdvertisement\\n\\nAdvertisement\\n\\nThe kid was staring at him. The woman, too. It was a hot day. He got out of\\nthe car, let the woman out.\\n\\n\\u201cWhat\\u2019s your name?\\u201d he said.\\n\\n\\u201cYolanda,\\u201d she said.\\n\\n\\u201cHow do you know Caleb?\\u201d He jutted his chin toward the kid.\\n\\n\\u201cHe didn\\u2019t do anything, I promise. He saw I looked lost and asked for help.\\nPlease don\\u2019t make trouble for him. Please.\\u201d\\n\\n\\u201cWell, Yolanda, I think you\\u2019d best be on your way.\\u201d\\n\\n\\u201cThank you,\\u201d she said. Her Spanish accent was faint but unmistakable.\\n\\nAs he put the cruiser back in gear, he caught the kid\\u2019s eye. The kid nodded\\njust a little at him, and he nodded back. If the system didn\\u2019t recognize the\\nwoman, he didn\\u2019t have to do anything. That was the rule.\\n\\nDion always followed the rules.\\n\\n####\\n\\nLonely at the Top\\n\\nRandolph\\u2019s CFO wasn\\u2019t going for it.\\n\\n\\u201cLook, I hear what you\\u2019re saying, Randy, and you\\u2019re right, it makes great\\nengineering sense, but you\\u2019re going to get slaughtered in the market.\\u201d Asha\\nhad held down a Morgan Stanley trading desk for years before getting her own\\nfund.\\n\\nWhen GR Group had bought Re-Cog and moved Randolph from COO to CEO, they\\u2019d\\nbrought Asha in to be his CFO and help him keep the investors happy. They\\u2019d\\ngenerally had a good relationship, though it bugged the hell out of Randolph\\nwhen she pulled out this, \\u201cYou\\u2019re just an engineer, you don\\u2019t understand how\\nmarkets work\\u201d thing.\\n\\nAdvertisement\\n\\n\\u201cAsha, I hear you too, but the reality is that this is a major product\\nchallenge. We need to reengineer the whole thing, retool now that we know that\\nthis attack isn\\u2019t just a theoretical risk. Once one bad guy figures it out,\\nthe rest aren\\u2019t going to be far behind. Doing that is a multiyear project. The\\nfact that the Street won\\u2019t like it has no impact on whether it needs doing.\\u201d\\n\\n\\u201cYou\\u2019re not the boss of the markets. They\\u2019re ruled by bots.\\u201d\\n\\nShe shook her head. \\u201cThe reality is that the algorithms know that there are a\\nlot of positions out there that will not hang in if they think you\\u2019re going to\\nsacrifice a couple of quarters\\u2019 growth, and as soon as the wire goes out\\nexplaining that we\\u2019re \\u2018retooling,\\u2019 they\\u2019re going to short you into the\\npoorhouse. I know that the work needs doing, but it just can\\u2019t be done this\\nway. If you try, you\\u2019ll find yourself trying to fund the work without any\\ncapital.\\u201d\\n\\n\\u201cYou\\u2019re saying that the most profitable course of action is off the table\\nbecause of automated trading bots? Come on, Asha, you can just write the press\\nrelease to\\u2014\\u201d\\n\\nShe cut him off. \\u201cNo, that\\u2019s not how it works. You\\u2019re the boss of this\\ncompany, Randy, but you\\u2019re not the boss of the markets. They\\u2019re ruled by bots,\\nand I don\\u2019t necessarily think that\\u2019s a good thing, but it is what it is.\\u201d\\n\\nAdvertisement\\n\\nAdvertisement\\n\\nIt is what it is was a thing Asha said, and Randolph knew what it meant: We\\u2019re\\ndone here.\\n\\nLater, he sat alone, staring at his screen and staring at photos of the faces\\nthat his software couldn\\u2019t recognize as faces. And for a moment there, he\\nfound himself actually seeing them, the expressions there, the fear and hope.\\nFear that the system they were in was remorseless, tireless, uncaring and\\nunreasonable. Hope that the system\\u2019s imperfections might let them slip\\nthrough. He realized that it was the same expression that he was wearing.\\n\\nRead a response essay by Nettrice Gaskins, an artist-educator who collaborates\\nwith artificial intelligence.\\n\\nThis story and essay, and the accompanying art, are presented by AI Policy\\nFutures, which investigates science fiction narratives for policy insights\\nabout artificial intelligence. AI Policy Futures is a joint project of the\\nCenter for Science and the Imagination at Arizona State University and the\\nOpen Technology Institute at New America, and is supported by the William and\\nFlora Hewlett Foundation and Google.\\n\\n####\\n\\nMost Recent in Future Tense Fiction\\n\\n\\u201cThe Arisen,\\u201d by Louisa Hall \\u201cThe Song Between Worlds,\\u201d by Indrapramit Das \\u201cNo\\nMoon and Flat Calm,\\u201d by Elizabeth Bear \\u201cSpace Leek,\\u201d by Chen Qiufan \\u201cZero in\\nBabel,\\u201d by E. Lily Yu \\u201cWhat the Dead Man Said,\\u201d by Chinelo Onwualu \\u201cDouble\\nSpiral,\\u201d by Marcy Kelly\\n\\nAnd read 14 more Future Tense Fiction tales in our anthology Future Tense\\nFiction: Stories of Tomorrow, out now from Unnamed Press.\\n\\nFuture Tense is a partnership of Slate, New America, and Arizona State\\nUniversity that examines emerging technologies, public policy, and society.\\n\\nTweet Share Share Comment\\n\\n  * Future Tense Fiction\\n  * Privacy\\n  * Biometrics\\n  * Law Enforcement\\n  * Facial Recognition\\n\\nAdvertisement\\n\\n#### About\\n\\n  * About Us\\n  * Work With Us\\n  * Contact\\n  * Pitch Guidelines\\n  * Send Us Tips\\n  * Corrections\\n  * Commenting\\n  * Reprints\\n\\n#### Subscriptions\\n\\n  * Subscribe\\n  * Sign In\\n  * Account\\n  * Subscription FAQs\\n  * Podcast FAQs\\n  * Newsletters\\n  * Customer Support\\n\\n#### Advertising\\n\\n  * AdChoices\\n  * Cookie Preferences\\n\\nSlate is published by The Slate Group, a Graham Holdings Company.\\n\\n#### Follow Us\\n\\nFacebook Twitter Instagram YouTube RSS Feed\\n\\n  * User Agreement\\n  * Privacy Policy\\n\\nAll contents \\u00a9 2024 The Slate Group LLC. All rights reserved.\\n\\n## We Care About Your Privacy\\n\\nWe and our 69 partners store and/or access information on a device, such as\\nunique IDs in cookies to process personal data. You may accept or manage your\\nchoices by clicking below or at any time in the privacy policy page. These\\nchoices will be signaled to our partners and will not affect browsing data.\\n\\n### We and our partners process data to provide:\\n\\nUse precise geolocation data. Actively scan device characteristics for\\nidentification. Store and/or access information on a device. Personalised\\nadvertising and content, advertising and content measurement, audience\\nresearch and services development.\\n\\n\", \"frontpage\": false}"}
