{"value":"{\"aid\": \"40191636\", \"title\": \"A Free PHP Webpage View Counter That Ignores Self-Identified Robots\", \"url\": \"https://cheapskatesguide.org/articles/webpage-view-counter.html\", \"domain\": \"cheapskatesguide.org\", \"votes\": 2, \"user\": \"worldofmatthew\", \"posted_at\": \"2024-04-28 20:40:41\", \"comments\": 0, \"source_title\": \"cheapskatesguide.org\", \"source_text\": \"cheapskatesguide.org\\n\\n# This page isn\\u2019t working\\n\\ncheapskatesguide.org didn\\u2019t send any data.\\n\\nERR_EMPTY_RESPONSE\\n\\nnull\\n\\ncheapskatesguide.org didn\\u2019t send any data.\\n\\n\", \"frontpage\": false}"}
