{"value":"{\"aid\": \"40192060\", \"title\": \"Cars are getting dumber [video]\", \"url\": \"https://www.youtube.com/watch?v=_S7GU9lDpq8\", \"domain\": \"youtube.com\", \"votes\": 3, \"user\": \"awnird\", \"posted_at\": \"2024-04-28 21:19:38\", \"comments\": 0, \"source_title\": \"Cars are getting dumber\", \"source_text\": \"Cars are getting dumber - YouTube\\n\\nCars are getting dumber\\n\\n2x\\n\\nIf playback doesn't begin shortly, try restarting your device.\\n\\nIncludes paid promotion\\n\\n\\u2022\\n\\nYou're signed out\\n\\nVideos you watch may be added to the TV's watch history and influence TV\\nrecommendations. To avoid this, cancel and sign in to YouTube on your\\ncomputer.\\n\\nUp next\\n\\nLive\\n\\nUpcoming\\n\\nPlay Now\\n\\nShare\\n\\nAn error occurred while retrieving sharing information. Please try again\\nlater.\\n\\n0:00\\n\\n0:00 / 31:57\\u2022Watch full video\\n\\n\\u2022\\n\\nNaN / NaN\\n\\nBack\\n\\n\", \"frontpage\": true}"}
