{"value":"{\"aid\": \"40191939\", \"title\": \"Australia's big encryption-busting laws six years on\", \"url\": \"https://www.theguardian.com/australia-news/2024/apr/29/australias-big-encryption-busting-laws-have-done-little-more-than-give-authorities-the-power-to-ask-nicely\", \"domain\": \"theguardian.com\", \"votes\": 1, \"user\": \"hestefisk\", \"posted_at\": \"2024-04-28 21:08:35\", \"comments\": 0, \"source_title\": \"Australia\\u2019s big encryption-busting laws have done little more than give authorities the power to ask nicely\", \"source_text\": \"Australia\\u2019s big encryption-busting laws have done little more than give authorities the power to ask nicely | Paul Karp | The Guardian\\n\\nSkip to main contentSkip to navigation\\n\\nSkip to navigation\\n\\nPrint subscriptions\\n\\nSign in\\n\\nSearch jobs\\n\\nSearch\\n\\n  * Europe edition\\n\\n  * UK edition\\n\\n  * US edition\\n\\n  * Australia edition\\n\\n  * International edition\\n\\nThe Guardian - Back to homeThe Guardian\\n\\n## Support the Guardian\\n\\nFund independent journalism with \\u20ac10 per month\\n\\nSupport us\\n\\nSupport us\\n\\n  * Australia\\n  * World\\n  * AU politics\\n  * Environment\\n  * Climate crisis\\n  * Indigenous Australia\\n  * Immigration\\n  * Media\\n  * Business\\n  * Science\\n  * Tech\\n  * Podcasts\\n  * Newsletters\\n\\n\\u2018Knowing that agencies were armed with this huge arsenal made it especially\\nodd to see Reece Kershaw (left), the head of the AFP, and Mike Burgess, the\\nhead of Asio (right), politely ask for more cooperation from tech companies.\\u2019\\nPhotograph: Lukas Coch/AAP\\n\\n\\u2018Knowing that agencies were armed with this huge arsenal made it especially\\nodd to see Reece Kershaw (left), the head of the AFP, and Mike Burgess, the\\nhead of Asio (right), politely ask for more cooperation from tech companies.\\u2019\\nPhotograph: Lukas Coch/AAP\\n\\nThe AgendaAustralian politics\\n\\n# Australia\\u2019s big encryption-busting laws have done little more than give\\nauthorities the power to ask nicely\\n\\nPaul Karp\\n\\nNearly six years after law enforcement agencies gained the power to compel\\nsocial media companies to hand over data, our world-leading legislation\\nappears practically useless\\n\\n  * Follow our Australia news live blog for latest updates\\n  * Get our morning and afternoon news emails, free app or daily news podcast\\n\\nShare\\n\\nThere was much fanfare in late 2018 when Australia passed world-leading\\nlegislation to help law enforcement and spy agencies break encryption.\\n\\nAs communications increasingly moved into platforms that are end-to-end\\nencrypted, including Signal, WhatsApp and Meta\\u2019s other apps including\\nMessenger, authorities were losing track of criminals and spies who were\\n\\u201cgoing dark\\u201d.\\n\\nThe new bill would provide powers for agencies to first ask tech companies to\\nhelp them break encryption or, if that failed, use compulsory powers to\\nrequire them to assist or even to build new capability to do so.\\n\\nAustralian agencies could gain powers such as to send push notifications to\\ncriminal suspects, disguised as software updates, that instead installed key-\\nlogging software to enable them to see, keystroke by keystroke, what users\\ntype into a message.\\n\\n  * Sign up for Guardian Australia\\u2019s free morning and afternoon email newsletters for your daily news roundup\\n\\nThe spy agency Asio said the bill was urgent and Labor, then in opposition,\\nwaved it through.\\n\\nHecs help is on the way \\u2013 but is it too little, too late to help struggling\\nstudents?\\n\\nPaul Karp\\n\\nRead more\\n\\nKnowing that agencies were armed with this huge arsenal made it especially odd\\nto see Reece Kershaw, the head of the Australian federal police, and Mike\\nBurgess, the head of Asio, attend the National Press Club last Wednesday to\\npolitely ask for more cooperation from tech companies.\\n\\nThe truth is that many of the new powers have barely been used.\\n\\nAn increase in penalties to coerce suspects to unlock their phones was used\\nimmediately by agencies. Eventually they got the hang of the voluntary powers,\\nissuing 66 technical assistance requests last financial year up from 30 the\\nyear before.\\n\\nBut as I noted in a question at the Press Club, on the latest publicly\\navailable data agencies have not been using the compulsory powers (technical\\nassistance notices, and technical capability notices) at all. Zip, zilch,\\nzero.\\n\\n\\u201cI think you\\u2019ll see in this financial year a 100% increase on that zero,\\u201d\\nKershaw replied.\\n\\n\\u201cI don\\u2019t want to go into details of that. But you know, it goes back to the\\ntech companies, we just want what we currently have as far as that arrangement\\nof them being able to share material and referrals to us that we can act on.\\n\\n\\u201cSo we don\\u2019t know what we\\u2019d need to request if it goes dark.\\u201d\\n\\nAfter my note that 100% of zero is zero, Kershaw confirmed that the compulsory\\npowers had now been used once.\\n\\nBurgess said: \\u201cI\\u2019m not going to rule it out. Of course we\\u2019re here to ask for\\ntheir help. We have good relationships with the companies. And I will use the\\nlaw if I need to but I\\u2019m asking for their help.\\n\\n\\u201cIt\\u2019s the way they design things \\u2013 we need their help.\\u201d\\n\\nAustralian eSafety commissioner puts tech companies on notice over reports\\nterror-related content still being shared\\n\\nRead more\\n\\nSo it sounds as though despite having laws that create compulsory powers,\\nagencies don\\u2019t know how or what to compel without voluntary assistance from\\nsocial media companies. Much of the encryption bill would appear to be\\npractically useless.\\n\\nBurgess was very clear that he was not asking for new laws, powers or\\nresources for Asio. \\u201cI am not asking the government to do anything. I am\\nasking the tech companies to do more.\\u201d\\n\\nIt could not be clearer who the intended audience of the call to action was,\\nbut the Australian somehow concluded it was Anthony Albanese who needed to\\n\\u201clog on\\u201d to fix online safety laws that \\u201care outdated and not fit-for-\\npurpose\\u201d.\\n\\nAustralia\\u2019s reflexive response to any national security or criminal threat is\\nthat new powers must be required.\\n\\nIt\\u2019s so hardwired that even when the cops and spooks said they weren\\u2019t using\\ntheir existing powers and they don\\u2019t need new ones, some in the media\\nconcluded the exact opposite.\\n\\nAfter the spread of misinformation about the identity of the Bondi Junction\\nstabber and videos of the Wakeley church attack, the social licence of the\\nsocial media companies is at low ebb.\\n\\nThe Albanese government has been keen to capitalise, using the attacks to\\nargue for everything from passage of its misinformation bill to the social\\nmedia companies coughing up some dough for traditional news media, rather than\\nsidestepping the laws by removing news.\\n\\nWhy shouldn\\u2019t Kershaw and Burgess get in on the act, to jawbone social media\\ncompanies to play ball on encryption?\\n\\nTraditional media companies are happy to amplify these messages, and were\\nalready starting up a campaign against encryption helping paedophiles and drug\\ndealers.\\n\\n> Daily Tele discovered end to end encryption.\\n>\\n> Australia passed a bill to deal with this 5+ years ago!! Go find out why law\\n> enforcement barely use it.https://t.co/wmtGMBcz8l pic.twitter.com/au6cLtheDY\\n>\\n> \\u2014 Paul Karp (@Paul_Karp) April 11, 2024\\n\\nAll of these developments are highly newsworthy: Elon Musk v eSafety\\ncommissioner, backbench revolt on Dutton\\u2019s green light for the misinformation\\nbill, renewed pressure on social media companies.\\n\\nBut we can\\u2019t memory-hole the fact we\\u2019ve been here before on encryption.\\n\\nWas it responsible for parliament to rush through laws that were so poorly\\nunderstood? Do agencies need powers they barely use?\\n\\nWatching Kershaw and Burgess I felt a sense of pathos. My image of an all-\\npowerful security state reaching into suspects\\u2019 phones was replaced with\\nsomething more anodyne.\\n\\nAfter more than five years, agencies are armed with a law that is a paper\\ntiger and can do little more than ask nicely.\\n\\nExplore more on these topics\\n\\n  * Australian politics\\n  * The Agenda\\n  * Encryption\\n  * Australian security and counter-terrorism\\n  * Australian federal police\\n  * Social media\\n  * comment\\n\\nShare\\n\\nReuse this content\\n\\n## Most viewed\\n\\n## Most viewed\\n\\n  * Australia\\n  * World\\n  * AU politics\\n  * Environment\\n  * Climate crisis\\n  * Indigenous Australia\\n  * Immigration\\n  * Media\\n  * Business\\n  * Science\\n  * Tech\\n  * Podcasts\\n  * Newsletters\\n\\n  * News\\n  * Opinion\\n  * Sport\\n  * Culture\\n  * Lifestyle\\n\\nOriginal reporting and incisive analysis, direct from the Guardian every\\nmorning\\n\\nSign up for our email\\n\\n  * Help\\n  * Complaints & corrections\\n  * SecureDrop\\n  * Work for us\\n  * Privacy policy\\n  * Cookie policy\\n  * Terms & conditions\\n  * Contact us\\n\\n  * All topics\\n  * All writers\\n  * Digital newspaper archive\\n  * Facebook\\n  * YouTube\\n  * Instagram\\n  * LinkedIn\\n  * Twitter\\n  * Newsletters\\n\\n  * Advertise with us\\n  * Search UK jobs\\n\\nBack to top\\n\\n\\u00a9 2024 Guardian News & Media Limited or its affiliated companies. All rights\\nreserved. (dcr)\\n\\n\", \"frontpage\": false}"}
