{"value":"{\"aid\": \"40191353\", \"title\": \"Ozempic will disrupt big tobacco, candy companies, and alcohol brands\", \"url\": \"https://curingaddiction.substack.com/p/growing-concerns-that-ozempic-will\", \"domain\": \"curingaddiction.substack.com\", \"votes\": 115, \"user\": \"robertn702\", \"posted_at\": \"2024-04-28 20:00:48\", \"comments\": 139, \"source_title\": \"\\\"Growing concerns\\\" that Ozempic will disrupt big tobacco, candy companies, and alcohol brands, according to Morgan Stanley\", \"source_text\": \"\\\"Growing concerns\\\" that Ozempic will disrupt big tobacco, candy companies, and\\nalcohol brands, according to Morgan Stanley\\n\\nShare this post\\n\\n#### \\\"Growing concerns\\\" that Ozempic will disrupt big tobacco, candy\\ncompanies, and alcohol brands, according to Morgan Stanley\\n\\ncuringaddiction.substack.com\\n\\n#### Discover more from Curing Addiction\\n\\nNews and science on breakthrough medications for addiction.\\n\\nContinue reading\\n\\nSign in\\n\\n# \\\"Growing concerns\\\" that Ozempic will disrupt big tobacco, candy companies,\\nand alcohol brands, according to Morgan Stanley\\n\\n### Are GLP-1 drugs the first real threat to the hyper-processed food and\\nalcohol industries?\\n\\nNicholas Reville\\n\\nApr 26, 2024\\n\\n3\\n\\nShare this post\\n\\n#### \\\"Growing concerns\\\" that Ozempic will disrupt big tobacco, candy\\ncompanies, and alcohol brands, according to Morgan Stanley\\n\\ncuringaddiction.substack.com\\n\\n2\\n\\nShare\\n\\nUntil recently, the dominance of ultra-processed food and alcohol companies\\nhas seemed unassailable. With corporate food engineers cranking out more and\\nmore hyper-palatable products, the negative health impacts seemed to only be\\nmoving in one direction. The tide might be about to turn.\\n\\nMorgan Stanley recently did a survey of people taking GLP-1 drugs like Ozempic\\nor Mounjaro. CNBC and Quartz got private looks at the survey results. Quartz\\nwrote:\\n\\n> The investment bank also surveyed about 300 GLP-1 users about their\\n> consumption habits while taking the medication. Analysts at the bank have\\n> previously cautioned that the growing use of GLP-1s will put some longterm\\n> pressure on fast food sales, as users have reported spending less money at\\n> restaurants...\\n>\\n> While 40% of survey respondents said they smoked cigarettes at least weekly\\n> before starting a GLP-1 treatment, that number fell to 24% after they\\n> started the treatment. Meanwhile, weekly e-cigarette usage dropped from 30%\\n> of respondents to 16% after they started taking a GLP-1.\\n>\\n> Morgan Stanley found similar results when it asked respondents about their\\n> use of alcohol. About 56-62% of alcohol consumers on GLP-1s reported\\n> drinking less alcohol since starting the medications, with about 14-18%\\n> cutting their alcohol consumption entirely.\\n\\nAnd here\\u2019s how CNBC reported it:\\n\\n> The findings add to the mounting concerns that soaring demand for GLP-1s\\n> could take a bite out of the bottom lines of some of the biggest restaurant\\n> companies and makers of packaged snacks like Doritos, Oreos and Hershey\\u2019s\\n> Kisses. GLP-1s include Novo Nordisk\\u2019s blockbuster weight loss injection\\n> Wegovy and diabetes counterpart Ozempic, along with Eli Lilly\\u2019s popular\\n> weight loss treatment Zepbound and diabetes injection Mounjaro.\\n>\\n> The rising demand for these four drugs isn\\u2019t expected to ease anytime soon.\\n> In the new survey, Morgan Stanley analysts said they expect the market for\\n> GLP-1s to be worth $105 billion by 2030. They also estimate that 31.5\\n> million people, or around 9% of the U.S. population, will take GLP-1s by\\n> 2035.\\n>\\n> \\u201cThere is growing evidence that the drugs have a meaningful impact on\\n> consumer behavior and spending on groceries and restaurants,\\u201d Morgan Stanley\\n> analysts said in the survey. \\u201cAll of these dynamics suggest GLP-1 drugs\\u2019\\n> impact across consumer sectors is set to increase as drug uptake grows and\\n> the drugs reshape behavior among a demographic group that represents a\\n> disproportionate share of calorie consumption.\\u201d\\n\\nIt\\u2019s pretty amazing that a reporter can write with a straight face that people\\neating less Doritos and Oreos is a \\u2018mounting concern\\u2019! Will CNBC soon report\\n\\u2018mounting concerns\\u2019 that Purdue Pharma\\u2019s sales of OxyContin could decline?\\nThis survey is not exactly \\u2018science\\u2019 but it aligns with patient reports and\\nrecent studies showing a broad reduction in cravings for food and substances\\namong patients taking GLP-1s.\\n\\nIf GLP-1s prove effective for addiction, Alzheimer\\u2019s disease, depression, and\\nanxiety\\u2013areas being studied and showing promise\\u2013 the percentage of the\\npopulation taking using them could far exceed 9%. While replacing a dependence\\non corporate processed food brands with a dependence on big pharma might sound\\nlike a mixed blessing, the broad health, longevity, and mortality benefits for\\nthose eligible appear to overwhelmingly justify the trade-off. As more GLP-1\\ncompetitors come to market and prices fall, the benefit to the public will\\neasily outweigh the costs.\\n\\nThere are also opportunities for regulators, particularly in the US, to impose\\nprice controls on GLP-1s that ensure equitable access across class and race.\\nStates that are restricting medicaid access to GLP-1s for weight loss are\\nexacerbating the already vast health outcome inequalities in the United\\nStates. A policy of cost-restriction and access guarantees would bring massive\\npublic health benefits.\\n\\nWe are doing in-depth research on GLP-1 studies of addiction and mental health\\nand will be publishing more articles soon on the science and medical uses. We\\nhope you will share and subscribe (it\\u2019s free).\\n\\nShare\\n\\nFor more of our writing and research on GLP-1 and addiction, please subscribe\\n(it\\u2019s free!) and see these recent articles:\\n\\n  * Ozempic is Showing Us That a Cure for Addiction is Possible\\n\\n  * News Roundup: Will GLP-1s Revolutionize Addiction Treatment?\\n\\n  * 27 patients describe how Ozempic and Mounjaro reduced their urge to drink alcohol\\n\\nPlease subscribe! It\\u2019s free.\\n\\nIf you are interested in getting involved with our group, we are always\\nlooking for PhD, MD, and other experts in the field of addiction to join the\\neffort. Please be in touch!\\n\\n3 Likes\\n\\n\\u00b7\\n\\n2 Restacks\\n\\n3\\n\\nShare this post\\n\\n#### \\\"Growing concerns\\\" that Ozempic will disrupt big tobacco, candy\\ncompanies, and alcohol brands, according to Morgan Stanley\\n\\ncuringaddiction.substack.com\\n\\n2\\n\\nShare\\n\\n2 Comments\\n\\nTim PinderTim\\u2019s SubstackApr 27This is the opposite of what is intended: drugs\\nlike Ozempic should mean we can gorge ourselves on fats, salt, corn syrup etc.\\nwith abandon thereby boosting sales and profitability for these\\nmanufacturers.Expand full commentLikeReplyShare  \\n---  \\n  \\nChris MonkApr 27\\u00b7edited Apr 27Oh yes, let's \\\"Impose price controls\\\" to ensure\\nno company ever risks billions on developing breakthrough drugs again. The\\nClown who wrote this has made her Marxist professors proud.Expand full\\ncommentLikeReplyShare  \\n---  \\n  \\nA Federal Moonshot for Better Addiction Medications Can Help Us Escape the\\nCrisis\\n\\nWhy has the United States put so few resources into developing new medical\\ntreatments for drug abuse when the ongoing financial, social, and medical...\\n\\nApr 11 \\u2022\\n\\nNicholas Reville\\n\\n8\\n\\nShare this post\\n\\n#### A Federal Moonshot for Better Addiction Medications Can Help Us Escape\\nthe Crisis\\n\\ncuringaddiction.substack.com\\n\\n1\\n\\n27 patients describe how Ozempic and Mounjaro reduced their urge to drink\\nalcohol\\n\\n\\\"I just think about drinking and shiver and feel the nausea wash over me. This\\nis actually AWESOME. The best thing that's happened to me.\\\"\\n\\nApr 9 \\u2022\\n\\nMeimei\\n\\nand\\n\\nNicholas Reville\\n\\n6\\n\\nShare this post\\n\\n#### 27 patients describe how Ozempic and Mounjaro reduced their urge to drink\\nalcohol\\n\\ncuringaddiction.substack.com\\n\\n1\\n\\nNews Roundup: Will GLP-1 Drugs Revolutionize Addiction Treatment?\\n\\nNew research on GLP-1 drugs like Liraglutide and Ozempic shows the potential\\nfor incredible impact on addiction.\\n\\nMar 29 \\u2022\\n\\nNicholas Reville\\n\\n8\\n\\nShare this post\\n\\n#### News Roundup: Will GLP-1 Drugs Revolutionize Addiction Treatment?\\n\\ncuringaddiction.substack.com\\n\\nReady for more?\\n\\n\\u00a9 2024 Curing Addiction\\n\\nPrivacy \\u2219 Terms \\u2219 Collection notice\\n\\nStart WritingGet the app\\n\\nSubstack is the home for great culture\\n\\nShare\\n\\n## Create your profile\\n\\n## Only paid subscribers can comment on this post\\n\\nAlready a paid subscriber? Sign in\\n\\n#### Check your email\\n\\nFor your security, we need to re-authenticate you.\\n\\nClick the link we sent to , or click here to sign in.\\n\\n\", \"frontpage\": true}"}
