{"value":"{\"aid\": \"40191856\", \"title\": \"Ra Paulette's Hand-Carved Caves \\u2013 New Mexico\", \"url\": \"https://www.atlasobscura.com/places/ra-paulette-s-hand-carved-caves\", \"domain\": \"atlasobscura.com\", \"votes\": 1, \"user\": \"Anon84\", \"posted_at\": \"2024-04-28 21:02:12\", \"comments\": 0, \"source_title\": \"Ra Paulette's Hand-Carved Caves\", \"source_text\": \"Ra Paulette's Hand-Carved Caves \\u2013 New Mexico - Atlas Obscura\\n\\nPlaces near me Random place\\n\\n# Ra Paulette's Hand-Carved Caves\\n\\nNew Mexico\\n\\n### One man has carved a number of natural New Mexico caves into psychedelic\\nsandstone temples.\\n\\n232\\n\\n3940\\n\\nView all photos\\n\\nRa Paulette's Hand-Carved Caves racavedigger.com\\n\\nCave of hearts maiasphoto (Atlas Obscura User)\\n\\nRa Paulette's Hand-Carved Caves racavedigger.com\\n\\nRa Paulette's Hand-Carved Caves racavedigger.com\\n\\nRa Paulette's Hand-Carved Caves racavedigger.com\\n\\nRa Paulette's Hand-Carved Caves racavedigger.com\\n\\nRa Paulette's Hand-Carved Caves racavedigger.com\\n\\nRa Paulette's Hand-Carved Caves racavedigger.com\\n\\nRa Paulette's Hand-Carved Caves racavedigger.com\\n\\nWindows of the Earth gypsyrose11 (Atlas Obscura User)\\n\\nWindows of the Earth - public tour with reservation jillyedelman (Atlas\\nObscura User)\\n\\nHear Chamber gypsyrose11 (Atlas Obscura User)\\n\\nCave of hearts maiasphoto (Atlas Obscura User)\\n\\nRa Paulette's Hand-Carved Caves racavedigger.com\\n\\nRa Paulette's Hand-Carved Caves racavedigger.com\\n\\nRa Paulette's Hand-Carved Caves racavedigger.com\\n\\n232\\n\\n3940\\n\\nRelated Stories\\n\\nbest new wonders\\n\\n### Atlas Obscura's 20 Most Incredible New Places of 2014\\n\\nAtlas Obscura December 22, 2014\\n\\nTop Places in New Mexico\\n\\nGirard Wing\\n\\nSanta Fe, New Mexico\\n\\nTaos Pueblo\\n\\nTaos, New Mexico\\n\\n109 East Palace\\n\\nSanta Fe, New Mexico\\n\\nSee All\\n\\nFor over 25 years, New Mexico artist Ra Paulette has been creating natural\\ncrevasses in the New Mexico wilderness and painstakingly chiseling, digging,\\nand carving intricate underground wonderlands.\\n\\nIn 14 different caves in the desert just north of Santa Fe, Paulette has\\ncreated an underground fantasy world using nothing but the power of his own\\nhands. Sometimes using preexisting crevasses and sometimes simply tunneling\\ninto the soft sandstone cliffs, the artist creates singular subterranean\\nspaces to which he ascribes a sort of spiritual power.\\n\\nNo two of Paulette\\u2019s caves are alike, some featuring undersized doors or\\nskylights that let the sun in, while others include benches carved right into\\nthe wall or deep niches for flickering candles. The walls of the caves are\\nalso decorated with carved designs ranging from flowers to abstract suns to\\npurely emotive design flourishes; all look as though they formed naturally\\nbecause they are etched into the cave walls themselves.\\n\\nPaulette considers his creations more of a hobby or public service than a\\nmoney-making venture and generally just leaves the caves to be discovered by\\nothers when he is finished. He hopes that those that come after him can\\ndiscover some peace or epiphany in his chambers. Paulette finds his joy in\\ncreating things, not necessarily the things\\u2019 finished states.\\n\\n###### Know Before You Go\\n\\nMost of the caves now sit on private property, and because of past issues with\\ntrespassers, the owners have closed the caves to the public.\\n\\noutsider architecture caves outsider art ecosystems sculptures\\n\\n###### Community Contributors\\n\\n###### Added by\\n\\nJosh\\n\\ng\\n\\n###### Edited by\\n\\nRachel, gypsyrose11, CorpseLady84, Greg Jones, maiasphoto See All +\\n\\n  * maiasphoto\\n  * g gypsyrose11\\n  * CorpseLady84\\n  * j jillyedelman\\n  * Greg Jones\\n  * a amandawatson\\n  * Rachel\\n\\nPublished\\n\\nMay 18, 2013\\n\\nEdit this listing\\n\\nMake an Edit Add Photos\\n\\n###### Sources\\n\\n  * http://www.visualnews.com/2013/12/03/stunning-hand-carved-cave-cathedrals-ra-paulette/\\n  * http://newmexicospiritualland.com/\\n  * http://www.odditycentral.com/pics/meet-the-man-who-artistically-carves-entire-caves-by-hand-with-a-pickaxe.html\\n  * http://www.thedailybeast.com/articles/2013/12/12/new-mexico-s-amazing-man-made-caves.html\\n  * http://io9.com/sculptor-transforms-new-mexican-caves-into-mythical-cat-1470746520\\n  * http://www.cbsnews.com/news/the-cave-digger-hewing-art-from-the-very-landscape/\\n  * http://originnewmexico.com/sandstone-art-caves-origin-new-mexico/\\n\\nNew Mexico United States\\n\\nWant to see fewer ads? Become a Member.\\n\\nWant to see fewer ads? Become a Member.\\n\\nWant to see fewer ads? Become a Member.\\n\\nRelated Places\\n\\nPizzo, Italy\\n\\n### Chiesetta di Piedigrotta (Church of Piedigrotta)\\n\\nThis church carved into the rocks is full of enchanting stone statues.\\n\\nNaucalpan, Mexico\\n\\n### El Nido de Quetzalc\\u00f3atl\\n\\nAn Aztec snake god has taken the material form of an apartment complex.\\n\\nGharapuri, India\\n\\n### Elephanta Caves\\n\\nAn extraordinary \\\"City of Caves\\\" carved from solid stone.\\n\\nChiang Rai, Thailand\\n\\n### Tham Tu Pu\\n\\nThis elegant carving of the Buddha guards a small Buddhist temple within a\\ncave.\\n\\nAppears in 1 List\\n\\nList\\n\\n### Favorites\\n\\nSome of the most incredible, beautiful, and strange places in the Atlas.\\n\\nMeg Neal February 21, 2018\\n\\nIn partnership with KAYAK\\n\\n## Plan Your Trip\\n\\nRandom Place \\u00bb\\n\\nFrom Around the Web\\n\\n# See Fewer Ads\\n\\n## Become an Atlas Obscura member and experience far fewer ads and no pop-ups.\\n\\nLearn More\\n\\n#### Get Our Email Newsletter\\n\\n#### Follow Us\\n\\n#### Get the app\\n\\nDownload the App\\n\\n### Places\\n\\n  * All Places\\n  * Latest Places\\n  * Most Popular\\n  * Places to Eat\\n  * Random\\n  * Nearby\\n  * Add a Place\\n\\n### Editorial\\n\\n  * Stories\\n  * Food & Drink\\n  * Itineraries\\n  * Lists\\n  * Puzzles\\n  * Video\\n  * Podcast\\n  * Newsletters\\n\\n### Trips\\n\\n  * All Trips\\n  * Trips Blog\\n  * Art & Culture Trips\\n  * Food Trips\\n  * Hidden City Trips\\n  * History Trips\\n  * Wildlife & Nature Trips\\n  * FAQ\\n\\n### Experiences\\n\\n  * Experiences\\n  * Online Courses\\n  * Online Experience FAQ\\n  * Online Course FAQ\\n  * Eclipse Festival 2024\\n\\n### Community\\n\\n  * Membership\\n  * Feedback & Ideas\\n  * Community Guidelines\\n  * Product Blog\\n  * Unique Gifts\\n  * Work With Us\\n\\n### Company\\n\\n  * About\\n  * Contact Us\\n  * FAQ\\n  * Invest In Us\\n  * Advertise With Us\\n  * Advertising Guidelines\\n  * Press\\n  * Privacy Policy\\n  * Cookie Policy\\n  * Terms of Use\\n\\n\\u00a9 2024 Atlas Obscura. All rights reserved.\\n\\nThanks for sharing!\\n\\nFollow us on Twitter to get the latest on the world's hidden wonders.\\n\\nLike us on Facebook to get the latest on the world's hidden wonders.\\n\\nFollow us on Twitter Like us on Facebook\\n\\nShow More\\n\\n##### Using an ad blocker?\\n\\nWe depend on ad revenue to craft and curate stories about the world\\u2019s hidden\\nwonders. Consider supporting our work by becoming a member for as little as $5\\na month.\\n\\nSupport Us\\n\\n#### The Atlas Obscura Podcast is Back!\\n\\nGet your daily burst of wonder with all-new episodes of The Atlas Obscura\\nPodcast. Fascinating places, mind-blowing stories\\u2014all in 15 minutes.\\n\\nListen Now!\\n\\n#### We'd Like You to Like Us\\n\\nLike Atlas Obscura and get our latest and greatest stories in your Facebook\\nfeed.\\n\\nNo Thanks\\n\\n## Privacy Preference Center\\n\\nWhen you visit any website, it may store or retrieve information on your\\nbrowser, mostly in the form of cookies. This information might be about you,\\nyour preferences or your device and is mostly used to make the site work as\\nyou expect it to. The information does not usually directly identify you, but\\nit can give you a more personalized web experience. Because we respect your\\nright to privacy, you can choose not to allow some types of cookies. Click on\\nthe different category headings to find out more and change our default\\nsettings. However, blocking some types of cookies may impact your experience\\nof the site and the services we are able to offer. More information\\n\\n### Manage Consent Preferences\\n\\n#### Strictly Necessary Cookies\\n\\nAlways Active\\n\\nThese cookies are necessary for the website to function and cannot be switched\\noff in our systems. They are usually only set in response to actions made by\\nyou which amount to a request for services, such as setting your privacy\\npreferences, logging in or filling in forms. You can set your browser to block\\nor alert you about these cookies, but some parts of the site will not then\\nwork. These cookies do not store any personally identifiable information.\\n\\n#### Performance Cookies\\n\\nThese cookies allow us to count visits and traffic sources so we can measure\\nand improve the performance of our site. They help us to know which pages are\\nthe most and least popular and see how visitors move around the site. All\\ninformation these cookies collect is aggregated and therefore anonymous. If\\nyou do not allow these cookies we will not know when you have visited our\\nsite, and will not be able to monitor its performance.\\n\\n#### Functional Cookies\\n\\nThese cookies enable the website to provide enhanced functionality and\\npersonalisation. They may be set by us or by third party providers whose\\nservices we have added to our pages. If you do not allow these cookies then\\nsome or all of these services may not function properly.\\n\\n#### Targeting Cookies\\n\\nThese cookies may be set through our site by our advertising partners. They\\nmay be used by those companies to build a profile of your interests and show\\nyou relevant adverts on other sites. They do not store directly personal\\ninformation, but are based on uniquely identifying your browser and internet\\ndevice. If you do not allow these cookies, you will experience less targeted\\nadvertising.\\n\\n### Performance Cookies\\n\\nlabel\\n\\nConsent Leg.Interest\\n\\nlabel\\n\\nlabel\\n\\nlabel\\n\\nThis website uses cookies to enhance user experience and to analyze\\nperformance and traffic on our website. We also share information about your\\nuse of our site with our social media, advertising and analytics partners.View\\nCookie Policy\\n\\n## Welcome\\n\\n# This site asks for consent to use your data\\n\\n  * perm_identity\\n\\nPersonalised advertising and content, advertising and content measurement,\\naudience research and services development\\n\\n  * devices\\n\\nStore and/or access information on a device\\n\\n  * How can I change my choice?\\n\\n  * What if I don't consent?\\n\\n  * How does legitimate interest work?\\n\\n  * Do I have to consent to everything?\\n\\nYour personal data will be processed and information from your device\\n(cookies, unique identifiers, and other device data) may be stored by,\\naccessed by and shared with 136 TCF vendor(s) and 62 ad partner(s), or used\\nspecifically by this site or app.\\n\\nSome vendors may process your personal data on the basis of legitimate\\ninterest, which you can object to by managing your options below. Look for a\\nlink at the bottom of this page to manage or withdraw consent in privacy and\\ncookie settings.\\n\\nData preferences\\n\\n# Manage your data\\n\\nYou can choose how your personal data is used. Vendors want your permission to\\ndo the following:\\n\\nTCF vendors\\n\\n## Store and/or access information on a device\\n\\nCookies, device or similar online identifiers (e.g. login-based identifiers,\\nrandomly assigned identifiers, network based identifiers) together with other\\ninformation (e.g. browser type and information, language, screen size,\\nsupported technologies etc.) can be stored or read on your device to recognise\\nit each time it connects to an app or to a website, for one or several of the\\npurposes presented here.\\n\\nView details\\n\\n## Use limited data to select advertising\\n\\nAdvertising presented to you on this service can be based on limited data,\\nsuch as the website or app you are using, your non-precise location, your\\ndevice type or which content you are (or have been) interacting with (for\\nexample, to limit the number of times an ad is presented to you).\\n\\nView details\\n\\n## Create profiles for personalised advertising\\n\\nInformation about your activity on this service (such as forms you submit,\\ncontent you look at) can be stored and combined with other information about\\nyou (for example, information from your previous activity on this service and\\nother websites or apps) or similar users. This is then used to build or\\nimprove a profile about you (that might include possible interests and\\npersonal aspects). Your profile can be used (also later) to present\\nadvertising that appears more relevant based on your possible interests by\\nthis and other entities.\\n\\nView details\\n\\n## Use profiles to select personalised advertising\\n\\nAdvertising presented to you on this service can be based on your advertising\\nprofiles, which can reflect your activity on this service or other websites or\\napps (like the forms you submit, content you look at), possible interests and\\npersonal aspects.\\n\\nView details\\n\\n## Create profiles to personalise content\\n\\nInformation about your activity on this service (for instance, forms you\\nsubmit, non-advertising content you look at) can be stored and combined with\\nother information about you (such as your previous activity on this service or\\nother websites or apps) or similar users. This is then used to build or\\nimprove a profile about you (which might for example include possible\\ninterests and personal aspects). Your profile can be used (also later) to\\npresent content that appears more relevant based on your possible interests,\\nsuch as by adapting the order in which content is shown to you, so that it is\\neven easier for you to find content that matches your interests.\\n\\nView details\\n\\n## Use profiles to select personalised content\\n\\nContent presented to you on this service can be based on your content\\npersonalisation profiles, which can reflect your activity on this or other\\nservices (for instance, the forms you submit, content you look at), possible\\ninterests and personal aspects. This can for example be used to adapt the\\norder in which content is shown to you, so that it is even easier for you to\\nfind (non-advertising) content that matches your interests.\\n\\nView details\\n\\n## Measure advertising performance\\n\\nInformation regarding which advertising is presented to you and how you\\ninteract with it can be used to determine how well an advert has worked for\\nyou or other users and whether the goals of the advertising were reached. For\\ninstance, whether you saw an ad, whether you clicked on it, whether it led you\\nto buy a product or visit a website, etc. This is very helpful to understand\\nthe relevance of advertising campaigns.\\n\\nView details\\n\\n## Measure content performance\\n\\nInformation regarding which content is presented to you and how you interact\\nwith it can be used to determine whether the (non-advertising) content e.g.\\nreached its intended audience and matched your interests. For instance,\\nwhether you read an article, watch a video, listen to a podcast or look at a\\nproduct description, how long you spent on this service and the web pages you\\nvisit etc. This is very helpful to understand the relevance of (non-\\nadvertising) content that is shown to you.\\n\\nView details\\n\\n## Understand audiences through statistics or combinations of data from\\ndifferent sources\\n\\nReports can be generated based on the combination of data sets (like user\\nprofiles, statistics, market research, analytics data) regarding your\\ninteractions and those of other users with advertising or (non-advertising)\\ncontent to identify common characteristics (for instance, to determine which\\ntarget audiences are more receptive to an ad campaign or to certain contents).\\n\\nView details\\n\\n## Develop and improve services\\n\\nInformation about your activity on this service, such as your interaction with\\nads or content, can be very helpful to improve products and services and to\\nbuild new products and services based on user interactions, the type of\\naudience, etc. This specific purpose does not include the development or\\nimprovement of user profiles and identifiers.\\n\\nView details\\n\\n## Use limited data to select content\\n\\nContent presented to you on this service can be based on limited data, such as\\nthe website or app you are using, your non-precise location, your device type,\\nor which content you are (or have been) interacting with (for example, to\\nlimit the number of times a video or an article is presented to you).\\n\\nView details\\n\\n## Ensure security, prevent and detect fraud, and fix errors\\n\\nYour data can be used to monitor for and prevent unusual and possibly\\nfraudulent activity (for example, regarding advertising, ad clicks by bots),\\nand ensure systems and processes work properly and securely. It can also be\\nused to correct any problems you, the publisher or the advertiser may\\nencounter in the delivery of content and ads and in your interaction with\\nthem.\\n\\nView details\\n\\n## Deliver and present advertising and content\\n\\nCertain information (like an IP address or device capabilities) is used to\\nensure the technical compatibility of the content or advertising, and to\\nfacilitate the transmission of the content or ad to your device.\\n\\nView details\\n\\n## Match and combine data from other data sources\\n\\nInformation about your activity on this service may be matched and combined\\nwith other information relating to you and originating from various sources\\n(for instance your activity on a separate online service, your use of a\\nloyalty card in-store, or your answers to a survey), in support of the\\npurposes explained in this notice.\\n\\nView details\\n\\n## Link different devices\\n\\nIn support of the purposes explained in this notice, your device might be\\nconsidered as likely linked to other devices that belong to you or your\\nhousehold (for instance because you are logged in to the same service on both\\nyour phone and your computer, or because you may use the same Internet\\nconnection on both devices).\\n\\nView details\\n\\n## Identify devices based on information transmitted automatically\\n\\nYour device might be distinguished from other devices based on information it\\nautomatically sends when accessing the Internet (for instance, the IP address\\nof your Internet connection or the type of browser you are using) in support\\nof the purposes exposed in this notice.\\n\\nView details\\n\\n## Use precise geolocation data\\n\\nWith your acceptance, your precise location (within a radius of less than 500\\nmetres) may be used in support of the purposes explained in this notice.\\n\\nView details\\n\\nVendor preferences\\n\\n# Confirm our vendors\\n\\nVendors can use your data to provide services. Declining a vendor can stop\\nthem from using the data you shared.\\n\\nTCF vendors\\n\\n## Exponential Interactive, Inc d/b/a VDX.tv\\n\\nCookie duration: 90 (days).\\n\\nData collected and processed: Users\\u2019 profiles, Privacy choices, Probabilistic\\nidentifiers, Browsing and interaction data, Non-precise location data, IP\\naddresses, Device identifiers\\n\\nmore\\n\\nCookie duration resets each session.\\n\\nView details | Storage details | Privacy policylaunch\\n\\n## Roq.ad GmbH\\n\\nCookie duration: 365 (days).\\n\\nData collected and processed: Privacy choices, Probabilistic identifiers,\\nBrowsing and interaction data, Non-precise location data, Authentication-\\nderived identifiers, IP addresses, Precise location data, Device\\ncharacteristics, Device identifiers\\n\\nmore\\n\\nCookie duration resets each session.\\n\\nView details | Storage details | Privacy policylaunch\\n\\n## Index Exchange Inc.\\n\\nCookie duration: 395 (days).\\n\\nData collected and processed: Privacy choices, Non-precise location data, IP\\naddresses, Precise location data, Device characteristics, Device identifiers\\n\\nmore\\n\\nCookie duration resets each session. Uses other forms of storage.\\n\\nView details | Storage details | Privacy policylaunch\\n\\n## Quantcast\\n\\nCookie duration: 396 (days).\\n\\nData collected and processed: User-provided data, Users\\u2019 profiles, Privacy\\nchoices, Probabilistic identifiers, Browsing and interaction data, Non-precise\\nlocation data, Authentication-derived identifiers, IP addresses, Device\\ncharacteristics, Device identifiers\\n\\nmore\\n\\nCookie duration resets each session. Uses other forms of storage.\\n\\nView details | Storage details | Privacy policylaunch\\n\\n## BeeswaxIO Corporation\\n\\nCookie duration: 395 (days).\\n\\nData collected and processed: Privacy choices, Probabilistic identifiers,\\nBrowsing and interaction data, Non-precise location data, IP addresses,\\nPrecise location data, Device characteristics, Device identifiers\\n\\nmore\\n\\nCookie duration resets each session. Uses other forms of storage.\\n\\nView details | Storage details | Privacy policylaunch\\n\\n## Sovrn, Inc.\\n\\nCookie duration: 365 (days).\\n\\nData collected and processed: Users\\u2019 profiles, Privacy choices, Browsing and\\ninteraction data, Non-precise location data, IP addresses, Device\\ncharacteristics\\n\\nmore\\n\\nCookie duration resets each session. Uses other forms of storage.\\n\\nView details | Privacy policylaunch\\n\\n## Adikteev\\n\\nDoesn't use cookies.\\n\\nData collected and processed: Users\\u2019 profiles, Probabilistic identifiers, Non-\\nprecise location data, Authentication-derived identifiers, IP addresses,\\nDevice characteristics, Device identifiers\\n\\nmore\\n\\nUses other forms of storage.\\n\\nView details | Privacy policylaunch\\n\\n## RTB House S.A.\\n\\nCookie duration: 365 (days).\\n\\nData collected and processed: Users\\u2019 profiles, Privacy choices, Browsing and\\ninteraction data, Non-precise location data, IP addresses, Device\\ncharacteristics, Device identifiers\\n\\nmore\\n\\nCookie duration resets each session. Uses other forms of storage.\\n\\nView details | Storage details | Privacy policylaunch\\n\\n## The UK Trade Desk Ltd\\n\\nCookie duration: 3629 (days).\\n\\nData collected and processed: Users\\u2019 profiles, Privacy choices, Probabilistic\\nidentifiers, Browsing and interaction data, Non-precise location data,\\nAuthentication-derived identifiers, IP addresses, Precise location data,\\nDevice characteristics, Device identifiers\\n\\nmore\\n\\nCookie duration resets each session. Uses other forms of storage.\\n\\nView details | Storage details | Privacy policylaunch\\n\\n## admetrics GmbH\\n\\nDoesn't use cookies.\\n\\nData collected and processed: Privacy choices, Browsing and interaction data,\\nIP addresses, Device characteristics\\n\\nmore\\n\\nView details | Privacy policylaunch\\n\\n## Nexxen Inc.\\n\\nCookie duration: 180 (days).\\n\\nData collected and processed: Users\\u2019 profiles, Privacy choices, Probabilistic\\nidentifiers, Browsing and interaction data, Non-precise location data, IP\\naddresses, Device characteristics, Device identifiers\\n\\nmore\\n\\nCookie duration resets each session. Uses other forms of storage.\\n\\nView details | Storage details | Privacy policylaunch\\n\\n## Epsilon\\n\\nCookie duration: 184 (days).\\n\\nData collected and processed: User-provided data, Users\\u2019 profiles, Privacy\\nchoices, Probabilistic identifiers, Browsing and interaction data, Non-precise\\nlocation data, Authentication-derived identifiers, IP addresses, Device\\ncharacteristics, Device identifiers\\n\\nmore\\n\\nCookie duration resets each session. Uses other forms of storage.\\n\\nView details | Privacy policylaunch\\n\\n## Yahoo EMEA Limited\\n\\nCookie duration: 397 (days).\\n\\nData collected and processed: Users\\u2019 profiles, Privacy choices, Probabilistic\\nidentifiers, Browsing and interaction data, Non-precise location data, IP\\naddresses, Precise location data, Device characteristics, Device identifiers\\n\\nmore\\n\\nCookie duration resets each session.\\n\\nView details | Storage details | Privacy policylaunch\\n\\n## ADventori SAS\\n\\nCookie duration: 90 (days).\\n\\nData collected and processed: User-provided data, Probabilistic identifiers,\\nBrowsing and interaction data, Non-precise location data, IP addresses, Device\\nidentifiers\\n\\nmore\\n\\nCookie duration resets each session. Uses other forms of storage.\\n\\nView details | Privacy policylaunch\\n\\n## TripleLift, Inc.\\n\\nCookie duration: 90 (days).\\n\\nData collected and processed: Users\\u2019 profiles, Privacy choices, Browsing and\\ninteraction data, Non-precise location data, Authentication-derived\\nidentifiers, IP addresses, Precise location data, Device characteristics,\\nDevice identifiers\\n\\nmore\\n\\nCookie duration resets each session. Uses other forms of storage.\\n\\nView details | Privacy policylaunch\\n\\n## Xandr, Inc.\\n\\nCookie duration: 90 (days).\\n\\nData collected and processed: Users\\u2019 profiles, Privacy choices, Browsing and\\ninteraction data, Non-precise location data, Authentication-derived\\nidentifiers, IP addresses, Precise location data, Device characteristics,\\nDevice identifiers\\n\\nmore\\n\\nCookie duration resets each session. Uses other forms of storage.\\n\\nView details | Storage details | Privacy policylaunch\\n\\n## NEORY GmbH\\n\\nCookie duration: 90 (days).\\n\\nData collected and processed: User-provided data, Users\\u2019 profiles, Privacy\\nchoices, Probabilistic identifiers, Browsing and interaction data, Non-precise\\nlocation data, Authentication-derived identifiers, IP addresses, Device\\ncharacteristics, Device identifiers\\n\\nmore\\n\\nCookie duration resets each session.\\n\\nView details | Privacy policylaunch\\n\\n## Nexxen Group LLC\\n\\nCookie duration: 365 (days).\\n\\nData collected and processed: Users\\u2019 profiles, Privacy choices, Probabilistic\\nidentifiers, Non-precise location data, IP addresses, Device characteristics,\\nDevice identifiers\\n\\nmore\\n\\nCookie duration resets each session.\\n\\nView details | Privacy policylaunch\\n\\n## NEURAL.ONE\\n\\nCookie duration: 365 (days).\\n\\nData collected and processed: Privacy choices, Probabilistic identifiers,\\nBrowsing and interaction data, Non-precise location data, IP addresses, Device\\ncharacteristics\\n\\nmore\\n\\nCookie duration resets each session. Uses other forms of storage.\\n\\nView details | Storage details | Privacy policylaunch\\n\\n## ADITION (Virtual Minds GmbH)\\n\\nCookie duration: 365 (days).\\n\\nData collected and processed: User-provided data, Users\\u2019 profiles, Privacy\\nchoices, Probabilistic identifiers, Browsing and interaction data, Non-precise\\nlocation data, IP addresses, Precise location data, Device characteristics,\\nDevice identifiers\\n\\nmore\\n\\nCookie duration resets each session.\\n\\nView details | Storage details | Privacy policylaunch\\n\\n## Active Agent (Virtual Minds GmbH)\\n\\nCookie duration: 365 (days).\\n\\nData collected and processed: User-provided data, Users\\u2019 profiles, Privacy\\nchoices, Probabilistic identifiers, Browsing and interaction data, Non-precise\\nlocation data, IP addresses, Precise location data, Device characteristics,\\nDevice identifiers\\n\\nmore\\n\\nCookie duration resets each session.\\n\\nView details | Storage details | Privacy policylaunch\\n\\n## Taboola Europe Limited\\n\\nCookie duration: 366 (days).\\n\\nData collected and processed: Users\\u2019 profiles, Privacy choices, Probabilistic\\nidentifiers, Browsing and interaction data, Non-precise location data, IP\\naddresses, Device characteristics, Device identifiers\\n\\nmore\\n\\nCookie duration resets each session. Uses other forms of storage.\\n\\nView details | Storage details | Privacy policylaunch\\n\\n## Equativ\\n\\nCookie duration: 396 (days).\\n\\nData collected and processed: Users\\u2019 profiles, Privacy choices, Probabilistic\\nidentifiers, Browsing and interaction data, Non-precise location data,\\nAuthentication-derived identifiers, IP addresses, Precise location data,\\nDevice characteristics, Device identifiers\\n\\nmore\\n\\nUses other forms of storage.\\n\\nView details | Storage details | Privacy policylaunch\\n\\n## Adform A/S\\n\\nCookie duration: 3650 (days).\\n\\nData collected and processed: User-provided data, Users\\u2019 profiles, Privacy\\nchoices, Probabilistic identifiers, Browsing and interaction data, Non-precise\\nlocation data, Authentication-derived identifiers, IP addresses, Device\\ncharacteristics, Device identifiers\\n\\nmore\\n\\nCookie duration resets each session.\\n\\nView details | Privacy policylaunch\\n\\n## Magnite, Inc.\\n\\nCookie duration: 365 (days).\\n\\nData collected and processed: Privacy choices, Probabilistic identifiers,\\nBrowsing and interaction data, Non-precise location data, IP addresses,\\nPrecise location data, Device characteristics, Device identifiers\\n\\nmore\\n\\nUses other forms of storage.\\n\\nView details | Storage details | Privacy policylaunch\\n\\n## RATEGAIN ADARA INC\\n\\nCookie duration: 730 (days).\\n\\nData collected and processed: User-provided data, Users\\u2019 profiles, Privacy\\nchoices, Browsing and interaction data, Non-precise location data,\\nAuthentication-derived identifiers, IP addresses, Device characteristics,\\nDevice identifiers\\n\\nmore\\n\\nView details | Storage details | Privacy policylaunch\\n\\n## Sift Media, Inc\\n\\nDoesn't use cookies.\\n\\nData collected and processed: Non-precise location data, IP addresses, Precise\\nlocation data, Device characteristics, Device identifiers\\n\\nmore\\n\\nView details | Privacy policylaunch\\n\\n## Rakuten Marketing LLC\\n\\nCookie duration: 730 (days).\\n\\nData collected and processed: User-provided data, Users\\u2019 profiles, Privacy\\nchoices, Probabilistic identifiers, Browsing and interaction data, Non-precise\\nlocation data, Authentication-derived identifiers, IP addresses, Device\\ncharacteristics, Device identifiers\\n\\nmore\\n\\nCookie duration resets each session. Uses other forms of storage.\\n\\nView details | Privacy policylaunch\\n\\n## Lumen Research Limited\\n\\nDoesn't use cookies.\\n\\nData collected and processed: Browsing and interaction data, Non-precise\\nlocation data, IP addresses, Device characteristics\\n\\nmore\\n\\nView details | Privacy policylaunch\\n\\n## Amazon Ad Server\\n\\nCookie duration: 396 (days).\\n\\nData collected and processed: Users\\u2019 profiles, Privacy choices, Browsing and\\ninteraction data, Non-precise location data, Authentication-derived\\nidentifiers, IP addresses, Device characteristics, Device identifiers\\n\\nmore\\n\\nCookie duration resets each session. Uses other forms of storage.\\n\\nView details | Storage details | Privacy policylaunch\\n\\n## OpenX\\n\\nCookie duration: 365 (days).\\n\\nData collected and processed: Privacy choices, Browsing and interaction data,\\nNon-precise location data, IP addresses, Device characteristics, Device\\nidentifiers\\n\\nmore\\n\\nCookie duration resets each session.\\n\\nView details | Storage details | Privacy policylaunch\\n\\n## Yieldlab (Virtual Minds GmbH)\\n\\nCookie duration: 365 (days).\\n\\nData collected and processed: User-provided data, Users\\u2019 profiles, Privacy\\nchoices, Browsing and interaction data, Non-precise location data, IP\\naddresses, Precise location data, Device characteristics, Device identifiers\\n\\nmore\\n\\nCookie duration resets each session.\\n\\nView details | Storage details | Privacy policylaunch\\n\\n## Roku Advertising Services\\n\\nCookie duration: 396 (days).\\n\\nData collected and processed: User-provided data, Users\\u2019 profiles, Privacy\\nchoices, Probabilistic identifiers, Browsing and interaction data, Non-precise\\nlocation data, Authentication-derived identifiers, IP addresses, Precise\\nlocation data, Device characteristics, Device identifiers\\n\\nmore\\n\\nCookie duration resets each session. Uses other forms of storage.\\n\\nView details | Storage details | Privacy policylaunch\\n\\n## Nano Interactive Group Ltd.\\n\\nDoesn't use cookies.\\n\\nData collected and processed: Browsing and interaction data, Non-precise\\nlocation data, Device characteristics\\n\\nmore\\n\\nView details | Privacy policylaunch\\n\\n## Simplifi Holdings LLC\\n\\nCookie duration: 366 (days).\\n\\nData collected and processed: IP addresses, Precise location data, Device\\nidentifiers\\n\\nmore\\n\\nUses other forms of storage.\\n\\nView details | Privacy policylaunch\\n\\n## PubMatic, Inc\\n\\nCookie duration: 365 (days).\\n\\nData collected and processed: User-provided data, Users\\u2019 profiles, Privacy\\nchoices, Probabilistic identifiers, Browsing and interaction data, Non-precise\\nlocation data, Authentication-derived identifiers, IP addresses, Precise\\nlocation data, Device characteristics, Device identifiers\\n\\nmore\\n\\nUses other forms of storage.\\n\\nView details | Storage details | Privacy policylaunch\\n\\n## Comscore B.V.\\n\\nCookie duration: 720 (days).\\n\\nData collected and processed: User-provided data, Privacy choices,\\nProbabilistic identifiers, Browsing and interaction data, Authentication-\\nderived identifiers, IP addresses, Device characteristics, Device identifiers\\n\\nmore\\n\\nCookie duration resets each session. Uses other forms of storage.\\n\\nView details | Privacy policylaunch\\n\\n## Flashtalking\\n\\nCookie duration: 730 (days).\\n\\nData collected and processed: Users\\u2019 profiles, Privacy choices, Probabilistic\\nidentifiers, Browsing and interaction data, Non-precise location data,\\nAuthentication-derived identifiers, IP addresses, Device characteristics,\\nDevice identifiers\\n\\nmore\\n\\nView details | Privacy policylaunch\\n\\n## PulsePoint, Inc.\\n\\nCookie duration: 365 (days).\\n\\nData collected and processed: IP addresses, Device characteristics, Device\\nidentifiers\\n\\nmore\\n\\nCookie duration resets each session. Uses other forms of storage.\\n\\nView details | Privacy policylaunch\\n\\n## Smaato, Inc.\\n\\nCookie duration: 21 (days).\\n\\nData collected and processed: User-provided data, Users\\u2019 profiles, Privacy\\nchoices, Browsing and interaction data, Non-precise location data,\\nAuthentication-derived identifiers, IP addresses, Precise location data,\\nDevice characteristics, Device identifiers\\n\\nmore\\n\\nCookie duration resets each session. Uses other forms of storage.\\n\\nView details | Storage details | Privacy policylaunch\\n\\n## Semasio GmbH\\n\\nCookie duration: 366 (days).\\n\\nData collected and processed: Privacy choices, Browsing and interaction data,\\nIP addresses, Device identifiers\\n\\nmore\\n\\nCookie duration resets each session.\\n\\nView details | Storage details | Privacy policylaunch\\n\\n## Crimtan Holdings Limited\\n\\nCookie duration: 365 (days).\\n\\nData collected and processed: User-provided data, Users\\u2019 profiles, Privacy\\nchoices, Probabilistic identifiers, Browsing and interaction data, Non-precise\\nlocation data, Authentication-derived identifiers, IP addresses, Precise\\nlocation data, Device characteristics, Device identifiers\\n\\nmore\\n\\nCookie duration resets each session.\\n\\nView details | Privacy policylaunch\\n\\n## Genius Sports UK Limited\\n\\nCookie duration: 365 (days).\\n\\nData collected and processed: Users\\u2019 profiles, Privacy choices, Probabilistic\\nidentifiers, Browsing and interaction data, Non-precise location data,\\nAuthentication-derived identifiers, IP addresses, Device characteristics,\\nDevice identifiers\\n\\nmore\\n\\nCookie duration resets each session.\\n\\nView details | Storage details | Privacy policylaunch\\n\\n## Criteo SA\\n\\nCookie duration: 390 (days).\\n\\nData collected and processed: Users\\u2019 profiles, Privacy choices, Probabilistic\\nidentifiers, Browsing and interaction data, Non-precise location data,\\nAuthentication-derived identifiers, IP addresses, Device characteristics,\\nDevice identifiers\\n\\nmore\\n\\nUses other forms of storage.\\n\\nView details | Storage details | Privacy policylaunch\\n\\n## Adloox SA\\n\\nDoesn't use cookies.\\n\\nData collected and processed: Probabilistic identifiers, Browsing and\\ninteraction data, Non-precise location data, IP addresses, Device\\ncharacteristics, Device identifiers\\n\\nmore\\n\\nUses other forms of storage.\\n\\nView details | Privacy policylaunch\\n\\n## Blis Global Limited\\n\\nCookie duration: 400 (days).\\n\\nData collected and processed: User-provided data, Users\\u2019 profiles, Privacy\\nchoices, Probabilistic identifiers, Browsing and interaction data, Non-precise\\nlocation data, Authentication-derived identifiers, IP addresses, Precise\\nlocation data, Device characteristics, Device identifiers\\n\\nmore\\n\\nCookie duration resets each session. Uses other forms of storage.\\n\\nView details | Storage details | Privacy policylaunch\\n\\n## Lotame Solutions, Inc\\n\\nCookie duration: 274 (days).\\n\\nData collected and processed: User-provided data, Users\\u2019 profiles, Privacy\\nchoices, Probabilistic identifiers, Browsing and interaction data,\\nAuthentication-derived identifiers, IP addresses, Device characteristics,\\nDevice identifiers\\n\\nmore\\n\\nCookie duration resets each session. Uses other forms of storage.\\n\\nView details | Privacy policylaunch\\n\\n## LiveRamp\\n\\nCookie duration: 365 (days).\\n\\nData collected and processed: Privacy choices, Browsing and interaction data,\\nNon-precise location data, Authentication-derived identifiers, IP addresses,\\nDevice characteristics, Device identifiers\\n\\nmore\\n\\nCookie duration resets each session. Uses other forms of storage.\\n\\nView details | Storage details | Privacy policylaunch\\n\\n## GroupM UK Limited\\n\\nCookie duration: 395 (days).\\n\\nData collected and processed: Privacy choices, Probabilistic identifiers,\\nBrowsing and interaction data, Non-precise location data, Authentication-\\nderived identifiers, IP addresses, Precise location data, Device\\ncharacteristics, Device identifiers\\n\\nmore\\n\\nCookie duration resets each session.\\n\\nView details | Storage details | Privacy policylaunch\\n\\n## LoopMe Limited\\n\\nCookie duration: 90 (days).\\n\\nData collected and processed: User-provided data, Users\\u2019 profiles, Privacy\\nchoices, Probabilistic identifiers, Browsing and interaction data, Non-precise\\nlocation data, IP addresses, Precise location data, Device characteristics,\\nDevice identifiers\\n\\nmore\\n\\nCookie duration resets each session. Uses other forms of storage.\\n\\nView details | Storage details | Privacy policylaunch\\n\\n## Dynata LLC\\n\\nCookie duration: 365 (days).\\n\\nData collected and processed: User-provided data, Users\\u2019 profiles, Privacy\\nchoices, Browsing and interaction data, Non-precise location data,\\nAuthentication-derived identifiers, IP addresses, Device characteristics,\\nDevice identifiers\\n\\nmore\\n\\nCookie duration resets each session.\\n\\nView details | Storage details | Privacy policylaunch\\n\\n## Ask Locala\\n\\nDoesn't use cookies.\\n\\nData collected and processed: Privacy choices, Non-precise location data, IP\\naddresses, Precise location data, Device characteristics, Device identifiers\\n\\nmore\\n\\nUses other forms of storage.\\n\\nView details | Privacy policylaunch\\n\\n## Azira\\n\\nDoesn't use cookies.\\n\\nData collected and processed: Users\\u2019 profiles, Privacy choices, Browsing and\\ninteraction data, Non-precise location data, IP addresses, Precise location\\ndata, Device characteristics, Device identifiers\\n\\nmore\\n\\nUses other forms of storage.\\n\\nView details | Privacy policylaunch\\n\\n## DoubleVerify Inc.\\n\\nDoesn't use cookies.\\n\\nData collected and processed: Privacy choices, Probabilistic identifiers,\\nBrowsing and interaction data, Non-precise location data, IP addresses, Device\\ncharacteristics\\n\\nmore\\n\\nView details | Privacy policylaunch\\n\\n## BIDSWITCH GmbH\\n\\nCookie duration: 365 (days).\\n\\nData collected and processed: Privacy choices, Probabilistic identifiers,\\nBrowsing and interaction data, Non-precise location data, Authentication-\\nderived identifiers, IP addresses, Precise location data, Device\\ncharacteristics, Device identifiers\\n\\nmore\\n\\nCookie duration resets each session. Uses other forms of storage.\\n\\nView details | Storage details | Privacy policylaunch\\n\\n## IPONWEB GmbH\\n\\nCookie duration: 365 (days).\\n\\nData collected and processed: User-provided data, Privacy choices, Browsing\\nand interaction data, Non-precise location data, Authentication-derived\\nidentifiers, IP addresses, Device characteristics, Device identifiers\\n\\nmore\\n\\nCookie duration resets each session. Uses other forms of storage.\\n\\nView details | Storage details | Privacy policylaunch\\n\\n## NextRoll, Inc.\\n\\nCookie duration: 183 (days).\\n\\nData collected and processed: User-provided data, Users\\u2019 profiles, Privacy\\nchoices, Browsing and interaction data, Non-precise location data, IP\\naddresses, Device characteristics, Device identifiers\\n\\nmore\\n\\nCookie duration resets each session.\\n\\nView details | Privacy policylaunch\\n\\n## Teads France SAS\\n\\nCookie duration: 365 (days).\\n\\nData collected and processed: Users\\u2019 profiles, Privacy choices, Probabilistic\\nidentifiers, Browsing and interaction data, Non-precise location data, IP\\naddresses, Device characteristics, Device identifiers\\n\\nmore\\n\\nUses other forms of storage.\\n\\nView details | Storage details | Privacy policylaunch\\n\\n## Str\\u00f6er SSP GmbH (SSP)\\n\\nCookie duration: 365 (days).\\n\\nData collected and processed: Users\\u2019 profiles, Privacy choices, Probabilistic\\nidentifiers, Browsing and interaction data, Non-precise location data, IP\\naddresses, Device characteristics, Device identifiers\\n\\nmore\\n\\nUses other forms of storage.\\n\\nView details | Storage details | Privacy policylaunch\\n\\n## OS Data Solutions GmbH &amp; Co. KG\\n\\nCookie duration: 90 (days).\\n\\nData collected and processed: User-provided data, Users\\u2019 profiles, Privacy\\nchoices, Probabilistic identifiers, Browsing and interaction data, Non-precise\\nlocation data, IP addresses, Device characteristics, Device identifiers\\n\\nmore\\n\\nUses other forms of storage.\\n\\nView details | Storage details | Privacy policylaunch\\n\\n## Permodo GmbH\\n\\nDoesn't use cookies.\\n\\nData collected and processed: Users\\u2019 profiles, Privacy choices, Browsing and\\ninteraction data, Non-precise location data, IP addresses, Device\\ncharacteristics, Device identifiers\\n\\nmore\\n\\nUses other forms of storage.\\n\\nView details | Privacy policylaunch\\n\\n## Platform161 B.V.\\n\\nCookie duration: 396 (days).\\n\\nData collected and processed: Users\\u2019 profiles, Privacy choices, Probabilistic\\nidentifiers, Browsing and interaction data, Non-precise location data, IP\\naddresses, Precise location data, Device characteristics, Device identifiers\\n\\nmore\\n\\nCookie duration resets each session. Uses other forms of storage.\\n\\nView details | Storage details | Privacy policylaunch\\n\\n## Adacado Technologies Inc. (DBA Adacado)\\n\\nCookie duration: 365 (days).\\n\\nData collected and processed: Privacy choices, Browsing and interaction data,\\nNon-precise location data, IP addresses\\n\\nmore\\n\\nCookie duration resets each session.\\n\\nView details | Storage details | Privacy policylaunch\\n\\n## Basis Global Technologies, Inc.\\n\\nCookie duration: 365 (days).\\n\\nData collected and processed: Users\\u2019 profiles, Privacy choices, Browsing and\\ninteraction data, Non-precise location data, Authentication-derived\\nidentifiers, IP addresses, Precise location data, Device characteristics,\\nDevice identifiers\\n\\nmore\\n\\nCookie duration resets each session.\\n\\nView details | Privacy policylaunch\\n\\n## SMADEX, S.L.U.\\n\\nCookie duration: 365 (days).\\n\\nData collected and processed: User-provided data, Users\\u2019 profiles, Privacy\\nchoices, Probabilistic identifiers, Non-precise location data, IP addresses,\\nDevice characteristics, Device identifiers\\n\\nmore\\n\\nCookie duration resets each session.\\n\\nView details | Storage details | Privacy policylaunch\\n\\n## Bombora Inc.\\n\\nCookie duration: 365 (days).\\n\\nData collected and processed: Users\\u2019 profiles, Browsing and interaction data,\\nNon-precise location data, Authentication-derived identifiers, IP addresses,\\nDevice characteristics, Device identifiers\\n\\nmore\\n\\nCookie duration resets each session. Uses other forms of storage.\\n\\nView details | Storage details | Privacy policylaunch\\n\\n## EASYmedia GmbH\\n\\nCookie duration: 365 (days).\\n\\nData collected and processed: Users\\u2019 profiles, Privacy choices, Probabilistic\\nidentifiers, Browsing and interaction data, Non-precise location data, IP\\naddresses, Precise location data, Device characteristics, Device identifiers\\n\\nmore\\n\\nCookie duration resets each session.\\n\\nView details | Storage details | Privacy policylaunch\\n\\n## Remerge GmbH\\n\\nDoesn't use cookies.\\n\\nData collected and processed: Browsing and interaction data, Non-precise\\nlocation data, IP addresses, Device characteristics, Device identifiers\\n\\nmore\\n\\nUses other forms of storage.\\n\\nView details | Privacy policylaunch\\n\\n## advanced store GmbH\\n\\nCookie duration: 365 (days).\\n\\nData collected and processed: Device identifiers\\n\\nmore\\n\\nCookie duration resets each session. Uses other forms of storage.\\n\\nView details | Storage details | Privacy policylaunch\\n\\n## Magnite CTV, Inc.\\n\\nCookie duration: 366 (days).\\n\\nData collected and processed: Privacy choices, Probabilistic identifiers,\\nBrowsing and interaction data, Non-precise location data, IP addresses,\\nPrecise location data, Device characteristics, Device identifiers\\n\\nmore\\n\\nView details | Storage details | Privacy policylaunch\\n\\n## Delta Projects AB\\n\\nCookie duration: 365 (days).\\n\\nData collected and processed: User-provided data, Users\\u2019 profiles, Privacy\\nchoices, Probabilistic identifiers, Browsing and interaction data, Non-precise\\nlocation data, Authentication-derived identifiers, IP addresses, Precise\\nlocation data, Device characteristics, Device identifiers\\n\\nmore\\n\\nView details | Storage details | Privacy policylaunch\\n\\n## usemax advertisement (Emego GmbH)\\n\\nCookie duration: 365 (days).\\n\\nData collected and processed: Users\\u2019 profiles\\n\\nmore\\n\\nCookie duration resets each session.\\n\\nView details | Storage details | Privacy policylaunch\\n\\n## emetriq GmbH\\n\\nCookie duration: 365 (days).\\n\\nData collected and processed: User-provided data, Users\\u2019 profiles, Privacy\\nchoices, Probabilistic identifiers, Browsing and interaction data, Non-precise\\nlocation data, Authentication-derived identifiers, IP addresses, Device\\ncharacteristics, Device identifiers\\n\\nmore\\n\\nCookie duration resets each session. Uses other forms of storage.\\n\\nView details | Storage details | Privacy policylaunch\\n\\n## Publicis Media GmbH\\n\\nCookie duration: 1825 (days).\\n\\nData collected and processed: User-provided data, Users\\u2019 profiles, Privacy\\nchoices, Probabilistic identifiers, Browsing and interaction data, Non-precise\\nlocation data, Authentication-derived identifiers, IP addresses, Device\\ncharacteristics, Device identifiers\\n\\nmore\\n\\nCookie duration resets each session. Uses other forms of storage.\\n\\nView details | Privacy policylaunch\\n\\n## M.D. Primis Technologies Ltd.\\n\\nCookie duration: 25 (days).\\n\\nData collected and processed: User-provided data, Privacy choices,\\nProbabilistic identifiers, Browsing and interaction data, Non-precise location\\ndata, IP addresses, Device characteristics, Device identifiers\\n\\nmore\\n\\nView details | Storage details | Privacy policylaunch\\n\\n## OneTag Limited\\n\\nCookie duration: 396 (days).\\n\\nData collected and processed: Privacy choices, Browsing and interaction data,\\nNon-precise location data, IP addresses, Device characteristics, Device\\nidentifiers\\n\\nmore\\n\\nCookie duration resets each session. Uses other forms of storage.\\n\\nView details | Storage details | Privacy policylaunch\\n\\n## Cloud Technologies S.A.\\n\\nCookie duration: 365 (days).\\n\\nData collected and processed: Users\\u2019 profiles, Privacy choices, Browsing and\\ninteraction data, Non-precise location data, Authentication-derived\\nidentifiers, IP addresses, Device characteristics, Device identifiers\\n\\nmore\\n\\nCookie duration resets each session.\\n\\nView details | Privacy policylaunch\\n\\n## Smartology Limited\\n\\nDoesn't use cookies.\\n\\nData collected and processed: IP addresses\\n\\nmore\\n\\nUses other forms of storage.\\n\\nView details | Privacy policylaunch\\n\\n## Improve Digital\\n\\nCookie duration: 90 (days).\\n\\nData collected and processed: User-provided data, Users\\u2019 profiles, Privacy\\nchoices, Probabilistic identifiers, Browsing and interaction data, Non-precise\\nlocation data, Authentication-derived identifiers, IP addresses, Precise\\nlocation data, Device characteristics, Device identifiers\\n\\nmore\\n\\nCookie duration resets each session.\\n\\nView details | Storage details | Privacy policylaunch\\n\\n## Adobe Advertising Cloud\\n\\nCookie duration: 365 (days).\\n\\nData collected and processed: Privacy choices, Authentication-derived\\nidentifiers, IP addresses, Device identifiers\\n\\nmore\\n\\nView details | Storage details | Privacy policylaunch\\n\\n## Bannerflow AB\\n\\nCookie duration: 366 (days).\\n\\nData collected and processed: Privacy choices, Non-precise location data, IP\\naddresses, Device characteristics\\n\\nmore\\n\\nView details | Storage details | Privacy policylaunch\\n\\n## TabMo SAS\\n\\nDoesn't use cookies.\\n\\nData collected and processed: User-provided data, Users\\u2019 profiles, Privacy\\nchoices, Probabilistic identifiers, Browsing and interaction data, Non-precise\\nlocation data, IP addresses, Precise location data, Device characteristics,\\nDevice identifiers\\n\\nmore\\n\\nUses other forms of storage.\\n\\nView details | Privacy policylaunch\\n\\n## Integral Ad Science (incorporating ADmantX)\\n\\nDoesn't use cookies.\\n\\nData collected and processed: Privacy choices, Browsing and interaction data,\\nNon-precise location data, IP addresses, Device characteristics\\n\\nmore\\n\\nView details | Privacy policylaunch\\n\\n## Wizaly\\n\\nCookie duration: 365 (days).\\n\\nData collected and processed: Privacy choices, Browsing and interaction data,\\nNon-precise location data, Authentication-derived identifiers, IP addresses,\\nDevice characteristics\\n\\nmore\\n\\nCookie duration resets each session. Uses other forms of storage.\\n\\nView details | Storage details | Privacy policylaunch\\n\\n## Weborama\\n\\nCookie duration: 393 (days).\\n\\nData collected and processed: User-provided data, Users\\u2019 profiles, Privacy\\nchoices, Probabilistic identifiers, Browsing and interaction data, Non-precise\\nlocation data, Authentication-derived identifiers, IP addresses, Device\\ncharacteristics, Device identifiers\\n\\nmore\\n\\nUses other forms of storage.\\n\\nView details | Storage details | Privacy policylaunch\\n\\n## Jivox Corporation\\n\\nCookie duration: 30 (days).\\n\\nData collected and processed: Users\\u2019 profiles, Privacy choices, Browsing and\\ninteraction data, Non-precise location data, IP addresses, Precise location\\ndata, Device identifiers\\n\\nmore\\n\\nCookie duration resets each session.\\n\\nView details | Storage details | Privacy policylaunch\\n\\n## Sage&#43;Archer BV\\n\\nDoesn't use cookies.\\n\\nData collected and processed: Non-precise location data\\n\\nmore\\n\\nView details | Privacy policylaunch\\n\\n## On Device Research Limited\\n\\nCookie duration: 30 (days).\\n\\nData collected and processed: User-provided data, Browsing and interaction\\ndata, Non-precise location data, IP addresses, Precise location data, Device\\ncharacteristics, Device identifiers\\n\\nmore\\n\\nView details | Storage details | Privacy policylaunch\\n\\n## Rockabox Media Ltd\\n\\nDoesn't use cookies.\\n\\nData collected and processed: Browsing and interaction data, Non-precise\\nlocation data, IP addresses, Device characteristics\\n\\nmore\\n\\nView details | Storage details | Privacy policylaunch\\n\\n## Exactag GmbH\\n\\nCookie duration: 180 (days).\\n\\nData collected and processed: Privacy choices, Browsing and interaction data,\\nAuthentication-derived identifiers, IP addresses, Device characteristics,\\nDevice identifiers\\n\\nmore\\n\\nCookie duration resets each session.\\n\\nView details | Storage details | Privacy policylaunch\\n\\n## Celtra Inc.\\n\\nDoesn't use cookies.\\n\\nData collected and processed: IP addresses, Precise location data, Device\\ncharacteristics, Device identifiers\\n\\nmore\\n\\nUses other forms of storage.\\n\\nView details | Storage details | Privacy policylaunch\\n\\n## mainADV Srl\\n\\nCookie duration: 30 (days).\\n\\nData collected and processed: User-provided data, Privacy choices, Browsing\\nand interaction data, Non-precise location data, IP addresses, Device\\ncharacteristics, Device identifiers\\n\\nmore\\n\\nUses other forms of storage.\\n\\nView details | Privacy policylaunch\\n\\n## Gemius SA\\n\\nCookie duration: 1825 (days).\\n\\nData collected and processed: Users\\u2019 profiles, Privacy choices, Browsing and\\ninteraction data, Device characteristics, Device identifiers\\n\\nmore\\n\\nCookie duration resets each session. Uses other forms of storage.\\n\\nView details | Storage details | Privacy policylaunch\\n\\n## The Kantar Group Limited\\n\\nCookie duration: 914 (days).\\n\\nData collected and processed: Privacy choices, Browsing and interaction data,\\nNon-precise location data, IP addresses, Device characteristics, Device\\nidentifiers\\n\\nmore\\n\\nCookie duration resets each session. Uses other forms of storage.\\n\\nView details | Privacy policylaunch\\n\\n## Nielsen Media Research Ltd.\\n\\nCookie duration: 120 (days).\\n\\nData collected and processed: Privacy choices, Browsing and interaction data,\\nIP addresses, Device characteristics, Device identifiers\\n\\nmore\\n\\nCookie duration resets each session. Uses other forms of storage.\\n\\nView details | Storage details | Privacy policylaunch\\n\\n## Solocal SA\\n\\nCookie duration: 396 (days).\\n\\nData collected and processed: User-provided data, Users\\u2019 profiles, Privacy\\nchoices, Browsing and interaction data, Non-precise location data, IP\\naddresses, Precise location data, Device characteristics, Device identifiers\\n\\nmore\\n\\nCookie duration resets each session. Uses other forms of storage.\\n\\nView details | Storage details | Privacy policylaunch\\n\\n## Pixalate, Inc.\\n\\nDoesn't use cookies.\\n\\nData collected and processed: Browsing and interaction data, Non-precise\\nlocation data, IP addresses, Device characteristics, Device identifiers\\n\\nmore\\n\\nView details | Storage details | Privacy policylaunch\\n\\n## Oracle Advertising\\n\\nCookie duration: 180 (days).\\n\\nData collected and processed: User-provided data, Users\\u2019 profiles, Privacy\\nchoices, Browsing and interaction data, Non-precise location data,\\nAuthentication-derived identifiers, IP addresses, Device characteristics,\\nDevice identifiers\\n\\nmore\\n\\nUses other forms of storage.\\n\\nView details | Storage details | Privacy policylaunch\\n\\n## Numberly\\n\\nCookie duration: 180 (days).\\n\\nData collected and processed: User-provided data, Users\\u2019 profiles, Privacy\\nchoices, Browsing and interaction data, Non-precise location data,\\nAuthentication-derived identifiers, IP addresses, Device characteristics,\\nDevice identifiers\\n\\nmore\\n\\nCookie duration resets each session.\\n\\nView details | Storage details | Privacy policylaunch\\n\\n## AudienceProject A/S\\n\\nCookie duration: 365 (days).\\n\\nData collected and processed: User-provided data, Users\\u2019 profiles, Privacy\\nchoices, Probabilistic identifiers, Browsing and interaction data, Non-precise\\nlocation data, Authentication-derived identifiers, IP addresses, Device\\ncharacteristics, Device identifiers\\n\\nmore\\n\\nCookie duration resets each session. Uses other forms of storage.\\n\\nView details | Storage details | Privacy policylaunch\\n\\n## Demandbase, Inc.\\n\\nCookie duration: 730 (days).\\n\\nData collected and processed: User-provided data, Users\\u2019 profiles, Privacy\\nchoices, Probabilistic identifiers, Browsing and interaction data, Non-precise\\nlocation data, IP addresses, Precise location data, Device characteristics,\\nDevice identifiers\\n\\nmore\\n\\nCookie duration resets each session. Uses other forms of storage.\\n\\nView details | Storage details | Privacy policylaunch\\n\\n## Effiliation / Effinity\\n\\nCookie duration: 30 (days).\\n\\nData collected and processed: Device characteristics\\n\\nmore\\n\\nCookie duration resets each session.\\n\\nView details | Storage details | Privacy policylaunch\\n\\n## Arrivalist Co.\\n\\nCookie duration: 365 (days).\\n\\nData collected and processed: Non-precise location data, IP addresses\\n\\nmore\\n\\nCookie duration resets each session.\\n\\nView details | Storage details | Privacy policylaunch\\n\\n## Seenthis AB\\n\\nDoesn't use cookies.\\n\\nData collected and processed: IP addresses, Device characteristics\\n\\nmore\\n\\nView details | Privacy policylaunch\\n\\n## Commanders Act\\n\\nCookie duration: 365 (days).\\n\\nData collected and processed: IP addresses, Device identifiers\\n\\nmore\\n\\nView details | Storage details | Privacy policylaunch\\n\\n## travel audience GmbH\\n\\nCookie duration: 397 (days).\\n\\nData collected and processed: Users\\u2019 profiles, Probabilistic identifiers,\\nBrowsing and interaction data, Non-precise location data, Authentication-\\nderived identifiers, IP addresses, Precise location data, Device\\ncharacteristics, Device identifiers\\n\\nmore\\n\\nCookie duration resets each session. Uses other forms of storage.\\n\\nView details | Privacy policylaunch\\n\\n## HUMAN\\n\\nDoesn't use cookies.\\n\\nData collected and processed: Probabilistic identifiers, Non-precise location\\ndata, IP addresses, Device characteristics, Device identifiers\\n\\nmore\\n\\nView details | Privacy policylaunch\\n\\n## Adludio Ltd.\\n\\nDoesn't use cookies.\\n\\nData collected and processed: Device characteristics\\n\\nmore\\n\\nView details | Privacy policylaunch\\n\\n## Blendee srl\\n\\nCookie duration: 366 (days).\\n\\nData collected and processed: User-provided data, Users\\u2019 profiles, Privacy\\nchoices, Browsing and interaction data, Non-precise location data,\\nAuthentication-derived identifiers, IP addresses, Device characteristics,\\nDevice identifiers\\n\\nmore\\n\\nCookie duration resets each session. Uses other forms of storage.\\n\\nView details | Storage details | Privacy policylaunch\\n\\n## Innovid LLC\\n\\nCookie duration: 90 (days).\\n\\nData collected and processed: Privacy choices, Browsing and interaction data,\\nNon-precise location data, IP addresses, Device characteristics, Device\\nidentifiers\\n\\nmore\\n\\nCookie duration resets each session.\\n\\nView details | Storage details | Privacy policylaunch\\n\\n## Papirfly AS\\n\\nDoesn't use cookies.\\n\\nData collected and processed: Device characteristics\\n\\nmore\\n\\nView details | Privacy policylaunch\\n\\n## Neustar, Inc., a TransUnion company\\n\\nCookie duration: 365 (days).\\n\\nData collected and processed: User-provided data, Users\\u2019 profiles, Privacy\\nchoices, Probabilistic identifiers, Browsing and interaction data, Non-precise\\nlocation data, Authentication-derived identifiers, IP addresses, Device\\ncharacteristics, Device identifiers\\n\\nmore\\n\\nCookie duration resets each session. Uses other forms of storage.\\n\\nView details | Privacy policylaunch\\n\\n## Verve Group Europe GmbH\\n\\nDoesn't use cookies.\\n\\nData collected and processed: User-provided data, Users\\u2019 profiles, Privacy\\nchoices, Browsing and interaction data, Non-precise location data,\\nAuthentication-derived identifiers, IP addresses, Precise location data,\\nDevice characteristics, Device identifiers\\n\\nmore\\n\\nUses other forms of storage.\\n\\nView details | Privacy policylaunch\\n\\n## Otto (GmbH &amp; Co KG)\\n\\nCookie duration: 365 (days).\\n\\nData collected and processed: User-provided data, Users\\u2019 profiles, Privacy\\nchoices, Browsing and interaction data, IP addresses, Device identifiers\\n\\nmore\\n\\nCookie duration resets each session. Uses other forms of storage.\\n\\nView details | Storage details | Privacy policylaunch\\n\\n## Adobe Audience Manager, Adobe Experience Platform\\n\\nCookie duration: 180 (days).\\n\\nData collected and processed: User-provided data, Users\\u2019 profiles, Privacy\\nchoices, Probabilistic identifiers, Browsing and interaction data, Non-precise\\nlocation data, Authentication-derived identifiers, IP addresses, Precise\\nlocation data, Device characteristics, Device identifiers\\n\\nmore\\n\\nCookie duration resets each session.\\n\\nView details | Storage details | Privacy policylaunch\\n\\n## Localsensor B.V.\\n\\nDoesn't use cookies.\\n\\nData collected and processed: Privacy choices, Non-precise location data, IP\\naddresses, Precise location data, Device characteristics, Device identifiers\\n\\nmore\\n\\nUses other forms of storage.\\n\\nView details | Privacy policylaunch\\n\\n## Online Solution\\n\\nCookie duration: 365 (days).\\n\\nData collected and processed: User-provided data, Users\\u2019 profiles, Privacy\\nchoices, Probabilistic identifiers, Browsing and interaction data, Non-precise\\nlocation data, IP addresses, Precise location data, Device characteristics,\\nDevice identifiers\\n\\nmore\\n\\nCookie duration resets each session. Uses other forms of storage.\\n\\nView details | Privacy policylaunch\\n\\n## Relay42 Netherlands B.V.\\n\\nCookie duration: 730 (days).\\n\\nData collected and processed: User-provided data, Users\\u2019 profiles, Privacy\\nchoices, Probabilistic identifiers, Browsing and interaction data, IP\\naddresses, Device characteristics, Device identifiers\\n\\nmore\\n\\nView details | Storage details | Privacy policylaunch\\n\\n## GP One GmbH\\n\\nCookie duration: Uses session cookies.\\n\\nData collected and processed: User-provided data, Privacy choices, Browsing\\nand interaction data, Non-precise location data, IP addresses, Device\\ncharacteristics\\n\\nmore\\n\\nUses other forms of storage.\\n\\nView details | Storage details | Privacy policylaunch\\n\\n## The MediaGrid Inc.\\n\\nCookie duration: 365 (days).\\n\\nData collected and processed: Privacy choices, Probabilistic identifiers,\\nBrowsing and interaction data, Non-precise location data, IP addresses,\\nPrecise location data, Device characteristics, Device identifiers\\n\\nmore\\n\\nCookie duration resets each session. Uses other forms of storage.\\n\\nView details | Storage details | Privacy policylaunch\\n\\n## MindTake Research GmbH\\n\\nCookie duration: 180 (days).\\n\\nData collected and processed: Users\\u2019 profiles, Probabilistic identifiers,\\nBrowsing and interaction data, IP addresses, Device characteristics, Device\\nidentifiers\\n\\nmore\\n\\nUses other forms of storage.\\n\\nView details | Privacy policylaunch\\n\\n## Cint AB\\n\\nCookie duration: 730 (days).\\n\\nData collected and processed: Privacy choices, Browsing and interaction data,\\nIP addresses, Device characteristics, Device identifiers\\n\\nmore\\n\\nUses other forms of storage.\\n\\nView details | Privacy policylaunch\\n\\n## Google Advertising Products\\n\\nCookie duration: 396 (days).\\n\\nData collected and processed: User-provided data, Users\\u2019 profiles, Privacy\\nchoices, Browsing and interaction data, Non-precise location data,\\nAuthentication-derived identifiers, IP addresses, Device characteristics,\\nDevice identifiers\\n\\nmore\\n\\nUses other forms of storage.\\n\\nView details | Storage details | Privacy policylaunch\\n\\n## GfK GmbH\\n\\nCookie duration: 730 (days).\\n\\nData collected and processed: User-provided data, Users\\u2019 profiles, Privacy\\nchoices, Browsing and interaction data, Non-precise location data,\\nAuthentication-derived identifiers, IP addresses, Device characteristics,\\nDevice identifiers\\n\\nmore\\n\\nUses other forms of storage.\\n\\nView details | Storage details | Privacy policylaunch\\n\\n## RevJet\\n\\nCookie duration: 730 (days).\\n\\nData collected and processed: Users\\u2019 profiles, Privacy choices, Non-precise\\nlocation data, IP addresses, Device identifiers\\n\\nmore\\n\\nCookie duration resets each session.\\n\\nView details | Storage details | Privacy policylaunch\\n\\n## Protected Media LTD\\n\\nDoesn't use cookies.\\n\\nData collected and processed: Probabilistic identifiers, Browsing and\\ninteraction data, IP addresses, Device characteristics, Device identifiers\\n\\nmore\\n\\nView details | Privacy policylaunch\\n\\n## Clinch Labs LTD\\n\\nCookie duration: 730 (days).\\n\\nData collected and processed: Users\\u2019 profiles, Privacy choices, Probabilistic\\nidentifiers, Browsing and interaction data, Non-precise location data, IP\\naddresses, Device characteristics, Device identifiers\\n\\nmore\\n\\nCookie duration resets each session.\\n\\nView details | Storage details | Privacy policylaunch\\n\\n## Oracle Data Cloud - Moat\\n\\nDoesn't use cookies.\\n\\nData collected and processed: Non-precise location data, IP addresses\\n\\nmore\\n\\nView details | Privacy policylaunch\\n\\n## Hearts and Science M\\u00fcnchen GmbH\\n\\nCookie duration: 60 (days).\\n\\nData collected and processed: IP addresses\\n\\nmore\\n\\nCookie duration resets each session.\\n\\nView details | Privacy policylaunch\\n\\n## Amazon Advertising\\n\\nCookie duration: 396 (days).\\n\\nData collected and processed: Users\\u2019 profiles, Privacy choices, Browsing and\\ninteraction data, Non-precise location data, Authentication-derived\\nidentifiers, IP addresses, Device characteristics, Device identifiers\\n\\nmore\\n\\nCookie duration resets each session. Uses other forms of storage.\\n\\nView details | Storage details | Privacy policylaunch\\n\\n## Moloco, Inc.\\n\\nCookie duration: 730 (days).\\n\\nData collected and processed: Non-precise location data, IP addresses, Device\\ncharacteristics, Device identifiers\\n\\nmore\\n\\nCookie duration resets each session. Uses other forms of storage.\\n\\nView details | Privacy policylaunch\\n\\n## Adtriba GmbH\\n\\nCookie duration: 730 (days).\\n\\nData collected and processed: Privacy choices, Browsing and interaction data,\\nNon-precise location data, Authentication-derived identifiers, IP addresses,\\nDevice characteristics, Device identifiers\\n\\nmore\\n\\nCookie duration resets each session.\\n\\nView details | Storage details | Privacy policylaunch\\n\\n## Objective Partners BV\\n\\nCookie duration: 90 (days).\\n\\nData collected and processed: Device identifiers\\n\\nmore\\n\\nCookie duration resets each session.\\n\\nView details | Storage details | Privacy policylaunch\\n\\n## Ensighten\\n\\nCookie duration: 1825 (days).\\n\\nData collected and processed: Privacy choices, Browsing and interaction data,\\nIP addresses, Device characteristics, Device identifiers\\n\\nmore\\n\\nCookie duration resets each session.\\n\\nView details | Storage details | Privacy policylaunch\\n\\n## eBay Inc\\n\\nCookie duration: 90 (days).\\n\\nData collected and processed: Privacy choices, IP addresses, Device\\ncharacteristics\\n\\nmore\\n\\nView details | Storage details | Privacy policylaunch\\n\\n## Hurra Communications GmbH\\n\\nCookie duration: 366 (days).\\n\\nData collected and processed: Probabilistic identifiers, Browsing and\\ninteraction data, Non-precise location data, Authentication-derived\\nidentifiers, IP addresses, Precise location data, Device characteristics,\\nDevice identifiers\\n\\nmore\\n\\nCookie duration resets each session.\\n\\nView details | Storage details | Privacy policylaunch\\n\\nAd partners\\n\\n## gskinner\\n\\nPrivacy policylaunch\\n\\n## Akamai\\n\\nPrivacy policylaunch\\n\\n## Meta\\n\\nPrivacy policylaunch\\n\\n## Aunica\\n\\nPrivacy policylaunch\\n\\n## Booking.com\\n\\nPrivacy policylaunch\\n\\n## C3 Metrics\\n\\nPrivacy policylaunch\\n\\n## IBM\\n\\nPrivacy policylaunch\\n\\n## Evidon\\n\\nPrivacy policylaunch\\n\\n## CUBED\\n\\nPrivacy policylaunch\\n\\n## Optomaton\\n\\nPrivacy policylaunch\\n\\n## intelliAd\\n\\nPrivacy policylaunch\\n\\n## Analights\\n\\nPrivacy policylaunch\\n\\n## Dstillery\\n\\nPrivacy policylaunch\\n\\n## MediaMath\\n\\nPrivacy policylaunch\\n\\n## ZMS\\n\\nPrivacy policylaunch\\n\\n## Dentsu Aegis Network\\n\\nPrivacy policylaunch\\n\\n## Omnicom Media Group\\n\\nPrivacy policylaunch\\n\\n## Digiseg\\n\\nPrivacy policylaunch\\n\\n## Resonate\\n\\nPrivacy policylaunch\\n\\n## Sojern\\n\\nPrivacy policylaunch\\n\\n## Haensel AMS\\n\\nPrivacy policylaunch\\n\\n## BDSK Handels GmbH & Co. KG\\n\\nPrivacy policylaunch\\n\\n## Tradedoubler AB\\n\\nPrivacy policylaunch\\n\\n## TrustArc\\n\\nPrivacy policylaunch\\n\\n## TruEffect\\n\\nPrivacy policylaunch\\n\\n## Marketing Science Consulting Group, Inc.\\n\\nPrivacy policylaunch\\n\\n## DENTSU\\n\\nPrivacy policylaunch\\n\\n## Kobler\\n\\nPrivacy policylaunch\\n\\n## Travel Data Collective\\n\\nPrivacy policylaunch\\n\\n## advolution.control\\n\\nPrivacy policylaunch\\n\\n## Widespace\\n\\nPrivacy policylaunch\\n\\n## LifeStreet\\n\\nPrivacy policylaunch\\n\\n## Vimeo\\n\\nPrivacy policylaunch\\n\\n## AdMaxim\\n\\nPrivacy policylaunch\\n\\n## Batch Media\\n\\nPrivacy policylaunch\\n\\n## Vodafone GmbH\\n\\nPrivacy policylaunch\\n\\n## Magnite\\n\\nPrivacy policylaunch\\n\\n## Scenestealer\\n\\nPrivacy policylaunch\\n\\n## Netquest\\n\\nPrivacy policylaunch\\n\\n## Manage.com\\n\\nPrivacy policylaunch\\n\\n## Cloudflare\\n\\nPrivacy policylaunch\\n\\n## Salesforce DMP\\n\\nPrivacy policylaunch\\n\\n## Netflix\\n\\nPrivacy policylaunch\\n\\n## Macromill group\\n\\nPrivacy policylaunch\\n\\n## ebuilders\\n\\nPrivacy policylaunch\\n\\n## AppLovin Corp.\\n\\nPrivacy policylaunch\\n\\n## Fractional Media\\n\\nPrivacy policylaunch\\n\\n## Rackspace\\n\\nPrivacy policylaunch\\n\\n## Liftoff\\n\\nPrivacy policylaunch\\n\\n## MSI-ACI\\n\\nPrivacy policylaunch\\n\\n## Navegg\\n\\nPrivacy policylaunch\\n\\n## Admedo\\n\\nPrivacy policylaunch\\n\\n## Kochava\\n\\nPrivacy policylaunch\\n\\n## Mobitrans\\n\\nPrivacy policylaunch\\n\\n## ADEX\\n\\nPrivacy policylaunch\\n\\n## Impact\\n\\nPrivacy policylaunch\\n\\n## Spotad\\n\\nPrivacy policylaunch\\n\\n## Aarki\\n\\nPrivacy policylaunch\\n\\n## SFR\\n\\nPrivacy policylaunch\\n\\n## Cablato\\n\\nPrivacy policylaunch\\n\\n## Waystack\\n\\nPrivacy policylaunch\\n\\n## TreSensa\\n\\nPrivacy policylaunch\\n\\n\", \"frontpage\": false}"}
