{"value":"{\"aid\": \"40191445\", \"title\": \"Mistakes that data science students make\", \"url\": \"https://austinhenley.com/blog/datasciencemistakes.html\", \"domain\": \"austinhenley.com\", \"votes\": 1, \"user\": \"azhenley\", \"posted_at\": \"2024-04-28 20:17:49\", \"comments\": 0, \"source_title\": \"Mistakes that data science students makes\", \"source_text\": \"Mistakes that data science students makes - Austin Z. Henley\\n\\n## Austin Z. Henley\\n\\nI work on AI + developer tools.\\n\\nazh321@gmail.com @austinzhenley github/AZHenley\\n\\nHome | Publications | Blog\\n\\n# Mistakes that data science students makes\\n\\n4/28/2024\\n\\nThis post is an informal summary of our SIGCSE'24 paper, \\\"Investigating\\nStudent Mistakes in Introductory Data Science Programming\\\". See the paper for\\nmore details. Thanks to Anjali Singh for leading this collaboration between\\nMicrosoft and University of Michigan!\\n\\nWhat kind of problems do students face in introductory data science courses?\\n\\nThis has been studied many times over in the context of traditional CS1 and\\nCS2 courses, but not for DS1 courses. Towards this, we analyzed students' code\\nsubmissions in a data science course at the University of Michigan. We\\nrandomly sampled from 542 notebook submissions by 151 students and\\nqualitatively analyzed them to understand the mistakes and inappropriate\\nstrategies.\\n\\nWe categorized the mistakes as:\\n\\n  * Logical mistakes\\n  * Semantic mistakes\\n  * Suboptimal coding\\n  * Language and environment misconceptions\\n\\n### Logical mistakes\\n\\nA logical error is when the program behaves differently than expected, though\\nit does not throw an error. One cause for this is misunderstanding the data,\\nsuch as using the wrong columns or values. For example, a student used the\\ncolumn PDAT instead of P_NUMVRC which contradicts what their code comment\\nsays. Another example, a student incorrectly used male and female instead of 1\\nand 2 when filtering.\\n\\nAnother cause is misunderstanding the problem statement. For example, rounding\\nvalues when the actual value is expected, dividing by the wrong value, or\\nincorrectly ordering dictionary keys. Students also made mistakes handling\\nmissing values. For example, when computing a correlation between two columns,\\na student replaced all missing values in both columns with 0.\\n\\n### Semantic mistakes\\n\\nThese semantic mistakes occurred when students used the incorrect function or\\noperator, which may or may not throw a runtime error. For example, students\\nused where() to select rows that meet some criteria without understanding the\\neffect on rows that do not meet the criteria. Another common mistake was to\\nuse the full dataframe where they intended to use an intermediate variable or\\nfiltered rows. Other semantic mistakes include using bitwise operators on\\ndataframes, invalid operations on dataframe slices, and using groupby()\\nincorrectly.\\n\\n### Suboptimal coding\\n\\nSome students wrote inefficient code that may not scale or violates best\\npractices. For example, students used for loops to iterate over dataframe rows\\nto count the number of rows that satisfy some condition. Instead, vectorized\\noperations should be used (e.g., merge(), join(), groupby(), and map()).\\nAlthough these functions were taught in the course, students were not\\npenalized for writing suboptimal code. It is likely that students are\\nmisapplying their prior knowledge of iteration, perhaps from another\\nprogramming course, to data science programming.\\n\\n### Language and environment misconceptions\\n\\nOther mistakes were caused by misconceptions about Python or Jupyter\\nnotebooks. These include incorrectly specifying paths, using incorrect syntax,\\nnot importing libraries, mismatches between cells, out of order cells, and\\nscoping issues. For example, students attempted to use variables that were\\ndefined in a different function or in a later cell. Prior studies also found\\nthat students struggle to understand how notebooks work.\\n\\n### Implications\\n\\nA list of competencies for introductory data science courses emerged from our\\nstudy, along with recommendations for how instructors can better support them.\\nThese include: programming in computational notebooks, data literacy,\\nprogramming with data science libraries, programming strategies, and code\\noptimality.\\n\\nFor many students, it is the first time that they are working with a large\\ndataset. Teaching them data literacy and how to understand the dataset domain\\nis of huge importance and is unlike a typical CS1 course. Another major\\ndifference between CS1 and DS1, is that data science courses immediately teach\\nlibraries (rather than just core programming language constructs) to\\naccomplish tasks.\\n\\nAs part of this project (though only briefly described in the paper), we\\ndeployed an LLM-powered AI tutor to a large data science course. It aimed to\\nhelp students not just with code correctness, but also domain knowledge, data\\nliteracy, and data science best practices. The system used not only the\\nstudent's code, but also the program output, AST information, characteristics\\nof the dataframe, and code optimality metrics. The system also used previously\\ngraded assignments from past semesters of the course to provide better\\nfeedback.\\n\\nThere is still a lot more research needed to understand the challenges of\\nteaching and learning data science. Full details can be found in our SIGCSE'24\\npaper: Investigating Student Mistakes in Introductory Data Science\\nProgramming.\\n\\nIf you liked this post, check out:\\n\\n  * What's wrong with computational notebooks?\\n  * Computational notebooks research at CHI 2022\\n  * Data wrangling with Data Wrangler\\n  * The pain points of teaching computer science\\n\\n\", \"frontpage\": false}"}
