{"value":"{\"aid\": \"40191603\", \"title\": \"Creating Fluid Typography with the CSS Clamp() Function\", \"url\": \"https://www.sitepoint.com/fluid-typography-css-clamp-function/\", \"domain\": \"sitepoint.com\", \"votes\": 1, \"user\": \"dainemawer\", \"posted_at\": \"2024-04-28 20:37:23\", \"comments\": 0, \"source_title\": \"Creating Fluid Typography with the CSS clamp() Function \\u2014 SitePoint\", \"source_text\": \"Creating Fluid Typography with the CSS clamp() Function \\u2014 SitePoint\\n\\nDaine Mawer\\n\\nApril 23, 2024\\n\\n# Creating Fluid Typography with the CSS clamp() Function\\n\\nCSSHTML & CSS\\n\\nShare this article\\n\\n  * Understanding the Need for Fluid Typography\\n  * Why Fluid Typography Matters\\n  * The Power of clamp()\\n  * Implementing Fluid Typography with clamp()\\n  * Tools and Resources\\n  * Conclusion\\n\\nIn this article, we\\u2019ll dig into how to use the CSS clamp() function to scale\\nthe size of text across a range of device sizes.\\n\\nThe landscape of web development and design is ever evolving. In recent years\\nwe\\u2019ve seen the introduction of powerful CSS APIs like Grid and container\\nqueries. To add to that mix, there have been some major efforts in pushing\\nforward a paradigm shift in how we control the sizing of typography across our\\never-changing device landscape.\\n\\nThis article will talk about a term known as \\u201cfluid typography\\u201d. It\\u2019s a new\\ntechnique that leans heavily on the use of a new CSS function called clamp().\\nThe foundational concepts of fluid typography can be difficult to really get\\nto grips with, so it\\u2019s my hope that this deep dive will both explain the core\\nconcepts and also leave you excited about implementing fluid typography in\\nyour next project.\\n\\n## Understanding the Need for Fluid Typography\\n\\nUp until recently, adapting font size to fit device width was a relatively\\nmanual task involving the use of CSS media queries. Depending on your device\\nsupport, this could mean one or two media queries or even as many as ten.\\n\\nThe static nature of media queries forces us to declare a font size over or\\nbelow a certain device width. While this font size may actually work fine at\\nthe given breakpoint, often frontend engineers are forced to add extra\\nbreakpoints to account for smaller font sizes at varying edge cases. This\\nleads to bloat, inefficiency and frustration, as more media queries are\\nintroduced in order to satisfy these demands.\\n\\nThe above scenario is further complicated by the universe of devices that\\nexist at different widths, pixel ratios and screen sizes. What we need as\\nfrontend engineers and designers is functionality that can help us adapt font\\nsize to a given device based on a set of dynamic and well thought out values.\\n\\nThis means we could move away from the restrictive nature of media queries,\\nwrite less code, become more efficient and have more confidence in how our\\nsite looks across devices.\\n\\n## Why Fluid Typography Matters\\n\\nSo, why would I want to go through all the effort of refactoring my code in\\norder to leverage the benefits of fluid typography? There are a few reasons:\\n\\n  * Reduce CSS bloat. Using fluid typography requires one definition in order to cater for a multitude of device ranges. We can move away from multiple CSS media query declarations and reduce the amount of CSS sent over the wire.\\n  * Improve user experience. As fonts adapt to screen size, we can ensure that more edge cases are catered for across the device landscape, generating better and more consistent user experiences for users.\\n  * Support more devices. Media queries only support static breakpoints, which is helpful but not an exact science. With calc(), frontend engineers can make more dynamic decisions about how typography renders.\\n  * Improve efficiency. Implementing fluid typography means we can achieve improved and simplified CSS declarations without the need to for manually testing every device.\\n\\nNow that we understand what fluid typography is, and why it matters, let\\u2019s\\nlook at how to implement it in our projects.\\n\\n## The Power of clamp()\\n\\nclamp() is a well-supported CSS function that was introduced as part of the\\nCSS Module 4 specification. CSS functions are not new to CSS; we\\u2019ve been using\\nsome for many years, such as rgb(). As with all functions, clamp() takes a\\nnumber of inputs and yields an output.\\n\\nclamp() takes three inputs:\\n\\n  * A minimum value. This is the floor of the range. The preferred value can\\u2019t be lower than this minimum value.\\n  * A preferred value. This value is used as long as the number generated is not lower or higher than the expressed minimum and maximum values.\\n  * A maximum value. This is the ceiling of the range. The preferred value can\\u2019t be higher than this maximum value.\\n\\nLet\\u2019s first look at an example of using clamp() to set the width of an\\nelement:\\n\\n    \\n    \\n    width: clamp(350px, 50% ,600px)\\n\\nIn the example above, we\\u2019re setting the width of a given element to be no more\\nthan 600px, no less than 350px, and ideally 50%. Take a look at the CodePen\\ndemo below and resize the browser horizontally. You\\u2019ll notice that, no matter\\nhow wide the container gets or how wide your screen is, the grey <article>\\nelement never gets wider than 600px. Likewise, no matter how small you make\\nthe browser, the <article> element will never go below a width of 350px. This\\nis the beauty of using clamp().\\n\\nCan you see how this starts to relate to typography? We have far more control\\nover the behavior of the <article> element. It\\u2019s good to note that, at this\\npoint, we haven\\u2019t used a single media query to achieve this, nor are we using\\nparticularly dynamic values. If we did have to rewrite the CodePen demo\\u2019s CSS\\nwith a media query, we\\u2019d likely be looking at something like this:\\n\\n    \\n    \\n    article { width: 350px; } @media only screen and (min-width: 480px) { width: 50%; } @media only screen and (min-width: 960px) { width: 600px; }\\n\\nAround ten lines of code, compared to one CSS function. I\\u2019d say that is a\\nmajor optimization. It\\u2019s important to understand, again, how clamp() is\\nworking here: it\\u2019s looking at the preferred value first and calculating if\\nthat expression is in fact between the minimum and maximum values. In other\\nwords:\\n\\n  * if 50% calculates to a value that\\u2019s less than 350px, then 350px will be used.\\n  * if 50% calculates to a value that\\u2019s greater than 600px, then 600px will be used.\\n  * if 50% calculates to a value between the minimum and maximum values, then the preferred value is used.\\n\\nIn all honesty, using a static value as the preferred value is not helpful.\\nThis value needs to be a dynamic expression in order to work and determine a\\nlinear relationship between the minimum and maximum values.\\n\\nCSS has many units of measurements that will yield a static value from a\\ndynamic expression, so I would advise you to use em, rem, vw, percentage, or\\neven combination of these units of measurement with the use of calc() to\\ndynamically calculate the preferred value when using clamp() in your code.\\n\\nNow that we understand how clamp() works, let\\u2019s see how we can apply it to\\nfluid typography.\\n\\n## Implementing Fluid Typography with clamp()\\n\\nLet\\u2019s get into the nitty gritty now about setting up fluid typography for a\\nproject. We\\u2019re going to start with a contrived stylesheet:\\n\\n    \\n    \\n    * { box-sizing: border-box; } body { font-family: system-ui; font-size: 16px; /* 16px = 1rem */ } h1 { font-size: clamp() } h2 { font-size: clamp() } h3 { font-size: clamp() } h4 { font-size: clamp() } h5 { font-size: clamp() } h6 { font-size: clamp() }\\n\\nOur goal here is to create universal typography styles that respond gracefully\\nto breakpoints in a linear way (scaling down in a consistent manner). To do\\nthat, we need to employ some math and we need to consider a few complications.\\nI\\u2019m going to do my best to explain everything as plainly as I can.\\n\\nAs I mentioned before, we know that clamp() takes three inputs: minimum,\\npreferred, and maximum. It\\u2019s easier to determine the minimum and maximum font\\nsizes first. This provides us some guard rails and sets a range for the\\npreferred value to be calculated.\\n\\nLet\\u2019s say I\\u2019m working with a designer to create an 8px font scale. This means\\nthat my fonts can go up increments of 8px, which provides for natural\\nconsistency:\\n\\n    \\n    \\n    8px: 0.5rem; 16px: 1rem; 24px: 1.5rem; 32px: 2rem; 40px: 2.5rem; 48px: 3rem; 56px: 3.5rem; 64px: 4rem;\\n\\nI\\u2019ve used px values above to ground the idea of the scale, as it\\u2019s more\\nintuitive, but we\\u2019ll be using rem going forward, as it\\u2019s a relative unit of\\nmeasurement and can scale/zoom for accessibility reasons. Next, we\\u2019ll need to\\nmake some assumptions based on supported minimum and maximum screen sizes.\\n\\n### Determining min and max screens\\n\\nBefore we move any further, I want to address the issue of choosing minimum\\nand maximum values. Part of calculating the preferred value will depend on\\nwhat range of screen sizes we\\u2019re actually dealing with, but it also has an\\neffect on our minimum and maximum values.\\n\\nLet\\u2019s say, for example, that our website supports all the way back to iPhone\\n5. That device has a screen width of 320px. It\\u2019s probably about as low as\\nyou\\u2019re going to get in the current market to view a website on. We\\u2019ll also\\nassume that we want to support devices greater than or equal to 1920px in\\nscreen width, which is the current market\\u2019s default laptop screen width.\\n\\nThe minimum and maximum screen sizes will always need to be decided on a\\nproject-per-project basis. I would encourage you to review your site\\u2019s\\nanalytics to help you determine this.\\n\\nWhen we translate clamp() into simple language, we\\u2019re basically saying:\\n\\n  * The preferred value can\\u2019t be lower than X at or below 320px.\\n  * I\\u2019ll let the browser calculate the preferred value here based on a dynamic expression I give it, so long as it\\u2019s not below X or or above Y.\\n  * The preferred value can\\u2019t be higher than Y at or above 1920px.\\n\\nConsider my designer has provided me with some design guidance here and has\\ntold me that 320px is our minimum screen width to support, and 1920px is our\\nmaximum. I can add in my min and max values to our stylesheet:\\n\\n    \\n    \\n    * { box-sizing: border-box; } body { font-family: system-ui; font-size: 16px; /* 16px = 1rem */ } h1 { font-size: clamp(2.5rem, <preferred-value>, 4rem) } h2 { font-size: clamp(2rem, </preferred-value><preferred-value>, 3.5rem) } h3 { font-size: clamp(2rem, </preferred-value><preferred-value>, 3rem) } h4 { font-size: clamp(1.5rem, </preferred-value><preferred-value>, 2.5rem) } h5 { font-size: clamp(15rem, </preferred-value><preferred-value>, 2rem) } h6 { font-size: 1rem }\\n\\n### Calculating preferred value\\n\\nNow we need to determine our preferred value. This requires some math in order\\nto come up with a linear expression. Rather than try to figure it out\\nyourself, I recommend you head over to the Clamp Calculator, which is one of a\\nnumber of handy tools for figuring out clamp() values. (There are plenty of\\ncalculators available, some far more complex than The Clamp Calculator, but I\\nlike this one for its simplicity. I\\u2019ll note a few more near the end.)\\n\\nLet\\u2019s start with our h1 rule.\\n\\nWe\\u2019ve entered our minimum value, our maximum value, and our minimum and\\nmaximum viewports. As you can see, the actual min and max values are the same\\nas our CSS declaration above. The confusing part here is how the four values\\nabove come together into a value of 2.2rem + 1.5vw.\\n\\nLet\\u2019s break this down. The first thing you need to know is that the\\ncombination of rem and vw units is a technique used to ensure that we can\\nstill visually zoom in the browser for accessibility reasons. (Read the next\\nsection for details.)\\n\\nSimply put, the preferred value is determined using a formula. This formula\\ndetermines the rate at which your font size scales between the min and max\\nvalues. The formula can be expressed as so:\\n\\n    \\n    \\n    clamp( min-value, fluid-value + relative-value, max-value );\\n\\nWe\\u2019ve spoken about minimum and maximum values at length, so let\\u2019s figure out\\nhow to calculate fluid-value + relative-value.\\n\\n### Calculating fluid value\\n\\nThe fluid value can be expressed as follows:\\n\\n    \\n    \\n    fluid-value = ( (max-font-size - min-font-size) / (max-viewport-width - min-viewport-width) ) * 100;\\n\\nThe fluid value can be explained as the rate at which the font scales. The\\nvalue will increase from minimum value to maximum value as the screen width\\nincreases.\\n\\n### Calculating relative value\\n\\nIn order to figure out the second part of the puzzle, we need to know what the\\nroot font size of the browser is. This is usually 16px by default, but users\\ncan change this. That\\u2019s why we always want to keep this value in rem, as it\\nwill scale as the user increases their preferences. Thus our relative value\\nwould be 1rem.\\n\\n### A practical example\\n\\nIn most cases, as a developer, you won\\u2019t need to calculate all of this each\\ntime you want to add fluid typography to your project. There are plenty of\\ntools and calculators available to aid you. The only information you need to\\nbring with you are your min and max viewports, as well as your min and max\\nfont sizes.\\n\\nNote: it\\u2019s not always immediately obvious what exact formula each calculator\\ntool uses to calculate its result. For the most part, you\\u2019ll see the same\\noutput, perhaps but for a discrepancy in the rem value. This has to do with\\nthe formula itself, and can be adjusted depending on your needs, which are\\nalmost always specific to the context of your site.\\n\\nWe now have part of our formula:\\n\\n    \\n    \\n    clamp( 2.5rem, calc( <fluid-value> + 1rem), 4rem );\\n\\nLet\\u2019s, see if we can use the fluid-size formula above to calculate this\\nmanually first and then plug it into the calculator to visualize our result.\\nOur formula, adjusted to use the values above, would be as follows:\\n\\n    \\n    \\n    fluid-value = ((64 - 40) / (1920 - 320)) * 100;\\n\\nThat yields a value 1.5, and in this case it would be 1.5vw. Thus our clamp()\\nfunction would look like the code below. Remember that the fluid value here \\u2014\\nthe 1.5vw which is our rate of linear scale \\u2014 can be adjusted depending on how\\naggressively you want the font to scale. Let\\u2019s test this:\\n\\n    \\n    \\n    font-size: clamp(2.5rem, calc(2.5vw + 1rem), 4rem);\\n\\nIn the CodePen demo above, we can see our rule at work. Notice how the\\ntypography scales up and down gracefully and gradually.\\n\\nHowever, in the CodePen demo below, I\\u2019ve updated the clamp() function to this:\\n\\n    \\n    \\n    clamp(2.5rem, calc(3.5vw + 1rem), 4rem);\\n\\nWhat\\u2019s the first thing you notice? The font is larger to start with, even\\nthough it hasn\\u2019t gone over its maximum value. It scales, but the rate at which\\nit scales is far more drastic. You can play with these numbers until you get a\\ngood rhythm across devices. There\\u2019s no hard or fast rule here.\\n\\nAt all times, I\\u2019d recommend using a calculator tool, listed in the Tools and\\nResources section below. This is not only for efficiency, but to also see what\\nworks for you.\\n\\n### Considerations for Designers\\n\\nFluid typography is a difficult concept to grasp even for developers. However,\\ndesigners may have a tough time digesting it. It effectively means that design\\nneeds to give up a fair amount of control across breakpoints. But does a\\ndesigner\\u2019s involvement end after defining a minimum and maximum font size?\\n\\nTypography is an art and a science, mainly because it\\u2019s such an important part\\nof design, but its sizing, rhythm and scale are all determined by math. Some\\ndesigners may go with their gut on this and that\\u2019s absolutely fine, but there\\nare those who are intrigued by the numbers side of planning out typography.\\n\\nAs a designer working on a project that plans to implement fluid typography,\\nyou need to work with your engineers to determine the following based on your\\nsite:\\n\\n  1. The minimum screen size you wish to support. This should be guided by a review of your sites analytics and traffic.\\n  2. The maximum screen size you wish to support. This should be guided by a review of your sites analytics and traffic.\\n  3. The min and max font size for each typographical element. This includes headings, paragraphs, subtitles, and so on. This is just as important as determining your min and max screen sizes.\\n  4. The degree of scale. How aggressively do you want your typography to scale over the device ranges in between your min and max screen sizes? That is, should it be a gentle resizing over a large range, or more aggressive resizing over a smaller range?\\n\\nThese considerations will help you collaborate well with the engineering team.\\nIt\\u2019s worth noting that clamp() can also be used for line height, so don\\u2019t\\nforget to speak to your engineering team about that too, as it\\u2019s an important\\nconsideration for legibility and readability.\\n\\n### A note on accessibility\\n\\nA good clamp() declaration would look like this:\\n\\n    \\n    \\n    clamp(1rem, 2.5vw, 3rem);\\n\\nA better clamp declaration would look like this:\\n\\n    \\n    \\n    clamp(1rem, calc(2.5vw + 1rem), 3rem);\\n\\nI\\u2019d recommend defining any font values that you leverage within your code\\nusing rem. This is standard best practice these days, and shouldn\\u2019t really\\nhave to be explained further than the fact that setting 16px (or whatever\\nvalue you want) as the root font size and using rem as a relative unit of\\nmeasurement to define font sizes is good for accessibility and user\\nexperience.\\n\\nThis is particularly important when it comes to our preferred value. Most\\nexamples of clamp() rely on a vw value in order to express the size of the\\nfont based on viewport width. However, when a user zooms in on their device or\\nbrowser, because a value is expressed as a viewport width, the font will not\\nincrease in size. This is because the screen width doesn\\u2019t increase in size.\\n\\nIn order to combat this, you can use calc() to combine rem and vw together so\\nthat your preferred value becomes an expression that\\u2019s dynamically calculated\\nto result in a rem value which is good for accessibility and zoom, but also\\nhas the added benefit of being relative to the screen width.\\n\\nUsing everything we know, we can put the finishing touches on our CSS\\nstylesheet. I\\u2019ve again used the Clamp Calculator to determine fluid typography\\nvalues:\\n\\n    \\n    \\n    * { box-sizing: border-box; } body { font-family: system-ui; font-size: 16px; /* 16px = 1rem */ } h1 { font-size: clamp(2.5rem, 2.2rem + 1.5vw, 4rem) } h2 { font-size: clamp(2rem, 1.7rem + 1.5vw, 3.5rem) } h3 { font-size: clamp(2rem, 1.8rem + 1vw, 3rem) } h4 { font-size: clamp(1.5rem, 1.3rem + 1vw, 2.5rem) } h5 { font-size: clamp(1rem, 0.8rem + 1vw, 2rem) } h6 { font-size: 1rem }\\n\\nApplied to our CodePen demo, here\\u2019s how the typography scales down. (Resize\\nthe browser to see how the headings scale up and down. Look ma! No media\\nqueries!)\\n\\n## Tools and Resources\\n\\nHere are some of my go-to resources for implementing fluid typography in\\nprojects.\\n\\nFirstly, I\\u2019d highly recommend developers read up on how clamp() works on MDN.\\nMDN offers detailed explanations of its internal mechanisms.\\n\\nFor designers, I\\u2019d recommend reading Designing with Fluid Type Scales, by\\nJames Gilyead.\\n\\nBeyond those, here are some other useful resources:\\n\\n  * Utopia Fluid Typography Calculator. This tool helps you calculate clamp() function values across breakpoints and provides the code to implement into your CSS files.\\n\\n  * Fluid Type Scale. These practical toolkits of utilities and presets help implement fluid typography, making design work more manageable.\\n\\n  * Modern fluid typography editor. Adrian Beck developed this great tool for visualizing the linear relationship of minimum, preferred, and maximum values within clamp(). It\\u2019s highly recommended if you\\u2019re trying to refine your preferred values.\\n\\n## Conclusion\\n\\nIn this article, we\\u2019ve discussed the intricacies of fluid typography, why we\\nmight want to use it, and how to implement it within our CSS using the clamp()\\nfunction. We also discussed its impact on designers and implications for web\\naccessibility.\\n\\nCalculating fluid typography values for font sizes depends on your site and\\nthe device range you wish to support, as well as how your site adapts to each\\ndevice. Crafting fluid typography keeps our code clean, removes the need for\\nmedia queries, and is just one more step forward to a consistent and pleasant\\nuser experience for all users.\\n\\nDaine Mawer\\n\\nView Author\\n\\nDaine is an experienced engineer with over 10 years of experience building\\naccessible and performant web experiences. He is the Associate Director of\\nFront-end Engineering for the EMEA division at @10up. Daine focuses on\\nbuilding enterprise-level sites using React, Next.js and TypeScript. Outside\\nof his role at 10up, he is a recognized tech lead, writer, and conference\\nspeaker in the web industry, WordPress Core contributor, and Web Performance\\nAdvocate. Visit his blog for more articles.\\n\\nclampfluid typography\\n\\nShare this article\\n\\nRead Next\\n\\nNot an Accountant? How to Make Sense of Your Business Finances\\n\\nKerry Butters\\n\\nToo Big, Too Small, or Just Right: Creating a Website for Multiple Screens\\n\\nChristina Truong\\n\\nWhat to Expect From jQuery Mobile 1.3.0\\n\\nAurelio De Rosa\\n\\nCross-Platform Games and Applications with libGDX \\u2013 Setup\\n\\nTravis O'Brien\\n\\nWhat Is a Unique Selling Proposition & How Do I Create One?\\n\\nJoel Falconer\\n\\nAn Overview of CSS Sizing Units\\n\\nTiffany Brown\\n\\nA Look at DevDocs.io\\n\\nBruno Skvorc\\n\\nIntroduction to CSS3 Font-Face Design\\n\\nAdam Roberts\\n\\nGet the freshest news and resources for developers, designers and digital\\ncreators in your inbox each week\\n\\nStart Free Trial\\n\\nStuff we do\\n\\nPremiumNewslettersLearning pathsLibraryForums\\n\\nContact\\n\\nContact usFAQPublish your book with usWrite an article with usAdvertise\\n\\nAbout\\n\\nOur storyCorporate membershipsTerms of usePrivacy policy\\n\\nConnect\\n\\nRSSFacebookInstagramTwitter (X)\\n\\nThis site is protected by reCAPTCHA and the Google Privacy Policy and Terms of\\nService apply.\\n\\n\\u00a9 2000 \\u2013 2024 SitePoint Pty. Ltd.\\n\\n\", \"frontpage\": false}"}
