{"value":"{\"aid\": \"40192171\", \"title\": \"E-bike users warned of indoor charging dangers\", \"url\": \"https://www.bbc.com/news/articles/cv20vzpm123o\", \"domain\": \"bbc.com\", \"votes\": 2, \"user\": \"belter\", \"posted_at\": \"2024-04-28 21:30:27\", \"comments\": 0, \"source_title\": \"Wiltshire e-bike users warned of indoor charging dangers\", \"source_text\": \"Wiltshire e-bike users warned of indoor charging dangers\\n\\n## Let us know you agree to cookies\\n\\nWe use cookies to give you the best online experience.\\n\\nPlease let us know if you agree to all of these cookies.\\n\\n  * No, take me to settings\\n\\n\", \"frontpage\": false}"}
