{"value":"{\"aid\": \"40192310\", \"title\": \"Pfaffian\", \"url\": \"https://en.wikipedia.org/wiki/Pfaffian\", \"domain\": \"wikipedia.org\", \"votes\": 2, \"user\": \"gone35\", \"posted_at\": \"2024-04-28 21:48:12\", \"comments\": 0, \"source_title\": \"Pfaffian\", \"source_text\": \"Pfaffian - Wikipedia\\n\\nJump to content\\n\\nSearch\\n\\n# Pfaffian\\n\\n  * \\u0627\\u0644\\u0639\\u0631\\u0628\\u064a\\u0629\\n  * Deutsch\\n  * Espa\\u00f1ol\\n  * Fran\\u00e7ais\\n  * \\ud55c\\uad6d\\uc5b4\\n  * Italiano\\n  * \\u05e2\\u05d1\\u05e8\\u05d9\\u05ea\\n  * \\u65e5\\u672c\\u8a9e\\n  * \\u0420\\u0443\\u0441\\u0441\\u043a\\u0438\\u0439\\n  * \\u0423\\u043a\\u0440\\u0430\\u0457\\u043d\\u0441\\u044c\\u043a\\u0430\\n  * \\u4e2d\\u6587\\n\\nEdit links\\n\\nFrom Wikipedia, the free encyclopedia\\n\\nSquare root of the determinant of a skew-symmetric square matrix\\n\\nNot to be confused with Pfaffian function, Pfaffian system, or Pfaffian\\norientation.\\n\\nIn mathematics, the determinant of an m\\u00d7m skew-symmetric matrix can always be\\nwritten as the square of a polynomial in the matrix entries, a polynomial with\\ninteger coefficients that only depends on m. When m is odd, the polynomial is\\nzero. When m is even, it is a nonzero polynomial of degree m/2, and is unique\\nup to multiplication by \\u00b11. The convention on skew-symmetric tridiagonal\\nmatrices, given below in the examples, then determines one specific\\npolynomial, called the Pfaffian polynomial. The value of this polynomial, when\\napplied to the entries of a skew-symmetric matrix, is called the Pfaffian of\\nthat matrix. The term Pfaffian was introduced by Cayley (1852), who indirectly\\nnamed them after Johann Friedrich Pfaff.\\n\\nExplicitly, for a skew-symmetric matrix ,\\n\\nwhich was first proved by Cayley (1849), who cites Jacobi for introducing\\nthese polynomials in work on Pfaffian systems of differential equations.\\nCayley obtains this relation by specialising a more general result on matrices\\nthat deviate from skew symmetry only in the first row and the first column.\\nThe determinant of such a matrix is the product of the Pfaffians of the two\\nmatrices obtained by first setting in the original matrix the upper left entry\\nto zero and then copying, respectively, the negative transpose of the first\\nrow to the first column and the negative transpose of the first column to the\\nfirst row. This is proved by induction by expanding the determinant on minors\\nand employing the recursion formula below.\\n\\n## Examples[edit]\\n\\n(3 is odd, so the Pfaffian of B is 0)\\n\\nThe Pfaffian of a 2n \\u00d7 2n skew-symmetric tridiagonal matrix is given as\\n\\n(Note that any skew-symmetric matrix can be reduced to this form; see Spectral\\ntheory of a skew-symmetric matrix.)\\n\\n## Formal definition[edit]\\n\\nLet A = (a_ij) be a 2n \\u00d7 2n skew-symmetric matrix. The Pfaffian of A is\\nexplicitly defined by the formula\\n\\nwhere S_2n is the symmetric group of order (2n)! and sgn(\\u03c3) is the signature\\nof \\u03c3.\\n\\nOne can make use of the skew-symmetry of A to avoid summing over all possible\\npermutations. Let \\u03a0 be the set of all partitions of {1, 2, ..., 2n} into pairs\\nwithout regard to order. There are (2n)!/(2^nn!) = (2n \\u2212 1)!! such partitions.\\nAn element \\u03b1 \\u2208 \\u03a0 can be written as\\n\\nwith i_k < j_k and . Let\\n\\nbe the corresponding permutation. Given a partition \\u03b1 as above, define\\n\\nThe Pfaffian of A is then given by\\n\\nThe Pfaffian of a n\\u00d7n skew-symmetric matrix for n odd is defined to be zero,\\nas the determinant of an odd skew-symmetric matrix is zero, since for a skew-\\nsymmetric matrix,\\n\\nand for n odd, this implies .\\n\\n### Recursive definition[edit]\\n\\nBy convention, the Pfaffian of the 0\\u00d70 matrix is equal to one. The Pfaffian of\\na skew-symmetric 2n\\u00d72n matrix A with n > 0 can be computed recursively as\\n\\nwhere the index i can be selected arbitrarily, is the Heaviside step function,\\nand denotes the matrix A with both the ith and jth rows and columns\\nremoved.^[1] Note how for the special choice this reduces to the simpler\\nexpression:\\n\\n### Alternative definitions[edit]\\n\\nOne can associate to any skew-symmetric 2n\\u00d72n matrix A = (a_ij) a bivector\\n\\nwhere {e_1, e_2, ..., e_2n} is the standard basis of R^2n. The Pfaffian is\\nthen defined by the equation\\n\\nhere \\u03c9^n denotes the wedge product of n copies of \\u03c9.\\n\\nEquivalently, we can consider the bivector (which is more convenient when we\\ndo not want to impose the summation constraint ):\\n\\nwhich gives\\n\\nA non-zero generalisation of the Pfaffian to odd-dimensional matrices is given\\nin the work of de Bruijn on multiple integrals involving determinants.^[2] In\\nparticular for any -matrix A, we use the formal definition above but set . For\\nm odd, one can then show that this is equal to the usual Pfaffian of an\\n-dimensional skew symmetric matrix where we have added an th column consisting\\nof m elements 1, an th row consisting of m elements \\u22121, and the corner element\\nis zero. The usual properties of Pfaffians, for example the relation to the\\ndeterminant, then apply to this extended matrix.\\n\\n## Properties and identities[edit]\\n\\nPfaffians have the following properties, which are similar to those of\\ndeterminants.\\n\\n  * Multiplication of a row and a column by a constant is equivalent to multiplication of the Pfaffian by the same constant.\\n  * Simultaneous interchange of two different rows and corresponding columns changes the sign of the Pfaffian.\\n  * A multiple of a row and corresponding column added to another row and corresponding column does not change the value of the Pfaffian.\\n\\nUsing these properties, Pfaffians can be computed quickly, akin to the\\ncomputation of determinants.\\n\\n### Miscellaneous[edit]\\n\\nFor a 2n \\u00d7 2n skew-symmetric matrix A\\n\\nFor an arbitrary 2n \\u00d7 2n matrix B,\\n\\nSubstituting in this equation B = A^m, one gets for all integer m\\n\\nProof of\\n\\nAs previously said, . The same with :\\n\\nwhere we defined .\\n\\nSince the proof is finished.\\n\\nProof of :\\n\\nSince is an equation of polynomials, it suffices to prove it for real\\nmatrices, and it would automatically apply for complex matrices as well.\\n\\nBy the spectral theory of skew-symmetric real matrices, , where is orthogonal\\nand\\n\\nfor real numbers . Now apply the previous theorem, we have .\\n\\n### Derivative identities[edit]\\n\\nIf A depends on some variable x_i, then the gradient of a Pfaffian is given by\\n\\nand the Hessian of a Pfaffian is given by\\n\\n### Trace identities[edit]\\n\\nThe product of the Pfaffians of skew-symmetric matrices A and B can be\\nrepresented in the form of an exponential\\n\\nSuppose A and B are 2n \\u00d7 2n skew-symmetric matrices, then\\n\\nand B_n(s_1,s_2,...,s_n) are Bell polynomials.\\n\\n### Block matrices[edit]\\n\\nFor a block-diagonal matrix\\n\\nFor an arbitrary n \\u00d7 n matrix M:\\n\\nIt is often required to compute the pfaffian of a skew-symmetric matrix with\\nthe block structure\\n\\nwhere and are skew-symmetric matrices and is a general rectangular matrix.\\n\\nWhen is invertible, one has\\n\\nThis can be seen from Aitken block-diagonalization formula,^[3]^[4]^[5]\\n\\nThis decomposition involves a congruence transformations that allow to use the\\npfaffian property .\\n\\nSimilarly, when is invertible, one has\\n\\nas can be seen by employing the decomposition\\n\\n## Calculating the Pfaffian numerically[edit]\\n\\nSuppose A is a 2n \\u00d7 2n skew-symmetric matrices, then\\n\\nwhere is the second Pauli matrix, is an identity matrix of dimension n and we\\ntook the trace over a matrix logarithm.\\n\\nThis equality is based on the trace identity\\n\\nand on the observation that .\\n\\nSince calculating the logarithm of a matrix is a computationally demanding\\ntask, one can instead compute all eigenvalues of , take the log of all of\\nthese and sum them up. This procedure merely exploits the property . This can\\nbe implemented in Mathematica with a single statement:\\n\\n    Pf[x_] := Module[{n = Dimensions[x][[1]] / 2}, I^(n^2) Exp[ 1/2 Total[ Log[Eigenvalues[ Dot[Transpose[KroneckerProduct[PauliMatrix[2], IdentityMatrix[n]]], x] ]]]]]\\n\\nHowever, this algorithm is unstable when the Pfaffian is large. The\\neigenvalues of will generally be complex, and the logarithm of these complex\\neigenvalues are generally taken to be in . Under the summation, for a real\\nvalued Pfaffian, the argument of the exponential will be given in the form for\\nsome integer . When is very large, rounding errors in computing the resulting\\nsign from the complex phase can lead to a non-zero imaginary component.\\n\\nFor other (more) efficient algorithms see Wimmer 2012.\\n\\n## Applications[edit]\\n\\n  * There exist programs for the numerical computation of the Pfaffian on various platforms (Python, Matlab, Mathematica) (Wimmer 2012).\\n  * The Pfaffian is an invariant polynomial of a skew-symmetric matrix under a proper orthogonal change of basis. As such, it is important in the theory of characteristic classes. In particular, it can be used to define the Euler class of a Riemannian manifold that is used in the generalized Gauss\\u2013Bonnet theorem.\\n  * The number of perfect matchings in a planar graph is given by a Pfaffian, hence is polynomial time computable via the FKT algorithm. This is surprising given that for general graphs, the problem is very difficult (so called #P-complete). This result is used to calculate the number of domino tilings of a rectangle, the partition function of Ising models in physics, or of Markov random fields in machine learning (Globerson & Jaakkola 2007; Schraudolph & Kamenetsky 2009), where the underlying graph is planar. It is also used to derive efficient algorithms for some otherwise seemingly intractable problems, including the efficient simulation of certain types of restricted quantum computation. Read Holographic algorithm for more information.\\n\\n## See also[edit]\\n\\n  * Determinant\\n  * Dimer model\\n  * Hafnian\\n  * Polyomino\\n  * Statistical mechanics\\n\\n## Notes[edit]\\n\\n  1. ^ \\\"Archived copy\\\" (PDF). Archived from the original (PDF) on 2016-03-05. Retrieved 2015-03-31.{{cite web}}: CS1 maint: archived copy as title (link)\\n  2. ^ Bruijn, de, N.G. (1955). \\\"On some multiple integrals involving determinants\\\". Journal of the Indian Mathematical Society. New Series. 19: 133\\u2013151. ISSN 0019-5839.{{cite journal}}: CS1 maint: multiple names: authors list (link)\\n  3. ^ A. C. Aitken. Determinants and matrices. Oliver and Boyd, Edinburgh, fourth edition, 1939.\\n  4. ^ Zhang, Fuzhen, ed. The Schur complement and its applications. Vol. 4. Springer Science & Business Media, 2006.\\n  5. ^ Bunch, James R. \\\"A note on the stable decomposition of skew-symmetric matrices.\\\" Mathematics of Computation 38.158 (1982): 475-479.\\n\\n## References[edit]\\n\\n  * Cayley, Arthur (1849). \\\"Sur les d\\u00e9terminants gauches\\\". Journal f\\u00fcr die reine und angewandte Mathematik. 38: 93\\u201396.\\n  * Cayley, Arthur (1852). \\\"On the theory of permutants\\\". Cambridge and Dublin Mathematical Journal. VII: 40\\u201351. Reprinted in Collected mathematical papers, volume 2.\\n  * Kasteleyn, P. W. (1961). \\\"The statistics of dimers on a lattice. I. The number of dimer arrangements on a quadratic lattice\\\". Physica. 27 (12): 1209\\u20131225. Bibcode:1961Phy....27.1209K. doi:10.1016/0031-8914(61)90063-5.\\n  * Propp, James (2004). \\\"Lambda-determinants and domino-tilings\\\". arXiv:math/0406301.\\n  * Globerson, Amir; Jaakkola, Tommi (2007). \\\"Approximate inference using planar graph decomposition\\\" (PDF). Advances in Neural Information Processing Systems 19. MIT Press.\\n  * Schraudolph, Nicol; Kamenetsky, Dmitry (2009). \\\"Efficient exact inference in planar Ising models\\\" (PDF). Advances in Neural Information Processing Systems 21. MIT Press.\\n  * Jeliss, G. P.; Chapman, Robin J. (1996). \\\"Dominizing the Chessboard\\\". The Games and Puzzles Journal. 2 (14): 204\\u20135.\\n  * Sellers, James A. (2002). \\\"Domino Tilings and Products of Fibonacci and Pell numbers\\\". Journal of Integer Sequences. 5 (1): 02.1.2. Bibcode:2002JIntS...5...12S.\\n  * Wells, David (1997). The Penguin Dictionary of Curious and Interesting Numbers (revised ed.). Penguin. p. 182. ISBN 0-14-026149-4.\\n  * Muir, Thomas (1882). A Treatise on the Theory of Determinants. Macmillan and Co. Online\\n  * Parameswaran, S. (1954). \\\"Skew-Symmetric Determinants\\\". The American Mathematical Monthly. 61 (2): 116. doi:10.2307/2307800. JSTOR 2307800.\\n  * Wimmer, M. (2012). \\\"Efficient numerical computation of the Pfaffian for dense and banded skew-symmetric matrices\\\". ACM Trans. Math. Softw. 38: 30. arXiv:1102.3440. doi:10.1145/2331130.2331138. S2CID 15331538.\\n  * de Bruijn, N. G. (1955). \\\"On some multiple integrals involving determinants\\\". J. Indian Math. Soc. 19: 131\\u2013151.\\n\\n## External links[edit]\\n\\n  * \\\"Pfaffian\\\", Encyclopedia of Mathematics, EMS Press, 2001 [1994]\\n  * Pfaffian at PlanetMath.org\\n  * T. Jones, The Pfaffian and the Wedge Product (a demonstration of the proof of the Pfaffian/determinant relationship)\\n  * R. Kenyon and A. Okounkov, What is ... a dimer?\\n  * OEIS sequence A004003 (Number of domino tilings (or dimer coverings))\\n  * W. Ledermann \\\"A note on skew-symmetric determinants\\\" https://www.researchgate.net/publication/231827602_A_note_on_skew-symmetric_determinants\\n\\nRetrieved from\\n\\\"https://en.wikipedia.org/w/index.php?title=Pfaffian&oldid=1213241450\\\"\\n\\nCategories:\\n\\n  * Determinants\\n  * Multilinear algebra\\n\\nHidden categories:\\n\\n  * CS1 maint: archived copy as title\\n  * CS1 maint: multiple names: authors list\\n  * Articles with short description\\n  * Short description is different from Wikidata\\n\\n  * This page was last edited on 11 March 2024, at 21:38 (UTC).\\n  * Text is available under the Creative Commons Attribution-ShareAlike License 4.0; additional terms may apply. By using this site, you agree to the Terms of Use and Privacy Policy. Wikipedia\\u00ae is a registered trademark of the Wikimedia Foundation, Inc., a non-profit organization.\\n\\n  * Privacy policy\\n  * About Wikipedia\\n  * Disclaimers\\n  * Contact Wikipedia\\n  * Code of Conduct\\n  * Developers\\n  * Statistics\\n  * Cookie statement\\n  * Mobile view\\n  * Edit preview settings\\n\\n\", \"frontpage\": false}"}
