{"value":"{\"aid\": \"40192440\", \"title\": \"Can humans see ultraviolet light?\", \"url\": \"https://www.livescience.com/health/can-humans-see-ultraviolet-light\", \"domain\": \"livescience.com\", \"votes\": 1, \"user\": \"bookofjoe\", \"posted_at\": \"2024-04-28 22:10:44\", \"comments\": 0, \"source_title\": \"Can humans see ultraviolet light?\", \"source_text\": \"Can humans see ultraviolet light? | Live Science\\n\\nSkip to main content\\n\\nWhen you purchase through links on our site, we may earn an affiliate\\ncommission. Here\\u2019s how it works.\\n\\n# Can humans see ultraviolet light?\\n\\nNews\\n\\nBy Tyler Santora\\n\\npublished 15 hours ago\\n\\nUltraviolet has very short and energetic wavelengths that are shorter than\\nviolet on the visible spectrum. But can people see UV?\\n\\nFestival-goers take part in a UV paint fight at the Glastonbury Festival in\\nEngland. But can people normally see ultraviolet light? (Image credit: Matt\\nCardy/Getty Images)\\n\\nThe colors of the rainbow are all around us, but so are hues that most of us\\ncan't see, including ultraviolet \\u2014 a wavelength that eludes many humans but,\\nsurprisingly, many animals can perceive.\\n\\nUltraviolet (UV) wavelengths are smaller than those on the visible spectrum,\\nbut can people see them? The answer, it turns out, depends on how old you are\\nand whether your eyes contain UV-filtering lenses, experts told Live Science.\\n\\nFirst, it's important to understand how sight works. In the back of the eye,\\nthe retina has photoreceptors that sense light and send signals about the\\nwavelengths they detect through the optic nerve to the brain, which interprets\\nthem as color.\\n\\nIn fact, our blue-detecting cones can detect some UV light. However, the lens\\n\\u2014 the clear, curved structure in the eye that focuses light onto the retina to\\nhelp us see more clearly \\u2014 filters out UV light, so the high-energy wavelength\\nnever actually reaches the cones, Michael Bok, a biologist who studies vision\\nat Lund University in Sweden, told Live Science.\\n\\nRelated: Why doesn't your vision 'go dark' when you blink?\\n\\nOr at least the lens filters out most UV wavelengths, for most people. Despite\\nthe lens' ability to filter out most UV light \\u2014 to protect our eyes from UV\\ndamage, which can age structures in the eye and increase the risk of cancer \\u2014\\nmost young people can perceive some amount of it. In a small 2018 study\\npublished in the journal PLOS One, all of the college-aged participants at the\\nUniversity of Georgia could see UV light at approximately 315 nanometers. (The\\nfull range of UV light is about 10 to 380 nm, with violet beginning at the\\nlatter.) During the experiment, \\\"our subjects consistently reported that the\\nlight appeared a desaturated violet-blue,\\\" the researchers wrote in the study.\\nBut this ability appears to drop off around age 30, indicating that aging\\nreduces the ability to see UV wavelengths.\\n\\nSome people can see much more of the UV light spectrum, however. Up until the\\n1980s, cataract surgery involved removing the cloudy lens from the eye and not\\nimplanting a replacement, so people who had the operation could see UV light.\\nFor these people and those born without a lens, UV light looks like a pale\\nblue or pale violet, Bok said. In a famous example, impressionist painter\\nClaude Monet saw more blue and purple overtones in water lilies after having\\ncataract surgery in 1923 and reflected this difference in his later paintings.\\n\\n## Sign up for the Live Science daily newsletter now\\n\\nGet the world\\u2019s most fascinating discoveries delivered straight to your inbox.\\n\\nBy submitting your information you agree to the Terms & Conditions and Privacy\\nPolicy and are aged 16 or over.\\n\\nUltraviolet wavelengths, which range from 10 to 380 nanometers, are smaller\\nand more energetic than those on the visible light spectrum. (Image credit:\\nAli Damouh/Science Photo Library via Getty Images)\\n\\nBut while most adults can't see UV light, that's not the case in the animal\\nworld. Many mammals \\u2014 including dogs, cats, ferrets and reindeer \\u2014 can see\\nsome UV wavelengths throughout their lifetimes, according to a 2014 study\\npublished in the journal Proceedings of the Royal Society B. The study also\\nnoted that the ability to see UV light is widespread in invertebrates, fish,\\nbirds, reptiles and amphibians, which often have cones specifically for\\ndetecting UV light \\u2014 and lenses that let it through.\\n\\nSo why can so many animals see in the UV range? \\\"For any color vision, the\\nutility is to be able to improve contrast for detecting objects or important\\nthings in your surroundings,\\\" Bok explained.\\n\\nrelated mysteries\\n\\n\\u2014How do our eyes move in perfect synchrony?\\n\\n\\u2014Why do babies rub their eyes when they're tired?\\n\\n\\u2014Can carrots give you night vision?\\n\\nThere are many ways UV helps animals do this. For example, many predatory sea\\ncreatures use UV light to help see the silhouettes of prey, like plankton and\\nfish larvae, because there's a lot of UV light in shallow water, said Thomas\\nCronin, a biologist who studies visual ecology at the University of Maryland,\\nBaltimore County. Many insects use this type of vision to sense patterns on\\nflowers, and some use polarized UV light in the sky to help them navigate.\\nMany birds signal to each other via their plumage in colors in the UV range\\nand use it to find ripe berries.\\n\\n\\\"The more we look into it, the more it seems quite clear that it's pretty\\ncommon,\\\" Bok added.\\n\\nIn fact, the ancestor of vertebrates could see UV light and had a\\nphotoreceptor specifically for it, according to a 2003 study in the journal\\nPNAS. But somewhere in humans' evolutionary history, that photoreceptor\\nshifted more toward detecting violet than ultraviolet wavelengths. Perhaps we\\ncouldn't afford the damage to our eyes because we are a long-lived species, or\\nmaybe it was because UV light comes at the cost of blurrier vision, Cronin\\nsaid.\\n\\nTyler Santora\\n\\nLive Science Contributor\\n\\nTyler Santora is a freelance science and health journalist based out of\\nColorado. They write for publications such as Scientific American, Nature\\nMedicine, Medscape, Undark, Popular Science, Audubon magazine, and many more.\\nPreviously, Tyler was the health and science Editor for Fatherly. They\\ngraduated from Oberlin College with a bachelor's degree in biology and New\\nYork University with a master's in science journalism.\\n\\nMore about health\\n\\nPTSD tied to 95 'risk hotspots' in the genome\\n\\nNew UTI vaccine wards off infection for years, early studies suggest\\n\\nLatest\\n\\nHow common chemicals \\u2014 including those in bed sheets \\u2014 can boost eczema risk\\n\\nSee more latest \\u25ba\\n\\n1 Comment Comment from the forums\\n\\n  * TheBox\\n\\n> admin said:\\n>\\n> Ultraviolet has very short and energetic wavelengths that are shorter than\\n> violet on the visible spectrum. But can people see UV?\\n>\\n> Can humans see ultraviolet light? : Read more\\n\\nYes people can detect UV with their eyes but the brain does not decode this as\\nbeing a visible spectral content.\\n\\n> ''The colors of the rainbow are all around us, but so are hues that most of\\n> us can't see, including ultraviolet \\u2014 a wavelength that eludes many humans\\n> but, surprisingly, many animals can perceive.''\\n\\nThat's isn't a great paragraph .\\n\\nMatter does not emit wave-lengths of light but rather instead the conserved\\nlight of the object is stretched by gravity-B that creates a ''pole'' that is\\ncoupled with a person mind when they look in the direction of the object .\\nBecause the light is being stretched at the speed of light , in the space\\nbetween eye and object we observe transparency and do not see spectral content\\nin this space . When the ''pole'' is obstructed by yourself , the light that\\nis being stretched propagates at your eyes so you see the projection . In\\nessence the light wants to pull through your head but your own density\\nprevents this and inverts the ''pole flow'' .\\n\\nNow lets go advanced mode :\\n\\nThe neurological operating system of human sentient beings have the ability to\\ndetect different eigenstates but are limited in detection of low eigenstates .\\nWhen light is projected into your eyes , the propagation of light allows for a\\nvisible eigenstate of the projected light .\\n\\nIn example let h(a) be a fixed point and let S=1\\n\\nThe eigenvalue in this example is too low of a magnitude to detect .\\n\\nNow let h(a) and h(b) be two fixed points that were overlaid and let S=2\\n\\nThis represents the conserved constant value of space and the constant value\\nof the pole .\\n\\nThe eigenvalue in this example is too low of a magnitude to decode into\\nvisible information .\\n\\nLet h(c) now be a fixed point and be that of an object ,let S=100 .\\n\\nThis eigenvalue can be seen .\\n\\nNote: All values are for example purposes and atmospheric gases project\\ninvisible ''poles' because of their own transparency .\\n\\nAdded note - We never see colours , we see abstract words that represent a\\ndifference .A blue door is defined blue not because it is blue , it could be a\\nred door and defined blue . This is relativity .\\n\\nP.s The human neurological operating system CAN'T detect wavelengths of light\\nand this is proven by looking up and not detecting sky tv . Sciences\\nmarvellous invention of wave-lengths of light is actually far more advanced\\nthan sight . Humans can detect carrier signals from satellites but the wave is\\njust decoded as transparent because the signal has no spectral content . The\\nblue you see on your screen for example is the decoding of the signal , the\\nsignal is ordered to be blue in correspondence with the wave .\\n\\nadded- When an object is illuminated by light , this increases the ''poles''\\nmagnitude and eigenvector state . This allows the human neurological operating\\nsystem to gain enough magnitude of projection to see the object . Consider a\\nprojector and the further away it is from the screen , the less magnitude the\\nprojection becomes .\\n\\nBecause our eyes have curvature , this allows the neurological operating\\nsystem to see from multiple angles , in essence giving the operating system a\\nwide lens . Projected content hitting various points of the eyes surface .\\nHowever , the wider the angle , the more blurred the ''pole'' becomes . In\\nexample focus on a centre point and notice to the far left and far right of\\nyour vision , it becomes blurred in appearance .(note keep focused on the\\ncentre point, do not order your eyes to turn . )\\n\\nWhen you turn you head or eye towards an object , this then allows for the\\nalignment of the eyes pupil (the dark centre) and the ''pole'' of the object ,\\nallowing for a better linear projection . This is why when we project an image\\nonto a screen using a projector , we try to keep a direct line , because\\nangles distort the image .\\n\\nReply\\n\\n##### Most Popular\\n\\nNew UTI vaccine wards off infection for years, early studies suggest\\n\\nBlood test powered by AI could catch osteoarthritis 8 years earlier than\\nX-ray, early data show\\n\\nWe've never seen the Fitbit Versa at this rock bottom price before, surely it\\nwon't be around long\\n\\n1,430 ancient Roman graves scattered with funerary festival leftovers\\nunearthed in southern France\\n\\nLavish 2,200-year-old tomb unearthed in China may be that of ancient king\\n\\nLasers reveal prehistoric Irish monuments that may have been 'pathways for the\\ndead'\\n\\nTweak to Schr\\u00f6dinger's cat equation could unite Einstein's relativity and\\nquantum mechanics, study hints\\n\\nWorld's thinnest gold leaf, dubbed 'goldene,' is just 1 atom thick\\n\\nPlato's burial place finally revealed after AI deciphers ancient scroll\\ncarbonized in Mount Vesuvius eruption\\n\\nSave 32% on this feature-packed Garmin Instinct running watch\\n\\n1st self-driving car that 'lets you take your eyes off the road' goes on sale\\nin the US \\u2014 and it's not a Tesla\\n\\n  1. 1\\n\\nShoebill: The human-sized African bird that eats baby crocodiles and kills its\\nsiblings\\n\\n  2. 2\\n\\nJames Webb telescope confirms there is something seriously wrong with our\\nunderstanding of the universe\\n\\n  3. 3\\n\\nEclipse from space: Paths of 2024 and 2017 eclipses collide over US in new\\nsatellite image\\n\\n  4. 4\\n\\nGiant, 82-foot lizard fish discovered on UK beach could be largest marine\\nreptile ever found\\n\\n  5. 5\\n\\nScientists discover once-in-a-billion-year event \\u2014 2 lifeforms merging to\\ncreate a new cell part\\n\\n  1. 1\\n\\nHaunting photo of Earth and moon snapped by China's experimental lunar\\nsatellites\\n\\n  2. 2\\n\\nTweak to Schr\\u00f6dinger's cat equation could unite Einstein's relativity and\\nquantum mechanics, study hints\\n\\n  3. 3\\n\\nNew UTI vaccine wards off infection for years, early studies suggest\\n\\n  4. 4\\n\\nLasers reveal prehistoric Irish monuments that may have been 'pathways for the\\ndead'\\n\\n  5. 5\\n\\nWhy does striking flint against steel start a fire?\\n\\nLive Science is part of Future US Inc, an international media group and\\nleading digital publisher. Visit our corporate site.\\n\\n\\u00a9 Future US, Inc. Full 7th Floor, 130 West 42nd Street, New York, NY 10036.\\n\\n\", \"frontpage\": false}"}
