{"value":"{\"aid\": \"40192417\", \"title\": \"How to Judge a Book by Its Cover\", \"url\": \"https://www.sciencehistory.org/collections/blog/how-to-judge-a-book-by-its-cover/\", \"domain\": \"sciencehistory.org\", \"votes\": 1, \"user\": \"ohjeez\", \"posted_at\": \"2024-04-28 22:06:45\", \"comments\": 0, \"source_title\": \"How to Judge a Book by Its Cover\", \"source_text\": \"How to Judge a Book by Its Cover | Science History Institute\\n\\nAbout Magazine Podcasts Events\\n\\nMuseum Hours:Wednesday\\u2013Saturday, 10AM\\u20135PM\\n\\n  * Collections\\n  * Collections Blog\\n\\n# How to Judge a Book by Its Cover\\n\\nWhat book bindings teach us about readers of the past.\\n\\nByAnnabel PinkneyJuly 13, 2023\\n\\nDespite living in a seemingly technology-defined world, all-consumed by Tik\\nTok, Chat GPT, and the newest generation of iPhone, it\\u2019s still reasonable to\\nsay that most of us have had the experience of holding (and maybe even\\nreading) a physical book. In the same way historians will someday propound\\nupon what AI and social media indicate about our society today, bibliographic\\nexperts examine the construction of books to draw conclusions about the people\\nof any given period. This concept is referred to as material culture. Book\\nbindings can indicate broad trends in literacy and information dissemination\\nor provide specific insights into provenance\\u2014the record of who owned that\\nbook.\\n\\nThis is the first post in a series of explorations into the material culture\\nof... you guessed it, books! In this series, we\\u2019ll look at examples from the\\nScience History Institute\\u2019s Othmer Library that illustrate the craftsmanship\\nand construction techniques of bookbinding, the properties of paper, the\\neffect of the invention of the printing press, and more!\\n\\nLet\\u2019s start with a crash course in the basic anatomy of a book. If we are\\nconceptualizing a book from a Western perspective (excluding scrolls and\\ntablets, for example), almost any book is made of three basic pieces: the text\\nblock, binding, and covers.\\n\\nA text block is a group of writing or drawing substrates\\u2014paper, parchment, or\\npapyrus\\u2014folded and/or stacked together into sections (also called quires,\\nsignatures, or gatherings: book people generally have a hard time sticking to\\none term). Endleaves (also known as endpapers or endsheets) are extra sheets\\nof folded paper or parchment attached to the beginning and end of the text\\nblock. The endleaves help to protect the text block and attach it to the\\ncover; the leaf attached to the inside of the cover is known as a pastedown\\nand any extra blank leaves before and after the text block are called\\nflyleaves.\\n\\nDetail showing the gatherings of pages that make up the text block. Jane\\nHaldimand Marcet, Conversations on Chemistry, 1814.Science History\\nInstitute/Annabel PinkneyDetail showing the gatherings of pages that make up\\nthe text block. Jane Haldimand Marcet, Conversations on Chemistry,\\n1814.Science History Institute/Annabel PinkneyDetail of endsheets. L\\u00e9once\\nSouligoux, \\u00c9tude sur les Alcalins de leur action physiologique sur les\\nphenom\\u00e8nes de nutrition et de leur application th\\u00e9rapeutique, Paris,\\n1878.Science History Institute/Annabel Pinkney\\n\\nThe binding is the system used to join sections of the text block to each\\nother and create the book\\u2019s spine. In the sturdiest books, each section is\\nsewn through its fold and the sewing is looped around a support at even\\nintervals. Supports can be made of leather, parchment, linen cord, or woven\\ntapes. The free ends of sewing supports are known as slips and attach the text\\nblock to the book\\u2019s cover boards. Less durable books may use an abbreviated\\nsewing method, such as bypass sewing (skipping supports), 2-up sewing (sewing\\ntwo sections together), stabbing or stitching (passing a support or sewing\\nthrough the book\\u2019s margin), or adhesive binding (the spine is glued together,\\nno thread is used).\\n\\nDetail showing exposed spine and sewing. This book is sewn all-along on\\nrecessed cords. Jean-Baptiste Dumas, Trait\\u00e9 de chimie appliqu\\u00e9e aux arts,\\nParis, 1828.Science History Institute/Annabel Pinkney\\n\\nEarly binders often added additional sewing supports at the head and tail of\\nthe spine, known as headbands or endbands. Today modern bindings mimic\\nmedieval hand-sewn headbands with glue-on endbands. After a text block is sewn\\ntogether, its spine is consolidated by coating it with an adhesive\\n(traditionally animal glue) and rubbing it flat to fully adhere the sections\\ntogether.\\n\\nBook covers protect the text block and make the book easy to shut and store.\\nCovers can be made from wood, pasteboard, pulpboard, paper, or parchment.\\nWooden book boards are laced on to the text block by passing the slips of the\\nsewing supports through tunnels or channels in the boards. If the boards are\\npaper based, the slips are glued on. Once attached to the textblock and\\nbinding, boards are covered in cloth, patterned paper, leather, or a\\ncombination. For example, books may be fully bound with leather, or they can\\nbe \\u201chalf\\u201d bound, or \\u201cquarter\\u201d bound.\\n\\nFrom left to right, examples of a full, quarter, and half binding: Sir Humphry\\nDavy, Fragmentary Remains, Literary and Scientific, of Sir Humphry Davy,\\nLondon, 1858; Pierre Joseph Macquer, Dictionnaire de Chymi:, contenant la\\nTh\\u00e9orie et la pratique de cette science, Volume 4, Switzerland, 1779; Prosper-\\nSylvain Denis, Recherches Exp\\u00e9rimentales sur le Sang Humain, Commercy,\\n1830.Science History Institute/Annabel Pinkney\\n\\nBook covers often have various decorative elements, such as furniture,\\nelaborate metal pieces attached to the covers, sometimes bejeweled; ties or\\nclasps, metal or ribbon pieces that connect the front and back covers;\\ntooling, patterns stamped into leather, sometimes gilt; and inlays, embedded\\nleather or other materials. Decorating a book is known as finishing.\\n\\nNow that you\\u2019ve learned a bit of terminology, let\\u2019s examine a few specific\\nbindings in our collection to draw some conclusions about their previous\\nowners and the context in which they were created.\\n\\nBelieve it or not, there was a time (think early Middle Ages), where,\\nrelatively speaking, there simply weren\\u2019t that many books. Written and bound\\nby hand, books could take years to finish. Books were primarily crafted for\\nreligious institutions or members of elite social classes. Even if laypeople\\nhad access books, few of them could read. It wasn\\u2019t until the end of the 15th\\ncentury, after the invention of the Gutenberg press had revolutionized book\\nproduction, that enough books existed to introduce a new system for storage.\\nBefore then, books were laid supine, with the front cover facing out, not\\nstored on end with their spines facing out, as we are accustomed to today.\\nMetal fixtures called bosses can indicate how the book was stored. These metal\\nknobs slightly elevate the book from the table surface, so that the book\\nwouldn\\u2019t lay directly on its leather covers.\\n\\nLeft: Example of a book cover with brass furniture. [Alchemical miscellany],\\nmanuscript, 1450\\u20131475; Right: Detail of a miniature of Vincent of Beauvais\\nsitting at a desk and writing his book. Notice how the books in the background\\nare shelved. Image is from page f.3r of Royal MS 14 E I volume 1, British\\nLibrary.\\n\\nA large book may indicate a wealthy owner because of the time and cost to\\nproduce such a work, or that the book was intended for use by more than just\\none person. Group reading was common in the Middle Ages; for example, it\\u2019s\\ncommon to find religious texts or choir books in large formats that would have\\nbeen conducive for a group of priests or the congregation to read from.\\n\\nIllumination depicting a choir reading from a large book, from a Book of\\nHours, Paris, 1450-ca. 1460.British Library\\n\\nBindings that are elaborately finished, such as the examples below, offer\\nanother window into former owners\\u2019 motivations and circumstances. An owner who\\nopted to sumptuously bind a book may have done so out of reverence for the\\ncontent, but more likely was engaging in an act of conspicuous consumption. A\\nlibrary of elaborately decorated books was (and remains) a status symbol of\\nwealth and intellect. De Arte Vitraria (below, left, 1686), is no longer bound\\nin its original case, perhaps because it was damaged or its subsequent owner\\nfound it to be uninteresting. A later 19th-century owner opted for the work to\\nbe rebound in full dark-green Morocco leather, a goatskin leather with a\\nprominent grain pattern popular in fine bindings after the 18th century. The\\ncovers are decorated with broad filigree dentelles and inner dentelles, all\\nrichly gilt, including the edges and spine.\\n\\nLeft: Antonio Neri and Christopher Merrett, Arte vetraria distinta in libri\\nsette, Amsterdam, 1686; Right: Bernard Georges Penot, Tractatus varii, de vera\\npraeparatione et usu medicamentorum chymicorum nunc primum editi, Frankfurt,\\n1594.Science History Institute/Annabel Pinkney\\n\\nThis owner clearly placed high value on the appearance of their books and had\\nthe financial means to customize their collection to their liking. In\\ncontrast, Tractatus Varii (above, right, 1594) is bound in its original limp\\nvellum covers (\\u201climp\\u201d indicates that no boards were used). The less showy,\\nflexible, and lightweight binding indicates that this book may have been\\nintended for intensive use, i.e., study and reading, and for easy transport.\\nThough this book clearly had practical use, we can also infer that this owner\\nwanted to make their ownership known due to the gilt armorial crests present\\non each cover.\\n\\nExplore the slide show below for more examples of limp coverings, a cheap and\\nflexible binding option akin to today\\u2019s paperbacks. Limp bindings were\\nproduced as early as the 14th century and were especially popular for use in\\ntraveling accountants\\u2019 notebooks during the Middle Ages and Renaissance. Limp\\nbindings using vellum or parchment began to decline by the 19th century, and\\nlimp leather bindings came into vogue especially for pocket bibles and\\nnotebooks through the 19th century. In 1935 the first modern paperback was\\nintroduced by Penguin publishing house.\\n\\nPamphlet binding. Balthazar Georges Sage, Des pierres Meteoriques ou\\na\\u00e9rolites, not dated.Science History Institute/Annabel PinkneyDetail showing\\nbinding slips attaching to the paper cover. Lucius Annaeus Senca, Opera\\nPhilosophica, Venice, 1490.Science History Institute/Annabel PinkneyModern\\nMoleskine\\u00ae limp leather notebook.Science History Institute/Annabel\\nPinkneyPaperback from Penguin publishing. Plato. Timaeus, Baltimore,\\n1965.Science History Institute/Annabel Pinkney\\n\\nWith the ability to print quickly, thanks to the invention of the Gutenberg\\npress in the West in 1436, the cost of book production went down, and reading\\ngradually became more accessible and subsequently, a popular activity. Fast\\nforward several hundred years to the period of early 19th-century\\nindustrialization. Books were in high demand among upper- and middle-class\\nfolks; literacy rates were high among white men, and growing among white\\nwomen, in Europe and the United States. Reading had become a common pastime,\\nand printed materials were the established method for spreading news and\\ninformation. It was impractical to keep up with the demand without the\\nmechanization of the bookbinding process. Enter, the case binding. This\\nsimplified the fast construction method, in which covers are glued directly to\\na consolidated text block, streamlined the book production process.\\n\\nAn example of industrialized book production at an early 20th-century bindery\\nin Detroit, Michigan.Detroit Publishing Co., Richmond & Backus Co. print shop,\\nDetroit, Mich., 1902, Library of Congress Prints and Photograph Division\\n\\nThanks to new binding methods, such as the case binding, publishing houses\\ngradually grew into flourishing and powerful companies. By the 1830s,\\npublishers began to produce books in novelty cloth-bound case-bindings with\\nvarying levels of decoration. The work below, A Short History of Natural\\nScience (1894) is an example of an elaborately decorated publisher\\u2019s binding\\nand is a book written by a woman for children\\u2014a true sign of the times! Cloth\\ncoverings became immensely popular as they were cheap, robust, and easy to\\ncustomize. They remain a timeless and popular board covering to this day.\\n\\nExample of a publisher\\u2019s binding. Arabella B. Buckley, A Short History of\\nNatural History and of the Progress of Discovery from the Time of the Greeks\\nto the Present Day, London, 1894.Science History Institute/Annabel Pinkney\\n\\nThere have been innumerable methods of bookbinding across the world and\\nthroughout history. Each system of construction is intentional, whether\\nserving a practical purpose or embodying a social trend. Though only a few\\nWestern examples were given today, you can explore more bindings through the\\nScience History Institute Digital Collections.\\n\\nAnnabel Pinkneywas the digital collections librarian for the Othmer Library of\\nChemical History at the Science History Institute.\\n\\n## More from our collections blog\\n\\nCollections Blog\\n\\n## The Nuclear Family\\n\\nTwo instruments evoke memories of being a child during the Cuban Missile\\nCrisis.\\n\\nCollections Blog\\n\\n## Curators Assemble: Behind the Scenes of \\u2018Superheroes, Science, and the\\nEnvironment\\u2019\\n\\nUnmasking how a museum exhibition is made.\\n\\nCollections Blog\\n\\n## Weaving History\\n\\nWhat do Qing dynasty paintings reveal about the secret of degumming ramie?\\n\\n315 Chestnut Street Philadelphia, PA 19106 215.925.2222\\ninfo@sciencehistory.org\\n\\n\\u00a9 2024 Science History Institute\\n\\n  * Registered 501(c)(3)\\n  * EIN: 22-2817365\\n  * Privacy Policy\\n  * Terms of Use\\n  * Accessibility\\n\\n## Republish\\n\\nCopy the above HTML to republish this content. We have formatted the material\\nto follow our guidelines, which include our credit requirements. Please review\\nour full list of guidelines for more information. By republishing this\\ncontent, you agree to our republication requirements.\\n\\n\", \"frontpage\": false}"}
