{"value":"{\"aid\": \"40191325\", \"title\": \"Sorted Containers in Pure Ruby\", \"url\": \"https://www.garrisonjensen.com/posts/2024-04-26-ruby-sorted-containers.html\", \"domain\": \"garrisonjensen.com\", \"votes\": 1, \"user\": \"garrisonj\", \"posted_at\": \"2024-04-28 19:57:20\", \"comments\": 0, \"source_title\": \"Garrison Jensen - Sorted Containers in Ruby inspired by Python\", \"source_text\": \"Garrison Jensen - Sorted Containers in Ruby inspired by Python\\n\\ngarrison\\n\\n# Sorted Containers in Ruby inspired by Python\\n\\nPosted on April 26, 2024\\n\\n## Quick Links\\n\\n  * sorted_containers on Github\\n  * sorted_containers on RubyGems\\n  * sorted_containers Documentation\\n\\n## Introduction\\n\\nI converted Grant Jenks\\u2019s Python library Sorted Containers to Ruby. If you are\\ninterested in the details of this data structure, I recommend reading his\\nwebsite. His documentation is much more detailed, and I used it as a reference\\nfor this implementation.\\n\\nThe library provides a fast sorted array, sorted set, and sorted hash\\nimplemented in pure Ruby with no dependencies.\\n\\nSortedArray, SortedSet, and SortedHash are meant to be drop-in replacements\\nfor Array, Set, and Hash but with the extra property that the elements can be\\naccessed in sorted order.\\n\\nI compare the performance of SortedContainers to SortedSet a C extension red-\\nblack tree implementation. You can see the benchmarks below. The performance\\nis comparable for add and delete, and much better for iteration,\\ninitialization, and lookup.\\n\\nSome methods from Array, Set, and Hash have not been implemented in\\nSortedContainers. I want to complete these before version 1.0.0. Feel free to\\nopen an issue if you would like a method added or add a pull request if you\\nwould like to contribute.\\n\\nFeedback is welcome. I hope you find this library useful.\\n\\n## How it works\\n\\nModern computers are good at shifting arrays. For that reason, it\\u2019s often\\nfaster to keep an array sorted than to use the usual tree-based data\\nstructures.\\n\\nFor example, if you have the array [1,2,4,5] and want to insert the element 3,\\nyou can shift 4, 5 to the right and insert 3 in the correct position. This is\\na O(n) operation, but in practice it\\u2019s fast.\\n\\nYou also save memory by not having to store pointers to children nodes, and\\nyou benifit from the cache locality of arrays. When you iterate over a sorted\\narray, you are more likely to access elements that are close together in\\nmemory.\\n\\nBut we can do better if we have a lot of elements. We can break up the array\\nso fewer elements have to be moved when a new element is inserted. For\\nexample, if you have the array [[1,2,4],[5,6,7]] and you want to insert the\\nelement 3, you can insert 3 into the first array to get [[1,2,3,4],[5,6,7]]\\nand only the element 4 has to be shifted.\\n\\nThis often outperforms the more common tree-based data structures like red-\\nblack trees with O(log n) insertions, deletions, and lookup. We sacrifice\\ntheoretical time complexity for practical performance.\\n\\nThe size of the subarrays is a trade-off. You can modify how big you want to\\nsubarrays by setting the load_factor. The default is set to\\nDEFAULT_LOAD_FACTOR = 1000. The subarray is split when its size is\\n2*load_factor. There is no perfect value. The ideal value will depend on your\\nuse case and may require some experimentation.\\n\\nSortedSet and SortedHash are implemented using a SortedArray to keep track of\\nthe order, and then also use a standard Set and Hash for quick lookups.\\n\\n## Caveats\\n\\n  * Items must be comparable. If you try to insert an element that is not comparable, you will get an error.\\n  * The order of the items must not change after they are inserted, or the container will be corrupted.\\n\\n## Benchmarks\\n\\nSortedSet is a C extension red-black tree implementation. I used it as a\\nbenchmark to compare the performance of SortedContainers.\\n\\nEvery test was run 5 times and the average was taken.\\n\\nYou can see that SortedContainers has compariable performance for add and\\ndelete, and much better performance for iteration, initialization, and\\ninclude.\\n\\nI did my best to make the tests as fair as possible, but it\\u2019s possible that I\\nmade a mistake. It\\u2019s also difficult to predict real-world performance from\\nthese tests. If you have any suggestions for improvement, please let me know\\nby opening an issue. The code for the benchmarks can be found in the github\\nrepository.\\n\\n  * MacBook Pro (16-inch, 2019)\\n  * 2.6 GHz 6-Core Intel Core i7, 16 GB 2667 MHz DDR4\\n  * Ruby 3.2.2\\n  * SortedContainers 0.1.0\\n  * SortedSet 1.0.3\\n\\n### Results (Lower is better)\\n\\nInitialize a Sorted Set with N elementsAdd N elements to a Sorted SetDelete N\\nelements from a Sorted SetIterate over a Sorted Set with N elementsCheck if N\\nelements are included in a Sorted Set\\n\\n## Conclusion\\n\\nFeedback is welcome. Please open an issue on Github if you have any\\nsuggestions or find any bugs.\\n\\nIf you like Python libraries converted to Ruby, you might also like my\\nconversion of heapq to Ruby called heapify\\n\\n\", \"frontpage\": false}"}
