{"value":"{\"aid\": \"40191447\", \"title\": \"Pip Boy 3000\", \"url\": \"https://www.youtube.com/watch?v=bYuz6xOAkfc\", \"domain\": \"youtube.com\", \"votes\": 1, \"user\": \"brudgers\", \"posted_at\": \"2024-04-28 20:18:25\", \"comments\": 0, \"source_title\": \"PIP Boy 3000\", \"source_text\": \"PIP Boy 3000 - YouTube\\n\\nPIP Boy 3000\\n\\n2x\\n\\nIf playback doesn't begin shortly, try restarting your device.\\n\\n\\u2022\\n\\nYou're signed out\\n\\nVideos you watch may be added to the TV's watch history and influence TV\\nrecommendations. To avoid this, cancel and sign in to YouTube on your\\ncomputer.\\n\\nUp next\\n\\nLive\\n\\nUpcoming\\n\\nPlay Now\\n\\nShare\\n\\nAn error occurred while retrieving sharing information. Please try again\\nlater.\\n\\n0:00\\n\\n0:00 / 1:23\\u2022Watch full video\\n\\n\\u2022\\n\\nNaN / NaN\\n\\nBack\\n\\nDE\\n\\n## Description\\n\\nPIP Boy 3000\\n\\n16Likes\\n\\n99Views\\n\\nApr 282024\\n\\nI made a PIP-Boy Model 3000, from Fallout 3. Powered by Arduino and the magic\\nof 3D printing.\\n\\nShow less Show more\\n\\nTranscript\\n\\nFollow along using the transcript.\\n\\n### Jeff Lee\\n\\n482 subscribers\\n\\nVideos\\n\\nAbout\\n\\nVideos\\n\\nAbout\\n\\n## Comments 2\\n\\nTop comments\\n\\nNewest first\\n\\n## Transcript\\n\\nNaN / NaN\\n\\n# PIP Boy 3000\\n\\nJeff Lee\\n\\nJeff Lee\\n\\n482 subscribers\\n\\n<__slot-el>\\n\\n<__slot-el>\\n\\nDownload\\n\\n99 views 3 hours ago\\n\\n99 views \\u2022 Apr 28, 2024\\n\\nShow less\\n\\nI made a PIP-Boy Model 3000, from Fallout 3. Powered by Arduino and the magic\\nof 3D printing. ......more\\n\\n...more\\n\\nTranscript\\n\\nFollow along using the transcript.\\n\\n### Jeff Lee\\n\\n482 subscribers\\n\\nVideos\\n\\nAbout\\n\\nVideos\\n\\nAbout\\n\\nShow less\\n\\n# PIP Boy 3000\\n\\n99 views99 views\\n\\nApr 28, 2024\\n\\nDownload\\n\\n### Re: Your Brains (a cappella)\\n\\nJeff Lee\\n\\nJeff Lee\\n\\n\\u2022\\n\\n\\u2022\\n\\n11K views 2 years ago\\n\\n\", \"frontpage\": false}"}
