{"value":"{\"aid\": \"40192312\", \"title\": \"Hypertext Review (2006)\", \"url\": \"https://paul.luon.net/hypermedia/index.html\", \"domain\": \"luon.net\", \"votes\": 1, \"user\": \"recursivedoubts\", \"posted_at\": \"2024-04-28 21:48:58\", \"comments\": 0, \"source_title\": \"Hypermedia - Main Index\", \"source_text\": \"Hypermedia - Main Index\\n\\n# Hypermedia \\u2013 Main Index\\n\\nLocation: Hypertext Review / Main Index Site Map\\n\\n  * Main Index\\n  * About This Site\\n  * Hypertext - an Introduction\\n  * Implementation Issues\\n  * Database Issues\\n  * User Interface Issues\\n  * Information Retrieval Issues\\n  * Integration Issues\\n  * Applications\\n  * Approach to UI Design for Hypertext\\n  * References\\n\\n# State of the Art Review on Hypermedia Issues and Applications\\n\\nV. Balasubramanian  \\n---  \\nGraduate School of Management, Rutgers University, Newark, New Jersey  \\nbala@pegasus.rutgers.edu  \\n  \\nChapters contained in this document:\\n\\n  1. Hypertext \\u2013 an Introduction\\n  2. Implementation Issues\\n  3. Database Issues\\n  4. User Interface issues\\n  5. Information Retrieval Issues\\n  6. Integration Issues\\n  7. Applications\\n  8. Approach to UI Design of Hypertext\\n\\nConverted to HTML by Denys Duchier (duchier@cs.sfu.ca), March 1994. Converted\\nto a hypermedia site by Paul van Tilburg (paul@luon.net), October 2006.\\n\\nThis documents opens with: Hypertext \\u2013 an Introduction. You can also read more\\nabout this site.\\n\\ngenerated with Webgen on Sunday, October 15 17:00:25 CEST 2006\\n\\n\", \"frontpage\": false}"}
