{"value":"{\"aid\": \"40191901\", \"title\": \"Show HN: Bange \\u2013 Free AI Powered Resume and Cover Letter Maker\", \"url\": \"https://www.bange.io/dashboard\", \"domain\": \"bange.io\", \"votes\": 1, \"user\": \"dotunlonge\", \"posted_at\": \"2024-04-28 21:05:50\", \"comments\": 0, \"source_title\": \"Bange.io - AI Tool For Cover Letters\", \"source_text\": \"Bange.io - AI Tool For Cover Letters\\n\\n## Cover Letter Preview\\n\\n[Your Name] [Your Address] City, State, Zip Email: [Your Email] Phone: [Your\\nPhone Number] [Date]\\n\\n[Hiring Manager's Name] [Company Name] [Company Address] City, State, Zip\\n\\nDear [Hiring Manager's Name],\\n\\nLorem ipsum dolor sit amet, consectetur adipiscing elit. Sed non risus.\\nSuspendisse lectus tortor, dignissim sit amet, adipiscing nec, ultricies sed,\\ndolor. Cras elementum ultrices diam. Maecenas ligula massa, varius a, semper\\ncongue, euismod non, mi.\\n\\nProin porttitor, orci nec nonummy molestie, enim est eleifend mi, non\\nfermentum diam nisl sit amet erat. Duis semper. Duis arcu massa, scelerisque\\nvitae, consequat in, pretium a, enim. Pellentesque congue. Ut in risus\\nvolutpat libero pharetra tempor. Cras vestibulum bibendum augue. Praesent\\negestas leo in pede. Praesent blandit odio eu enim. Pellentesque sed dui ut\\naugue blandit sodales. Vestibulum ante ipsum primis in faucibus orci luctus et\\nultrices posuere cubilia Curae; Aliquam nibh. Mauris ac mauris sed pede\\npellentesque fermentum. Maecenas adipiscing ante non diam sodales hendrerit.\\n\\nUt velit mauris, egestas sed, gravida nec, ornare ut, mi. Aenean ut orci vel\\nmassa suscipit pulvinar. Nulla sollicitudin. Fusce varius, ligula non tempus\\naliquam, nunc turpis ullamcorper nibh, in tempus sapien eros vitae ligula.\\nPellentesque rhoncus nunc et augue. Integer id felis. Curabitur aliquet\\npellentesque diam. Integer quis metus vitae elit lobortis egestas. Lorem ipsum\\ndolor sit amet, consectetuer adipiscing elit. Morbi vel erat non mauris\\nconvallis vehicula. Nulla et sapien. Integer tortor tellus, aliquam faucibus,\\nconvallis id, congue eu, quam. Mauris ullamcorper felis vitae erat. Proin\\nfeugiat, augue non elementum posuere, metus purus iusto, auctor lectus. Lorem\\nipsum dolor sit amet, consectetuer adipiscing elit. Pellentesque cursus luctus\\nmauris.\\n\\nNulla facilisi. Sed nec metus facilisis lorem tristique aliquet. Phasellus\\nfermentum convallis ligula, id porta quam mollis nec. Cras elit nunc, rhoncus\\nnec iaculis ultricies, feugiat eget sapien. Pellentesque ac felis tellus.\\nAenean sollicitudin imperdiet arcu, vitae dignissim est posuere id. Duis\\nplacerat justo eu nunc interdum ultrices.\\n\\nGratias tibi ago, [Your Name]\\n\\nPrivacy Policy\\n\\n\", \"frontpage\": false}"}
