{"value":"{\"aid\": \"40191861\", \"title\": \"'Miss AI' feels like a monumental step backwards\", \"url\": \"https://www.theguardian.com/commentisfree/2024/apr/23/miss-ai-artificial-intelligence-models-gendered-beauty-norms\", \"domain\": \"theguardian.com\", \"votes\": 1, \"user\": \"smartmic\", \"posted_at\": \"2024-04-28 21:02:30\", \"comments\": 0, \"source_title\": \"\\u2018Miss AI\\u2019 is billed as a leap forward but feels like a monumental step backwards | Arwa Mahdawi\", \"source_text\": \"\\u2018Miss AI\\u2019 is billed as a leap forward \\u2013 but feels like a monumental step backwards | Arwa Mahdawi | The Guardian\\n\\nSkip to main contentSkip to navigation\\n\\nSkip to navigation\\n\\nPrint subscriptions\\n\\nSign in\\n\\nSearch jobs\\n\\nSearch\\n\\n  * Europe edition\\n\\n  * UK edition\\n\\n  * US edition\\n\\n  * Australia edition\\n\\n  * International edition\\n\\nThe Guardian - Back to homeThe Guardian\\n\\n## Support the Guardian\\n\\nFund independent journalism with \\u20ac10 per month\\n\\nSupport us\\n\\nSupport us\\n\\n  * Fashion\\n  * Food\\n  * Recipes\\n  * Travel\\n  * Health & fitness\\n  * Women\\n  * Men\\n  * Love & sex\\n  * Beauty\\n  * Home & garden\\n  * Money\\n  * Cars\\n\\nAI model Aitana Lopez. Photograph: Pau Barrena/AFP/Getty Images\\n\\nAI model Aitana Lopez. Photograph: Pau Barrena/AFP/Getty Images\\n\\nOpinionArtificial intelligence (AI)\\n\\n# \\u2018Miss AI\\u2019 is billed as a leap forward \\u2013 but feels like a monumental step\\nbackwards\\n\\nArwa Mahdawi\\n\\nAI models take every toxic gendered beauty norm and bundle them up into\\ncompletely unrealistic package\\n\\nShare\\n\\nMeet Madame Potato. She doesn\\u2019t actually exist, but, if things go my way,\\nshe\\u2019s going to be the world\\u2019s first \\u201cMiss AI\\u201d. I recently created her image on\\na website that generates AI faces and then entered her into a beauty pageant.\\nNow I am sitting back in anticipation of netting the $20,000 grand prize.\\n\\nWhat fresh hell is this, you ask? Well, I regret to inform you that AI beauty\\npageants are a thing now. A company called Fanvue, which is a subscription-\\nbased content creator platform along the same lines as OnlyFans, recently\\nteamed up with the World AI Creator Awards (WAICA) to launch the world\\u2019s first\\n\\u201cMiss AI\\u201d competition. A team of judges \\u2013 comprising two humans and two\\nvirtual models \\u2013 will sort through AI-generated pictures of women and choose\\none to crown as \\u201cMiss AI\\u201d. The winner gets a cash prize along with the chance\\nto monetize their creation on Fanvue.\\n\\nWhy are our children obsessed with anti-ageing treatments? Take a look in the\\nmirror\\n\\nBarbara Ellen\\n\\nRead more\\n\\nHow are the winners chosen? Looks, obviously. But judges will also look at the\\nsize of the character\\u2019s followings and their \\u201cpersonalities\\u201d. The application\\nincludes questions like: \\u201cIf your AI model could talk, what would be their one\\ndream to make the world a better place?\\u201d (Madame Potato\\u2019s answer: bring the\\nworld together through a shared love of starchy root vegetables.) The\\ntechnical skills behind the character\\u2019s creation will also be taken into\\naccount by the judges.\\n\\nA press release from WAICA notes that the competition \\u201csignifies a monumental\\nleap forward \\u2013 launching almost 200 years after the world\\u2019s first ever real\\nlife beauty pageant took place in the 1880s\\u201d.\\n\\nRather than being a \\u201cleap forward\\u201d, however, it feels like a monumental step\\nbackwards. AI models don\\u2019t disrupt traditional beauty standards, they\\nexaggerate them. They take every toxic gendered beauty norm and bundle them up\\ninto completely unrealistic package.\\n\\nJust take a look, for example, at the two AI models who are judging the\\ncompetition: Aitana Lopez and Emily Pellegrini. Pellegrini was designed by an\\nanonymous creator who has said they asked Chat GPT what the average man\\u2019s\\ndream girl is, and then designed the model exactly along those lines. Which\\nmeans: long hair, big breasts, flawless skin and a sculpted body. Pelligrini \\u2013\\nwho, again, is a purely digital creation \\u2013 reportedly makes thousands of\\ndollars on Fanvue and has famous footballers sliding into her Instagram DMs\\nbecause they think she is a real person.\\n\\nThe other judge, Lopez, who is billed as \\u201cSpain\\u2019s first AI model\\u201d and can\\napparently \\u201cearn up to \\u20ac10,000 a month\\u201d doing modeling work for brands, was\\nbuilt along the same lines. Lopez\\u2019s creators, who run an AI modeling agency\\ncalled The Clueless, have shrugged off criticism about her sexualized\\nappearance by arguing that they\\u2019re just responding to market forces. \\u201cIf we\\ndon\\u2019t follow this aesthetic, brands won\\u2019t be interested,\\u201d one of the creators\\ntold reporters. \\u201cTo change this system, you have to change the vision of the\\nbrands. The world in general is sexualized.\\u201d\\n\\nSo is this the future then? Are human models going to be replaced entirely by\\nAI? The folk at The Clueless certainly seem to hope so. \\u201c[Brands] want to have\\nan image that is not a real person and that represents their brand values, so\\nthat there are no continuity problems if they have to fire someone or can no\\nlonger count on them,\\u201d founder Rub\\u00e9n Cruz told Euronews. And all that makes\\nsense. Why wouldn\\u2019t brands want to use models that never age and that they\\nhave total control of?\\n\\nHuman or AI? The future of beauty standards \\u2013 video\\n\\nAI models are not going to take over completely. Some brands, including Dove\\n(which positions itself around \\u201creal beauty\\u201d) have even pledged not to use AI\\nto represent real people in its advertising. Nevertheless, it seems inevitable\\nthat we will see more and more AI-generated influencers in the mainstream. It\\nalso seems inevitable that being bombarded with completely unrealistic beauty\\nstandards is not going to do much good to young people\\u2019s psyches. Kids as\\nyoung as 10 are already dangerous obsessed with skincare and anti-ageing\\nproducts because of influencers on TikTok. There\\u2019s also been a big rise in\\npeople in their 20s getting \\u201cpreventative Botox\\u201d to ward off wrinkles. A\\nproliferation of AI influencers, with their flawless line-free faces, will be\\nan even bigger boon to the plastic surgery and cosmetic industries.\\n\\nAre the creators of \\u201cMiss AI\\u201d worried about their potential detrimental impact\\non beauty standards? Not really. Sally-Ann Fawcett, a beauty pageant historian\\nwho is one of the two real-life judges, has told Forbes she expects the\\ncompetition to be very inclusive. \\u201cThis isn\\u2019t about bums and boobs and fantasy\\nfigures,\\u201d said the judge. \\u201cCreators have a chance to change the public\\u2019s\\nperception of AI women and I hope to play a part in that too by selecting a\\nwinner representing the modern world.\\u201d Which is very reassuring to hear.\\nHowever, Fawcett may want to ask the Miss AI pageant to update its website.\\nBecause, at the moment, it\\u2019s all bums, and boobs and fantasy figures.\\n\\n  * Arwa Mahdawi is a Guardian US columnist\\n\\nExplore more on these topics\\n\\n  * Artificial intelligence (AI)\\n  * Opinion\\n  * Women\\n  * Beauty\\n  * comment\\n\\nShare\\n\\nReuse this content\\n\\n## More on this story\\n\\n## More on this story\\n\\n  * ### BBC presenter\\u2019s likeness used in advert after firm tricked by AI-generated voice\\n\\n12h ago\\n\\n  * ### UK competition watchdog steps up scrutiny of big tech\\u2019s role in AI startups\\n\\n4d ago\\n\\n  * ### Can AI image generators be policed to prevent explicit deepfakes of children?\\n\\n6d ago\\n\\n  * ### Sex offender banned from using AI tools in landmark UK case\\n\\n21 Apr 2024\\n\\n  * ### UK has real concerns about AI risks, says competition regulator\\n\\n11 Apr 2024\\n\\n  * ### AI race heats up as OpenAI, Google and Mistral release new models\\n\\n10 Apr 2024\\n\\n  * ### Meta\\u2019s Nick Clegg plays down AI\\u2019s threat to global democracy\\n\\n9 Apr 2024\\n\\n  * ### Why I wrote an AI transparency statement for my book, and think other authors should too\\n\\n4 Apr 2024\\n\\n## Comments (...)\\n\\nSign in or create your Guardian account to join the discussion\\n\\n## Most viewed\\n\\n## Most viewed\\n\\n  * Fashion\\n  * Food\\n  * Recipes\\n  * Travel\\n  * Health & fitness\\n  * Women\\n  * Men\\n  * Love & sex\\n  * Beauty\\n  * Home & garden\\n  * Money\\n  * Cars\\n\\n  * News\\n  * Opinion\\n  * Sport\\n  * Culture\\n  * Lifestyle\\n\\nOriginal reporting and incisive analysis, direct from the Guardian every\\nmorning\\n\\nSign up for our email\\n\\n  * Help\\n  * Complaints & corrections\\n  * SecureDrop\\n  * Work for us\\n  * Privacy policy\\n  * Cookie policy\\n  * Terms & conditions\\n  * Contact us\\n\\n  * All topics\\n  * All writers\\n  * Digital newspaper archive\\n  * Facebook\\n  * YouTube\\n  * Instagram\\n  * LinkedIn\\n  * Twitter\\n  * Newsletters\\n\\n  * Advertise with us\\n  * Search UK jobs\\n\\nBack to top\\n\\n\\u00a9 2024 Guardian News & Media Limited or its affiliated companies. All rights\\nreserved. (dcr)\\n\\n\", \"frontpage\": false}"}
