{"value":"{\"aid\": \"40191910\", \"title\": \"My Homemade Metal Lathe Project\", \"url\": \"https://www.backyardmetalcasting.com/lathe1.html\", \"domain\": \"backyardmetalcasting.com\", \"votes\": 8, \"user\": \"mhb\", \"posted_at\": \"2024-04-28 21:06:38\", \"comments\": 0, \"source_title\": \"Building my Gingery style lathe\", \"source_text\": \"Building my Gingery style lathe\\n\\nHomepage\\n\\n# My Homemade Metal Lathe Project\\n\\nYes I too am building a metal working shop from scrap using the books written by Mr. Dave Gingery. I figured, \\\"hey I already have a foundry why not build some really nifty machines?\\\" Besides what is a laboratory without a precision indexing head or milling machine? Heck, the least I could do is build the lathe.| | Home Machinists Handbook  \\n---  \\nPart 1: Bases and bed| Go to part; 1 -- 2 -- 3 -- 4 -- 5 -- 6 -- 7 -- 8  \\n---|---  \\nHere are the bases freshly cast. You can see the sprue left on one. When the\\nsprue is directly on the casting like this its called a \\\"pop gate.\\\" Notice the\\nridge on the top of the castings. This is so the bed will interlock with it.  \\nHere is a pic of the bed casting. It weighs about 4 pounds.  \\nDave Gingery recommends building the pattern from 1/4\\\" plywood. All of the\\n1/4\\\" plywood I've seen were about as warped and bent as an archer's bow. The\\n3/8\\\" plywood wasn't much better. So to get a straight pattern I took some wood\\nwall paneling material, sanded the smooth surface to rough it up then smeared\\na generous amount of glue on them.I set two pieces together on a steel table\\nsaw table and put a straight, weighted board on it (I used about 30 pounds of\\nweight). The glue impregnated the wood softening it and the weight caused it\\nto dry perfectly straight. The resulting stock was just under 3/8\\\" thick so\\nthe pattern is very robust and solid.  \\nThese are some of the bed castings that didn't come out. The problem was that\\nI was using my 4\\\" crucible in the flowerpot furnace and the crucible is\\nactually too big for it so the metal never got hot enough to fill the mold.The\\nsolution was to melt just enough metal to fill the mold and no more\\n(previously I was melting enough extra metal to pour some ingots also) and\\nthankfully that worked.  \\nHere is the bed casting smeared with Prussian blue oil paint purchased from an\\nart supply store for about $3.00. I did the scraping with a cheap dollar store\\nchisel. I don't know if I mastered scraping but I sure got a lot of practice\\nsharpening that cheap chisel...  \\nHere is the bed scraped and ready for the ways. The holes are drilled and\\ntapped for the bolts and lugs that attached the bed. This stage was finally\\nreached after about 6 or 8 hours worth of scraping. It might not take you that\\nlong but my bed was a bit \\\"cratered\\\" because of overzealous venting with the\\nvent wire.I actually used a wood plane to bring the surface down to an initial\\nshiny flat surface.To part 2; carriage assembly.  \\nPart 1: Bases and bed| Go to part; 1 -- 2 -- 3 -- 4 -- 5 -- 6 -- 7 -- 8  \\n  \\nHomepage\\n\\nwww.backyardmetalcasting.com Copyright \\u00a9 2000, 2001 by Lionel Oliver II All\\nRights Reserved. This site was created Sept. 28, 2000\\n\\n\", \"frontpage\": true}"}
