{"value":"{\"aid\": \"40192413\", \"title\": \"Exploring the Impact of Mindless Media Exposure\", \"url\": \"https://shows.acast.com/michigan-minds/episodes/exploring-the-impact-of-mindless-media-exposure\", \"domain\": \"acast.com\", \"votes\": 1, \"user\": \"cebert\", \"posted_at\": \"2024-04-28 22:06:09\", \"comments\": 0, \"source_title\": \"Exploring the Impact of Mindless Media Exposure | Michigan Minds\", \"source_text\": \"Exploring the Impact of Mindless Media Exposure - Michigan Minds | Acast\\n\\nCreate your own podcast for free\\n\\n#### Share\\n\\n# Michigan Minds\\n\\n## Exploring the Impact of Mindless Media Exposure\\n\\nSeason 7, Ep. 23\\n\\n\\u2022\\n\\nWednesday, September 27, 2023\\n\\nJan Van den Bulck, PhD, is a professor in the Department of Communication and\\nMedia at the University of Michigan College of Literature, Science and the\\nArts. His research focuses on involuntary and incidental media effects, and\\nexplores how entertainment media affect our perception of the real world. In\\nthis episode of Michigan Minds, Van den Bulck discusses how watching TV\\nimpacts our knowledge of various fields including law enforcement and\\nemergency medicine, and talks about the relationship between media use and\\nsleep.\\n\\nRSS\\n\\n## More episodes\\n\\n#### View all episodes\\n\\n  * #### 8\\\\. Geoff Chatas says campus becomes \\\"living lab\\\" for environmental stewardship\\n\\n19:04\\n\\nLast January, president Santa J. Ono set the university on a path to imagine\\nwhat aspirations the University of Michigan could achieve in the next 10\\nyears. Vision 2034 is the outcome of the yearlong strategic visioning process\\nthat engaged more than 25,000 students, faculty, staff, alumni, donors and\\nlocal community members. U-M's vision to be the defining public university\\noutlines four areas where the university will make dramatic and focused\\nimpact: life-changing education; human health and well-being; democracy, civic\\nand global engagement; and climate action, sustainability and environmental\\njustice. Geoff Chatas, the university's chief financial officer, talked with\\nus about climate action, sustainability, and environmental justice.\\n\\n  * #### 7\\\\. Marschall Runge sees continued statewide expansion and disease prevention efforts increase in Vision 2034.\\n\\n18:55\\n\\nU-M's Vision 2034 is the outcome of the yearlong strategic visioning process\\nthat engaged more than 25,000 students, faculty, staff, alumni, donors and\\nlocal community members. U-M's vision to be the defining public university\\noutlines four areas where the university will make dramatic and focused\\nimpact: life-changing education; human health and well-being; democracy, civic\\nand global engagement; and climate action, sustainability and environmental\\njustice. Marschall Runge, executive vice president for medical affairs and\\ndean of the Medical School, spoke with us about human health and well-being.\\n\\n  * #### 6\\\\. Provost Laurie McCauley shares vision for making education more accessible\\n\\n19:43\\n\\nUM's Vision 2034 is the outcome of the yearlong strategic visioning process\\nthat engaged more than 25,000 students, faculty, staff, alumni, donors, and\\nlocal community members. UM's vision to be the defining public university\\noutlines four areas where the university will make dramatic and focused\\nimpact; life-changing education, human health and well-being, democracy, civic\\nand global engagement, climate action, sustainability, and environmental\\njustice. Provost Laurie McCauley talks about life changing education.\\n\\n  * #### 5\\\\. President Santa J. Ono shares vision on democracy and engagement\\n\\n12:48\\n\\nIn January 2034, president Santa J. Ono set the university on a path to\\nimagine what aspirations the University of Michigan could achieve in the next\\n10 years. UM's Vision 2034 is the outcome of the yearlong strategic visioning\\nprocess that engaged more than 25,000 students, faculty, staff, alumni,\\ndonors, and local community members. UM's vision to be the defining public\\nuniversity outlines four areas where the university will make dramatic and\\nfocused impact; life-changing education, human health and well-being,\\ndemocracy, civic and global engagement, climate action, sustainability, and\\nenvironmental justice. Ono talks about democracy, civic and global engagement\\non this episode of the Michigan Minds podcast.\\n\\n  * #### 4\\\\. Dealing with plastic that can't be recycled\\n\\n24:17\\n\\nConsumers have to wrangle with a sticky issue: Much of the plastic used every\\nday can't be recycled.And the kind of recycling that can be done is called\\nmechanical recycling, which means that plastic that can be recycled is simply\\nbroken down to be repurposed as other plastic objects, often which are of a\\nlower value than the original product. Eventually, objects made out of this\\nrecycled plastic, such as park benches, just end up in a landfill.But\\nUniversity of Michigan chemist Anne McNeil is focusing on how to recycle\\npreviously unrecyclable plastic, using chemistry to modify the plastic into a\\nproduct of equally high value to the original product.\\n\\n  * #### 3\\\\. Purpose & Mattering - Research effort shows veterans, senior citizens they have value, talents\\n\\n20:11\\n\\nWelcome to the Michigan Minds Podcast, where we explore the wealth of\\nknowledge from faculty experts at the University of Michigan. Do you feel like\\nyou matter?Mattering, the sense of being valued, having purpose. No matter who\\nyou are, mattering matters. It's essential to happiness and healthiness. It's\\nnot a given. It doesn't always come easily, especially for certain individuals\\nwho may be more prone to feeling purposeless; the elderly and veterans among\\nthem.I'm Kim Shine, a senior public relations specialist at Michigan News.\\nToday we're talking to John Piette, a professor of health, behavior and health\\neducation at the University of Michigan's School of Public Health, about his\\nresearch and community work focused on showing people they matter,\\nspecifically veterans.Hi John, welcome. Thank you for being with us on\\nMichigan Minds to talk about your work with veterans and other groups who may\\nfeel as if they don't matter. Let's talk about your research and work with\\nveterans, and your project, V-SPEAK.\\n\\n  * #### 2\\\\. For lasting fitness, prioritize moving your body\\u2013\\u2013not the numbers on the scale\\n\\n18:36\\n\\nThough it's only February, many of the millions of people who resolved to lose\\nweight this year have already given up, opting instead to sit for hours of\\nbinge-worthy Netflix, or to polish off those leftover holiday cookies. That's\\npartly because people set unrealistic goals and focus too much on the scale,\\nsays University of Michigan clinical exercise physiologist Laura Richardson.\\nIn the new Michigan Minds podcast, Richardson discusses more sustainable and\\nhealthy ways to jumpstart \\u2013\\u2013 and stick to \\u2013\\u2013 a fitness plan.\\n\\n  * #### 1\\\\. The 2024 presidential elections will be anything but normal\\n\\n20:50\\n\\nThe 2024 election season is underway \\u2014 as more voters pay close attention to\\nwhich candidates and issues best serve them. But unlike previous years, the\\nbattle for the White House will be anything but normal because democracy could\\nbe jeopardized, says University of Michigan political expert Vincent\\nHutchings.\\n\\n  * #### 24\\\\. The Role of Negative Peer Feedback on Social Media\\n\\n12:38\\n\\nWhat are the implications of negative peer feedback on social media posts, and\\nhow can content creators use this feedback to alter messaging? On this episode\\nof Michigan Minds, Jessica Fong, PhD, discusses findings from a news study on\\nthe role of negative peer feedback on social media, how creators can use this\\ninformation to enhance their presence on platforms, and the ways in which\\nfeedback encourages users to moderate their tone. Fong is an assistant\\nprofessor at the University of Michigan Stephen M. Ross School of Business,\\nwhere she researches matching markets, platform design, advertising, and\\nbehavioral economics.\\n\\nCopyright University of Michigan\\n\\nHosted with \\u2764\\ufe0f by Acast\\n\\n\", \"frontpage\": false}"}
