{"value":"{\"aid\": \"40191731\", \"title\": \"BytePusher\", \"url\": \"https://esolangs.org/wiki/BytePusher\", \"domain\": \"esolangs.org\", \"votes\": 1, \"user\": \"hggh\", \"posted_at\": \"2024-04-28 20:49:59\", \"comments\": 0, \"source_title\": \"BytePusher - Esolang\", \"source_text\": \"BytePusher - Esolang\\n\\n# BytePusher\\n\\nFrom Esolang\\n\\nJump to navigation Jump to search\\n\\nBytePusher is a minimalist virtual machine invented by user:Javamannen in\\n2010. You can think of it as a simplified CHIP-8 with bigger memory, bigger\\nscreen with colors, and sampled sound. BytePusher has a ByteByteJump one-\\ninstruction CPU. The barebones hardware abstraction layer provides only\\nmemory-mapped pixel and audiosample buffers, keystates and a fixed framerate.\\nAll higher-level stuff (text, sprites, tiles, scrolling, sound synthesis etc.)\\nwill have to be done in software.\\n\\n## Contents\\n\\n  * 1 Features\\n  * 2 Intended uses\\n  * 3 Specifications\\n  * 4 Colors\\n  * 5 Keyboard layout\\n  * 6 Memory map\\n  * 7 Outer loop\\n  * 8 Inner loop\\n  * 9 Persistence\\n  * 10 File formats\\n  * 11 Programs\\n  * 12 Machines\\n  * 13 See also\\n  * 14 External resources\\n\\n### Features\\n\\nBytePusher is:\\n\\n  * Simple: BytePusher takes minimalism to the extreme. A complete VM including graphics and sound can be written in less than 100 lines of C code.\\n  * Cross-platform: BytePusher's simple structure makes it very easy to write a VM for any OS (or even without an OS). It would also be simple to implement in actual hardware. All programs run cycle-identical and bit-identical across all platforms.\\n  * Persistent: The complete machine state can be saved to a file, and later be reproduced exactly.\\n  * Fixed-size: BytePusher's memory size, screen resolution and keyboard layout are fixed.\\n  * Fixed-speed: BytePusher is specified as a realtime system with fixed framerate, CPU speed and audio rate. It executes a fixed number of instructions per frame, which means that a BytePusher program can't \\\"hog\\\" the host CPU.\\n  * 100% sandboxed: A BytePusher VM has its own fixed-size \\\"sandbox\\\" memory, which it can never read or write outside of.\\n\\n### Intended uses\\n\\n  * Games: BytePusher is well suited for implementation of 2D games.\\n  * Demos: BytePusher could serve as an \\\"old-school\\\" platform for the demoscene.\\n  * Education: Its simplicity and directness makes BytePusher an excellent tool for learning and experimentation.\\n\\n### Specifications\\n\\nFramerate:| 60 frames per second  \\n---|---  \\nCPU:| ByteByteJump with 3-byte addresses  \\nCPU speed:| 65536 instructions per frame (3932160 instructions per second,\\n~3.93 MHz).  \\nByte ordering:| Big-endian  \\nMemory:| 16 MiB RAM  \\nGraphics:| 256*256 pixels, 1 byte per pixel, 216 fixed colors  \\nSound:| 8-bit mono, signed values. 256 samples per frame (15360 samples per\\nsecond)  \\nKeyboard:| 16 keys, organized into 4 rows by 4 columns  \\n  \\n### Colors\\n\\nEach pixel takes up 1 byte. This would theoretically allow for a maximum of\\n256 different colors, but BytePusher's fixed palette uses only the first 216\\nof these. Indices 216..255 are unused; they are set to black (#000000).\\n\\nThe 216 colors are organized into a 6*6*6 color cube (a.k.a the \\\"websafe\\\"\\npalette). Each of the red, green and blue components can have an intensity\\nvalue from 0 to 5. The formula to calculate a pixel's color value is: Red*36 +\\nGreen*6 + Blue. If the actual display device has 8-bit (00h-FFh) color\\ncomponents, we have to multiply each intensity value by 33h when blitting to\\nthe screen:\\n\\n    \\n    \\n    0 1 2 3 4 5 00 33 66 99 CC FF\\n\\n### Keyboard layout\\n\\nBytePusher's hex keyboard has the same layout as that of CHIP-8:\\n\\n1| 2| 3| C  \\n---|---|---|---  \\n4| 5| 6| D  \\n7| 8| 9| E  \\nA| 0| B| F  \\n  \\n### Memory map\\n\\nThe memory-mapped I/O area of BytePusher consists of 8 (!) bytes at the start\\nof memory. Multibyte values are stored with big-endian byte ordering.\\n\\nAddress| Bytes| Description  \\n---|---|---  \\n0| 2| Keyboard state. Key X = bit X.  \\n2| 3| The program counter is fetched from this address at the beginning of\\neach frame.  \\n5| 1| A value of ZZ means: pixel(XX, YY) is at address ZZYYXX.  \\n6| 2| A value of XXYY means: audio sample ZZ is at address XXYYZZ.  \\n  \\n### Outer loop\\n\\n  1. Wait for the next timer tick (60 ticks are generated per second).\\n  2. Poll the keys and store their states as a 2-byte value at address 0.\\n  3. Fetch the 3-byte program counter from address 2, and execute exactly 65536 instructions.\\n  4. Send the 64-KiB pixeldata block designated by the byte value at address 5 to the display device. Send the 256-byte sampledata block designated by the 2-byte value at address 6 to the audio device.\\n  5. Go back to step 1.\\n\\nA program must be finished with all its calculations for a frame before the\\nnext periodic reset of the program counter occurs. In essence this makes\\nBytePusher a hard realtime system. When a program has finished its work for\\none frame, it should simply wait in a loop for the next reset. A loop counter\\ncan be used to measure CPU utilization.\\n\\n### Inner loop\\n\\nAn instruction consists of 3 big-endian 24-bit addresses A,B,C stored\\nconsecutively in memory. The operation performed is: Copy 1 byte from A to B,\\nthen jump to C.\\n\\nAn instruction should be able to modify its own jump address before jumping.\\nThus the copy operation must be completed before the jump address is read.\\n\\nSince the three address operands are limited to 24 bits,\\n\\n  * We can never copy to/from an address past FFFFFFh, and\\n  * We can never jump to an instruction starting at an address greater than FFFFFFh.\\n\\nHowever, since each instruction takes up exactly 9 bytes, jumping to an\\naddress \\u2265 FFFFF8h results in the CPU attempting to read past address FFFFFFh.\\nIn the worst case (if the instruction starts at FFFFFFh) the CPU will try to\\nread 8 extra bytes. The way we deal with this is to simply add 8 extra padding\\nbytes beyond FFFFFFh, all initialized to 0. A buggy application can then\\n\\\"crash\\\" within the sandbox, without affecting the VM or the host machine in\\nany way.\\n\\nHere's an implementation in C of the inner loop:\\n\\n    \\n    \\n    unsigned char mem[0x1000008], *pc; ... pc = mem + (mem[2]<<16 | mem[3]<<8 | mem[4]); int i = 65536; do { mem[pc[3]<<16 | pc[4]<<8 | pc[5]] = mem[pc[0]<<16 | pc[1]<<8 | pc[2]]; pc = mem + (pc[6]<<16 | pc[7]<<8 | pc[8]); } while (--i);\\n\\nSince we read each address one byte at a time, this code works on both big-\\nendian and little-endian host machines.\\n\\n### Persistence\\n\\nA snapshot of the memory contents of a running BytePusher machine can be saved\\nto a file. To ensure a consistent state, this must only be done in between\\nframes (i.e. not while the inner loop is running). A saved snapshot file can\\nlater be loaded into RAM to recreate the exact same machine state.\\n\\n### File formats\\n\\nNote that file formats are not part of the actual machine specification.\\nAnyone is free to develop their own format and publish it here.\\n\\nFile extension| Format description  \\n---|---  \\n\\\".BytePusher\\\"| A \\\".BytePusher\\\" file contains a snapshot of the memory contents\\nof a BytePusher machine. Address X in memory is mapped to byte position X in\\nthe file. To decrease the filesize, any trailing zeros should be omitted from\\nthe file when saving. When loading a file which is less than the full 16 MiB,\\nthe upper part of RAM must be initialized to 0.  \\n\\\".BytePusherPage\\\"| A \\\".BytePusherPage\\\" file contains a 256-byte lookup table,\\nintended to reside on a 256-byte aligned page in memory.  \\n\\\".BytePusherBank\\\"| A \\\".BytePusherBank\\\" file contains a 65536-byte lookup\\ntable, intended to reside in a 65536-byte aligned bank in memory.  \\n  \\n### Programs\\n\\nBelow is a list of all known BytePusher programs, with screenshots. If you've\\nmade your own program, please post a link here.\\n\\nPalette TestThis program shows the colors for all 256 possible pixel values\\n(including the top 40 unused ones, which should show as black). The sourcecode\\nis here. Author: user:Javamannen  \\n---  \\nScrolling LogoThis program shows a scrolling BytePusher logo, which wraps\\naround the edges of the screen. The sourcecode is here. Author:\\nuser:Javamannen  \\nKeyboard TestThis program shows the state of the sixteen keys. The sourcecode\\nis here. Author: user:Javamannen.  \\nMunching SquaresThis program written in PUSHEM implements the munching squares\\ndisplay hack. Author: User:Zzo38  \\nAudio TestThis program plays 8 bars of music in an endless loop, while\\ndisplaying the changing waveform in the style of an oscilloscope. The\\nsourcecode is here. Author: user:Javamannen  \\nSineScrollerThis program implements a multi-colored sine scroller. The\\nsourcecode is here. Author: user:Javamannen  \\nSpritesThis program moves some sprites around in various patterns on top of a\\nbackground image. The sourcecode is here. Author: user:Javamannen  \\n\\\"Invert Loop\\\" sine (from the Wayback Machine; retrieved on 25 August 2011)This\\nis an alternative audio test which unfortunately doesn't appear to catch a\\nstuttering VM very well. The sourcecode is here (from the Wayback Machine;\\nretrieved on 25 August 2011). Author: Ben Russell  \\nNyan CatThis shows a simple \\\"Nyan Cat\\\" animation (no sound yet). The\\nsourcecode is here. Author: User:Nucular  \\nConsole TestThis is a sort-of text editor. It has no real use except for the\\ncode, which other BytePusher programmers can use to make more useful programs.\\nThe 3 lower-left function keys are in order:IME Prev,IME Next,IME Quit Source\\nis included, as well as another program(in \\\"project1\\\") Author: User:gamemanj  \\nLangton antImplementation of Langton ant cellular automata for BytePusher.\\nAuthor: User:JulienDelplanque  \\n  \\n## Machines\\n\\nBelow is a list of all known BytePusher (virtual or physical) machines. If\\nyou've made your own machine, please post a link here.\\n\\n  * BytePusher VM implementation in C and Allegro by User:Javamannen\\n\\n    * Windows executable. Requires the Allegro 4.2 DLL.\\n  * BytePusher VM implementation in Enhanced CWEB and SDL by User:Zzo38\\n  * PuteBysh interpreter in C + Allegro (from the Wayback Machine; retrieved on 25 August 2011) by Ben Russell - try this if you get stuttery audio from the others.\\n\\n(Note: This interpreter does the copy after setting the program counter, which\\ndoesn't match specification. To fix, move lines 175-179 (pc = ...) to after\\n180 (vmmem[dp] = ...). -- some random editor)\\n\\n  * BytePusher VM implementation in C# using the Microsoft XNA framework by Mark Middleton\\n  * BytePusher VM implementation in java. Works on Windows, Linux, Mac by Mark Middleton\\n  * Mark Middleton's BytePusher VM implementation in java ported to Android by Blake W. Ford\\n  * BytePusher VM implementation in D and SDL 2 by User:Nucular\\n  * BytePusher VM implementation in JavaScript for Chrome by User:Nucular\\n  * BytePusher libretro core implemented in Rust by User:Shadow0133\\n  * EcmaByter - a small (999 bytes long) VM implementation in JavaScript (ES6) for modern browsers by User:Plugnburn\\n  * Short BytePusher VM implementation in C and SDL (<100 lines, minified<1500 bytes by User:Emg\\n  * BytePusher VM implementation in C++ and SDL by User:majestic53\\n  * BytePusher VM implementation in Pharo by User:JulienDelplanque\\n  * BytePusher VM implementation in JavaScript by User:Duck3456\\n  * BytePusher VM implementation in Flutter (web performance is not great, mobile and desktop seems fine) by User:Bradcypert\\n\\n## See also\\n\\n  * PUSHEM - a macro assembler for BytePusher by User:Zzo38\\n  * ByteByteJump - the heart of BytePusher\\n  * BytePushCore - runtime generator of opcode tables for BytePusher (under development)\\n\\n## External resources\\n\\n  * Javamannen's BytePusher files\\n\\nRetrieved from\\n\\\"https://esolangs.org/w/index.php?title=BytePusher&oldid=126260\\\"\\n\\nCategories:\\n\\n  * Low-level\\n  * Cell-based\\n  * Languages\\n  * Self-modifying\\n  * Finite state automata\\n  * Implemented\\n  * 2010\\n\\n## Navigation menu\\n\\n  * This page was last edited on 18 April 2024, at 19:59.\\n  * Content is available under CC0 public domain dedication.\\n\\n  * About Esolang\\n  * Disclaimers\\n\\n\", \"frontpage\": false}"}
