{"value":"{\"aid\": \"40191728\", \"title\": \"8 ways I am using AI to help me be a better product manager\", \"url\": \"https://alaniswright.com/blog/8-ways-i-am-using-ai-to-help-me-be-a-better-product-manager-4-ways-i-am-not/\", \"domain\": \"alaniswright.com\", \"votes\": 1, \"user\": \"PuddleOfSausage\", \"posted_at\": \"2024-04-28 20:49:57\", \"comments\": 0, \"source_title\": \"8 ways I am using AI to help me be a better product manager (and 4 ways I am not)\", \"source_text\": \"8 ways I am using AI to help me be a better product manager (and 4 ways I am\\nnot) - Alan Wright\\n\\n# 8 ways I am using AI to help me be a better product manager (and 4 ways I am\\nnot)\\n\\nApril 22, 2024/0 Comments/in Product, UX & Strategy /by Alan Wright\\n\\nWorking in an AI startup has its benefits. Chief among them is that I have\\nspent a lot of time working with a small but talented group of people who have\\na great understanding of AI technology. I have been trying hard to absorb as\\nmuch of that knowledge as I can along the way and to find ways to incorporate\\nAI into some of my product management practices. This post summarises some of\\nwhat I have learned.\\n\\nBefore we start, here is Copilot Designer\\u2018s response to the prompt:\\n\\nGenerate an image of Alan Wright from Climate Policy Radar and\\nAlanIsWright.com using AI to help him do product management work\\n\\nCopilot thinks I am an old man who likes to play with toy aeroplanes...\\n\\n## 8 ways I am using AI to help me be a better product manager\\n\\n### 1 \\u2013 Postcards from future users & personas\\n\\nTaking inspiration from Working Backwards, one of my preferred methods for\\narticulating a vision for products and features is through using postcards\\nfrom future users. These are brief statements, penned by imagined users months\\nor years into the future, illustrating in their own words how our tools have\\nbeen of help to them. The aim is to help the team align on a shared vision of\\nthe impact their work has on our target users. These statements should be\\nwritten in the style of the persona, be engaging to read, and help generate\\nexcitement within the team.\\n\\nCreative and inspiring writing is not my strong suit. My attempts at writing\\nthis content myself were not only time-consuming but also a bit dull for\\nothers to read. However, creative writing is something that generative AI\\nmodels like ChatGPT excel at. Here is a prompt that I have utilised to\\ngenerate postcards from future users:\\n\\nYou are <INSERT PERSONA NAME>. Write a postcard explaining how this new\\nfeature from Climate Policy Radar has made your job easier. <INSERT\\nDESCRIPTION OF NEW FEATURE AND WAYS THAT IT HELPS THE USER>\\u201d\\n\\nInformation about <INSERT PERSONA NAME> is below:\\n\\n<INSERT INFORMATION ABOUT PERSONA>\\n\\nThe first drafts of the personas were also created using AI tools. Note that\\nthese needed far more editing than the postcards from the future, as they had\\na tendency to include details that didn\\u2019t align with what I had observed in\\nuser research. However, the writing process was far quicker and better than if\\nI had done it myself. Here is an example prompt:\\n\\nYou are an expert in user research. Write a persona using the information\\nbelow. Your answer should be under 4 headings: motivation, goals, pain points,\\ntools.\\n\\n<INSERT INFORMATION ABOUT PERSONA>\\n\\n### 2 \\u2013 Solution ideas\\n\\nGenerative AI tools excel at generating ideas. Below is a prompt I like to use\\nwhen first starting to ideate how he might solve problems. I ask for the URL\\nso it is easy for me to check it out myself:\\n\\nYou are an expert product manager. Our product is <INSERT PRODUCT DESCRIPTION\\nHERE>\\n\\nWhat are the best solutions that allow a user to feed back on the quality of\\ncontent in a digital product? For each example, list the URLs of some popular\\nproducts that use that solution.\\n\\n### 3 \\u2013 Risky assumptions\\n\\nPremortems help us identify and reduce risks before they happen. But they can\\nbe time-consuming to do, and too often get deprioritized in favour of\\ndelivery.\\n\\nIncreasingly, I am using ChatGPT to do premortems for me. ChatGPT has been\\ntrained on a huge volume of literature. In amongst that is a whole bunch of\\ncontent from other product teams about how and why features have gone wrong\\nfor them in the past.\\n\\nBelow is a prompt I like to use to help me identify the types of risks we need\\nto tackle through product discovery:\\n\\nYou are an expert product manager. We are building a feature that enables\\nusers to thumbs up or thumbs down a search result. Tell me 20 ways in which\\nthis feature could fail. Which are the highest impact and most likely to\\noccur?\\n\\n### 4 \\u2013 Product requirements\\n\\nThere is a wealth of useful data on the internet about how others have\\npreviously solved problems similar to ours. So when drafting requirements for\\nmore generic new features, I try to avoid reinventing the wheel and utilise\\nprompts like the one below:\\n\\nYou are an expert product manager. Write a product requirements document for a\\nfeature that enables a user to give a thumbs up or thumbs down response to a\\nsearch result.\\n\\nLess is more in product requirements. One of the arts of good product\\nmanagement is being able to distil long lists of requirements down to the\\nsmallest number expressed in the simplest way. This enables the team to\\ndeliver value at pace. I like to take what ChatGPT gives me as a first draft.\\nThis is much faster than me trying to draft it from scratch, and ChatGPT\\nusually remembers things that I would have forgotten. But this is always\\nfollowed by me hacking away at unnecessary requirements or detail.\\n\\nAfter I have a first draft, I like to follow up with the question:\\n\\nTell me 20 weaknesses of the above product requirements document.\\n\\nThis helps me spot any areas which might have been missed.\\n\\n### 5 \\u2013 Rewriting content\\n\\nIt might surprise readers of this blog to learn that I am not the strongest\\nuser of the English language. I have always struggled with grammar \\u2013 my\\nunedited content has upset many a communications person in roles past and\\npresent!\\n\\nRather than going back to school and learning how grammar works, I am using AI\\ntools to double-check important content that I write.\\n\\nFor years, Grammarly has been my go-to tool for proofreading. I like that it\\noffers suggestions that I can accept and reject on a case-by-case basis. I\\ndislike that a lot of its features are behind a paywall, yet these features\\nare visually prominent in the user interface and hard to ignore.\\n\\nAfter watching our founder use ChatGPT to proofread and improve content that\\nhad already been checked by Grammarly, I am increasingly using ChatGPT\\ninstead. Overall I have found the results to be better, probably in part\\nbecause I have a GPT4 API key while I only have the free subscription to\\nGrammarly.\\n\\nA disadvantage of using ChatGPT is that there is always a risk of it changing\\nthe meaning or context of content without me realising it, especially as\\nchanges can\\u2019t be explicitly tracked and accepted. So proofreading is\\nessential. But then again, proofreading is always essential, so it doesn\\u2019t add\\nany extra stages to the process.\\n\\nThe screenshot below shows what this section of the blog looked like before I\\nused GPT to fix it. See if you can spot the difference.\\n\\nI use the GPT for Sheets and Docs plugin alongside my GPT4 API key in Google\\nDocs and Sheets\\n\\n### 6 \\u2013 Transcribing meetings\\n\\nVoice recognition technology has seen significant improvements in recent\\nyears. Two products that I have used to transcribe meetings are Read.AI and\\nOtter.AI. Both are accurate and can be really useful to quickly read through\\nthe notes from important meetings that I wasn\\u2019t able to attend or to take\\ndetailed notes during user interviews where I don\\u2019t have a note-taker present.\\n\\nRecording voice notes is another big benefit from the increase in voice\\nrecognition and transcription accuracy. I am alternating between AudioPen and\\nGoogle Voice Recorder for this. It\\u2019s a handy way to be able to take long notes\\non the go.\\n\\n### 7 \\u2013 Writing SQL / Python code\\n\\nAI has made it far easier for me to do simple technical tasks myself that I\\nmight previously have had to ask an engineer or data scientist to help with or\\nspent hours trying to figure out. I use Cursor as my IDE, and combined with my\\nGPT4 API key, it writes and reviews code based on natural language prompts.\\nThis has enabled me to do things like find duplicates in our dataset, assess\\nour data quality, analyse survey results, and write queries to understand how\\nnew features are performing \\u2013 without distracting the team. The faster\\nprogress that AI has enabled has also kept me motivated to keep developing my\\ntechnical skills.\\n\\nUsing GPT4 in the Cursor IDE to to help me write some Python\\n\\n### 8 \\u2013 As a general replacement for search engines\\n\\nSearch engines like Bing and Google are great for finding web pages that\\nanswer my questions. These are still my go-to tools for when I want to do a\\nthorough search and evaluate all the source content myself.\\n\\nThrough featured snippets and knowledge panels, search engines also try to\\nsurface content from the highest-ranking web pages that they think answer my\\nquestions. However, this is a relatively small part of the search results \\u2013\\nthere are usually a lot of paid ads competing for my attention.\\n\\nIncreasingly, I am using Perplexity instead of traditional search engines for\\nfour reasons:\\n\\n  * It better understands the questions I am asking by asking clarifying questions when necessary.\\n  * It is up to date. It searches the internet and summarises key information from the top-ranked articles.\\n  * It cites the sources it uses, making it easy for me to verify results or do more of my research.\\n  * The user interface is clear and uncluttered.\\n\\nAn example of a Perplexity response. Most of the time, this is more useful\\nthan what traditional search engines provide\\n\\n## 4 ways I am not using AI\\n\\n### 1 \\u2013 To do anything more than a draft\\n\\nAI models can sometimes make mistakes, misunderstand context, and fabricate\\ncontent. We have all seen the pictures of people with six fingers and three\\nlegs, or heard about cases like the lawyers who got fined for submitting fake\\ncitations they were given by ChatGPT.\\n\\nI don\\u2019t know who said this first, but there\\u2019s a good quote going around about\\nAI being like having 1,000 interns. I like this analogy because it illustrates\\nthe huge potential to get work done to a fairly decent standard. But as with\\ninterns, with AI, it is wise to double-check its work. This usually means:\\n\\n  * Edit it down a bit to focus on the most important details. AI can be verbose. Saying the same thing with fewer words makes it easier for people to understand each other.\\n  * Spot any areas that might have been missed or underemphasized. This is where expert knowledge comes in. With 15 years of experience managing digital products, I have a good sense of when AI is saying something that isn\\u2019t quite right about product management. I am much less capable of challenging the outputs of an AI that is writing a Python query.\\n  * Check the source data myself for anything that doesn\\u2019t sound quite right. This is why I like tools like Perplexity that make it easy for me to access the source data.\\n\\n### 2 \\u2013 Writing notes for important meetings\\n\\nTools like Read.AI, Otter.AI, and Notion all offer meeting summarization\\nfunctionality. These can be useful for getting a sense of what was discussed.\\nDespite this, I still summarise important meetings the old-fashioned way for\\ntwo main reasons:\\n\\n  * AI summaries have a harder time than I do of distinguishing signal from noise. All too often they overemphasise irrelevant information and play down or ignore completely the important details. They also tend to be verbose, and I have seen them get important details wrong.\\n  * I often use the process of writing meeting notes as a way to facilitate meetings. The process of recording actions, decisions, and questions is a collaborative one that shapes the meeting when done in real time.\\n\\nFor low-stakes meetings where I wouldn\\u2019t usually take notes or am unable to\\nattend at all, summaries are better than nothing. But they are not yet at the\\nstage where they add much value for me otherwise.\\n\\n### 3 \\u2013 Analysing user research findings\\n\\nI have seen a few blog posts from people who have been using AI to summarise\\nthe results from user interviews and usability tests. This isn\\u2019t something I\\nhave found much value in so far. Partly this is because of the first point\\nabove: there is too much noise in the summary and important details are often\\nmissing. It is also because:\\n\\n  * A lot of the value I get from the research process is in the synthesis. Most user research conversations I have are immediately followed by a chat with the other team members involved. AI summaries often get generated too late to be used for this conversation. And even when they are generated in time, I haven\\u2019t seen them add that much value.\\n  * A lot of the insights from user research are not captured in transcripts. Facial expressions, pauses, tone of voice, and whatever the user is sharing on their screen all contain useful information which AI summaries will miss.\\n\\n### 4 \\u2013 Writing blog posts\\n\\nDon\\u2019t worry, dear reader. This blog post is an original man-made work of art\\nfrom me (with only a little bit of help from ChatGPT to put capital letters\\nand hyphens in the right place).\\n\\nIn case you\\u2019re wondering if AI could have done better. below is an AI-\\ngenerated version of this post and the prompt I used to make it.\\n\\nYou are an expert product manager. Write a blog post about how AI can help\\nproduct managers to be better at product management. Write in the writing\\nstyle of alaniswright.com\\n\\nTitle: Harnessing the Power of AI in Product Management: A Game-Changer for\\nProduct Managers\\n\\nProduct management is an ever-evolving discipline that requires constant\\nadaptability and learning. As the technology landscape continues to shift,\\nproduct managers need to stay ahead of the curve, leveraging the latest\\nadvancements to streamline their processes, enhance product development, and\\ndeliver superior customer experiences. One such technological revolution that\\nis transforming the product management landscape is Artificial Intelligence\\n(AI).\\n\\nAI has become an integral part of our everyday lives, from virtual assistants\\nlike Siri and Alexa to recommendation engines on Netflix and Amazon. But its\\npotential extends far beyond these consumer-facing applications. AI has the\\npower to revolutionize product management, helping product managers become\\nmore efficient, strategic, and customer-centric. Let\\u2019s delve into how.\\n\\n1\\\\. Enhanced Decision-Making\\n\\nAI can process vast amounts of data in real-time, providing product managers\\nwith valuable insights that would otherwise take weeks or months to compile\\nmanually. AI-driven analytics can identify trends, predict customer behavior,\\nand highlight potential issues before they become significant problems. This\\ndata-driven approach empowers product managers to make more informed\\ndecisions, reducing risk and driving product success.\\n\\n2\\\\. Streamlined Processes\\n\\nAI can automate routine tasks, freeing up product managers to focus on more\\nstrategic aspects of their role. From tracking product performance metrics to\\nmanaging stakeholder communication, AI can handle a wide range of\\nadministrative tasks, increasing efficiency and productivity. It also reduces\\nthe risk of human error, ensuring more accurate and reliable outcomes.\\n\\n3\\\\. Personalized Customer Experiences\\n\\nAI\\u2019s ability to analyze vast amounts of data also enables it to deliver highly\\npersonalized experiences. By understanding individual user behavior,\\npreferences, and needs, AI can help product managers tailor products to meet\\nthe unique needs of each customer. This level of personalization can\\nsignificantly enhance customer satisfaction and loyalty, driving long-term\\nproduct success.\\n\\n4\\\\. Predictive Analytics\\n\\nAI\\u2019s predictive capabilities are a game-changer for product managers. By\\nanalyzing historical data, AI can predict future trends, customer behavior,\\nand potential issues. This foresight allows product managers to proactively\\naddress potential problems, seize opportunities, and stay ahead of the\\ncompetition.\\n\\n5\\\\. Improved Product Testing\\n\\nAI can also streamline product testing, using machine learning algorithms to\\nidentify and correct bugs more quickly and efficiently than traditional\\nmethods. This not only speeds up the testing process but also ensures a\\nhigher-quality end product.\\n\\n6\\\\. Enhanced Collaboration\\n\\nAI can facilitate better collaboration among teams by providing a centralized\\nplatform for sharing information, tracking progress, and managing tasks. This\\ncan improve coordination, reduce misunderstandings, and ensure everyone is on\\nthe same page.\\n\\nIn conclusion, AI is a powerful tool that can significantly enhance product\\nmanagement. By leveraging AI, product managers can make more informed\\ndecisions, streamline their processes, deliver personalized customer\\nexperiences, and stay ahead of the competition. However, as with any\\ntechnology, it\\u2019s essential to use AI responsibly, ensuring it aligns with your\\nproduct strategy and adds value to your customers.\\n\\nEmbracing AI in product management is no longer an option; it\\u2019s a necessity.\\nAs product managers, let\\u2019s harness the power of AI to drive product success\\nand deliver exceptional customer experiences. After all, in the world of\\nproduct management, staying ahead of the curve is not just about survival;\\nit\\u2019s about thriving in an ever-changing landscape.\\n\\n## End notes\\n\\nThanks for reading! I want to finish by saying a big thanks to Henry Franks,\\nMichal Nachmany, Kalyan Dutia, Harrison Pim, and Matyas Juhasz. Many of the\\ntechniques I have mentioned in this post have been born from conversations\\nwith you all!\\n\\n##### Share this entry\\n\\n  * Share on Twitter\\n  * Share on Linkedin\\n\\nhttp://alaniswright.com/wp-content/uploads/2018/01/logo1-300x138-300x138.png 0\\n0 Alan Wright http://alaniswright.com/wp-\\ncontent/uploads/2018/01/logo1-300x138-300x138.png Alan Wright2024-04-22\\n20:43:502024-04-23 08:28:438 ways I am using AI to help me be a better product\\nmanager (and 4 ways I am not)\\n\\n0 replies\\n\\n### Leave a Reply\\n\\nWant to join the discussion? Feel free to contribute!\\n\\n### Leave a Reply Cancel reply\\n\\nBy Alan Wright. Product Manager at Climate Policy Radar. Formerly of GOV.UK &\\nBBC. More info\\n\\n### Recent posts\\n\\n  * 8 ways I am using AI to help me be a better product manager (and 4 ways I am not)\\n  * Roadmaps, delivery plans, timelines and the Civilization 6 technology tree \\u2013 how I like to use these artefacts when working with product teams\\n  * Becoming a more technical product manager\\n  * How we are using Linear and Notion to manage our product backlog and project work\\n  * Cycle time, queues, work in progress and batch size \\u2013 four things product teams need to reduce if they want to deliver more value faster\\n\\n### Categories\\n\\n  * How to run meetings (8)\\n  * Personal Productivity (2)\\n  * Product, UX & Strategy (15)\\n  * Team Ways of Working (21)\\n  * Tools (4)\\n\\n### Archives\\n\\n  * April 2024\\n  * March 2024\\n  * February 2024\\n  * January 2024\\n  * December 2023\\n  * November 2023\\n  * October 2023\\n  * September 2023\\n  * August 2023\\n  * July 2023\\n  * May 2023\\n  * April 2023\\n  * March 2023\\n  * February 2023\\n  * January 2023\\n  * March 2022\\n  * May 2021\\n  * April 2021\\n  * June 2019\\n  * April 2019\\n  * December 2018\\n  * May 2018\\n  * April 2018\\n  * March 2018\\n  * February 2018\\n  * April 2017\\n  * March 2017\\n  * February 2017\\n  * August 2015\\n\\n\\u00a9 Alan Wright\\n\\n  * Twitter\\n  * Linkedin\\n\\nScroll to top\\n\\n\", \"frontpage\": false}"}
