{"value":"{\"aid\": \"40191783\", \"title\": \"Digital ad market is finally bouncing back from the 'dark days' of 2022\", \"url\": \"https://www.cnbc.com/2024/04/27/digital-ad-market-on-mend-as-meta-alphabet-snap-show-faster-growth-.html\", \"domain\": \"cnbc.com\", \"votes\": 1, \"user\": \"EhsanEtezad\", \"posted_at\": \"2024-04-28 20:54:57\", \"comments\": 0, \"source_title\": \"Digital ad market is finally on the mend, bouncing back from the 'dark days' of 2022\", \"source_text\": \"Digital ad market on mend as Meta, Alphabet, Snap show faster growth\\n\\nSkip Navigation\\n\\nMarkets\\n\\n  * Pre-Markets\\n  * U.S. Markets\\n  * Europe Markets\\n  * China Markets\\n  * Asia Markets\\n  * World Markets\\n  * Currencies\\n  * Cryptocurrency\\n  * Futures & Commodities\\n  * Bonds\\n  * Funds & ETFs\\n\\nBusiness\\n\\n  * Economy\\n  * Finance\\n  * Health & Science\\n  * Media\\n  * Real Estate\\n  * Energy\\n  * Climate\\n  * Transportation\\n  * Industrials\\n  * Retail\\n  * Wealth\\n  * Sports\\n  * Life\\n  * Small Business\\n\\nInvesting\\n\\n  * Personal Finance\\n  * Fintech\\n  * Financial Advisors\\n  * Options Action\\n  * ETF Street\\n  * Buffett Archive\\n  * Earnings\\n  * Trader Talk\\n\\nTech\\n\\n  * Cybersecurity\\n  * Enterprise\\n  * Internet\\n  * Media\\n  * Mobile\\n  * Social Media\\n  * CNBC Disruptor 50\\n  * Tech Guide\\n\\nPolitics\\n\\n  * White House\\n  * Policy\\n  * Defense\\n  * Congress\\n  * Equity and Opportunity\\n  * Europe Politics\\n  * China Politics\\n  * Asia Politics\\n  * World Politics\\n\\nCNBC TV\\n\\n  * Live Audio\\n  * Latest Video\\n  * Top Video\\n  * CEO Interviews\\n  * Europe TV\\n  * Asia TV\\n  * CNBC Podcasts\\n  * Digital Originals\\n\\nWatchlist\\n\\nInvesting Club\\n\\n  * Trust Portfolio\\n  * Analysis\\n  * Trade Alerts\\n  * Meeting Videos\\n  * Homestretch\\n  * Jim's Columns\\n  * Education\\n  * Subscribe\\n  * Sign In\\n\\nPRO\\n\\n  * Pro News\\n  * Pro Live\\n  * Full Episodes\\n  * Stock Screener\\n  * Market Forecast\\n  * Options Investing\\n  * Chart Investing\\n  * Subscribe\\n  * Sign In\\n\\n  * Make It\\n  *     * ALL SELECT\\n    * Credit Cards\\n\\n    * Loans\\n\\n    * Banking\\n\\n    * Mortgages\\n\\n    * Insurance\\n\\n    * Credit Monitoring\\n\\n    * Personal Finance\\n\\n    * Small Business\\n\\n    * Taxes\\n\\n    * Help for Low Credit Scores\\n\\n    * Investing\\n\\n    * SELECT\\n\\n    * All Credit Cards\\n\\n    * Find the Credit Card for You\\n\\n    * Best Credit Cards\\n\\n    * Best Rewards Credit Cards\\n\\n    * Best Travel Credit Cards\\n\\n    * Best 0% APR Credit Cards\\n\\n    * Best Balance Transfer Credit Cards\\n\\n    * Best Cash Back Credit Cards\\n\\n    * Best Credit Card Welcome Bonuses\\n\\n    * Best Credit Cards to Build Credit\\n\\n    * SELECT\\n\\n    * All Loans\\n\\n    * Find the Best Personal Loan for You\\n\\n    * Best Personal Loans\\n\\n    * Best Debt Consolidation Loans\\n\\n    * Best Loans to Refinance Credit Card Debt\\n\\n    * Best Loans with Fast Funding\\n\\n    * Best Small Personal Loans\\n\\n    * Best Large Personal Loans\\n\\n    * Best Personal Loans to Apply Online\\n\\n    * Best Student Loan Refinance\\n\\n    * SELECT\\n\\n    * All Banking\\n\\n    * Find the Savings Account for You\\n\\n    * Best High Yield Savings Accounts\\n\\n    * Best Big Bank Savings Accounts\\n\\n    * Best Big Bank Checking Accounts\\n\\n    * Best No Fee Checking Accounts\\n\\n    * No Overdraft Fee Checking Accounts\\n\\n    * Best Checking Account Bonuses\\n\\n    * Best Money Market Accounts\\n\\n    * Best CDs\\n\\n    * Best Credit Unions\\n\\n    * SELECT\\n\\n    * All Mortgages\\n\\n    * Best Mortgages\\n\\n    * Best Mortgages for Small Down Payment\\n\\n    * Best Mortgages for No Down Payment\\n\\n    * Best Mortgages with No Origination Fee\\n\\n    * Best Mortgages for Average Credit Score\\n\\n    * Adjustable Rate Mortgages\\n\\n    * Affording a Mortgage\\n\\n    * SELECT\\n\\n    * All Insurance\\n\\n    * Best Life Insurance\\n\\n    * Best Homeowners Insurance\\n\\n    * Best Renters Insurance\\n\\n    * Best Car Insurance\\n\\n    * Travel Insurance\\n\\n    * SELECT\\n\\n    * All Credit Monitoring\\n\\n    * Best Credit Monitoring Services\\n\\n    * Best Identity Theft Protection\\n\\n    * How to Boost Your Credit Score\\n\\n    * Credit Repair Services\\n\\n    * SELECT\\n\\n    * All Personal Finance\\n\\n    * Best Budgeting Apps\\n\\n    * Best Expense Tracker Apps\\n\\n    * Best Money Transfer Apps\\n\\n    * Best Resale Apps and Sites\\n\\n    * Buy Now Pay Later (BNPL) Apps\\n\\n    * Best Debt Relief\\n\\n    * SELECT\\n\\n    * All Small Business\\n\\n    * Best Small Business Savings Accounts\\n\\n    * Best Small Business Checking Accounts\\n\\n    * Best Credit Cards for Small Business\\n\\n    * Best Small Business Loans\\n\\n    * Best Tax Software for Small Business\\n\\n    * SELECT\\n\\n    * All Taxes\\n\\n    * Filing For Free\\n\\n    * Best Tax Software\\n\\n    * Best Tax Software for Small Businesses\\n\\n    * Tax Refunds\\n\\n    * Tax Brackets\\n\\n    * Tax Tips\\n\\n    * Tax By State\\n\\n    * Tax Payment Plans\\n\\n    * SELECT\\n\\n    * All Help for Low Credit Scores\\n\\n    * Best Credit Cards for Bad Credit\\n\\n    * Best Personal Loans for Bad Credit\\n\\n    * Best Debt Consolidation Loans for Bad Credit\\n\\n    * Personal Loans if You Don't Have Credit\\n\\n    * Best Credit Cards for Building Credit\\n\\n    * Personal Loans for 580 Credit Score or Lower\\n\\n    * Personal Loans for 670 Credit Score or Lower\\n\\n    * Best Mortgages for Bad Credit\\n\\n    * Best Hardship Loans\\n\\n    * How to Boost Your Credit Score\\n\\n    * SELECT\\n\\n    * All Investing\\n\\n    * Best IRA Accounts\\n\\n    * Best Roth IRA Accounts\\n\\n    * Best Investing Apps\\n\\n    * Best Free Stock Trading Platforms\\n\\n    * Best Robo-Advisors\\n\\n    * Index Funds\\n\\n    * Mutual Funds\\n\\n    * ETFs\\n\\n    * Bonds\\n\\n  * USA\\n  * INTL\\n\\nWatchlist\\n\\nSIGN IN\\n\\nMarkets\\n\\nBusiness\\n\\nInvesting\\n\\nTech\\n\\nPolitics\\n\\nCNBC TV\\n\\nWatchlist\\n\\nInvesting Club\\n\\nPRO\\n\\nTech\\n\\n# Digital ad market is finally on the mend, bouncing back from the 'dark days'\\nof 2022\\n\\nPublished Sat, Apr 27 20248:30 AM EDT\\n\\nAshley Capoot@in/ashley-capoot-02496b173/\\n\\nWATCH LIVE\\n\\nKey Points\\n\\n  * Meta, Alphabet and Snap all reported first-quarter results this week that beat analysts estimates, showing acceleration in advertising growth.\\n  * The companies had been struggling to rebound from a dismal 2022, when rising interest rates and inflation caused brands to rein in their spending.\\n  * Analysts at Citi wrote in a note Friday that the broader advertising environment is \\\"clearly strengthening.\\\"\\n\\nIn this article\\n\\n  * SNAP\\n  * META\\n\\nA view of Google Headquarters in Mountain View, California, United States on\\nMarch 23, 2024.\\n\\nTayfun Coskun | Anadolu | Getty Images\\n\\nAdvertising is so back.\\n\\nAfter a brutal 2022, when brands reeled in spending to cope with inflation,\\nand a 2023 defined by layoffs and cost cuts, the top digital advertising\\ncompanies have started growing again at a healthy clip.\\n\\nMeta, Snap and Google all reported first-quarter results this week, with\\nrevenue growth that exceeded analysts estimates and at rates not seen in at\\nleast two years. Their financials were primarily driven by improvements across\\ntheir ad businesses.\\n\\nThe companies entered earnings season in a favorable position in that their\\nnumbers would be comparable to historically weak periods. But investors and\\nanalysts were cautious in their expectations, given the political and economic\\ninstability in various markets across the globe and the ongoing challenges\\nposed by high consumer prices.\\n\\nMeta, which was the first in the group to report results, put some fears to\\nrest on Wednesday, showing a 27% jump in first-quarter revenue to $36.5\\nbillion. For the Facebook parent, it was the strongest rate of expansion since\\n2021.\\n\\n\\\"When Meta was in its dark days two years ago, the company knew what they had\\nto do to get back on track,\\\" analysts at Bernstein wrote in a note after the\\nearnings report. \\\"To their credit, Meta defended the core.\\\"\\n\\nThat dark era was defined by the combination of macroeconomic challenges and\\nApple's iOS privacy change, which made it harder for social media companies to\\ntarget users with ads. Meta lost two-thirds of its value in 2022 and was\\nforced to dramatically cut headcount.\\n\\nA smartphone is displaying Facebook with the Meta icon visible in the\\nbackground.\\n\\nJonathan Raa | Nurphoto | Getty Images\\n\\nMeta responded by rebuilding its ad system, with the help of hefty investments\\nin artificial intelligence, so it could deliver value to brands despite the\\nroadblock imposed by Apple. The stock almost tripled in 2023.\\n\\nWhile the company's first-quarter results beat estimates across the board, the\\nshares tanked on Thursday after CEO Mark Zuckerberg focused his post-earnings\\ncommentary on the many ways Meta is spending money in areas outside of\\nadvertising, notably the metaverse.\\n\\n\\\"We've historically seen a lot of volatility in our stock during this phase of\\nour product playbook where we're investing in scaling a new product but aren't\\nyet monetizing it,\\\" Zuckerberg said on the earnings call late Wednesday.\\n\\nThe Bernstein analysts, who recommend buying the shares, said Meta's ad\\nrevenues were led by strength in online commerce, gaming, entertainment and\\nmedia, and that China-based ad demand \\\"remained strong.\\\" Meta has benefited\\nfrom a surge in spending from Chinese discount retailers like Temu and Shein.\\n\\n\\\"Without sounding overly religious, you either believe in Zuck or you don't,\\nand we do,\\\" the analysts wrote.\\n\\n## 'Incrementally positive'\\n\\nAlphabet followed on Thursday, reporting ad revenue for the first quarter of\\n$61.66 billion, up 13% from the year prior, with YouTube ad revenue jumping\\n21% to $8.09 billion. The company as a whole grew 15%, a rate last seen in\\n2022, and the stock shot up 10% on Friday, the sharpest rally since 2015.\\n\\nDuring the quarterly call with investors, Alphabet finance chief Ruth Porat\\nsaid the company is \\\"very pleased\\\" with the momentum of its ad businesses.\\n\\nAnalysts at Citi wrote in a note on Friday that the broader advertising\\nenvironment is \\\"clearly strengthening,\\\" pointing to accelerating growth within\\nGoogle Search and YouTube.\\n\\n\\\"We emerge from Q1 results incrementally positive on shares of Alphabet,\\\" the\\nanalysts wrote, maintaining their buy recommendation.\\n\\nSnap shares rocketed 28% on Friday after the company reported a 21% increase\\nin revenue to $1.19 billion, the strongest growth in two years. In each of\\nSnap's past six quarters, sales either grew in single digits or declined.\\n\\nThe company said it's seeing accelerating demand for its ad platform and\\nbenefiting from an improved operating environment, according to its investor\\nletter.\\n\\nDeutsche Bank analysts wrote in a report on Friday that Snap delivered a\\n\\\"much-needed\\\" beat, and that its ad stack is back on track. The analysts, who\\nhave a buy rating on the stock, said investors appear \\\"most encouraged by the\\nad platform investments, which are showing increasing promise.\\\"\\n\\nDespite the rally, Snap shares are still down 14% for the year.\\n\\nInvestors will get a clearer picture of the digital ad market next week, with\\nPinterest reporting on Tuesday alongside Amazon, which has emerged as a giant\\nin online ads. Reddit will follow on May 7, reporting earnings for the first\\ntime since the social media company's initial public offering in March.\\n\\n## Don\\u2019t miss these exclusives from CNBC PRO\\n\\n  * Friday\\u2019s biggest analyst calls: Nvidia, Microsoft, Alphabet, Apple, Snap, Intel, Western Digital and more\\n  * Here's where to invest $1 million right now, according to the pros\\n  * Forget Nvidia: Morgan Stanley says Intel's much-hyped AI chip will boost 3 global stocks\\n  * These 5 stocks will power the AI revolution as data centers spread and electricity demand doubles, says Bank of America\\n  * Earnings playbook: Your guide to trading a huge week of reports, including Meta Platforms\\n\\nWATCH: The reinvention of Mark Zuckerberg\\n\\nwatch now\\n\\nVIDEO12:2912:29\\n\\nThe reinvention of Mark Zuckerberg\\n\\nTechCheck\\n\\n  * Subscribe to CNBC PRO\\n  * Subscribe to Investing Club\\n  * Licensing & Reprints\\n  * CNBC Councils\\n  * Supply Chain Values\\n  * CNBC on Peacock\\n  * Join the CNBC Panel\\n  * Digital Products\\n  * News Releases\\n  * Closed Captioning\\n  * Corrections\\n  * About CNBC\\n  * Internships\\n  * Site Map\\n  * Ad Choices\\n  * Careers\\n  * Help\\n  * Contact\\n\\n  * #### News Tips\\n\\nGot a confidential news tip? We want to hear from you.\\n\\nGet In Touch\\n\\n  * #### CNBC Newsletters\\n\\nSign up for free newsletters and get more CNBC delivered to your inbox\\n\\nSign Up Now\\n\\nGet this delivered to your inbox, and more info about our products and\\nservices.\\n\\n  * #### Advertise With Us\\n\\nPlease Contact Us\\n\\n  * Privacy Policy\\n  * Cookie Preferences\\n  * CA Notice\\n  * Terms of Service\\n\\n\\u00a9 2024 CNBC LLC. All Rights Reserved. A Division of NBCUniversal\\n\\nData is a real-time snapshot *Data is delayed at least 15 minutes. Global\\nBusiness and Financial News, Stock Quotes, and Market Data and Analysis.\\n\\nMarket Data Terms of Use and Disclaimers\\n\\nData also provided by\\n\\nDue to the breadth of the advertising ecosystem, a variety of vendors may be\\nused for different campaigns. While NBCUniversal lists all of our potential\\npartners, a smaller selection may be used on any given website. We and our 785\\npartners collect information from your device, such as device identifiers, IP\\naddress, and your browser type to personalize and deliver content, marketing\\nand advertising\\u2014across devices and platforms; for analytics and measurement,\\nso we can improve our services and develop new ones; to match and combine\\noffline data with your online activity; and for social features. We share this\\ninformation with selected partners with your consent. By clicking \\u201cI Accept\\u201d,\\nyou consent to our use of these Cookies. Click Manage Choices to learn more\\nabout these. We will also use other Cookies that are essential for our site\\nand Services, including for security and fraud prevention. To learn more about\\nsome of our partners select IAB and Google Vendors. You can adjust your\\npreferences at any time via the \\\"Cookie Preferences\\u201d link in the footer of\\nrelevant NBCUniversal websites or in-app settings. Visit our Cookie Notice and\\nPrivacy Policy to learn more.\\n\\n### We and our partners process data to provide:\\n\\nStore and/or access information on a device. Personalised advertising and\\ncontent, advertising and content measurement, audience research and services\\ndevelopment.\\n\\n## Privacy Settings\\n\\n  * ### Your Privacy\\n\\n  * ### Strictly Necessary Cookies\\n\\n  * ### Ensure security, prevent and detect fraud, and fix errors 482 partners can use this purpose\\n\\n  * ### Deliver and present advertising and content 470 partners can use this purpose\\n\\n  * ### Store and/or access information on a device 643 partners can use this purpose\\n\\n  * ### Personalised advertising and content, advertising and content measurement, audience research and services development 751 partners can use this purpose\\n\\n#### Your Privacy\\n\\nWe and our partners collect information from your device, such as device\\nidentifiers, IP address, and your browser type to personalize and deliver\\ncontent, marketing and advertising\\u2014across devices and platforms; for analytics\\nand measurement, so we can improve our services and develop new ones; to match\\nand combine offline data with your online activity; and for social features.\\nWe share this information with selected partners with your consent. By\\nclicking \\u201cAllow All\\u201d, you consent to our use of these Cookies. Click on the\\nCookie categories or the \\u201cView Illustrations\\u201d below to learn more about these.\\nWe will also use other Cookies that are essential for our site and Services,\\nincluding for security and fraud prevention. To learn more about some of our\\npartners, see the IAB and Google Vendors under each purpose below. Visit our\\nCookie Notice and Privacy Policy to learn more.\\n\\n#### Strictly Necessary Cookies\\n\\nAlways Active\\n\\nThese Cookies are required for Service functionality, including security and\\nfraud prevention, and to enable any purchasing capabilities. You can set your\\nbrowser to block these Cookies, but some parts of the site may not function\\nproperly.\\n\\n#### Ensure security, prevent and detect fraud, and fix errors 482 partners\\ncan use this purpose\\n\\nAlways Active\\n\\nYour data can be used to monitor for and prevent unusual and possibly\\nfraudulent activity (for example, regarding advertising, ad clicks by bots),\\nand ensure systems and processes work properly and securely. It can also be\\nused to correct any problems you, the publisher or the advertiser may\\nencounter in the delivery of content and ads and in your interaction with\\nthem.\\n\\n#### Deliver and present advertising and content 470 partners can use this\\npurpose\\n\\nAlways Active\\n\\nCertain information (like an IP address or device capabilities) is used to\\nensure the technical compatibility of the content or advertising, and to\\nfacilitate the transmission of the content or ad to your device.\\n\\n#### Store and/or access information on a device 643 partners can use this\\npurpose\\n\\nCookies, device or similar online identifiers (e.g. login-based identifiers,\\nrandomly assigned identifiers, network based identifiers) together with other\\ninformation (e.g. browser type and information, language, screen size,\\nsupported technologies etc.) can be stored or read on your device to recognise\\nit each time it connects to an app or to a website, for one or several of the\\npurposes presented here.\\n\\n#### Personalised advertising and content, advertising and content\\nmeasurement, audience research and services development 751 partners can use\\nthis purpose\\n\\n  * #### Use limited data to select advertising 577 partners can use this purpose\\n\\nAdvertising presented to you on this service can be based on limited data,\\nsuch as the website or app you are using, your non-precise location, your\\ndevice type or which content you are (or have been) interacting with (for\\nexample, to limit the number of times an ad is presented to you).\\n\\n  * #### Create profiles for personalised advertising 472 partners can use this purpose\\n\\nInformation about your activity on this service (such as forms you submit,\\ncontent you look at) can be stored and combined with other information about\\nyou (for example, information from your previous activity on this service and\\nother websites or apps) or similar users. This is then used to build or\\nimprove a profile about you (that might include possible interests and\\npersonal aspects). Your profile can be used (also later) to present\\nadvertising that appears more relevant based on your possible interests by\\nthis and other entities.\\n\\n  * #### Use profiles to select personalised advertising 466 partners can use this purpose\\n\\nAdvertising presented to you on this service can be based on your advertising\\nprofiles, which can reflect your activity on this service or other websites or\\napps (like the forms you submit, content you look at), possible interests and\\npersonal aspects.\\n\\n  * #### Create profiles to personalise content 207 partners can use this purpose\\n\\nInformation about your activity on this service (for instance, forms you\\nsubmit, non-advertising content you look at) can be stored and combined with\\nother information about you (such as your previous activity on this service or\\nother websites or apps) or similar users. This is then used to build or\\nimprove a profile about you (which might for example include possible\\ninterests and personal aspects). Your profile can be used (also later) to\\npresent content that appears more relevant based on your possible interests,\\nsuch as by adapting the order in which content is shown to you, so that it is\\neven easier for you to find content that matches your interests.\\n\\n  * #### Use profiles to select personalised content 179 partners can use this purpose\\n\\nContent presented to you on this service can be based on your content\\npersonalisation profiles, which can reflect your activity on this or other\\nservices (for instance, the forms you submit, content you look at), possible\\ninterests and personal aspects, such as by adapting the order in which content\\nis shown to you, so that it is even easier for you to find (non-advertising)\\ncontent that matches your interests.\\n\\n  * #### Measure advertising performance 671 partners can use this purpose\\n\\nInformation regarding which advertising is presented to you and how you\\ninteract with it can be used to determine how well an advert has worked for\\nyou or other users and whether the goals of the advertising were reached. For\\ninstance, whether you saw an ad, whether you clicked on it, whether it led you\\nto buy a product or visit a website, etc. This is very helpful to understand\\nthe relevance of advertising campaigns.\\n\\n  * #### Measure content performance 335 partners can use this purpose\\n\\nInformation regarding which content is presented to you and how you interact\\nwith it can be used to determine whether the (non-advertising) content e.g.\\nreached its intended audience and matched your interests. For instance,\\nwhether you read an article, watch a video, listen to a podcast or look at a\\nproduct description, how long you spent on this service and the web pages you\\nvisit etc. This is very helpful to understand the relevance of (non-\\nadvertising) content that is shown to you.\\n\\n  * #### Understand audiences through statistics or combinations of data from different sources 422 partners can use this purpose\\n\\nReports can be generated based on the combination of data sets (like user\\nprofiles, statistics, market research, analytics data) regarding your\\ninteractions and those of other users with advertising or (non-advertising)\\ncontent to identify common characteristics (for instance, to determine which\\ntarget audiences are more receptive to an ad campaign or to certain contents).\\n\\n  * #### Develop and improve services 504 partners can use this purpose\\n\\nInformation about your activity on this service, such as your interaction with\\nads or content, can be very helpful to improve products and services and to\\nbuild new products and services based on user interactions, the type of\\naudience, etc. This specific purpose does not include the development or\\nimprovement of user profiles and identifiers.\\n\\n  * #### Use limited data to select content 112 partners can use this purpose\\n\\nContent presented to you on this service can be based on limited data, such as\\nthe website or app you are using, your non-precise location, your device type,\\nor which content you are (or have been) interacting with (for example, to\\nlimit the number of times a video or an article is presented to you).\\n\\n  * #### Targeted Advertising Cookies\\n\\nThese Cookies are used to collect data about your browsing habits, use of the\\nServices, your preferences, and your interaction with advertisements across\\nplatforms and devices for the purpose of delivering targeted advertising\\ncontent, both on our Services and on third party sites. Third-party sites and\\nservices also use Targeting Cookies to deliver content, including\\nadvertisements relevant to your interests on the Services. If you reject these\\nCookies, you will see less relevant advertising.\\n\\n  * #### Content Selection Cookies\\n\\nThis group is so Content Selection IAB group can have an id\\n\\n  * #### Social Media Cookies\\n\\nThese Cookies are set by social media platforms on the Services to enable you\\nto share content with your friends and networks. Social media platforms have\\nthe ability to track your online activity outside of the Services. This may\\nimpact the content and messages you see on other websites you visit.\\n\\n### Cookie List\\n\\nConsent Leg.Interest\\n\\nlabel\\n\\nlabel\\n\\nlabel\\n\\nlabel\\n\\n\", \"frontpage\": false}"}
