{"value":"{\"aid\": \"40192426\", \"title\": \"What do Buddhists think about autism?\", \"url\": \"https://old.reddit.com/r/Buddhism/comments/ztwngw/what_do_buddhists_think_about_autism/\", \"domain\": \"reddit.com\", \"votes\": 1, \"user\": \"wslh\", \"posted_at\": \"2024-04-28 22:08:36\", \"comments\": 0, \"source_title\": \"Blocked\", \"source_text\": \"Blocked\\n\\n# whoa there, pardner!\\n\\nYour request has been blocked due to a network policy.\\n\\nTry logging in or creating an account here to get back to browsing.\\n\\nIf you're running a script or application, please register or sign in with\\nyour developer credentials here. Additionally make sure your User-Agent is not\\nempty and is something unique and descriptive and try again. if you're\\nsupplying an alternate User-Agent string, try changing back to default as that\\ncan sometimes result in a block.\\n\\nYou can read Reddit's Terms of Service here.\\n\\nif you think that we've incorrectly blocked you or you would like to discuss\\neasier ways to get the data you want, please file a ticket here.\\n\\nwhen contacting us, please include your ip address which is: 128.140.102.183\\nand reddit account\\n\\n\", \"frontpage\": false}"}
