{"value":"{\"aid\": \"40192330\", \"title\": \"Show HN: Pingr \\u2013 Bcc people on iMessage with a Raycast-style interface\", \"url\": \"https://www.pingr.org/\", \"domain\": \"pingr.org\", \"votes\": 7, \"user\": \"yihongs\", \"posted_at\": \"2024-04-28 21:52:01\", \"comments\": 5, \"source_title\": \"Pingr - Supercharged Messages\", \"source_text\": \"Pingr - Supercharged Messages\\n\\nPingr\\n\\nApp Feedback\\n\\nSupercharged. Messages.\\n\\nDownload for Mac\\n\\nv1.2.0\\n\\n|\\n\\nmacOS 13.0+\\n\\nPingr\\n\\nCopyright \\u00a9 2024 Pingr. All rights reserved.\\n\\n\", \"frontpage\": false}"}
