{"value":"{\"aid\": \"40192552\", \"title\": \"Haystack DB \\u2013 10x faster than FAISS with binary embeddings by default\", \"url\": \"https://github.com/carsonpo/haystackdb\", \"domain\": \"github.com/carsonpo\", \"votes\": 1, \"user\": \"carsonpoole\", \"posted_at\": \"2024-04-28 22:27:34\", \"comments\": 0, \"source_title\": \"GitHub - carsonpo/haystackdb\", \"source_text\": \"GitHub - carsonpo/haystackdb\\n\\nSkip to content\\n\\n## Navigation Menu\\n\\nSign in\\n\\n# Search code, repositories, users, issues, pull requests...\\n\\nSearch syntax tips\\n\\nSign in\\n\\nSign up\\n\\nYou signed in with another tab or window. Reload to refresh your session. You\\nsigned out in another tab or window. Reload to refresh your session. You\\nswitched accounts on another tab or window. Reload to refresh your session.\\nDismiss alert\\n\\ncarsonpo / haystackdb Public\\n\\n  * Notifications\\n  * Fork 2\\n  * Star 4\\n\\n### License\\n\\nApache-2.0 license\\n\\n4 stars 2 forks Branches Tags Activity\\n\\nStar\\n\\nNotifications\\n\\n# carsonpo/haystackdb\\n\\nThis commit does not belong to any branch on this repository, and may belong\\nto a fork outside of the repository.\\n\\n2 Branches\\n\\n0 Tags\\n\\n## Folders and files\\n\\nName| Name| Last commit message| Last commit date  \\n---|---|---|---  \\n  \\n## Latest commit\\n\\ncarsonpoMerge pull request #1 from carsonpo/readme-updateApr 28, 20248d84674 \\u00b7\\nApr 28, 2024Apr 28, 2024\\n\\n## History\\n\\n5 Commits  \\n  \\n### benches\\n\\n|\\n\\n### benches\\n\\n| first commit| Apr 28, 2024  \\n  \\n### src\\n\\n|\\n\\n### src\\n\\n| first commit| Apr 28, 2024  \\n  \\n### tests\\n\\n|\\n\\n### tests\\n\\n| first commit| Apr 28, 2024  \\n  \\n### .dockerignore\\n\\n|\\n\\n### .dockerignore\\n\\n| first commit| Apr 28, 2024  \\n  \\n### .gitignore\\n\\n|\\n\\n### .gitignore\\n\\n| first commit| Apr 28, 2024  \\n  \\n### Cargo.lock\\n\\n|\\n\\n### Cargo.lock\\n\\n| first commit| Apr 28, 2024  \\n  \\n### Cargo.toml\\n\\n|\\n\\n### Cargo.toml\\n\\n| first commit| Apr 28, 2024  \\n  \\n### Dockerfile\\n\\n|\\n\\n### Dockerfile\\n\\n| first commit| Apr 28, 2024  \\n  \\n### LICENSE\\n\\n|\\n\\n### LICENSE\\n\\n| added license| Apr 28, 2024  \\n  \\n### README.md\\n\\n|\\n\\n### README.md\\n\\n| updated readme| Apr 28, 2024  \\n  \\n## Repository files navigation\\n\\n# HaystackDB\\n\\n> Minimal but performant Vector DB\\n\\n## Features\\n\\n  * Binary embeddings by default (soon int8 reranking)\\n  * JSON filtering for queries\\n  * Scalable, distributed architecture for use with multi replica deployments\\n  * Durable (WAL), persistent data, mem mapped for fast access in the client\\n\\n## Benchmarks\\n\\n> On a MacBook with an M2, 1024 dimension, binary quantized FAISS is using a\\n> flat index, so brute force, but it's in memory. Haystack is storing the data\\n> on disk, and also brute forces. TLDR is Haystack is ~10x faster despite\\n> being stored on disk.\\n    \\n    \\n    100,000 Vectors Haystack \\u2014 3.44ms FAISS \\u2014 29.67ms 500,000 Vectors Haystack \\u2014 11.98ms FAISS - 146.50ms 1,000,000 Vectors Haystack \\u2014 22.65ms FAISS \\u2014 293.91ms\\n\\n## Roadmap\\n\\n  * Int8 reranking\\n  * Better queries with more than simple equality\\n  * Full text search\\n  * Better insertion performance with batch B+Tree insertion\\n  * Point in time backups/rollback\\n  * Cursor based pagination\\n  * Schema migrations\\n\\n## About\\n\\nNo description, website, or topics provided.\\n\\n### Resources\\n\\nReadme\\n\\n### License\\n\\nApache-2.0 license\\n\\nActivity\\n\\n### Stars\\n\\n4 stars\\n\\n### Watchers\\n\\n1 watching\\n\\n### Forks\\n\\n2 forks\\n\\nReport repository\\n\\n## Releases\\n\\nNo releases published\\n\\n## Packages 0\\n\\nNo packages published\\n\\n## Languages\\n\\n  * Rust 99.6%\\n  * Dockerfile 0.4%\\n\\n## Footer\\n\\n\\u00a9 2024 GitHub, Inc.\\n\\nYou can\\u2019t perform that action at this time.\\n\\n\", \"frontpage\": false}"}
