{"value":"{\"aid\": \"40191419\", \"title\": \"Liquid Death became a billion-dollar beverage brand\", \"url\": \"https://www.nbcnews.com/business/business-news/liquid-death-became-billion-dollar-beverage-brand-rcna143037\", \"domain\": \"nbcnews.com\", \"votes\": 2, \"user\": \"networked\", \"posted_at\": \"2024-04-28 20:14:54\", \"comments\": 0, \"source_title\": \"It\\u2019s just water in a can. How did Liquid Death become a billion-dollar brand?\", \"source_text\": \"How Liquid Death became a billion-dollar beverage brand\\n\\nIE 11 is not supported. For an optimal experience visit our site on another\\nbrowser.\\n\\nWeekend Rundown: Here's the biggest news you missed this weekend\\n\\nBusiness News\\n\\n# How water in a can became a billion-dollar business\\n\\nFor an increasing number of consumers, the brand represents a fun way to enjoy\\nnonalcoholic beverages.\\n\\nLiquid Death mountain water cans.Joseph Okpako / WireImage via Getty Images\\nfile\\n\\nMarch 16, 2024, 12:00 PM UTC / Source: NBC News\\n\\nBy Rob Wile\\n\\nIf you\\u2019ve been to a live event recently, you may have noticed something called\\nLiquid Death being sold at food and drink stands.\\n\\nFor those not in the know, the name may be a little intimidating. But \\u201cLiquid\\nDeath\\u201d is just water in a can.\\n\\nNow the brand, which has been independently owned and operated since its\\ncreation in 2017, has raised a new round of investment that values it at $1.4\\nbillion.\\n\\nIn a release Monday, Liquid Death said it had hit $263 million in global sales\\nand can be found in 113,000 retail outlets across the U.S. and U.K. It said it\\nhad seen \\u201ctriple-digit\\u201d growth for the third-consecutive year, becoming the\\nfastest-growing water and iced tea brand, citing SPINS, a market research\\ngroup.\\n\\nIf it seems surprising that a company just selling water is growing this fast\\n\\u2014 that\\u2019s the point, experts say.\\n\\n\\u201cThe fact that it\\u2019s just water ... is the key to Liquid Death\\u2019s success so\\nfar,\\u201d Brad Avery, senior reporter for industry news group BevNET, told NBC\\nNews in an email. \\u201cWhen you look at branding in the bottled water category, so\\nmuch of it has revolved around themes like the purity of the water, superior\\nlevels of hydration, etc. Liquid Death took off in part because it was a\\nsubversion of all the tropes of bottled water marketing that we\\u2019re familiar\\nwith.\\u201d\\n\\n## Selling water like alcohol\\n\\nIn other words, the branding is one of the main selling points. The name\\n\\u201cLiquid Death\\u201d refers to the idea of \\u201cmurdering your thirst,\\u201d as well as\\n\\u201cdeath to plastic,\\u201d according to founder and CEO Mike Cessario. Liquid Death\\nbeverages are packaged in aluminum, which is more recyclable than plastic.\\n\\n\\u201cWe want to create truly healthy, better-for-you beverages, but just do so in\\nthe same funny way that typically unhealthy brands get marketed,\\u201d Cessario\\nsaid in an interview with NBC News.\\n\\nHe said junk food brands and beer are also known for using comedy, but do so\\nin the service of selling an unhealthy product.\\n\\n\\u201cWe\\u2019re making fun of the s----- corporate marketing that everyone hates,\\u201d\\nCessario said. \\u201cPeople now spend $10 a month for ad-free services because they\\nhave no entertainment value. We\\u2019re making fun of marketing with our brand.\\u201d\\n\\nThe brand has also grown a large following on social media, with 5 million\\nfollowers on TikTok and 2.9 million on Instagram. Cessario, whose background\\nincludes working on viral campaigns for Netflix shows like \\u201cStranger Things\\u201d\\nand \\u201cHouse of Cards,\\u201d has worked with influencers like Blink 182 drummer\\nTravis Barker, former \\u201cJackass\\u201d star Steve-O and comedian Bert Kreischer \\u2014 the\\nlatter of whom is now an official investor.\\n\\nThe company\\u2019s TikToks usually rack up hundreds of thousands of views, with one\\ngetting nearly 23 million.\\n\\n## Stigma removed for nights out\\n\\nIf you\\u2019re having a night out at the bar with your friends and you\\u2019re the only\\nperson who isn\\u2019t drinking, Avery said, you might feel silly holding a regular\\nbottle of water while everyone else is drinking beers and cocktails.\\n\\nLiquid Death is designed to eliminate that moment, he said.\\n\\n### Recommended\\n\\nTech News\\n\\n### Tech NewsFederal regulator finds Tesla Autopilot has 'critical safety gap'\\nlinked to hundreds of collisions\\n\\nEconomy\\n\\n### EconomyAll the data so far is showing inflation isn't going away, and is\\nmaking things tough on the Fed\\n\\n\\u201cThe Liquid Death can, to be blunt, looks cool,\\u201d Avery said. By putting\\nnonalcoholic beverages in a package that looks like a beer can, he said, it\\ncreates a psychological effect of making it easier for someone more image-\\nconscious to consume.\\n\\nCessario has previously said one inspiration for Liquid Death came when he\\nlearned that some musicians who preferred to drink water onstage were pouring\\nit into energy-drink cans for fear of embarrassment, as well as sponsorship\\nrequirements.\\n\\nIndeed, Liquid Death\\u2019s cornerstone market remains live entertainment-goers.\\nAnd America\\u2019s biggest live-event company has bought in. Live Nation is one of\\nLiquid Death\\u2019s longtime investors and participated in the company\\u2019s latest\\nfunding round.\\n\\n\\u201cWe first invested in Liquid Death because we believed their brand and\\ncommunity was a great fit for the world of live music,\\u201d Live Nation CEO\\nMichael Rapino said in a statement to NBC. \\u201cThat\\u2019s proven to be a powerhouse\\ncombination as water sales continue increasing across our events, all while\\ndemand for Liquid Death is skyrocketing in other sectors as well.\\u201d\\n\\n## Riding the sober boom\\n\\nLiquid Death has already begun expanding into sparkling water and iced tea as\\nit also looks to capitalize on the surging growth in sober or \\u201cstraight-edge\\u201d\\nconsumers who choose to incorporate nonalcoholic drinks into their lives,\\nAvery said.\\n\\n\\u201cI think Liquid Death in many ways can be considered a non-alc play, building\\non the \\u2018sober curious\\u2019 trend where consumers are drinking less alcohol and\\nseeking out more alternatives,\\u201d Avery said.\\n\\nLiquid Death\\u2019s broadening appeal means it is poised to take market share from\\nboth the water market as well as the beer and newly growing nonalcoholic drink\\nmarket, said Dan Buckstaff, chief marketing officer of SPINS, the market\\nresearch group.\\n\\n\\u201cThose categories are being pulled along by the overall consumer trend, and\\nLiquid Death has added on, but with better packaging, a can vs. plastic, and\\nadded on marketing and positioning that hits that sweet spot,\\u201d Buckstaff said.\\n\\nCessario said the brand wants to serve evolving consumer tastes that continue\\nto shift away from traditional drink options.\\n\\n\\u201cWe\\u2019re creating a healthy beverage that works in party occasions where you\\notherwise don\\u2019t have many healthy options,\\u201d Cessario said.\\n\\nRob Wile\\n\\nRob Wile is a breaking business news reporter for NBC News Digital.\\n\\n\\u00a9 2024 NBC UNIVERSAL\\n\\nWe and our partners use cookies on this site to improve our service, perform\\nanalytics, personalize advertising, measure advertising performance, and\\nremember website preferences. By using the site, you consent to these cookies.\\nFor more information on cookies including how to manage your consent visit our\\nCookie Policy.\\n\\n## Cookie Notice\\n\\nThis Cookie Notice (\\u201cNotice\\u201d) explains how NBCUniversal and its affiliates\\n(\\u201cNBCUniversal\\u201d or \\u201cwe\\u201d), along with our partners, including advertisers and\\nvendors, use cookies and similar tracking technologies when you use our\\nwebsites, applications, such as games, interactive TV, voice-activated\\nassistants, and other services that link to this policy, as well as connected\\ndevices, including those used in our theme parks (\\u201cServices\\u201d). This Notice\\nprovides more information about these technologies, your choices, and is part\\nof the NBCUniversal Privacy Policy available here. You should read the Privacy\\nPolicy and this Notice for a full picture of NBCUniversal\\u2019s use of your\\ninformation.\\n\\nWHAT ARE COOKIES AND HOW ARE THEY USED?\\n\\nLike many companies, we use cookies (small text files placed on your computer\\nor device) and other tracking technologies on the Services (referred to\\ntogether from this point forward as \\u201cCookies\\u201d, unless otherwise stated),\\nincluding HTTP cookies, HTML5 and Flash local storage/flash cookies, web\\nbeacons/GIFs, embedded scripts, ETags/cache browsers, and software development\\nkits.\\n\\nFirst-party Cookies\\n\\nFirst-party Cookies are placed by us (including through the use of third-party\\nservice providers) and are used to allow you to use the Services and their\\nfeatures and to assist in analytics activities.\\n\\nThird-party Cookies\\n\\nCertain third parties may place their Cookies on your device and use them to\\nrecognize your device when you visit the Services and when you visit other\\nwebsites or online services. These third parties collect and use this\\ninformation pursuant to their own privacy policies. Third-party Cookies enable\\ncertain features or functionalities, and advertising, to be provided on the\\nServices.\\n\\nTypes of Cookies\\n\\nThe Services use the following types of first and third-party Cookies for\\nthese purposes:\\n\\nStrictly Necessary Cookies: These Cookies are required for Service\\nfunctionality, including for system administration, security and fraud\\nprevention, and to enable any purchasing capabilities. You can set your\\nbrowser to block these Cookies, but some parts of the site may not function\\nproperly.\\n\\nInformation Storage and Access: These Cookies allow us and our partners to\\nstore and access information on the device, such as device identifiers.\\n\\nMeasurement and Analytics: These Cookies collect data regarding your usage of\\nand performance of the Services, apply market research to generate audiences,\\nand measure the delivery and effectiveness of content and advertising. We and\\nour third-party vendors use these Cookies to perform analytics, so we can\\nimprove the content and user experience, develop new products and services,\\nand for statistical purposes. They are also used to recognize you and provide\\nfurther insights across platforms and devices for the above purposes.\\n\\nPersonalization Cookies: These Cookies enable us to provide certain features,\\nsuch as determining if you are a first-time visitor, capping message\\nfrequency, remembering choices you have made (e.g., your language preferences,\\ntime zone), and assist you with logging in after registration (including\\nacross platforms and devices). These Cookies also allow your device to receive\\nand send information, so you can see and interact with ads and content.\\n\\nContent Selection and Delivery Cookies: Data collected under this category can\\nalso be used to select and deliver personalized content, such as news articles\\nand videos.\\n\\nAd Selection and Delivery Cookies: These Cookies are used to collect data\\nabout your browsing habits, your use of the Services, your preferences, and\\nyour interaction with advertisements across platforms and devices for the\\npurpose of delivering interest-based advertising content on the Services and\\non third-party sites. Third-party sites and services also use interest-based\\nAdvertising Cookies to deliver content, including advertisements relevant to\\nyour interests on the Services and third-party services. If you reject these\\nCookies, you may see contextual advertising that may be less relevant to you.\\n\\nSocial Media Cookies: These Cookies are set by social media platforms on the\\nServices to enable you to share content with your friends and networks. Social\\nmedia platforms have the ability to track your online activity outside of the\\nServices. This may impact the content and messages you see on other services\\nyou visit.\\n\\nWe and third parties may associate Measurement And Analytics Cookies,\\nPersonalization Cookies, Content Selection, Delivery Cookies, and Reporting,\\nAd Selection, Delivery and Reporting Cookies, and Social Media Cookies with\\nother information we have about you.\\n\\nCOOKIE MANAGEMENT\\n\\nDepending on where you live, you may be able to adjust your Cookie preferences\\nat any time via the \\u201cCookie Settings\\u201d link in the footer of relevant websites.\\nYou can also use the methods described below to manage Cookies. You must take\\nsuch steps on each browser or device that you use. If you replace, change or\\nupgrade your browser or device, or delete your cookies, you may need to use\\nthese opt-out tools again. As some Cookie-management solutions also rely on\\nCookies, please adjust your browser Cookie settings carefully, following the\\nrelevant instructions below.\\n\\nBrowser Controls: You may be able to disable and manage some Cookies through\\nyour browser settings. If you use multiple browsers on the same device, you\\nwill need to manage your settings for each browser. Please click on any of the\\nbelow browser links for instructions:\\n\\nGoogle Chrome Apple Safari Mozila Firefox Microsoft Internet Explorer\\n\\nIf the browser you use is not listed above, please refer to your browser\\u2019s\\nhelp menu for information on how to manage Cookies. Please be aware that\\ndisabling cookies will not disable other analytics tools we may use to collect\\ninformation about you or your use of our Services.\\n\\nAnalytics Provider Opt-Outs: To disable analytics Cookies you can use the\\nbrowser controls discussed above or, for some of our providers, you can use\\ntheir individual opt-out mechanisms:\\n\\nGoogle\\u2019s Privacy Policy and Google Analytics Opt-Out Omniture\\u2019s Privacy Policy\\nand Omniture\\u2019s Opt-Out Mixpanel\\u2019s Privacy Policy and Mixpanel\\u2019s Opt-Out\\n\\nThe above are examples of our analytics providers and this is not an\\nexhaustive list. We are not responsible for the effectiveness of any other\\nproviders\\u2019 opt-out mechanisms.\\n\\nFlash Local Storage: These cookies are also known as local shared objects and\\nmay be used to store your preferences or display content by us, advertisers\\nand other third-parties. Flash cookies need to be deleted in the storage\\nsection of your Flash Player Settings Manager.\\n\\nInterest-Based Advertising: Most third-party advertisers offer a way to opt\\nout of their interest-based advertising. For more information or to opt out of\\nreceiving interest-based advertising from participating third-party\\nadvertisers, depending on your country of residence, please visit:\\n\\nDigital Advertising Alliance in the US Digital Advertising Alliance of Canada\\nEuropean Interactive Digital Advertising Alliance Australian Digital\\nAdvertising Alliance\\n\\nYou can also opt out of some of the advertising providers we use by visiting\\ntheir opt-out pages:\\n\\nGoogle\\u2019s Privacy Policy and Google Analytics Opt-Out Page Facebook Privacy\\nPolicy and Facebook\\u2019s Opt-Out Page Twitter Privacy Policy and Twitter\\u2019s Opt-\\nOut Page Liveramp\\u2019s Privacy Policy and Liveramp Opt-Out Page\\n\\nThese are examples of our advertising providers and this is not an exhaustive\\nlist. In addition, we are not responsible for the effectiveness of any of\\nthese providers\\u2019 opt-out mechanisms.\\n\\nAfter you opt out, you will still see advertisements, but they may not be as\\nrelevant to you.\\n\\nMobile Settings: You may manage the collection of information for interest-\\nbased advertising purposes in mobile apps via the device\\u2019s settings, including\\nmanaging the collection of location data. To opt out of mobile ad tracking\\nfrom Nielsen or other third parties, you can do so by selecting the \\u201cLimit Ad\\nTracking\\u201d (for iOS devices) or \\u201cOpt out of Ads Personalization\\u201d (for Android\\ndevices) options in your device settings.\\n\\nConnected Devices: For connected devices, such as smart TVs or streaming\\ndevices, you should review the device\\u2019s settings and select the option that\\nallows you to disable automatic content recognition or ad tracking. Typically,\\nto opt out, such devices require you to select options like \\u201climit ad\\ntracking\\u201d or to disable options such as \\u201cinterest-based advertising,\\u201d\\n\\u201cinteractive TV,\\u201d or \\u201csmart interactivity\\u201d. These settings vary by device\\ntype.\\n\\nCross-Device Tracking: If you would like to opt out of our browser-based\\ncross-device tracking for advertising purposes, you may do so by using the\\nvarious methods described above. You must opt out separately on each device\\nand each browser that you use. For more information about cross-device\\nmatching, please visit the Network Advertising Initiative or the Digital\\nAdvertising Alliance. If you opt out of cross-device tracking for advertising\\npurposes, we may still conduct cross-device tracking for other purposes, such\\nas analytics.\\n\\nConsequences of Deactivation of Cookies: If you disable or remove Cookies,\\nsome parts of the Services may not function properly. Information may still be\\ncollected and used for other purposes, such as research, online services\\nanalytics or internal operations, and to remember your opt-out preferences.\\n\\nCONTACT US\\n\\nFor inquiries about this Cookies Notice, please contact us at\\nPrivacy@nbcuni.com or Chief Privacy Officer, NBCUniversal Legal Department, 30\\nRockefeller Plaza, New York, NY 10112, US.\\n\\nFor inquiries from users who reside in the European Economic Area, the United\\nKingdom or Switzerland, please contact us at Privacy@nbcuni.com or Privacy,\\nLegal Department, Central Saint Giles, St Giles High Street, London, WC2H 8NU,\\nUK\\n\\nCHANGES TO THIS NOTICE\\n\\nThis Notice may be revised occasionally and in accordance with legal\\nrequirements. Please revisit this Cookie Notice regularly to stay informed\\nabout our and our analytic and advertising partners\\u2019 use of Cookies.\\n\\n#### Strictly Necessary Cookies\\n\\nAlways Active\\n\\nThese Cookies are required for Service functionality, including security and\\nfraud prevention, and to enable any purchasing capabilities. You can set your\\nbrowser to block these Cookies, but some parts of the site may not function\\nproperly.\\n\\n### Cookie List\\n\\nlabel\\n\\nConsent Leg.Interest\\n\\nlabel\\n\\nlabel\\n\\nlabel\\n\\n\", \"frontpage\": false}"}
