{"value":"{\"aid\": \"40191510\", \"title\": \"Show HN: Dotenv, if it is a Unix utility\", \"url\": \"https://github.com/gyf304/dotenv\", \"domain\": \"github.com/gyf304\", \"votes\": 8, \"user\": \"gyf304\", \"posted_at\": \"2024-04-28 20:25:46\", \"comments\": 0, \"source_title\": \"GitHub - gyf304/dotenv: Standalone, language agnostic dotenv\", \"source_text\": \"GitHub - gyf304/dotenv: Standalone, language agnostic dotenv\\n\\nSkip to content\\n\\n## Navigation Menu\\n\\nSign in\\n\\n# Search code, repositories, users, issues, pull requests...\\n\\nSearch syntax tips\\n\\nSign in\\n\\nSign up\\n\\nYou signed in with another tab or window. Reload to refresh your session. You\\nsigned out in another tab or window. Reload to refresh your session. You\\nswitched accounts on another tab or window. Reload to refresh your session.\\nDismiss alert\\n\\ngyf304 / dotenv Public\\n\\n  * Notifications\\n  * Fork 0\\n  * Star 16\\n\\nStandalone, language agnostic dotenv\\n\\n### License\\n\\nView license\\n\\n16 stars 0 forks Branches Tags Activity\\n\\nStar\\n\\nNotifications\\n\\n# gyf304/dotenv\\n\\nThis commit does not belong to any branch on this repository, and may belong\\nto a fork outside of the repository.\\n\\n1 Branch\\n\\n0 Tags\\n\\n## Folders and files\\n\\nName| Name| Last commit message| Last commit date  \\n---|---|---|---  \\n  \\n## Latest commit\\n\\ngyf304consistently treat both \\\\r and \\\\n as line endingApr 28, 2024925318f \\u00b7\\nApr 28, 2024Apr 28, 2024\\n\\n## History\\n\\n9 Commits  \\n  \\n### .github/workflows\\n\\n|\\n\\n### .github/workflows\\n\\n| init| Apr 28, 2024  \\n  \\n### .gitignore\\n\\n|\\n\\n### .gitignore\\n\\n| init| Apr 28, 2024  \\n  \\n### LICENSE\\n\\n|\\n\\n### LICENSE\\n\\n| readme, manual, license| Apr 28, 2024  \\n  \\n### Makefile\\n\\n|\\n\\n### Makefile\\n\\n| update readme| Apr 28, 2024  \\n  \\n### README.md\\n\\n|\\n\\n### README.md\\n\\n| improve README| Apr 28, 2024  \\n  \\n### README.pre.md\\n\\n|\\n\\n### README.pre.md\\n\\n| improve README| Apr 28, 2024  \\n  \\n### dotenv.1\\n\\n|\\n\\n### dotenv.1\\n\\n| update documentation| Apr 28, 2024  \\n  \\n### dotenv.c\\n\\n|\\n\\n### dotenv.c\\n\\n| consistently treat both \\\\r and \\\\n as line ending| Apr 28, 2024  \\n  \\n## Repository files navigation\\n\\nPrefix any command with dotenv to load environment variables from a file named\\n.env in the current directory.\\n\\n    \\n    \\n    dotenv sh -c 'echo $MY_VAR'\\n\\nAlternatively put dotenv in the shebang line of a script to automatically load\\nenvironment variables.\\n\\n    \\n    \\n    #!/usr/bin/env -S dotenv bash echo $MY_VAR\\n\\ndotenv is a tiny, self-contained utility.\\n\\nThis README file contains the installation instructions and the manpage for\\nthe dotenv utility.\\n\\n# INSTALL\\n\\ndotenv can be installed on a Unix-like system with a C compiler and make\\ninstalled by running the following commands:\\n\\n    \\n    \\n    make sudo make install\\n\\nThis will install the dotenv binary to /usr/local/bin, and the manpage to\\n/usr/local/share/man/man1.\\n\\nDOTENV(1) - General Commands Manual\\n\\n# NAME\\n\\ndotenv - load environment variables from a file\\n\\n# SYNOPSIS\\n\\ndotenv program ...\\n\\n# DESCRIPTION\\n\\nThe dotenv utility reads a file (by default .env in the current directory) and\\nloads the environment variables from it. It then executes the specified\\nprogram with the loaded environment variables. If no dotenv file is found, it\\nwill execute the program with the current environment.\\n\\n# ENVIRONMENT VARIABLES\\n\\nDOTENV_PATH\\n\\n> The path to the dotenv file. If not set, the default path is .env in the\\n> current directory.\\n\\nDOTENV_CONFIG_PATH\\n\\n> Same as DOTENV_PATH for compatibility with the original nodejs dotenv\\n> implementation.\\n\\n# EXAMPLES\\n\\nRun the env(1) command with the environment variables loaded from the .env\\nfile in the current directory:\\n\\n    \\n    \\n    $ dotenv env\\n\\nSame as above but with a custom dotenv file path:\\n\\n    \\n    \\n    $ DOTENV_PATH=.env2 dotenv env\\n\\nUse dotenv in the shebang line of a script:\\n\\n    \\n    \\n    #!/usr/bin/env -S dotenv bash echo $MY_VAR\\n\\n# FILE FORMAT\\n\\nThe file format is a list of key-value pairs, one per line. The key and value\\nare separated by an equal sign. Whitespaces around keys and values are\\nignored. A line is terminated by a newline character or a carriage return.\\nComments can be added using a hash sign (#) either at the start of a line or\\ninline. For values that contain a hash sign, the value must be quoted. Values\\ncan be optionally quoted with single or double quotes. If quoted, the\\nfollowing escape sequences are supported:\\n\\n\\\\n\\n\\n> A newline.\\n\\n\\\\r\\n\\n> A carriage return.\\n\\n\\\\t\\n\\n> A tab.\\n\\n\\\\'\\n\\n> A single quote.\\n\\n\\\\\\\"\\n\\n> A double quote.\\n\\n\\\\\\\\\\\\\\n\\n> A backslash.\\n\\n# SEE ALSO\\n\\nenv(1)\\n\\n# AUTHORS\\n\\nYifan Gu <me@yifangu.com>\\n\\nUnknown OS - April 28, 2024\\n\\n## About\\n\\nStandalone, language agnostic dotenv\\n\\n### Resources\\n\\nReadme\\n\\n### License\\n\\nView license\\n\\nActivity\\n\\n### Stars\\n\\n16 stars\\n\\n### Watchers\\n\\n1 watching\\n\\n### Forks\\n\\n0 forks\\n\\nReport repository\\n\\n## Releases\\n\\nNo releases published\\n\\n## Packages 0\\n\\nNo packages published\\n\\n## Languages\\n\\n  * C 55.4%\\n  * Roff 28.7%\\n  * Makefile 15.9%\\n\\n## Footer\\n\\n\\u00a9 2024 GitHub, Inc.\\n\\nYou can\\u2019t perform that action at this time.\\n\\n\", \"frontpage\": true}"}
