{"value":"{\"aid\": \"40191701\", \"title\": \"The Happiness Trinity\", \"url\": \"https://www.theatlantic.com/ideas/archive/2024/04/happiness-marriage-money-satisfaction/678185/\", \"domain\": \"theatlantic.com\", \"votes\": 1, \"user\": \"throw0101c\", \"posted_at\": \"2024-04-28 20:46:29\", \"comments\": 0, \"source_title\": \"The Happiness Trinity\", \"source_text\": \"The Happiness Trinity - The Atlantic\\n\\nWork in Progress\\n\\n# The Happiness Trinity\\n\\nWhy it\\u2019s so hard to answer the question What makes us happiest?\\n\\nBy Derek Thompson\\n\\nIllustration by The Atlantic. Source: Getty.\\n\\nApril 26, 2024\\n\\nListen to this article\\n\\n00:00\\n\\n09:47\\n\\nProduced by ElevenLabs and News Over Audio (NOA) using AI narration.\\n\\nThis is Work in Progress, a newsletter about work, technology, and how to\\nsolve some of America\\u2019s biggest problems. Sign up here.\\n\\nAfter writing about how and why Americans are depressed, I thought I\\u2019d turn\\nthings around for a change. What matters most for happiness\\u2014marriage, money,\\nor something else entirely?\\n\\nThe message of W. Bradford Wilcox\\u2019s new book is right there in the title: Get\\nMarried. \\u201cMarital quality is, far and away, the top predictor I have run\\nacross of life satisfaction in America,\\u201d Wilcox writes. \\u201cWhen it comes to\\npredicting overall happiness, a good marriage is far more important than how\\nmuch education you get, how much money you make, how often you have sex, and,\\nyes, even how satisfied you are with your work.\\u201d According to survey data from\\nGallup, matrimony improves every flavor of well-being you can think of.\\nMarried couples experience more \\u201cenjoyment,\\u201d less \\u201cworry,\\u201d less \\u201csadness,\\u201d\\nless \\u201cstress,\\u201d less \\u201canger,\\u201d and much, much less \\u201cloneliness.\\u201d\\n\\nWilcox is not unusual in hailing the salubrious effects of getting hitched. As\\nmy colleague Olga Khazan has reported, a recent analysis of General Social\\nSurvey data found that Americans\\u2019 happiness generally declined from the 1970s\\nto 2020. The author of the paper, the University of Chicago economist Sam\\nPeltzman, concluded that, after adjusting for demographics, one thing\\nexplained \\u201cmost of the recent decline in overall happiness\\u201d: the decline of\\nmarriage.\\n\\nThat would seem dispositive\\u2014the definitive answer to my question. But marriage\\nis a lot of things at once. Legally speaking, marriage is a license.\\nPractically speaking, marriage is love, friendship, sex, joint checking\\naccounts, coffee routines, co-parenting, and the sheer fact of another person\\njust being there all the time.\\n\\nI focused on this last aspect when I recently interviewed Robert Waldinger and\\nMarc Schulz, the director and the associate director of the Harvard Study of\\nAdult Development, which is the longest-running study of adult happiness ever\\nconducted. In their book, The Good Life, Waldinger and Schulz proposed that\\nthe most important predictor of lifelong well-being was \\u201csocial fitness,\\u201d\\ntheir term for the quality of relationships in our lives, across family,\\nfriends, and community.\\n\\n\\u201cMost people find that marriage provides that secure base of attachment, that\\nsense of, \\u2018I\\u2019ve got somebody here when I\\u2019m in trouble,\\u2019\\u201d Waldinger told me.\\n\\u201cBut then what we discovered was that marriage provides all these benefits\\nthat are quite mundane, like somebody who gets you to remember to eat,\\nsomebody who gets you to remember to go to the doctor, to take your\\nmedication. It sounds trivial, except it turns out to really matter for\\nwhether you\\u2019re happy and whether you stay healthy.\\u201d\\n\\n## Recommended Reading\\n\\n  * ### Photos of Abandoned Russia\\n\\nAlan Taylor\\n\\n  * ### Gen-X Women Are Caught in a Generational Tug-of-War\\n\\nAda Calhoun\\n\\n  * ### Boys Are Not Defective\\n\\nAmanda Ripley\\n\\nSocial fitness isn\\u2019t marriage, exactly\\u2014it\\u2019s more like the genus under which\\nmarriage is the dominant species. Life is an obstacle course of one mess after\\nanother, Waldinger and Schulz told me; people need friends and companions to\\npull them through the Tough Mudder. But platonic relationships often ebb and\\nflow over time, as people change, switch jobs, and move around. There\\u2019s no\\nsuch thing as a legally binding social institution that forces platonic\\nfriends to maintain intimacy. But that\\u2019s exactly what marriage is (among other\\nthings): a legally binding social institution that encourages friends to\\nmaintain intimacy.\\n\\nI\\u2019m fond of the analysis and worldview of Wilcox, Peltzman, Waldinger, and\\nSchulz. There is something undeniably warm and comforting about the idea that\\nother people are the core of contentment. But sometimes, I get a nagging\\nsuspicion that all this talk about companionship overlooks a crucial pillar of\\nwell-being: money.\\n\\nAfter all, marriage and several key measures of social fitness rise and fall\\nwith income. High-income people are more likely to get married and less likely\\nto get divorced. And, in part because marriage allows people to combine\\nincomes and avoid redundant expenses, married people tend to be richer in\\ntheir 50s and 60s, Wilcox reminded me. When it comes to social fitness,\\nseveral surveys show that people with more money have more social time and are\\nless lonely.\\n\\nMaybe because high wealth is more exclusionary than marriage or\\nfriendship\\u2014it\\u2019s much easier to get married than to become a millionaire\\u2014we\\ndelude ourselves about the happiness premium of income. There is a popular\\nidea known as the Easterlin paradox, which says that the correlation between\\nrising incomes and rising well-being suddenly hits a ceiling around $75,000\\nfor an individual, in 2010 dollars. But this theory is almost certainly\\nfalse\\u2014and, indeed, it has been repeatedly falsified. In a 2012 paper, the\\neconomists Daniel Sacks, Betsey Stevenson, and Justin Wolfers concluded that\\n\\u201cdata show no evidence for a satiation point above which income and well-being\\nare no longer related.\\u201d Rather, the correlation weakens a bit over time, in a\\nway that\\u2019s totally intuitive. It feels better to get a $5,000 raise if you\\u2019re\\nearning $40,000 as a restaurant server than it does if you\\u2019re already earning\\n$10 million as a chief executive.\\n\\nLast week, I called Gallup\\u2019s principal economist, Jonathan Rothwell, and\\nrepeated a version of my initial question: What matters most for\\nhappiness\\u2014marriage, social well-being, or income? Rothwell, to his credit,\\ntold me that the question would be incredibly difficult to answer to any level\\nof full satisfaction, but he\\u2019d give it a try anyway. A frequent writer on\\nhappiness issues, Rothwell defines happiness using a statistical measure\\ncalled \\u201cthriving in well-being,\\u201d which combines current life evaluations with\\nfuture life evaluations. This is because happiness is a slippery thing to\\ndefine temporally. If I am having a bad day but am generally happy with my\\nlife, that\\u2019s not misery; if I am having a good week but am miserably depressed\\nabout the next five years of my life, that\\u2019s not contentment.\\n\\nAfter a day or two crunching data, Rothwell got back to me with the results.\\nHe told me that his analyses clearly confirmed Wilcox\\u2019s theory: Marriage\\ndefinitely, definitely matters, a lot. It improves well-being in every\\ndimension, for every level of income. Overall, the average marriage-happiness\\npremium was about 18 percent. That is, among all adults aged 30 to 50, about\\n41 percent of unmarried adults said they were thriving versus nearly 60\\npercent of married adults.\\n\\nBut when he compared happiness across income levels, another story emerged.\\nIncome, he said, plays an enormous role in predicting happiness as well. Low-\\nincome adults in Gallup\\u2019s survey were mostly unhappy, whether or not they were\\nmarried. The highest-income adults were mostly quite happy, whether or not\\nthey are married. For example, married couples who earn less than $48,000 as a\\nhousehold are as likely to say they\\u2019re happy as single adults who earn $48,000\\nto $60,000, and a married couple who make $90,000 to $180,000 as a household\\nis almost exactly as likely to say they\\u2019re happy as a single person making\\n$180,000 to $240,000.\\n\\nFinally, Rothwell ran a test to isolate the correlative strength of several\\nfactors, including education, religion, marriage, income, and career\\nsatisfaction. Marriage was strongly correlated with his measure of happiness,\\neven after accounting for these other factors. But social well-being (Gallup\\u2019s\\nproxy for what Waldinger and Schulz call \\u201csocial fitness,\\u201d which includes\\nrating on the quality of marriages and close relationships) was even stronger.\\nIncome was stronger still. And financial well-being\\u2014that is, having enough\\nmoney to do what you want to do and feeling satisfied with your standard of\\nliving\\u2014was the best predictor of Gallup\\u2019s definition of thriving.\\n\\nOne could draw a snap judgment from this analysis and conclude that money, in\\nfact, simply buys happiness. I think that would be the wrong conclusion.\\nClever sociologists will always find new ways of \\u201ccalculating\\u201d that marriage\\nmatters most, or social fitness explains all, or income is paramount. But the\\nsubtler truth seems to be that finances, family, and social fitness are three\\nprongs in a happiness trinity. They rise together and fall together. Low-\\nincome Americans have seen the largest declines in marriage and experience the\\nmost loneliness. High-income Americans marry more and have not only richer\\ninvestment accounts but also richer social lives. In this light, the\\nphilosophical question of what contributes most to happiness is just the\\nbeginning. The deeper question is why the trinity of happiness is so\\nstratified by income\\u2014and whether well-being in America is in danger of\\nbecoming a luxury good.\\n\\nDerek Thompson is a staff writer at The Atlantic and the author of the Work in\\nProgress newsletter.\\n\\n\", \"frontpage\": false}"}
