{"value":"{\"aid\": \"40191494\", \"title\": \"Consciousness is simple. Simple is hard. AI can have it\", \"url\": \"https://saigaddam.medium.com/conscious-is-simple-and-ai-can-have-it-d51dcec709e7\", \"domain\": \"saigaddam.medium.com\", \"votes\": 1, \"user\": \"baxtr\", \"posted_at\": \"2024-04-28 20:23:28\", \"comments\": 0, \"source_title\": \"Just a moment...\", \"source_text\": \"Just a moment...\\n\\n# saigaddam.medium.com\\n\\n## Verifying you are human. This may take a few seconds.\\n\\nsaigaddam.medium.com needs to review the security of your connection before\\nproceeding.\\n\\nVerification successful\\n\\nWaiting for saigaddam.medium.com to respond...\\n\\nRay ID: 87ba8686cc536919\\n\\nPerformance & security by Cloudflare\\n\\n\", \"frontpage\": false}"}
