{"value":"{\"aid\": \"40192423\", \"title\": \"The Birthplace of AI\", \"url\": \"https://www.privatdozent.co/p/the-birth-of-ai-1956\", \"domain\": \"privatdozent.co\", \"votes\": 2, \"user\": \"chmaynard\", \"posted_at\": \"2024-04-28 22:08:11\", \"comments\": 0, \"source_title\": \"The Birthplace of AI (1956)\", \"source_text\": \"The Birthplace of AI (1956) - by J\\u00f8rgen Veisdal\\n\\n# Privatdozent\\n\\nShare this post\\n\\n#### The Birth of AI (1956)\\n\\nwww.privatdozent.co\\n\\nEssays\\n\\n# The Birth of AI (1956)\\n\\nJ\\u00f8rgen Veisdal\\n\\nApr 28, 2024\\n\\n7\\n\\nShare this post\\n\\n#### The Birth of AI (1956)\\n\\nwww.privatdozent.co\\n\\n1\\n\\nShare\\n\\nLeft: Marvin Minsky, Claude Shannon, Ray Solomonoff and other scientists at\\nthe Dartmouth Summer Research Project on Artificial Intelligence (Photo:\\nMargaret Minsky). Right: A Proposal for the Dartmouth Summer Research Project\\non Artificial Intelligence (1955)\\n\\nThe Dartmouth Summer Research Project on Artificial Intelligence was an\\nacademic workshop sometimes considered to be the founding moment for\\nartificial intelligence as a field of research. Held for eight weeks in\\nHanover, New Hampshire in 1956, the conference gathered twenty or so of the\\nbrightest minds in computer- and cognitive science for a workshop committed to\\nthe idea that:\\n\\n> \\\"..every aspect of learning or any other feature of intelligence can in\\n> principle be so precisely described that a machine can be made to simulate\\n> it. An attempt will be made to find how to make machines use language, form\\n> abstractions and concepts, solve kinds of problems now reserved for humans,\\n> and improve themselves. We think that a significant advance can be made in\\n> one or more of these problems if a carefully selected group of scientists\\n> work on it together for a summer.\\\"\\n>\\n> \\u2014 A Proposal for the Dartmouth Summer Research Project on Artificial\\n> Intelligence (McCarthy et al, 1955)\\n\\nNow seventy or so years later, their vision seems as potent as ever before.\\nThis essay is about the 1956 workshop, its members and their various\\ncontributions to the nascent field of artificial intelligence.\\n\\nPrivatdozent is a reader-supported publication\\n\\n###\\n\\nMotivation\\n\\nPrior to the conference, then-Assistant Professor of Mathematics at Dartmouth\\nCollege John McCarthy (1927-2011) and Claude Shannon (1916-2001) at MIT had\\nbeen co-editing the 34th volume of the journal Annals of Mathematics Studies,\\non Automata Studies (Shannon & McCarthy, 1956).\\n\\nFront cover and table of contents of Automata Studies (AM-34), edited by\\nShannon & McCarthy\\n\\nAutomata are self-operating machines designed to automatically follow\\npredetermined sequences of operations or respond to predetermined\\ninstructions. As engineering mechanisms they appear in a wide variety of\\neveryday applications such as mechanical clocks where a hammer strikes a bell\\nor a cuckoo appears to sing. Among those who contributed chapters to the book\\nwere John von Neumann (1903-57) and Stephen Cole Kleene (1909-94). According\\nto James Moor (2006), though, McCarthy was ultimately disappointed in the book\\nand its lack of emphasis on the possibilities of computers possessing\\nintelligence beyond the rather trivial/simple behaviors of automata. As he\\nlater stated:\\n\\n> \\u201cAt the time I believed if only we could get everyone who was interested in\\n> the subject together to devote time to it and avoid distractions, we could\\n> make real progress\\u201d\\n\\nThe initial group McCarthy had in mind included Marvin Minsky (1927-2016) whom\\nhe had known since they were graduate students together at Fine Hall in the\\nearly 1950s. The two had talked about artificial intelligence before, and\\nMinsky\\u2019s Ph.D. dissertation (in mathematics) had been on neural nets (Moor,\\n2006) and the structure of the human brain (Nasar, 1998). Minsky and McCarthy\\nhad both been hired by Bell Labs in 1952. There, McCarthy learned that (the\\nmuch more senior) Shannon too was interested in the topic. Finally, McCarthy\\nhad run into Nathaniel Rochester (1919-2001) at MIT when IBM was gifting the\\ninstitution with its first computer. Rochester too showed interest in\\nartificial intelligence, and so the four agreed to submit a proposal for a\\nworkshop (McCorduck, 1979).\\n\\n##\\n\\nThe Proposal\\n\\n> \\u201cWe propose that a two-month, ten-man study of artificial intelligence be\\n> carried out during the summer of 1956 at Dartmouth College in Hanover, New\\n> Hampshire\\u201d\\n\\nThe written proposal to the Rockefeller Foundation was first formulated by\\nMcCarthy at Dartmouth and Minsky, then at Harvard. They brought their proposal\\nto Shannon at Bell and Rochester at IBM and got their signatures (Crevier,\\n1993). The proposal went as follows (McCarthy et al, 1955, reprinted in AI\\nMagazine Volume 27, Number 4 pp. 12\\u201314):\\n\\n> A Proposal for the Dartmouth Summer Research Project on Artificial\\n> Intelligence (August 31st, 1955)\\n>\\n> We propose that a 2 month, 10 man study of artificial intelligence be\\n> carried out during the summer of 1956 at Dartmouth College in Hanover, New\\n> Hampshire. The study is to proceed on the basis of the conjecture that every\\n> aspect of learning or any other feature of intelligence can in principle be\\n> so precisely described that a machine can be made to simulate it. An attempt\\n> will be made to find how to make machines use language, form abstractions\\n> and concepts, solve kinds of problems now reserved for humans, and improve\\n> themselves. We think that a significant advance can be made in one or more\\n> of these problems if a carefully selected group of scientists work on it\\n> together for a summer. The following are some aspects of the artificial\\n> intelligence problem:\\n>\\n> 1\\\\. Automatic Computers. If a machine can do a job, then an automatic\\n> calculator can be programmed to simulate the machine. The speeds and memory\\n> capacities of present computers may be insufficient to simulate many of the\\n> higher functions of the human brain, but the major obstacle is not lack of\\n> machine capacity, but our inability to write programs taking full advantage\\n> of what we have.\\n>\\n> 2\\\\. How Can a Computer be Programmed to Use a Language. It may be speculated\\n> that a large part of human thought consists of manipulating words according\\n> to rules of reasoning and rules of conjecture. From this point of view,\\n> forming a generalization consists of admitting a new word and some rules\\n> whereby sentences containing it imply and are implied by others. This idea\\n> has never been very precisely formulated nor have examples been worked out.\\n>\\n> 3\\\\. Neuron Nets. How can a set of (hypothetical) neurons be arranged so as\\n> to form concepts. Considerable theoretical and experimental work has been\\n> done on this problem by Uttley, Rashevsky and his group, Farley and Clark,\\n> Pitts and McCulloch, Minsky, Rochester and Holland, and others. Partial\\n> results have been obtained but the problem needs more theoretical work.\\n>\\n> 4\\\\. Theory of the Size of a Calculation. If we are given a well-defined\\n> problem (one for which it is possible to test mechanically whether or not a\\n> proposed answer is a valid answer) one way of solving it is to try all\\n> possible answers in order. This method is inefficient, and to exclude it one\\n> must have some criterion for efficiency of calculation. Some consideration\\n> will show that to get a measure of the efficiency of a calculation it is\\n> necessary to have on hand a method of measuring the complexity of\\n> calculating devices which in turn can be done if one has a theory of the\\n> complexity of functions. Some partial results on this problem have been\\n> obtained by Shannon, and also by McCarthy.\\n>\\n> 5\\\\. Self-improvement. Probably a truly intelligent machine will carry out\\n> activities which may best be described as self-improvement. Some schemes for\\n> doing this have been proposed and are worth further study. It seems likely\\n> that this question can be studied abstractly as well.\\n>\\n> 6\\\\. Abstractions. A number of types of \\u201cabstraction\\u201d can be distinctly\\n> defined and several others less distinctly. A direct attempt to classify\\n> these and to describe machine methods of forming abstractions from sensory\\n> and other data would seem worthwhile.\\n>\\n> 7\\\\. Randomness and Creativity. A fairly attractive and yet clearly\\n> incomplete conjecture is that the difference between creative thinking and\\n> unimaginative competent thinking lies in the injection of a some randomness.\\n> The randomness must be guided by intuition to be efficient. In other words,\\n> the educated guess or the hunch include controlled randomness in otherwise\\n> orderly thinking.\\n\\nIncluded with the proposal were short biographies of its authors and\\nsignatories.\\n\\nShannon, 40 years old in 1956, in his bio highlighted his contributions to the\\nstatistical theory of information, his work on switching circuits, the design\\nof machines that learn, cryptography and theoretical computing (Turing\\nmachines). By this point an established senior researcher, Shannon had\\npublished A Mathematical Theory of Communication in 1948 (now among the most\\nhighest cited papers ever) and introduced the Shannon cipher in the 1949 paper\\nCommunication Theory and Secrecy Systems. He completed his Ph.D. at MIT in\\n1940 before moving to Princeton to be a National Research Fellow at the\\nInstitute for Advanced Study. There, he discussed his work with, among others,\\nvon Neumann and Hermann Weyl (1885-1955).\\n\\nLike Shannon, McCarthy (29 years old in 1956) in his biography highlights his\\nwork on theoretical computing, as well as his work on the mathematical nature\\nof the relationship between a brain model and its environment, and the use of\\nlanguages by machines. While still an undergraduate at the California\\nInstitute of Technology, McCarthy in 1948 attended the Hixon Symposium on\\nCerebral Mechanisms in Behavior. There, von Neumann presented the paper The\\nGeneral and Logical Theory of Automata, which inspired McCarthy to think about\\ndeveloping machines that could think as people do. That same year, he entered\\ngraduate school for mathematics at Caltech, but decided to move to Princeton\\nin 1949. There he met Minsky, who was also pursuing a Ph.D. in mathematics.\\nAfter completing his Ph.D., in 1952 McCarthy, alongside Minsky, was invited by\\nShannon to work at Bell Labs for the summer.\\n\\nMinsky had come to Princeton in 1950 after receiving a B.A. in mathematics\\nfrom Harvard. He completed his Ph.D., on Neural Nets and the Brain Model\\nProblem in 1954. In his biography for the proposal, Minsky highlights having\\n\\u201cbuilt a machine for simulating learning by nerve nets\\u201d. The result had\\nimpressed Shannon, von Neumann and Norbert Wiener (1894-1964) sufficiently for\\nthem all to recommend him for an appointment at Harvard, which he held from\\n1954-57.\\n\\nNathaniel Rochester was by 1954 a senior engineer at IBM and its manager of\\ninformation research. There, he had worked on \\u201cradar technology for seven\\nyears and computing machinery for seven years\\u201d. Jointly with Jerrier Haddad\\n(1922-2017), Rochester had been responsible for the design of the IBM 701,\\nIBM\\u2019s first commercial scientific computer. Its design was based on the IAS\\nmachine at Princeton, sometimes referred to as the \\u2018von Neumann\\u2019 machine based\\non the von Neumann architecture. Rochester wrote the first assembler in 1951\\nand had by 1956 also worked on simulation of nerve nets for the purpose of\\ntesting theories in neurophysiology.\\n\\n##\\n\\nAttendees\\n\\nAlthough they came from a wide variety of backgrounds (mathematics,\\npsychology, electrical engineering and more) the attendees at the 1956\\nDartmouth conference shared a common defining belief that the act of thinking\\nis something not unique either to humans or indeed even biological beings.\\nRather, thinking is a form of computation, which is a formally deducible\\nphenomenon that can be understood in a scientific way. The best nonhuman\\ninstrument for doing so is the digital computer (McCormack, 1979). Shannon,\\nMcCarthy, Minsky and Rochester each invited people who shared their beliefs.\\nAccording to notes written by Ray Solomonoff (1926-2009), twenty people\\nattended over the eight week period. Among them were future Nobel laureates\\nNash and Herbert A. Simon (1916\\u20132001). The former was likely invited by\\nMinsky, as Nash had helped Minsky solve a problem for his dissertation. Simon\\nwas likely either invited by McCarthy himself or by extension through Allen\\nNewell (1927-1992), as the two had worked together at IBM in 1955.\\n\\nAccording to one of McCarthy\\u2019s communications from May of 1956, Simon was\\nscheduled to attend for the first two weeks of the workshop. Then a Professor\\nof Administration at Carnegie Mellon (then Carnegie Tech), Simon had been\\nworking on decision making problems (so-called \\u201cadministrative behavior\\u201d)\\nsince receiving his Ph.D. in 1947 from the University of Chicago. He would go\\non to win the 1978 Nobel Memorial Prize in Economics for this work, and more\\nbroadly for \\u201chis pioneering research into the decision-making process within\\neconomic organizations\\u201d. At the time of the conference, he was collaborating\\nwith Newell and Cliff Shaw (1922-91) on the computer language \\u2018the Information\\nProcessing Language\\u2019 (IPL) and the pioneering computer programs Logic Theorist\\n(1956) and General Problem Solver (1959). The former was the first program\\nengineered to mimic the problem solving abilities of a human, and would\\neventually solve 38 of the first 52 theorems in Whitehead and Russell\\u2019s\\nPrincipia Mathematica, even finding new and more elegant proofs than those\\nproposed in 1912. The second was intended to work as a universal problem\\nsolving machine, which could solve any problem that is sufficiently formally\\nexpressed. It would evolve into the Soar architecture for artificial\\nintelligence.\\n\\nSimon\\u2019s collaborator Allen Newell also attended for the first two weeks of the\\nseminar. The two had first met at the RAND Corporation in 1952 and created the\\nIPL programming language together in 1956. The language was the first to\\nintroduce list manipulation, property lists, higher-order functions,\\ncomputation with symbols and virtual machines to digital computing languages.\\nNewell was also the programmer who first introduced list processing, the\\napplication of means-ends analysis to general reasoning, and using heuristics\\nto limit the search space of a program. A year before the conference, Newell\\nhas published a paper entitled The Chess Machine: An Example of Dealing with a\\nComplex Task by Adaptation, which included a theoretical outline of\\n\\n> \\\"..an imaginative design for a computer program to play chess in humanoid\\n> fashion, incorporating notions of goals, aspiration levels for terminating\\n> search, satisfying with \\\"good enough\\\" moves, multidimensional evaluation\\n> functions, the generation of subgoals to implement goals and something like\\n> best first search. Information about the board was to be was to be expressed\\n> symbolically in a language resembling the predicate calculus.\\\"\\n>\\n> \\\\- Excerpt, \\\"Allen Newell\\\" in Biographical Memoirs (1997) by Herbert A\\n> Simon.\\n\\nNewell attributed the idea that lead to the paper to a \\u201cconversion experience\\u201d\\nhe had while in a seminar in 1954 listening to Oliver Selfridge (1926-2008),\\nstudent of Wiener, describing \\u201crunning a computer program that learned to\\nrecognize letters and other patterns\\u201d (Simon, 1997). Selfridge attended the\\nworkshop for four weeks. He would go on to write important early papers on\\nneural networks, pattern recognition and machine learning. His Pandemonium\\npaper (1959) is considered a classic in artificial intelligence circles.\\n\\nLeft to right: Julian Bigelow, Herman Goldstine, J. Robert Oppenheimer and\\nJohn von Neumann in front of the \\u201cIAS machine\\u201d at the Institute for Advanced\\nStudy\\n\\nPioneering computer engineer Julian Bigelow (1913-2003) also attended. Bigelow\\nhad worked with Wiener on one the founding papers on cybernetics and was hired\\nby von Neumann to build the IAS machine (or \\u201cthe MANIAC\\u201d) at the Institute for\\nAdvanced study in 1946, on the former\\u2019s recommendation.\\n\\nOther attendees included Trenchard More (1930-2019), W. Ross Ashby (1903-72),\\nW.S. McCulloch (1898-1969), Abraham Robinson (1918-74), David Sayre\\n(1924-2012), Arthur Samuel (1901-1990) and Kenneth R. Shoulders (1927-2013).\\n\\n##\\n\\nOutcomes\\n\\nSomewhat ironically, the \\u201cintense and sustained two months of scientific\\nexchange\\u201d envisioned by McCarthy prior to the workshop never actually quite\\ntook place As McCormack (1979) writes:\\n\\n> \\u201cAnybody who was there was pretty stubborn about pursuing the ideas that he\\n> had before he came, nor was there, as far as I could see, any real exchange\\n> of ideas. People came for different periods of time. The idea was that\\n> everyone would agree to come for six weeks, and the people came for periods\\n> ranging from two days to the whole six weeks, so not everybody was there at\\n> once. It was a great disappointment to me because it really meant that we\\n> couldn\\u2019t have regular meetings.\\u201d\\n\\nSome tangible outcomes can however still be deduced. First of all, the term\\nartificial intelligence (AI) itself was first coined by McCarthy during the\\nconference. Of important work directly related to the same period of time as\\nthe conference, McCarthy later emphasized the works of Newell, Shaw and Simon\\non the Information Processing Language (IPL) and their Logic Theory Machine\\n(Moor, 2006).\\n\\nOne of the conference\\u2019s attendees, Arthur Samuel, would go on to coin the term\\n\\u201cmachine learning\\u201d in 1959 and create the Samuel Checkers-playing program, one\\nof the world\\u2019s first successful self-learning programs. Selfridge is now often\\nreferred to as \\u201cFather of Machine Perception\\u201d for his research into pattern-\\nrecognition. Minsky would go on to win the Turing award in 1969 for his\\n\\u201ccentral role in creating, shaping, promoting and advancing the field of\\nartificial intelligence\\u201d. Newell and Simon would go on to win the same award\\nin 1975 for their contributions to \\u201cartificial intelligence and the psychology\\nof human cognition\\u201d.\\n\\nThe entire proposal, including its budget, is available on Stanford\\u2019s website\\nhere.\\n\\nI hope you enjoyed this essay,\\n\\nBest\\n\\nJ\\u00f8rgen\\n\\n###\\n\\nRelated Privatdozent Essays\\n\\n#### Can We Survive Technology? \\u2014 John von Neumann (1955)\\n\\nJ\\u00f8rgen Veisdal\\n\\n\\u00b7\\n\\nOctober 31, 2021\\n\\nRead full story\\n\\n#### The Absent-Minded Father of Cybernetics, Norbert Wiener\\n\\nJ\\u00f8rgen Veisdal\\n\\n\\u00b7\\n\\nAugust 22, 2021\\n\\nRead full story\\n\\n#### The Beautiful Life of John Forbes Nash, Jr.\\n\\nJ\\u00f8rgen Veisdal\\n\\n\\u00b7\\n\\nMarch 23, 2022\\n\\nRead full story\\n\\n#### The Unparalleled Genius of John von Neumann\\n\\nJ\\u00f8rgen Veisdal\\n\\n\\u00b7\\n\\nMay 19, 2021\\n\\nRead full story\\n\\n#### The Birth of the Institute for Advanced Study (1930)\\n\\nJ\\u00f8rgen Veisdal\\n\\n\\u00b7\\n\\nAugust 26, 2022\\n\\nRead full story\\n\\n###\\n\\nAbout\\n\\nAt the time of the writing of this essay, the Privatdozent newsletter goes out\\nto 11,583 subscribers via Substack.\\n\\n###\\n\\nReferences\\n\\nCrevier, D., 1993. AI: The Tumultuous Search for Artificial Intelligence*. New\\nYork, NY: BasicBooks.\\n\\nGuizzo, E.M., 2003. The essential message: Claude Shannon and the making of\\ninformation theory (Doctoral dissertation, Massachusetts Institute of\\nTechnology).\\n\\nMcCarthy, J. Minsky, M., Rochester, N., Shannon, C.E., 1955. A Proposal for\\nthe Dartmouth Summer Research Project on Artificial Intelligence.,\\nhttp://raysolomonoff.com/dartmouth/boxa/dart564props.pdf August.\\n\\nMcCorduck, P., 2004. Machines Who Think*, A.K. Peters, Ltd, Second Edition.\\n\\nMoor, J., 2006. \\\"The Dartmouth College Artificial Intelligence Conference: The\\nNext Fifty years\\\", AI Magazine, Vol 27, No. 4, pp. 87\\u201389.\\n\\nNasar, S., 2011. A Beautiful Mind*, Simon and Schuster. New York, NY.\\n\\n* This essay contains Amazon Affiliate Links\\n\\n7\\n\\nShare this post\\n\\n#### The Birth of AI (1956)\\n\\nwww.privatdozent.co\\n\\n1\\n\\nShare\\n\\n1 Comment\\n\\nSaty Chary1 hr agoLiked by J\\u00f8rgen VeisdalWonderful writeup, thanks J\\u00d8RGEN\\n:)Expand full commentReplyShare  \\n---  \\n  \\nNo posts\\n\\nReady for more?\\n\\n\\u00a9 2024 Privatdozent\\n\\nPrivacy \\u2219 Terms \\u2219 Collection notice\\n\\nStart WritingGet the app\\n\\nSubstack is the home for great culture\\n\\nShare\\n\\n\", \"frontpage\": false}"}
