{"value":"{\"aid\": \"40191346\", \"title\": \"'Catastrophic grid failure' a possibility for Texas solar/wind/battery storage\", \"url\": \"https://www.houstonchronicle.com/business/energy/article/ercot-grid-failure-renewable-19416583.php\", \"domain\": \"houstonchronicle.com\", \"votes\": 23, \"user\": \"MilnerRoute\", \"posted_at\": \"2024-04-28 19:59:57\", \"comments\": 10, \"source_title\": \"Access to this page has been denied\", \"source_text\": \"Access to this page has been denied\\n\\nPress & Hold to confirm you are a human (and not a bot).\\n\\nHaving a problem?\\n\\nReference ID aa487886-05a5-11ef-a02d-59c5f73a89df\\n\\nReport a problem\\n\\nExperiencing issues with this page? please let us know:\\n\\nYou can contact us for assistance. You should use Ref ID:\\n\\naa487886-05a5-11ef-a02d-59c5f73a89df\\n\\nYou can also send us your feedback:\\n\\n\\u2713Thank you for the feedback\\n\\n\", \"frontpage\": true}"}
