{"value":"{\"aid\": \"40191693\", \"title\": \"E1S \\u2013 K9s for ECS\", \"url\": \"https://github.com/keidarcy/e1s\", \"domain\": \"github.com/keidarcy\", \"votes\": 1, \"user\": \"tildef\", \"posted_at\": \"2024-04-28 20:45:48\", \"comments\": 0, \"source_title\": \"GitHub - keidarcy/e1s: E1S - Easily Manage AWS ECS Resources in Terminal(~k9s for ECS) \\ud83d\\udc31\", \"source_text\": \"GitHub - keidarcy/e1s: E1S - Easily Manage AWS ECS Resources in Terminal(~k9s\\nfor ECS) \\ud83d\\udc31\\n\\nSkip to content\\n\\n## Navigation Menu\\n\\nSign in\\n\\n# Search code, repositories, users, issues, pull requests...\\n\\nSearch syntax tips\\n\\nSign in\\n\\nSign up\\n\\nYou signed in with another tab or window. Reload to refresh your session. You\\nsigned out in another tab or window. Reload to refresh your session. You\\nswitched accounts on another tab or window. Reload to refresh your session.\\nDismiss alert\\n\\nkeidarcy / e1s Public\\n\\n  * Notifications\\n  * Fork 7\\n  * Star 118\\n\\nE1S - Easily Manage AWS ECS Resources in Terminal(~k9s for ECS) \\ud83d\\udc31\\n\\ngithub.com/keidarcy/e1s\\n\\n### License\\n\\nMIT license\\n\\n118 stars 7 forks Branches Tags Activity\\n\\nStar\\n\\nNotifications\\n\\n# keidarcy/e1s\\n\\nThis commit does not belong to any branch on this repository, and may belong\\nto a fork outside of the repository.\\n\\n1 Branch\\n\\n30 Tags\\n\\n## Folders and files\\n\\nName| Name| Last commit message| Last commit date  \\n---|---|---|---  \\n  \\n## Latest commit\\n\\nkeidarcyfeat: support show tasks from cluster (#195)Apr 28, 20247f262d8 \\u00b7 Apr\\n28, 2024Apr 28, 2024\\n\\n## History\\n\\n230 Commits  \\n  \\n### .github\\n\\n|\\n\\n### .github\\n\\n| refactor: move kind to app struct| Mar 5, 2024  \\n  \\n### assets\\n\\n|\\n\\n### assets\\n\\n| docs: update readme 20240421 (#192)| Apr 21, 2024  \\n  \\n### cmd/e1s\\n\\n|\\n\\n### cmd/e1s\\n\\n| feat: support execute custom command (#193)| Apr 22, 2024  \\n  \\n### internal\\n\\n|\\n\\n### internal\\n\\n| feat: support show tasks from cluster (#195)| Apr 28, 2024  \\n  \\n### tests\\n\\n|\\n\\n### tests\\n\\n| feat: support show tasks from cluster (#195)| Apr 28, 2024  \\n  \\n### .gitignore\\n\\n|\\n\\n### .gitignore\\n\\n| unify lowercase (#181)| Apr 13, 2024  \\n  \\n### .goreleaser.yml\\n\\n|\\n\\n### .goreleaser.yml\\n\\n| unify lowercase (#181)| Apr 13, 2024  \\n  \\n### LICENSE\\n\\n|\\n\\n### LICENSE\\n\\n| init drop| Jun 18, 2023  \\n  \\n### Makefile\\n\\n|\\n\\n### Makefile\\n\\n| docs: update gif and readme (#183)| Apr 16, 2024  \\n  \\n### README.md\\n\\n|\\n\\n### README.md\\n\\n| feat: support show tasks from cluster (#195)| Apr 28, 2024  \\n  \\n### go.mod\\n\\n|\\n\\n### go.mod\\n\\n| deps: upgrade tview to latest version (2024-04-17) (#186)| Apr 17, 2024  \\n  \\n### go.sum\\n\\n|\\n\\n### go.sum\\n\\n| deps: upgrade tview to latest version (2024-04-17) (#186)| Apr 17, 2024  \\n  \\n## Repository files navigation\\n\\n# E1S - Easily Manage AWS ECS Resources in Terminal \\ud83d\\udc31\\n\\ne1s is a terminal application to easily browse and manage AWS ECS resources,\\nsupports both Fargate and EC2 launch types. Inspired by k9s.\\n\\n## AWS credentials and configuration\\n\\ne1s uses the default aws-cli configuration. It does not store or send your\\naccess and secret key anywhere. The access and secret key are used only to\\nsecurely connect to AWS API via AWS SDK. Both profile and region are\\noverridable via the AWS_PROFILE, AWS_REGION prepend environment variable or\\n--profile, --region option.\\n\\n## Installation\\n\\ne1s is available on Linux, macOS and Windows platforms.\\n\\n  * Binaries for Linux, Windows and Mac are available in the release page.\\n  * Via Homebrew for maxOS or Linux\\n\\n    \\n    \\n    brew install keidarcy/tap/e1s # upgrade # brew upgrade keidarcy/tap/e1s\\n\\n## Features\\n\\n### Basic\\n\\n  * Read only mode\\n  * Auto refresh\\n  * Describe clusters\\n  * Describe services\\n  * Describe tasks\\n  * Describe containers\\n  * Describe task definitions\\n  * Describe service autoscaling\\n  * Show cloudwatch logs(only support awslogs logDriver)\\n\\n    * Realtime log streaming(only support one log group)\\n  * Show Metrics\\n\\n    * CPUUtilization\\n    * MemoryUtilization\\n  * Show autoscaling target and policy\\n  * Open selected resource in browser(support new UI(v2))\\n  * Interactively exec towards containers(like ssh)\\n  * Edit service\\n\\n    * Desired count\\n    * Force new deployment\\n    * Task definition family\\n    * Task definition revision\\n  * Register new task definition\\n  * Start port forwarding session\\n  * Start remote host port forwarding session\\n  * Transfer files to and from your local machine and a remote host like aws s3 cp\\n\\n### Interactively exec towards containers(ECS Exec)\\n\\nUse aws-ecs-exec-checker to check for the pre-requisites to use ECS exec.\\n\\nUse ctrl + d to exit interactive-exec session.\\n\\n#### Troubleshooting\\n\\nThe execute command failed because execute command... - check service execute\\ncommand, task role policy\\n\\nSession Manager plugin not found - document.\\n\\n### Update service(Docs)\\n\\n  * Force new deployment\\n  * Desired tasks\\n  * Task definition family\\n  * Task definition revision\\n\\n### Register task definition(Docs)\\n\\n### Start port forwarding session(Docs)\\n\\nWith a specified task and container, to start port forwarding session you need\\nto specify a port and a local port. The local port is the port on your local\\nmachine that you want to use to access the container port.\\n\\n### Start remote host port forwarding session(Docs)\\n\\nWith a specified task and container, to start a remote host port forwarding\\nsession you need to specify a port, a host and a local port. The local port is\\nthe port on your local machine that you want to use to access the remote host\\nport though container.\\n\\n### File transfer\\n\\nSince file transfer though a S3 Bucket and aws-cli in container, you need a S3\\nbucket and add permissions S3 bucket permission to the task role and e1s role,\\nand also need a aws-cli installed container.\\n\\n## Usage\\n\\nMake sure you have the AWS CLI installed and properly configured with the\\nnecessary permissions to access your ECS resources, and session manager plugin\\ninstalled if you want to use the interactive exec or port forwarding features.\\n\\n  * Usage of e1s:\\n\\n    \\n    \\n    $ e1s -h e1s is a terminal application to easily browse and manage AWS ECS resources \\ud83d\\udc31. Check https://github.com/keidarcy/e1s for more details. Usage: e1s [flags] Flags: -d, --debug sets debug mode -h, --help help for e1s -j, --json log output json format -l, --log-file-path string specify the log file path (default \\\"${TMPDIR}e1s.log\\\") --profile string specify the AWS profile --readonly sets read only mode -r, --refresh int specify the default refresh rate as an integer (sec) (default 30, set -1 to stop auto refresh) (default 30) --region string specify the AWS region -s, --shell string specify interactive ecs exec shell (default \\\"/bin/sh\\\") -v, --version version for e1s\\n\\n  * Using default profile\\n\\n    \\n    \\n    $ e1s\\n\\n  * Using my-profile profile, us-east-1 region\\n\\n    \\n    \\n    $ AWS_PROFILE=my-profile AWS_REGION=us-east-1 e1s # OR $ e1s --profile my-profile --region us-east-1\\n\\n  * Using read only, debug, stop auto refresh with a custom log path json output\\n\\n    \\n    \\n    $ e1s --readonly --debug --refresh -1 --log-file-path /tmp/e1s.log --json\\n\\n### Key Bindings\\n\\nPress ? to check overall key bindings, top right corner to check current\\nresource specific hot keys.\\n\\n### Development\\n\\n    \\n    \\n    go run cmd/e1s/main.go --debug --log-file-path /tmp/e1s.log\\n    \\n    \\n    tail -f /tmp/e1s.log\\n\\n## Feature Requests & Bug Reports\\n\\nIf you have any feature requests or bug reports, please submit them through\\nGitHub Issues.\\n\\n## Publish new version\\n\\n  * Bump version\\n  * make tag\\n\\n## Thanks\\n\\n  * tview\\n  * k9s\\n  * ecsview\\n\\n## License\\n\\nMIT\\n\\n## About\\n\\nE1S - Easily Manage AWS ECS Resources in Terminal(~k9s for ECS) \\ud83d\\udc31\\n\\ngithub.com/keidarcy/e1s\\n\\n### Topics\\n\\ncli golang aws terminal ecs aws-ecs kubernets aws-fargate k9s ecs-exec\\n\\n### Resources\\n\\nReadme\\n\\n### License\\n\\nMIT license\\n\\nActivity\\n\\n### Stars\\n\\n118 stars\\n\\n### Watchers\\n\\n3 watching\\n\\n### Forks\\n\\n7 forks\\n\\nReport repository\\n\\n## Releases 26\\n\\nv1.0.29 Latest\\n\\nApr 22, 2024\\n\\n\\\\+ 25 releases\\n\\n## Packages 0\\n\\nNo packages published\\n\\n## Contributors 4\\n\\n  * keidarcy Xing Yahao\\n  * dependabot[bot]\\n  * mdb Mike Ball\\n  * ezafeire Stratos\\n\\n## Languages\\n\\n  * Go 89.1%\\n  * HCL 10.6%\\n  * Makefile 0.3%\\n\\n## Footer\\n\\n\\u00a9 2024 GitHub, Inc.\\n\\nYou can\\u2019t perform that action at this time.\\n\\n\", \"frontpage\": false}"}
