{"value":"{\"aid\": \"40192359\", \"title\": \"Personal Computing Paves the Way for Personal Library Science\", \"url\": \"https://www.bramadams.dev/issue-55/\", \"domain\": \"bramadams.dev\", \"votes\": 13, \"user\": \"_bramses\", \"posted_at\": \"2024-04-28 21:57:00\", \"comments\": 0, \"source_title\": \"Issue 55: Personal Computing Paves the Way\", \"source_text\": \"Issue 55: Personal Computing Paves the Way\\n\\nSkip to content\\n\\nBram Adams\\n\\n  * START HERE\\n  * ABOUT\\n  * RANDOM MODE\\n  * GRAPH MODE\\n  * CHAT MODE\\n  * GPTs\\n  * RSS\\n  * Sign In\\n  * Subscribe\\n\\n# Issue 55: Personal Computing Paves the Way\\n\\nHow the past of Personal Computing gives us a hint into the future of Personal\\nLibrary Science\\n\\n< Previous Issue\\n\\nDear Reader,\\n\\nSometimes, a moment happens not instantaneously, but over many seasons. Looked\\nback on with the blessing of hindsight, there exists a discrete before and\\nafter the moment, but for those who lived it, the moment may have had a very\\nlong \\\"during\\\" period. Those who live in the \\\"during\\\" find themselves\\nimpatient, looking to be on the other side of the event, anxiously waiting for\\n\\\"now\\\" to be \\\"history\\\". They want to live to see the thing complete. They want\\nit to be done.\\n\\nFor when \\\"now\\\" becomes history, there is a sense of peace of mind, a complete\\nloop, a chord that resolves into something.\\n\\n> History cannot be told while it is happening, therefore, not only because\\n> the people involved are too busy or too confused to puzzle it out, but\\n> because what is happening can\\u2019t be made sense of until its implications have\\n> been resolved.\\n\\n\\\\-- Everything Is Obvious: *Once You Know the Answer\\n\\nThe curse of those who live and breathe is the task of trying to make sense of\\nwhat will be \\u2013 while it is \\u2013 before it was.\\n\\n### The \\\"During\\\"\\n\\nIn issue #54, I wrote about a moment that is very much in its \\\"during\\\" phase,\\nthe formalization of Personal Library Science. I can not know how the story of\\nPersonal Library Science will be told by those who have the convenience of\\nhistory to aid them. I can only discuss the landscape as I see it, the work\\ncompleted by those who came before me, and the work being done now by me.\\n\\n> Someday, libraries will be fully mechanized. Then, without leaving one\\u2019s\\n> office, it will be possible to pick up the phone, dial in a code, and have\\n> the actual paper one is looking for almost instantly at hand. Something of\\n> the sort has got to happen, or our libraries will become buried in the mass\\n> of books and articles now being printed, and searching in the old way will\\n> become hopeless.\\n\\n\\\\-- Pieces of the Action (1970)\\n\\nThe \\\"during\\\" is hard work, and very lonely work. There are no promises of\\nsuccess, and indeed, the path is one where you can't see more than three feet\\nahead of you and you exist on the cliff's edge of extinction by any silly\\nmishap. The work of \\\"during\\\" is exhausting, and it constantly holds you taut\\nand alert, afraid of the shadows that lurk beyond the campfire's edge.\\n\\nFortunately, the work of the edge isn't without some form of solace. The work\\nbecomes manageable, perhaps even virtuous, if we allow ourselves to\\ncommiserate with those who struggled and strived in the past to make their\\ndreams a reality. To understand their history is to write our story.\\n\\nIn this issue, we'll discuss a topic that is firmly in our past. This history\\nis not only a guide for Personal Library Science, but a key player in it's\\nvery fiber of being. We will be talking about the Personal in the portmanteau\\nthat is Personal Library Science, which comes from Personal Computing.\\n\\n### Personal Computing\\n\\nIn 1975, the Altair 8800 was released. Widely considered the first personal\\ncomputer, the critical advancement of computing was driven by affordability\\nand programmability. Easier, more natural programming languages like BASIC and\\nlower costs for hardware components made computers not massive time sharing\\nleviathans owned only by defense departments for missile ballistic\\ncalculations and academia interested in pushing engineering and acquiring\\ngrants, but machines people could bring into their own homes.\\n\\nThe computer was no longer just a tool for major cost intensive purposes, but\\nminor individualized purposes. Personal computing made computing became less\\nabout humanity, and more about humans.\\n\\n> As the 1990s opened, the workstation technology of the previous decade was\\n> beginning to look distinctly threatened by newer, low-cost and high-\\n> performance personal computers based on the Intel 386 chip and its\\n> descendants. For the first time, individual hackers could afford to have\\n> home machines comparable in power and storage capacity to the minicomputers\\n> of ten years earlier\\u2014Unix engines capable of supporting a full development\\n> environment and talking to the Internet.\\n\\n\\\\-- The Cathedral & the Bazaar: Musings on Linux and Open Source by an\\nAccidental Revolutionary\\n\\nScientists paved the way for engineers, engineers paved the way for hackers,\\nhackers paved the way for hobbyists, hobbyists paved the way for everyone\\nelse. Today we live in a world where every person's phone is slightly\\ndifferent than their neighbors, and this is a good thing.\\n\\nIdiosyncratic technology creates a natural world. Solve the problems that need\\nsolving, then get out the way.\\n\\n> Companies establish their DNA very early on. It can make them tremendously\\n> successful, but it can also make it hard for them to escape when what served\\n> them well in the early days doesn't serve them so well any more. I remember\\n> being an intern at IBM Research in Yorktown Heights around 1982, seeing the\\n> culture still dominated by batch processing. Even when they were doing\\n> timesharing, they talked in terms of virtual card readers and virtual card\\n> punches. Everything was still 80-column records. With DEC, it was the\\n> timesharing mentality that they never escaped. And I suppose with Microsoft\\n> it's an open question whether they'll be able to move beyond the desktop-PC\\n> mentality. Seibel: And 20 years from now people will be talking about how\\n> Google can't get past how to sell ads on the Internet.\\n\\nauthor's note -- ironically this was posted a few weeks before the writing of\\nthis issue: The man Who Killed Google Search\\n\\n\\\\-- Coders at Work: Reflections on the Craft of Programming (2008)\\n\\nWhat does the legacy and lessons of the rise of Personal Computing at the end\\nof the 20th century teach us about the possible path of Personal Library\\nScience?\\n\\n### Companionship\\n\\nIn 2020, I made the claim that the advantage of GPT models was not its ability\\nto scale, but its ability to solve local problems. This claim began to come\\ntrue years later with the release of the GPT Store (discussed in issue #42).\\nSuddenly, individual people \\u2013 not at the organization level \\u2013 found themselves\\nbeing able to create their own solutions to their unique, idiosyncratic\\nproblems.\\n\\n> Idiosyncratic technology creates a natural world.\\n\\nBy writing detailed instruction sets and using tactics like semantic search\\nand function calling, LLMs leverage the effort of the individual into emergent\\nand complex processes.\\n\\nThis leverage is the same leverage that made personal computing so ubiquitous,\\nso quickly. The leverage created a new asset class, data. It gave us (you and\\nme) superpowers of communication, and those of us who could communicate with\\nthe programs themselves (programmers) found themselves solving problems that\\ngave them access to near limitless wealth.\\n\\n> It\\u2019s cheaper to reuse existing software components than to write code from\\n> scratch, which also makes it possible for entrepreneurs to start software\\n> companies with fewer up-front costs. The entire software industry owes its\\n> financial success to leveraging this arbitrage.\\n\\n\\\\-- Working in Public: The Making and Maintenance of Open Source Software\\n\\n### Personal Library Science Is Leverage For One's Library\\n\\nPersonal Library Science is the leverage of LLM technology, applied to a\\npersonal library.\\n\\nA personal library differs from a impersonal library in the fact that a\\npersonal library is an interpretation of a source material. These\\ninterpretations include: photographs from different photographers at the same\\nevent, or favorite scenes from a movie, or favorite passages from books, parts\\nof songs that bring you to tears, etc. Importantly, these interpretations\\ncreate unique sets that go on to create unique problems which require unique,\\nidiosyncratic solutions. Sound familiar?\\n\\n> While a painting or a prose description can never be other than a narrowly\\n> selective interpretation, a photograph can be treated as a narrowly\\n> selective transparency. But despite the presumption of veracity that gives\\n> all photographs authority, interest, seductiveness, the work that\\n> photographers do is no generic exception to the usually shady commerce\\n> between art and truth. Even when photographers are most concerned with\\n> mirroring reality, they are still haunted by tacit imperatives of taste and\\n> conscience. The immensely gifted members of the Farm Security Administration\\n> photographic project of the late 1930s (among them Walker Evans, Dorothea\\n> Lange, Ben Shahn, Russell Lee) would take dozens of frontal pictures of one\\n> of their sharecropper subjects until satisfied that they had gotten just the\\n> right look on film\\u2014the precise expression on the subject\\u2019s face that\\n> supported their own notions about poverty, light, dignity, texture,\\n> exploitation, and geometry. In deciding how a picture should look, in\\n> preferring one exposure to another, photographers are always imposing\\n> standards on their subjects. Although there is a sense in which the camera\\n> does indeed capture reality, not just interpret it, photographs are as much\\n> an interpretation of the world as paintings and drawings are. Those\\n> occasions when the taking of photographs is relatively undiscriminating,\\n> promiscuous, or self-effacing do not lessen the didacticism of the whole\\n> enterprise. This very passivity\\u2014and ubiquity\\u2014of the photographic record is\\n> photography\\u2019s \\u201cmessage,\\u201d its aggression.\\n\\n\\\\-- On Photography\\n\\nIn issue #54, I wrote:\\n\\n> ...personal library science is focused on your relationship with your\\n> information. How do we store information so that it useful at a later date?\\n> How do we transform our information into new valuable assets in different\\n> creative domains? How do we do all of this while being flexible enough for\\n> the idiosyncrasies, proclivities, likes and dislikes of eight billion\\n> distinct individuals? How do we chronicle the information diet of a single\\n> person as they learn new things, interact with the world at different phases\\n> in their life? How do we make sure we can pass down our best knowledge to\\n> generations below?\\n\\nMany of these questions were asked and solved by the existence of personal\\ncomputing. The existence of software has had a foundational impact on the\\ntypes of solutions we can create to solve these large, incalculable problems.\\nBy solving them over and over in slightly different ways that make sense to an\\nindividual the problem eventually dissolves.\\n\\nIn fact, I'd argue that the history of personal computing teaches us that all\\ntop down solutions are less complete \\u2013 and therefore less useful \\u2013 than bottom\\nup emergent solutions.\\n\\nThe issue is that we are now deluged with data, our interpreter antenna is\\ngoing haywire trying to calculate, to store, to relate, to understand. LLMs\\nhave changed the math entirely in this endeavor, particularly thanks to the\\nability to store, reference, and transform data that we find to be important,\\nnot data that others tell us is important.\\n\\nSolutions such as Commonplace Bot and Quoordinates are proof points of the\\nvalue of our personal libraries.\\n\\nThis insight is critical to our work, and the frameworks and technological\\ngains provided by personal computing and LLMs make our task of hoping to one\\nday understand ourselves, to use our personal libraries to secure our\\nintellectual legacies and create our art, a bit more manageable.\\n\\n### Up Next\\n\\nNext week, we will dive into the history of the commonplace book. The\\ncommonplace book is the foundation for the commonbase (commonplace + database)\\nand is an integral ingredient of Personal Library Science.\\n\\n### Teaser\\n\\n...Humanity often comes up with certain great ideas concurrently including\\ncalculus, natural selection, the use of language, etc. This concurrent\\ncreation is known as adjacent possible, and is driven by the available\\ntechnology and discourse of an era. The invention of the commonplace book is\\nno different and has lived many different lives as: the zibaldone, the\\nmiscellany, the zettelkasten, the...\\n\\n## Ye Olde Newsstand - Weekly Updates\\n\\nWeek of April 26, 2024\\n\\nft. Chris. P Bacon\\n\\nBram AdamsBram Adams\\n\\nCanvas Apps, speedboat accidents, the First Hokage was just a dude\\n\\nThanks for reading, and see you next Sunday!\\n\\nars longa, vita brevis,\\n\\nBram\\n\\nSunday, 28 April 2024\\n\\n, & Bram Adams\\n\\nnewsletter\\n\\n  * Share on Facebook\\n  * Share on LinkedIn\\n  * Share on X\\n  * Copy link\\n\\n## Comments\\n\\n  * X\\n  * Discord\\n\\n  * Sign up\\n\\n\\u00a9 2024 Bram Adams\\n\\n\", \"frontpage\": true}"}
