{"value":"{\"aid\": \"40191287\", \"title\": \"TamaNOTchi \\u2013 Cute Virtual Pets\", \"url\": \"https://tamanotchi.world/\", \"domain\": \"tamanotchi.world\", \"votes\": 1, \"user\": \"memalign\", \"posted_at\": \"2024-04-28 19:52:10\", \"comments\": 0, \"source_title\": \"tamanotchi.world | Welcome to tamaNOTchi! - Population: 12220\", \"source_text\": \"tamanotchi.world | Welcome to tamaNOTchi! - Population: 12220\\n\\nHome \\u2219 News \\u2219 Create Account \\u2219 Log In\\n\\n# Welcome to tamaNOTchi! - Population: 12220\\n\\ntamaNOTchi are cute virtual pets you can customize, grow, and share on your\\nblog or website! Visit A Random Pet!  \\n---  \\nTop 10 (View All)  \\n---  \\n#| Name| Owner| Clicks  \\n1| CarterSire| EverlastingFlame| 63748  \\n2| Midori Sour| meirelle| 27727  \\n3| Cubix| Parona| 21461  \\n4| Valentine| Parona| 20390  \\n5| Eclipse| k4r1r0ckz| 16402  \\n6| Cherro| Yuni| 15179  \\n7| Jasper| Dragon| 15078  \\n8| Bibie| Lucie| 13834  \\n9| Bela| wygolvillage| 8865  \\n10| Niffy| sienna| 7346  \\n  \\nPrivacy Policy \\u2219 Site Rules \\u2219 Credits Mastodon \\u2219 SpaceHey Group\\n\\n\\u00a9 2014 - I only dream in NOTchis!!\\n\\n\", \"frontpage\": false}"}
