{"value":"{\"aid\": \"40192502\", \"title\": \"Create an entire Hexcrawl world online\", \"url\": \"https://hexroll.app/\", \"domain\": \"hexroll.app\", \"votes\": 1, \"user\": \"Marine4Life\", \"posted_at\": \"2024-04-28 22:21:30\", \"comments\": 0, \"source_title\": \"Roll a sandbox\", \"source_text\": \"HEXROLL - roll your own sandbox - 2nd edition\\n\\nROLL A SANDBOX beta Login Docs\\n\\nDownload Hexroll Backpack Hexroll Backpack is the offline viewer for 2E\\nsandbox snapshot files\\n\\nWindows Linux MacOS Source Code\\n\\n## Click for a Sandbox\\n\\nGenerate a random OSR sandbox in under a minute. You'll get an interactive hex\\nmap, dungeon maps and settlement maps together with NPCs, monsters, treasures\\nand quest hooks.\\n\\n## Hex Crawling\\n\\nCrawl though the hex map and get clear & terse descriptions, randomly\\ngenerated for you to work with on the spot. No preparation is needed.\\n\\n## Dungeon Crawling\\n\\nCrawl through randomly generated dungeons and lead your party to fortune,\\nglory.. or doom!\\n\\n## Downtown Downtime\\n\\nVisit cities, towns and villages with annotated maps courtesy of WATABOU,\\ntogether with generated NPCs, taverns, inns, shops and services for your PCs\\nto make use of.\\n\\n## Play Offline\\n\\nLiberate your sandbox! Download a pre-rendered snapshot file and view it\\noffline using Hexroll Backpack. All exported content from Hexroll 2E is\\nlicensed as Creative-Commons Attribution-NonCommercial-ShareAlike and OGL.\\n\\n## Edit and Re-roll\\n\\nWant to tweak things further? Not a problem. You can add, remove or re-roll\\nsandbox entities. You can also directly edit the content and add your own lore\\nor link inspiring images.\\n\\n## Online VTT Maps\\n\\nHEXROLL now has a built-in VTT mode. Share and reveal your hex map and dungeon\\nmaps, hex by hex and area by area - online and in realtime. Add PC or monster\\ntokens that you or your players can control.\\n\\n## What are you getting during the BETA?\\n\\nFeature| Everyone| Patreon Subscribers \\u2020\\u2020  \\n---|---|---  \\nRoll a Sandbox| \\u2713| \\u2713  \\nDownload and view offline| \\u2713| \\u2713  \\nSandbox online features| Ephemeral| \\u2713  \\nOnline Mapping Tools| \\u2713 \\u2020| \\u2713  \\nOnline Content Editing/Rerolling| \\u2713 \\u2020| \\u2713  \\nOnline VTT Mode| \\u2713 \\u2020| \\u2713  \\nExtra map themes| \\u2713  \\nPersistent map state| \\u2713  \\nExtra Sandbox Backup| \\u2713  \\nService Availability| Best Effort| Monitored  \\nDiscord Access| Standard| Full  \\n  \\n\\u2020 To conserve storage, ephemeral sandboxes are kept online for one month and\\nthen get discarded. Download your ephemeral sandbox for offline viewing when\\nyou're done generating and editing it. \\u2020\\u2020 Patreon 'Brave Adventurers'\\nsandboxes are non-ephemeral and use non-expiring online storage with backup.\\n\\n  * Privacy Policy\\n  * Terms of Service\\n  * Licenses\\n\\nHexroll is copyright (c) 2021-2024, by Ithai Levi, Pen Dice & Paper\\n\\n\", \"frontpage\": false}"}
