{"value":"{\"aid\": \"40192285\", \"title\": \"Want to Use Your iPhone for Many Years? Learn How to Maintain Your Battery\", \"url\": \"https://pqrmedia.com/2024/04/08/want-to-use-your-iphone-for-many-years-learn-how-to-maintain-your-batterys-health/\", \"domain\": \"pqrmedia.com\", \"votes\": 5, \"user\": \"Ajibola33\", \"posted_at\": \"2024-04-28 21:44:25\", \"comments\": 2, \"source_title\": \"Want to Use Your Iphone for Many Years? Learn How to Maintain Your Battery\\u2019s Health - Pqrmedia\", \"source_text\": \"Want to Use Your Iphone for Many Years? Learn How to Maintain Your Battery\\u2019s\\nHealth - Pqrmedia\\n\\nSkip to content\\n\\nSunday, April 28, 2024\\n\\n|\\n\\n  * Business\\n\\n# Pqrmedia\\n\\nBest Business and Technology News\\n\\n\\u00d7\\n\\n  * Popular Tag\\n\\n  * # Phone (12)\\n\\n  * # Google (6)\\n\\n  * # Investment (5)\\n\\n  * # Forex (5)\\n\\n  * # Artificial Intelligence (4)\\n\\n## Want to Use Your Iphone for Many Years? Learn How to Maintain Your\\nBattery\\u2019s Health\\n\\npqrmedia April 8, 2024April 8, 2024\\n\\nIntroduction\\n\\nWhether you opted for the pocket-sized iPhone 13 mini or the great stamina of\\nthe iPhone 14 seasoned max, it\\u2019s continuously amazing to eke out as much\\nbattery life as possible.\\n\\nSadly, the longer you\\u2019ve got an iPhone, the more likely you are to discover\\nyourself complaining about declining battery life.\\n\\nThanks to technological advancements that have improved the life span of some\\niPhone series, For instance, it has been observed that the battery of an\\niPhone 12 can last you up to 17 hours of video playback. Therefore, the\\nquestion on why iphone battery dies quickly has been solved for you\\n\\nThis is a great opportunity if you are the type that have a knack for\\nentertainment, as it will allow you to enjoy your most favorite movies to the\\nfullest without having any fear about running out of battery. Getting to know\\nhow iphone battery health works will help you a lot.\\n\\nDespite the technological advancements, you still need to know some tips to\\nfollow on how to boost the battery life of your iPhone. Here are some of\\nthem:.\\n\\n1: Enable low-energy mode.\\n\\nThis isn\\u2019t a few components that you\\u2019ll likely want to do each day; however,\\nif you\\u2019re glancing nervously at your battery gauge and traumatic it hasn\\u2019t\\nfinalized the day, iOS does have a low energy mode to limit functionality in\\nexchange for sturdiness.\\n\\nRead Also: Stay Safe Online With The Best 10 Antivirus Software of 2024\\n\\nCount on to peer fewer graphical niceties, a lower refresh charge, decreased\\nshow display brightness, and various things protected underneath for my part.\\nThe distinction is that here they\\u2019re all carried out in a single cross for\\noptimum effect.\\n\\nTo allow it, tap\\u2019settings\\u2019 and then \\u2018battery\\u2019. Then toggle the switch labeled\\n\\u2018low power mode\\u2019.\\n\\n2: Kill Your Historic Beyond Wireless Offerings\\n\\nIf you\\u2019re no longer actively using wireless, Bluetooth, or Airdrop, it\\u2019s well\\nworth turning them off until you are. All of these services are constantly\\nscanning in the background, slowly sipping at your battery over the course of\\nan afternoon.\\n\\nTo accomplish that, open settings, then choose \\u2018wi-fi\\u2019 and/or \\u2018bluetooth\\u2019. Tap\\nthe toggles to disable the services until required.\\n\\n3: Find Battery-Sapping Apps\\n\\nRather helpfully, the iPhone surely lets you see exactly what\\u2019s been draining\\nyour battery life. That\\u2019s now not too useful if it\\u2019s middle apps like Safari\\nor Mail; however, you could discover an impulse download from the app preserve\\nisn\\u2019t really worth its battery drain.\\n\\nGo to settings, then \\u2018battery\\u2019 to view your remaining 24 hours of battery use,\\nand look for any rogue apps. If you want an extended-time period photograph,\\nyou can toggle this to the final ten days.\\n\\n4: Make Certain Your iPhone is Charging Right.\\n\\nNot only do lithium-ion batteries have a finite range of expenses, but\\novercharging them can harm the long-term fitness of the cell. In view of iOS\\n11.3, the iPhone has an integrated solution that video display units while you\\ncommonly price your smartphone, bringing the battery as much as eighty% after\\nwhich retaining it there, best going for the closing 20% in time for you\\nwaking up.\\n\\nIt\\u2019s called optimized battery charging. Again, you can discover it\\nin\\u2019settings\\u2019, after which \\u2018battery\\u2019. It\\u2019s a setting that everyone must have\\nbecome aware of and could help protect the life of your battery.\\n\\n5: Limit Your Apps\\u2019 History of Net Utilization\\n\\nIf you have a lively internet connection, the default behavior is for your\\napps to refresh their content material within the records. This is why emails\\ncome through in Gmail or news apps with modern headlines.\\n\\nThis drains battery, even though, so you may want to disable it altogether, or\\nas a minimum, pick and pick out which apps have that privilege.\\n\\nYou may additionally try this with the aid of going to settings, then\\n\\u2018popular\\u2019, then \\u2018background app refresh\\u2019. Here, you could turn it off for\\nevery app or choose which apps are allowed and which can be blocked. Do this\\nto enhance your iphone battery\\u2019s lifespan\\n\\n6: A Vivid Display is a Wasteful Display Screen.\\n\\nOne of the most vital drains on a telephone\\u2019s battery is the display screen.\\nThis is mainly true of large-display display-screen handsets, like the\\niPhone\\u2019s Plus and Pro Max models, despite the fact that the bigger battery\\nthese handsets encompass compensates.\\n\\nAll the same, while you could want your show screen to be eye-seekingly\\nextremely good, if you\\u2019ve overruled the defaults, that might move in a\\nprotracted manner to explain your decreased battery existence.\\n\\nIn brief, the duller your display, the more your battery will thank you. That\\nstated, if you set it to minimal brightness, you won\\u2019t be able to see any\\nissues on a sunny day. For this reason, we\\u2019d suggest permitting vehicle\\nbrightness and letting Apple decide what\\u2019s splendid for you.\\n\\nYou ought to find out the automobile brightness toggle in settings, under\\n\\u2018accessibility\\u2019 and \\u2018display.\\n\\n7: Make Your iPhone Sleep Quickly.\\n\\nIdeally, when you\\u2019re done using your phone, you should turn the screen off by\\npressing the power button quickly. But many of us just put it down without\\ndoing that, leaving the screen on for no reason.\\n\\nYour iPhone will lock on its own after a while, but the sooner it does, the\\nmore battery you\\u2019ll save. Go to Settings, then \\u2018Display & Brightness\\u2019 and\\n\\u2018Auto-Lock\\u2019. Set this to 30 seconds, and your iPhone will go to sleep if you\\nleave it alone for that long.\\n\\nThis won\\u2019t happen when you\\u2019re actively using it, since your iPhone knows when\\nyou\\u2019re looking at it and keeps the screen on for you.\\n\\n8: Turn off Fancy Effects.\\n\\nIt\\u2019s a small thing, but turning off the fancy animations for opening apps and\\nfolders can save a bit of battery life. It makes things look more basic, but\\nevery little bit helps.\\n\\nTo do this, go to Settings, then tap \\u2018Accessibility\\u2019 and then \\u2018Motion\\u2019. Switch\\n\\u2018Reduce Motion\\u2019 to on, and you\\u2019ll see a slight improvement in battery life.\\n\\nConclusion:\\n\\nTo sum it up, making the battery in your iPhone last longer doesn\\u2019t have to be\\nhard. By using these simple tips and tricks from experts, you can make your\\niPhone\\u2019s battery last longer and you won\\u2019t be frustrated with the questions on\\nwhy iPhone battery drains so fast.\\n\\nFrom turning down your screen light to turning on Low Power Mode, there are\\nmany easy steps you can take to make your battery better. Start using these\\ntips today and see your iPhone\\u2019s battery last longer!.\\n\\nFrequently Asked Questions\\n\\nHow long does an iPhone battery keep going?\\n\\nThe battery\\u2019s life changes with how much and how you use and charge it. On\\naverage, the battery can keep up to 80% of its initial strength after 500 full\\ncharges. This means if you charge your phone every day, the battery should\\nstill be strong at 80% after about two years. But heat and how you use it can\\nchange how long it lasts. They determine your iphone battery\\u201ds longevity\\n\\nHow can I help my iPhone battery last longer?\\n\\nTo keep your battery going longer, don\\u2019t let it get too hot or too cold. Also,\\nkeeping your iPhone\\u2019s software up-to-date can make the battery work better.\\nTurning on low power mode or changing settings like how bright your screen is\\nand which apps can update in the background can also help save battery.\\n\\nIs it advisable to charge my iPhone overnight?\\n\\nYes, it\\u2019s okay to charge your iPhone all night. iPhones stop charging by\\nthemselves when full, so charging overnight won\\u2019t hurt the battery. Still,\\nit\\u2019s good to use a charger you trust and avoid letting your phone get too hot\\nwhile it charges.\\n\\nHow do I know when I need a new iPhone battery?\\n\\nIf your battery runs out fast or if your phone turns off on its own, you might\\nneed a new battery. You can look at your battery\\u2019s health in the settings\\nunder the battery area. If your health is under 80%, getting a new battery can\\nhelp your phone run better. However, ensure you follow all our tips because\\nIphone battery replacement costs are elatively high.\\n\\nCan chargers not made by Apple hurt my iPhone battery?\\n\\nChargers not made by Apple can be bad for your iPhone battery if they\\u2019re not\\napproved by Apple. It\\u2019s best to use real Apple chargers or those approved by\\nApple to avoid harm. Non-approved chargers might not match what your iPhone\\nneeds and can damage the battery over time. Your iphone battery\\u2019s health\\nshould be a major concern.\\n\\nTechnology\\n\\n### Leave a Reply Cancel reply\\n\\n### Latest News\\n\\n### Recent Posts\\n\\n  * Why You Must Not Involve Your Business in Fake Online Reviews\\n  * How to Fix The Most Common Problems of iPad\\n  * The Unexpected Benefits of Dealing with Angry Customers\\n  * Key Factors to Consider Before Patronizing any Money Loan App\\n  * How to Identify a Competent Local Phone Technician\\n\\n### Recent Comments\\n\\n  * Prime and Quality Reports on Are you an investor? Learn How to Overcome Bad Spending Habits\\n\\n### Archives\\n\\n  * April 2024\\n  * March 2024\\n  * February 2024\\n  * January 2024\\n  * December 2023\\n  * November 2023\\n  * October 2023\\n  * September 2023\\n\\n### Categories\\n\\n### Latest posts\\n\\n  * Why You Must Not Involve Your Business in Fake Online Reviews April 28, 2024\\n  * How to Fix The Most Common Problems of iPad April 26, 2024\\n  * The Unexpected Benefits of Dealing with Angry Customers April 25, 2024\\n  * Key Factors to Consider Before Patronizing any Money Loan App April 24, 2024\\n  * How to Identify a Competent Local Phone Technician April 24, 2024\\n  * Best Tips to Predict Volatile Stocks April 22, 2024\\n\\n### Popular News\\n\\n  * Business\\n\\n### Why You Must Not Involve Your Business in Fake Online Reviews\\n\\n16 hours ago\\n\\npqrmedia\\n\\n  * Business\\n\\n### The Unexpected Benefits of Dealing with Angry Customers\\n\\n3 days ago\\n\\npqrmedia\\n\\n  * Business\\n\\n### Key Factors to Consider Before Patronizing any Money Loan App\\n\\n4 days ago\\n\\npqrmedia\\n\\n  * Business\\n\\n### Best Tips to Predict Volatile Stocks\\n\\n6 days ago\\n\\npqrmedia\\n\\n  * Business\\n\\n### Factors to Consider Before Choosing a Business Partner\\n\\n2 weeks ago\\n\\npqrmedia\\n\\n  * Business\\n\\n### Use These Technologies to Avoid Fraud in a Small business\\n\\n2 weeks ago\\n\\npqrmedia\\n\\n  * Business\\n\\n### How to Manage Conflicts With Your Business Partners\\n\\n3 weeks ago\\n\\npqrmedia\\n\\n  * Business\\n\\n### How to Reform Your Business with Effective Time Management Skills\\n\\n3 weeks ago\\n\\npqrmedia\\n\\n  * Business\\n\\n### Learn How to Overcome Challenges of Rainy Season in These Businesses\\n\\n3 weeks ago\\n\\npqrmedia\\n\\n  * Business\\n\\n### Why You Should Choose Forex Broker with Low Commission\\n\\n4 weeks ago\\n\\npqrmedia\\n\\n  * Business\\n\\n### Signs to Know if Your Bank is Facing Distress\\n\\n4 weeks ago\\n\\npqrmedia\\n\\n  * Business\\n\\n### How to Easily Detect POS Scams in Your Business\\n\\n1 month ago\\n\\npqrmedia\\n\\n  * Business\\n\\n### Investment Banks vs Merchant Banks: The Similarities and Differences\\n\\n1 month ago\\n\\npqrmedia\\n\\n  * Business\\n\\n### Identifying Stocks Making Big Moves\\n\\n1 month ago\\n\\npqrmedia\\n\\n  * Business\\n\\n### Boosting Your Credit Score: The Best Guide You Need\\n\\n1 month ago\\n\\npqrmedia\\n\\n  * Business\\n\\n### Seven Great Qualities To Learn from Elon Musk\\n\\n2 months ago\\n\\npqrmedia\\n\\n  * Business\\n\\n### Here are the Number of Companies Owned by Google and How They Benefit\\nInvestors\\n\\n2 months ago\\n\\npqrmedia\\n\\n  * Business\\n\\n### Myths and Facts of Forex Trading: Exploring the Realities\\n\\n2 months ago\\n\\npqrmedia\\n\\n  * Business\\n\\n### Forex: Manual Trading vs Robot Trading: Which is Better?\\n\\n2 months ago\\n\\npqrmedia\\n\\n  * Business\\n\\n### Navigating the Effects of Increasing Gas Prices on Your Business\\n\\n3 months ago\\n\\npqrmedia\\n\\n  * Business\\n\\n### Maximize Your Returns with these Best Tax Software Suites\\n\\n3 months ago\\n\\npqrmedia\\n\\n  * Business\\n\\n### Choosing Between Online Banking and Conventional Banking\\n\\n3 months ago\\n\\npqrmedia\\n\\n  * Business\\n\\n### Planning Your Financial Life after Job Loss\\n\\n3 months ago\\n\\npqrmedia\\n\\n  * Business\\n\\n### Risk Tolerance: Why Do You Need It in Your Business?\\n\\n3 months ago\\n\\npqrmedia\\n\\n  * Business\\n\\n### The Common Mistakes You Should Avoid in Real Estate Business\\n\\n3 months ago\\n\\npqrmedia\\n\\n  * Business\\n\\n### US Debt Hits $34 Trillion: What Investors Need to Know\\n\\n3 months ago\\n\\npqrmedia\\n\\n  * Business\\n\\n### Purchase Mutual Fund: The Meaning and How It Benefits You\\n\\n3 months ago\\n\\npqrmedia\\n\\n  * Business\\n\\n### Protect Your Assets: How to Stop Rising Inflation from Affecting Your\\nFinancial Future\\n\\n3 months ago\\n\\npqrmedia\\n\\n  * Business\\n\\n### Vision Insurance: Does it Make Sense? All You Need to Know\\n\\n3 months ago\\n\\npqrmedia\\n\\n  * Business\\n\\n### Step by Step on How to Start a Profitable Catfish Business\\n\\n3 months ago\\n\\npqrmedia\\n\\n  * Business\\n\\n### Unlock Your Investment Potential: Best Stocks to Buy in the Next Leg of\\nBull Market\\n\\n3 months ago\\n\\npqrmedia\\n\\n  * Business\\n\\n### 5 Artificial Intelligence (AI) Stocks That Can Make You Wealthy\\n\\n3 months ago\\n\\npqrmedia\\n\\n  * Business\\n\\n### Google CEO Asks Employees to Expect More Job Layoffs: The Implications\\n\\n3 months ago\\n\\npqrmedia\\n\\n  * Business\\n\\n### 6 Best Investment Apps of 2024: Empower yourself with the right tools\\n\\n4 months ago\\n\\npqrmedia\\n\\n  * Business\\n\\n### Best Books on Financial Growth and Personal Finance You Need in 2024\\n\\n4 months ago\\n\\npqrmedia\\n\\n  * Business\\n\\n### Index Funds: Here Are the Benefits and All You Need to Know\\n\\n4 months ago\\n\\npqrmedia\\n\\n  * Business\\n\\n### Does location matter for Food Business? All You Need to Know\\n\\n4 months ago\\n\\npqrmedia\\n\\n  * Business\\n\\n### Europe Stocks Soar in 2023, Ending the Year on a High Note!\\n\\n4 months ago\\n\\npqrmedia\\n\\n  * Business\\n\\n### Senior Life Insurance: How Does it Work? What Are The Benefits?\\n\\n4 months ago\\n\\npqrmedia\\n\\n  * Business\\n\\n### The Best Investments to Make During Inflation: Strategies to Protect and\\nGrow Your Wealth\\n\\n4 months ago\\n\\npqrmedia\\n\\n  * Business\\n\\n### What Are the Personal Habits Destroying My Business?\\n\\n4 months ago\\n\\npqrmedia\\n\\n  * Business\\n\\n### Want to Start a Small Restaurant Business? Here Are The Essential Guides\\n\\n4 months ago\\n\\npqrmedia\\n\\n  * Business\\n\\n### Don\\u2019t Fall Victim; Protect Yourself From Fake Online Stores.\\n\\n4 months ago\\n\\npqrmedia\\n\\n  * Business\\n\\n### Six Most Profitable Businesses to do During Festive Seasons\\n\\n4 months ago\\n\\npqrmedia\\n\\n  * Business\\n\\n### Are you an investor? Learn How to Overcome Bad Spending Habits\\n\\n5 months ago\\n\\npqrmedia\\n\\n  * Business\\n\\n### Eight Ways You Can Easily Identify Online Investment Scams\\n\\n6 months ago\\n\\npqrmedia\\n\\n  * Business\\n\\n### All You Should Know About the World\\u2019s Richest Black Man, Dangote\\n\\n6 months ago\\n\\npqrmedia\\n\\n  * Business\\n\\n### Eight Simple Ways to Protect Yourself from Credit Card Frauds\\n\\n6 months ago\\n\\npqrmedia\\n\\n  * Business\\n\\n### How to Protect Your Businesses Against Volatility in The Forex Market\\n\\n7 months ago\\n\\npqrmedia\\n\\n  * Business\\n\\n### How You Can Avoid Financial Struggle in Your Retirement\\n\\n7 months ago\\n\\npqrmedia\\n\\n  * Business\\n\\n### Consider These Factors before Choosing a Forex Broker\\n\\n7 months ago\\n\\npqrmedia\\n\\n  * Business\\n\\n### All What You Should Know about Franchise\\n\\n7 months ago\\n\\npqrmedia\\n\\n  * Business\\n\\n### All What You Should Know Before Engaging in Forex Trading\\n\\n7 months ago\\n\\npqrmedia\\n\\n### Calendar\\n\\nApril 2024M| T| W| T| F| S| S  \\n---|---|---|---|---|---|---  \\n1| 2| 3| 4| 5| 6| 7  \\n8| 9| 10| 11| 12| 13| 14  \\n15| 16| 17| 18| 19| 20| 21  \\n22| 23| 24| 25| 26| 27| 28  \\n29| 30  \\n  \\n### Follow Us\\n\\n  * Facebook Like us on Facebook\\n  * Twitter Follow us on Twitter\\n  * Instagram Follow us on Instagram\\n\\nCopyright \\u00a9 pqrmed.com | Design & develop by AmpleThemes\\n\\n\", \"frontpage\": true}"}
