{"value":"{\"aid\": \"40191483\", \"title\": \"The Waning Reign of the Wetland Architect We Barely Know (Hint: Not a Beaver)\", \"url\": \"https://hakaimagazine.com/features/the-magnificent-lives-and-quiet-loss-of-muskrats/\", \"domain\": \"hakaimagazine.com\", \"votes\": 1, \"user\": \"PaulHoule\", \"posted_at\": \"2024-04-28 20:22:24\", \"comments\": 0, \"source_title\": \"The Waning Reign of the Wetland Architect We Barely Know (Hint: Not a Beaver)\", \"source_text\": \"The Waning Reign of the Wetland Architect We Barely Know (Hint: Not a Beaver) | Hakai Magazine\\n\\n# Hakai Magazine\\n\\nSkip to content\\n\\n## Coastal science and societies\\n\\n### Main navigation and search\\n\\n#### Search\\n\\n#### Other ways to engage with Hakai Magazine\\n\\n  * Youtube\\n  * Twitter\\n  * Facebook\\n  * Sign up for a weekly newsletter\\n  * RSS feed\\n  * Audio edition\\n\\nmenu\\n\\n#### Other ways to engage with Hakai Magazine\\n\\n  * Youtube\\n  * Twitter\\n  * Facebook\\n  * Sign up for a weekly newsletter\\n  * RSS feed\\n  * Audio edition\\n\\nIllustration by Sarah Gilman\\n\\n# The Waning Reign of the Wetland Architect We Barely Know (Hint: Not a\\nBeaver)\\n\\n## Little-appreciated, semiaquatic, and cute-as-hell, muskrats can survive\\nalmost anywhere. So where are they?\\n\\n### Authored by\\n\\nStory by Brandon Keim Illustrations by Sarah Gilman\\n\\n### Wordcount\\n\\nApril 23, 2024 | 3,900 words, about 20 minutes\\n\\n### Share this article\\n\\n  * Share on Flipboard\\n  * Share on Facebook\\n  * Share on Twitter\\n  * Share on Pocket\\n  * Share by Email\\n\\n### Stream or download audio For this article\\n\\nThis article is also available in audio format. Listen now, download, or\\nsubscribe to \\u201cHakai Magazine Audio Edition\\u201d through your favorite podcast app.\\n\\n### Article body copy\\n\\nWhen I was a teenager, my parents bought a home near an old farm pond in\\nBangor, Maine. A family of muskrats lived there and would go about their\\nbusiness as I lazed on the dock; I didn\\u2019t pay them close attention, as they\\nwere hardly glamorous creatures, and in retrospect, I took them for granted.\\nNevertheless, I did appreciate their presence. On warm-season evenings, the\\nfootball-sized rodents\\u2014they resemble enormous voles or small, long-tailed\\nbeavers\\u2014would chug back and forth, harvesting cattails and carrying fronds to\\ntheir den to eat in privacy. The sight of a whiskered nose held just above the\\nwater, a small bow wave preceding it, never ceased to lift my spirits.\\n\\nWhen I learned last summer that muskrats as a species are struggling, the news\\ncame as a sad surprise, though the decline has been decades in the making. In\\nthe 1990s and early 2000s, around the same time as I met my farm-pond\\nneighbors, the number of muskrats caught for their fur by trappers in the\\neastern United States and Canada started to drop, in some places\\nprecipitously. Wildlife managers typically use trapping data to track muskrat\\npopulations, but since the popularity of trapping had also dwindled, that\\nseemed a likelier explanation for the downward trend than an actual population\\ndecline: after all, muskrats are known for their resilience.\\n\\nThey are prolific breeders, raising a dozen or more young per year in times of\\nplenty, as happy and quick to set up house along a drainage ditch as in a\\nwetland sanctuary. Even as other so-called furbearers were trapped to near-\\noblivion in the 19th and early 20th centuries, muskrats flourished, and they\\npersisted through the thoughtless times before the adoption of federal clean\\nwater laws and the advent of environmental agencies in the United States and\\nCanada. They\\u2019re the sort of species for whom the International Union for\\nConservation of Nature\\u2019s formal designation of \\u201cleast concern\\u201d has seemed\\nquite appropriate. Impervious would be another term.\\n\\nYet, reports of declines continued to gather from throughout their native\\nrange, which runs from the Arctic Circle to the US\\u2013Mexico border. In 2017,\\nbiologists Adam Ahlers of Kansas State University and Edward Heske at the\\nUniversity of Illinois Urbana-Champaign published the most comprehensive\\nanalysis to date, confirming that the patterns did not seem to be a function\\nof trapping statistics. Something else was going on\\u2014and whatever it was, it\\nwas big. Since the early 1970s, muskrat populations appeared to have fallen by\\nat least one-half in 34 US states. In a handful of states, the collapse was\\nnear-total, coming in between 90 and 99 percent.\\n\\nMuskrats remain fairly common overall\\u2014no official population count exists, but\\nit\\u2019s safe to ballpark within the millions throughout their range\\u2014and in some\\nplaces, they still thrive, with as many lodges per wetland hectare as there\\nare homes in a leafy suburban subdivision; researchers don\\u2019t fear their\\nextinction, but the overall trend is deeply troubling. It is also mysterious.\\nMany possible causes exist, from climate change to habitat fragmentation to\\nvegetation shifts to disease, but \\u201cno one has really proposed a reason that\\nseems like the most likely one,\\u201d says John Crockett, a wildlife ecologist and\\nPhD candidate at the University of Rhode Island, where he is monitoring the\\nOcean State\\u2019s muskrats. \\u201cIt\\u2019s just a muddle of different possible culprits.\\u201d\\n\\nCrockett is among the few scientists and wildlife managers to study the\\nphenomenon; outside that small circle, few people are even aware that muskrats\\nare in trouble. The only media attention comes from regional outlets and\\nuniversity press releases. It\\u2019s a muted public response, considering the scale\\nof loss\\u2014yet it\\u2019s also unsurprising, considering how little-appreciated\\nmuskrats are.\\n\\nThe animals are often mistaken for beavers, another semiaquatic rodent, albeit\\none whose adults weigh as much as a six-to-eight-year-old child; muskrats tip\\nthe scales at a couple kilograms. That lack of appreciation extends to the\\necological roles performed by muskrats. Though their influences are subtle\\nwhen compared with the wetland engineering of beavers, muskrats are still\\nimportant habitat makers and nutrient movers. They help the world come to\\nlife, even if we don\\u2019t readily notice them doing so; their diminishment would\\nreverberate far beyond them. It is also foreboding. What does it portend, and\\nwhat does it say about how humans have transformed the world, when in so many\\nplaces such a common, hardy animal can no longer thrive?\\n\\nWhen Crockett and I first talk, in the spring of 2023, I confess to having\\nonly recently learned about the muskrat declines. \\u201cI had no idea either until\\nI started this project,\\u201d Crockett replies. \\u201cThey were always a species that I\\nhad classified in my mind as, They\\u2019re everywhere. They\\u2019re probably doing just\\nfine.\\u201d\\n\\nOn a warm late-June morning, he meets me at a dam on the Blackstone River in\\nCumberland, Rhode Island, a few dozen kilometers inland from Narragansett Bay\\nand near two of his study sites. Rhode Island\\u2019s muskrat populations are\\nestimated to be roughly 15 percent of what they were several decades ago, but\\nprecise information about how many animals there are and where they live is\\nlacking. Crockett has spent three field seasons surveying aquatic\\nareas\\u2014marshes, bogs, swamps, lazy rivers, streams, ponds, brackish estuaries,\\nanywhere a semiaquatic rodent might live\\u2014in order to compile a record of\\nmuskrats across the state.\\n\\n\\u201cIdeally I\\u2019ll learn something about their distribution that tells us something\\nuseful for conserving them,\\u201d he says. We slip our kayaks off a launch and\\npaddle slowly upriver, with Crockett drifting beneath the overhanging\\nvegetation and looking for chewed shoots, muddy pullouts, or anything else\\nthat could signal a muskrat\\u2019s presence.\\n\\nAmong the questions researchers have is whether muskrats are impacted by\\nPhragmites australis, a wetland-loving perennial grass native to Eurasia that\\nhas proliferated across North America, growing in dense stands that crowd out\\nnative vegetation and in particular cattails, a staple food for muskrats.\\nLaurence Smith, an environmental scientist at Rhode Island\\u2019s Brown University\\nwho is also studying the state\\u2019s muskrat declines, has found compelling\\nevidence that the rodents rarely eat phragmites and tend to avoid areas\\ndominated by it. Yet, Crockett has also visited many ideal-looking sites where\\ncattails grow in profusion but no muskrats can be found\\u2014so even if phragmites\\nis a culprit, it only explains part of what\\u2019s happening.\\n\\nThis sort of murkiness characterizes every hypothesized explanation for the\\ndeclines. Consider disease: in an age of apocalyptic bat and amphibian\\ncollapses caused by new fungal infections, and also avian influenza\\u2013induced\\nbird die-offs, researchers have inevitably looked for pathogens that afflict\\nmuskrats. Of these, there are scores. No evidence suggests that any have\\ncaused significant population-scale problems, but knowing that with certainty\\nwould require the sort of long-term, landscape-scale monitoring programs that\\nsimply don\\u2019t exist for muskrats. Unless they die in a trap, their bodies go\\nunfound.\\n\\nIf the impacts of disease are indirect or sublethal, tipping survival\\u2019s scales\\nbut only slightly, that would be harder still to detect. The effects of\\npollutants are similarly unclear. \\u201cMuskrats pick up a lot of things that empty\\ninto our river systems: contaminants, herbicides, pesticides, things like\\nthat,\\u201d says Laken Ganoe, another University of Rhode Island wildlife\\necologist. \\u201cA lot of those things we don\\u2019t have well documented. We don\\u2019t know\\nhow they specifically affect the health of the animals.\\u201d\\n\\nWhen Ganoe reviewed the scientific literature on pathogens and pollutants that\\naffect muskrat health, compiling 131 articles published in the past century,\\nshe found only two that examined agricultural chemicals. Neither found clear\\nsigns of harm, but they were fairly small studies and together looked at just\\neight substances\\u2014a keyhole glimpse of the chemical cocktails commonly found\\nwhere muskrat habitats receive runoff from agriculture or residential\\nlandscaping. Those \\u201ccould be impacting muskrats in a lot of different ways,\\u201d\\nsays Crockett, but the picture is complicated by how muskrats frequently\\nsurvive in heavily polluted waters yet may be scarce in places that are clean.\\n\\nAnother possibility is that muskrat habitats are changing in fundamental ways.\\nNot only have many wetlands been lost to or degraded by human activity, but\\nthose that remain may be isolated, making it difficult for muskrats to travel\\nbetween them and establish new homes. The importance of dispersal, as such\\nmovements are technically known, is neatly illustrated by research from\\nnorthern Alberta\\u2019s vast Peace-Athabasca Delta, where the density of muskrat\\nhouses\\u2014the rodents often build mud-and-grass huts, counts of which are used as\\npopulation proxies\\u2014has plummeted by 90 percent since the early 1970s.\\n\\nThe collapse coincided with the 1968 completion of British Columbia\\u2019s\\n185-meter-high WAC Bennett Dam, which choked the Peace River\\u2019s headwaters and\\ntransformed the delta\\u2019s hydrology. Previously, the floodplain was inundated\\nregularly. Nowadays, it is subjected to long dry spells during which many\\nwaterbodies vanish altogether or become so shallow that in winter they freeze\\nsolid, preventing muskrats from feeding on underwater vegetation. (In addition\\nto cattails, muskrats eat a wide range of aquatic plants, as well as\\ncrustaceans, frogs, and other small animals.) Warmer temperatures and reduced\\nsnowfall have compounded the desiccation. When scientists analyzed several\\ndecades of muskrat population surveys and satellite measurements of open water\\nin the delta, they found a tight correlation between wetland loss and muskrat\\ndeclines.\\n\\nResearchers also found that hydrological changes did more than reduce the\\navailability of habitat. They altered the dynamics of life in the delta.\\nMuskrats there could be understood not as a single population but as a network\\nof subpopulations who, in isolation, are prone to extirpation during dry\\nperiods and as vegetation shifts. Historically, those subpopulations were\\nreplenished by new muskrats arriving from elsewhere in the delta via routes\\ncreated by flooding; but as the floodplain shriveled, so did the network. The\\nnow-isolated subpopulations would vanish, one by one, without being\\nrenewed\\u2014something that might be happening in the wider world, wrote the\\nresearchers, not just in the Peace-Athabasca Delta.\\n\\nAdam Ahlers, coauthor of that landmark 2017 study of muskrat declines, agrees.\\n\\u201cIf you ask for my most educated opinion of why populations have declined,\\nit\\u2019s the loss and degradation of wetlands, and the isolation of wetlands,\\u201d\\nsays Ahlers. \\u201cTo have a functioning metapopulation, you have to have\\nconnectivity.\\u201d\\n\\nHe describes circumstances in Illinois, where much of his research is\\nconducted: In precolonial times, an animal could walk 250 meters in any\\ndirection and have a 50 percent chance of entering a wetland. Today, they walk\\nacross roads and through endless farm fields; sometimes they survive in\\nirrigation or drainage channels, but those are prone to extremes, with\\nmuskrats alternately flooded out or left high and dry, vulnerable to predators\\nand deprived of food.\\n\\nYet, even as Ahlers thinks these changes are most to blame, he doesn\\u2019t think\\nthey explain all the declines. It is possible that all the above-mentioned\\nfactors\\u2014and others not discussed, such as shifts in predator populations or\\nthe collapse of freshwater mussels muskrats may depend upon in lean\\ntimes\\u2014could be implicated, with one or more afflicting them in different\\nplaces. In this case, the declines could be understood not as the consequence\\nof any one issue but the result of a world made inhospitable by humans.\\n\\nCrockett and I make our way slowly upriver to an early-summer soundtrack of\\nred-winged blackbirds, robins, and song sparrows. We see no muskrats, but\\nafter about half an hour, he finds a sign: an old snag protruding from the\\nwater makes a perfect place for a muskrat to sit, and upon closer inspection,\\na single scat rests upon it. Crockett meticulously writes this down in his\\nnotebook; note by note, a picture of Rhode Island\\u2019s muskrats will eventually\\nemerge.\\n\\nA long-legged spider perches beside the scat, perhaps attracted by insects who\\nthemselves are attracted to its concentration of nutrients. By such increments\\necosystems cohere and flourish, and the tableau makes for a small\\ndemonstration of a role played by muskrats: they cycle and transport\\nnutrients. That\\u2019s not so important on a river like the Blackstone, says\\nCrockett, where nutrients are moved by large-bodied fish\\u2014not to mention sewage\\ntreatment plants, of which there is one upriver in Woonsocket and another at\\nthe Blackstone\\u2019s headwaters in Worcester, Massachusetts\\u2014but in a wetland where\\nwaters are still, he says, muskrats are much more significant.\\n\\nIn a little while, we enter just such a place, a long, shallow basin adjacent\\nto the river\\u2019s main stem where the water is still and profuse with emergent\\nvegetation: pickerelweed, arrowhead, reeds, and pond lilies, rimmed by stands\\nof cattails. \\u201cIn some of these wetlands, what happens within that one little\\npocket is all that\\u2019s ever going to happen,\\u201d says Crockett. \\u201cIf there is or\\nisn\\u2019t an herbivore will make a big difference.\\u201d\\n\\nIn these places, grazing by muskrats takes up nutrients locked in plants and\\nspreads them around. And not just from plants: when muskrats eat mussels,\\nwhich they gather and eat in favored dining spots, day after day, they create\\nmounds of discarded shells that are fountains of calcium on the landscape.\\nTheir grazing also helps prevent vegetation from becoming so dense that over\\ntime it builds up, forms soil, and turns the wetland into land. The scientific\\nname for what muskrats help produce is hemi-marsh: about half vegetation and\\nhalf open water, a configuration that has coevolved with a menagerie of\\nwetland species.\\n\\nDucks use that open water. Light penetrates it, nourishing plankton and in\\nturn small fish and aquatic invertebrates and a different set of subaquatic\\nvegetation, not unlike sunbeams in a forest clearing. Laurence Smith describes\\nhow, when muskrats build houses in cattail marshes, they clear a circle some\\nfive or six meters across, and then when they depart, the vegetation regrows.\\nThe result is a patchwork of variation across time as well as space. \\u201cIt\\u2019s a\\nform of disturbance,\\u201d says Smith. \\u201cDisturbance is good. Disturbance provides\\ndiversity of ages and decomposition on the landscape.\\u201d\\n\\nIn his review of muskrat ecosystem impacts, Ahlers describes how these\\ndisturbances produce dramatic increases in plant species richness. One study\\nsuggested that muskrats were primarily responsible for an increase of more\\nthan 70 percent in the variety of plants found in the disturbed areas of a\\ncattail marsh; by grazing on abundant plants that would otherwise become\\ndominant, muskrats also create space for rare plants to grow. Meanwhile, their\\nhouses\\u2014a meter or more from the water and up to two meters wide, lasting for a\\nyear or two before gradually degrading\\u2014become habitat features themselves.\\n\\u201cBirds are probably the most conspicuous beneficiaries of the muskrat\\u2019s\\ninfluence on wetlands,\\u201d writes Ahlers, including the ducks, terns, grebes, and\\nother wetland avians who use muskrat houses as nesting sites. Turtles, water\\nsnakes, and frogs also dwell in them, and even skunks and shrews\\u2014more than 60\\nvertebrate species altogether, by one count.\\n\\nThese animals also avail themselves of the reed feeding platforms that\\nmuskrats construct. So do beetles and other invertebrates, and in turn their\\npredators benefit. As the platforms decompose, they even increase local\\nmicrobial diversity. And where muskrats dig dens in banks along the water\\u2019s\\nedge rather than build houses, their burrowing aerates riparian soils, and\\nthose subterranean chambers become habitat for reptiles and amphibians. \\u201cWhen\\nyou remove them,\\u201d says Smith of muskrats, \\u201cthe ecology of the wetland\\nchanges.\\u201d\\n\\nMorgan Lucot, a biologist with Rhode Island\\u2019s Department of Environmental\\nManagement who is collaborating with Crockett and Smith, says that muskrats\\ncomplement the better-known habitat transformations of the beavers with whom\\nthey share wetlands. The latter create wetlands; muskrats maintain them.\\n\\u201cBeaver do it on a really large scale. Muskrat do it on a very small scale,\\u201d\\nshe says. \\u201cTo have a really healthy ecosystem, you need large-scale and fine-\\nscale diversity.\\u201d It is fitting that muskrats figure prominently in many\\nIndigenous ontologies. The best known of these is an Anishinaabe story,\\npopularized by Robin Wall Kimmerer in Braiding Sweetgrass, of how Muskrat dove\\nto the bottom of a deluged Earth, recovering the mud from which the\\nterrestrial world would eventually be formed.\\n\\n\\u201cA loss of muskrats comes with significant costs, many of which we might\\nalready be experiencing,\\u201d wrote biologists with Ontario\\u2019s ministry of natural\\nresources after documenting muskrat house count declines of more than 90\\npercent in Point Pelee National Park. \\u201cA scarcity of muskrats should be\\nconsidered a red flag for the state of biodiversity in our wetlands.\\u201d\\n\\nAs Crockett and I paddle through the channel, a large something surfaces and\\nthen dives beside my prow, leaving an impression of slow power. A snapping\\nturtle, most likely. They are regular consumers of muskrats, as are minks,\\nraccoons, owls, and a host of other creatures. And then, as we pass the\\nchannel\\u2019s entrance, there, in the shallows at the base of an arrowroot stand,\\nthe morning sunshine lighting the m\\u00e9lange of cinnamon, auburn, and umber that\\nmakes up their coat, nibbling contentedly on a frond, is a muskrat.\\n\\nA convention of nature writing, so prevalent as to be taken for granted, is to\\npresent animals as emblematic of their species. One may easily talk about\\necological roles or life histories\\u2014but not so easily about individuals, about\\nbeings with a first-person experience of their own lives. Who was that\\nmuskrat? Passing by, catching a glimpse, I could not know.\\n\\nBiologists, who know muskrats mostly by watching them from a distance, don\\u2019t\\nnecessarily offer this perspective, nor do wildlife managers or trappers. For\\nthat, we may turn to someone like Jennifer Marchigiani, who in 2002 opened\\nMisfits Rehab in Auburn, Maine. Since then, she has cared for thousands of\\norphaned, sick, and injured wild animals. Raccoons and squirrels and possums\\nare her most common patients, and turtles during their migration\\u2014road-\\ncrossing\\u2014season, but once or twice a year, someone will bring in a muskrat.\\n\\nAs a rule, says Marchigiani, they are quite shy and skittish. Even as\\njuveniles, an age when raccoons and squirrels readily habituate to human\\ncaretakers, muskrats keep to themselves. When she or her helpers are in the\\nroom, muskrats are wary: not fearful but watchful, often retreating into their\\nhideouts, as befits creatures who so readily become meals. When she leaves the\\nroom, though, it\\u2019s a different story.\\n\\nOn the video cameras she sets up to watch her patients from afar, Marchigiani\\ncan see what muskrats do when nobody is watching. \\u201cThey are very playful,\\u201d she\\nsays, much like ferrets in that regard, hopping and pouncing and wrestling\\nwith the stuffed animals their caretakers give them. \\u201cThey are hilarious\\nanimals to watch.\\u201d\\n\\nMarchigiani has had few opportunities to observe them with one another\\u2014most of\\nher muskrats come in alone\\u2014but once she cared for two very young muskrats.\\nThey were found beside a road, likely orphaned siblings, and spent much of\\ntheir time cuddling, grooming, and talking in high-pitched voices. One had a\\nbroken leg and stayed in their hideout during the weeks it took to heal. At\\nfeeding times, his sister would emerge, fetch him a piece of apple or some\\nother delectable treat, and then go back for her own serving before joining\\nhim.\\n\\n\\u201cIt was really fascinating. That\\u2019s not so typical for most wildlife,\\u201d she\\nsays. \\u201cIt\\u2019s usually survival of the fittest. Even squirrels, they fight and\\nwrestle and try to push the other one away from the feed.\\u201d Such observations\\nhint at the social tenor of muskrats\\u2019 lives in the wild, where one study led\\nby Laken Ganoe found that, on average, each muskrat shared nine lodges with\\nvarious other muskrats, with most of their home territories overlapping.\\nWilliam Long, a popular naturalist in the early 20th century, wrote of\\npressing an ear to a lodge in springtime, when \\u201ctheir squeaky little voices\\nand the low mumble of one voice sound like an echo of the general heyday\\noutside.\\u201d\\n\\nSuch observations also make more poignant the matter of trapping, which\\nremains the most common of the relationships that humans have with muskrats.\\nIn Adam Ahlers\\u2019s 2017 study of muskrat declines, he cites data from the\\nAssociation of Fish and Wildlife Agencies, which reported that over 132\\nmillion muskrats had been trapped in the United States between 1970 and 2012.\\nThose figures covered only 37 states for which adequate data existed, so the\\nactual number is higher. In most places, there are no legal limits on how many\\nmuskrats someone may kill.\\n\\nTrapping rates have dropped in recent years, of course, and there\\u2019s broad\\nagreement among scientists who\\u2019ve studied the muskrat declines that trapping\\nis not a factor. It should also be noted that much of the data, and much of\\nthe concern over their fate as a species, comes from people who trap and\\nresearchers who work with them.\\n\\nStill, there is an ethical dimension that can\\u2019t be elided simply by saying\\npopulations matter, not individuals. The full conversation is one for another\\nday, but it\\u2019s fair to say this: after all that muskrats have done for the\\nworld and for us, and all that we have taken from them, we owe them.\\n\\nAfter a minute or so, the muskrat departs, and the encounter is recorded.\\nCrockett and I paddle back to the launch. This is one of his last field trips.\\nNo explanation for muskrat declines has yet emerged from his data, but the\\nanalysis is not complete. Perhaps the answer will be found by someone who\\nbuilds on these observations. \\u201cI would love to have done this 40 years ago\\nalso, and have sort of a before-and-after,\\u201d he says. \\u201cBut we can at least get\\na before for somebody else.\\u201d\\n\\nWhen Crockett is finished, he\\u2019ll have compiled the first state-wide survey of\\nmuskrats in Rhode Island. Part of the reason it took so long for their\\ndeclines to be detected, and why it\\u2019s so hard to make sense of them, is that\\nbaseline data is so incomplete. Trapping records are useful but far from\\nstatistically ideal. Laurence Smith is developing tools that detect the\\npresence of muskrats from DNA traces in water samples; that would be even\\nsimpler and possibly more reliable than what Crockett is doing, and could be\\nconducted relatively inexpensively on a large scale. And perhaps the people\\ncollecting that data would be not only wildlife managers, trappers, and\\nscientists, but nature- and animal-loving citizens as well, mobilized to keep\\nan eye on the muskrats in their locale.\\n\\nThere is something that gives Crockett hope: muskrats do just fine around us.\\n\\nOne pattern to emerge from his data and elsewhere is that muskrats have fared\\njust as well in urban as in wilder places. When Smith tested his muskrat DNA\\ndetection system, the best locations he found were in cattail-rich wetlands in\\nthe city of Providence, one of them downstream from a Superfund site. The\\nBlackstone River was, until not long ago, intensely polluted; an original\\nartery of the Industrial Revolution, its modern contours have been shaped by\\nseveral centuries of intense human activity. Behind the channel where we saw\\nour muskrat was an old sewage treatment plant. The morning\\u2019s songbird chorus\\nmade itself heard over the din of a nearby quarry and traffic passing overhead\\non a bridge of Interstate 99, the Woonsocket Industrial Highway.\\n\\nBehind the lush riparian vegetation was a bicycle path, residential\\nneighborhoods, a Walmart. When Marchigiani released those affectionate\\nsiblings, she did so into a suburban wetland behind a shopping plaza: their\\nhome. \\u201cIt\\u2019s not like a grizzly bear,\\u201d says Crockett. \\u201cThey don\\u2019t need\\nthousands of square miles. They just need a pond or a hundred-meter stretch of\\nriver.\\u201d There is still space in this world for muskrats, and they can still\\nbring our world to life.\\n\\n### Article footer and bottom matter\\n\\n### Share this article on social media\\n\\nShare this\\n\\nTweet this\\n\\nFlip this\\n\\n### Sign up for the weekly newslstter\\n\\n### Sign up for our free weekly newsletter\\n\\n### Additional Contributors\\n\\n#### Edited by:\\n\\nJude Isabella\\n\\n#### Fact Checked by:\\n\\nTina Knezevic\\n\\n### Author bio\\n\\nBrandon Keim is a freelance journalist who writes about nature and animals\\nthrough the lens of science. His new book, Meet the Neighbors, explores the\\nscience of animal intelligence and what it means for how we understand and\\nlive with the wild creatures around us.\\n\\nSarah Gilman is a writer, illustrator, and Hakai Magazine contributing editor\\nbased in north-central Washington State. Her work has appeared in High Country\\nNews, The Atlantic, Adventure Journal Quarterly, BioGraphic, Audubon,\\nSmithsonian, the Washington Post, National Geographic News, Patagonia\\u2019s The\\nCleanest Line, and The Last Word on Nothing.\\n\\n### Tags\\n\\n#### Topic:\\n\\n  * Environments,\\n  * Living Things\\n\\n#### Geographic Region:\\n\\n  * North America\\n\\n#### Oceanographic Region:\\n\\n  * Atlantic Ocean\\n\\n#### Species:\\n\\n  * Terrestrial Mammals\\n\\n#### Scientific Field/Discipline:\\n\\n  * Biology,\\n  * Earth Science,\\n  * Ecology\\n\\n### Cite this Article:\\n\\nCite this Article: Brandon Keim Sarah Gilman \\u201cThe Waning Reign of the Wetland\\nArchitect We Barely Know (Hint: Not a Beaver),\\u201d Hakai Magazine, Apr 23, 2024,\\naccessed April 25th, 2024, https://hakaimagazine.com/features/the-magnificent-\\nlives-and-quiet-loss-of-muskrats/.\\n\\n# Related Content\\n\\n## The Gnawing Question of Saltwater Beavers\\n\\n### Scientists have long overlooked beavers in the intertidal zone. Now\\nthey\\u2019re counting on the freshwater rodents to restore Washington\\u2019s coastal\\necosystems.\\n\\nJan 29, 2019 | 3,000 words, about 15 minutes\\n\\n## Where Now Grizzly Bear?\\n\\n### After centuries of persecution, brown bears are showing up in some\\nunexpected places.\\n\\nJan 26, 2021 | 3,000 words, about 15 minutes\\n\\n#### Copyright information\\n\\nMade next to the \\ud83c\\udf0a in Victoria, Canada - ISSN 2371-5790\\n\\nPart of the Tula Foundation and Hakai Institute family.\\n\\n#### Links to Hakai Magazine social media sites\\n\\n  * Youtube\\n  * Twitter\\n  * Facebook\\n  * Sign up for a weekly newsletter\\n  * RSS feed\\n  * Audio edition\\n\\n\", \"frontpage\": false}"}
