{"value":"{\"aid\": \"40191313\", \"title\": \"Chinese Subs May Be Propelled Silently by Lasers\", \"url\": \"https://hackaday.com/2024/04/24/chinese-subs-may-be-propelled-silently-by-lasers/\", \"domain\": \"hackaday.com\", \"votes\": 1, \"user\": \"stareatgoats\", \"posted_at\": \"2024-04-28 19:55:57\", \"comments\": 0, \"source_title\": \"Chinese Subs May Be Propelled Silently By Lasers\", \"source_text\": \"Chinese Subs May Be Propelled Silently By Lasers | Hackaday\\n\\nSkip to content\\n\\n# Hackaday\\n\\n# Chinese Subs May Be Propelled Silently By Lasers\\n\\n57 Comments\\n\\n  * by:\\n\\nRichard Baguley\\n\\nApril 24, 2024\\n\\nIf sharks with lasers on their heads weren\\u2019t bad enough, now China is working\\non submarines with lasers on their butts. At least, that\\u2019s what this report in\\nthe South China Morning Post claims, anyway.\\n\\nAccording to the report, two-megawatt lasers are directed through fiber-optic\\ncables on the surface of the submarine, vaporizing seawater and creating\\nsuper-cavitation bubbles, which reduce drag on the submarine. The report\\ndescribes it as an \\u201cunderwater fiber laser-induced plasma detonation wave\\npropulsion\\u201d system and claims that the system could generate up to 70,000\\nnewtons of thrust, more than one of the turbofan engines on a 747.\\n\\nThe report (this proxy can get around the paywall) claims that the key to the\\nsystem are the tiny metal spheres that direct the force of the cavitation\\nimplosion to propel the submarine. Similar to a magnetohydrodynamic drive\\n(MHD), there\\u2019s no moving parts to make noise. Such a technology has the\\npotential to make China\\u2019s submarines far harder to detect.\\n\\nLooking for more details, we traced the report back to the original paper\\nwritten by several people at Harbin Engineering University, entitled \\u201cStudy on\\nnanosecond pulse laser propulsion microspheres based on a tapered optical\\nfiber in water environment\\u201c, but it\\u2019s still a pre-print. If you can get access\\nto the full paper, feel free to chime in \\u2014 we\\u2019d love to know if this seems\\nlike a real prospect or just exaggerated reporting by the local propaganda\\nmedia.\\n\\n[Image via Wikimedia Commons]\\n\\nPosted in Laser Hacks, Weapons HacksTagged laser, stealth, submarine\\n\\n## 57 thoughts on \\u201cChinese Subs May Be Propelled Silently By Lasers\\u201d\\n\\n  1. C says:\\n\\nApril 24, 2024 at 4:11 am\\n\\nI thought cavitation was a bad thing. Doesn\\u2019t cavitation increase drag? Can\\nsomeone explain this to me?\\n\\nReport comment\\n\\nReply\\n\\n    1. D says:\\n\\nApril 24, 2024 at 4:15 am\\n\\nI would have thought that cavitation produces more noise too? The pistol\\nshrimp, which uses cavitation to catch prey, generates a loud cracking noise\\nof up to 210 dB at the source.\\n\\nReport comment\\n\\nReply\\n\\n      1. The funny sister says:\\n\\nApril 24, 2024 at 5:24 am\\n\\nCavitation propulsion is very noisy but that is actually good. Think spark-gap\\nradio transmitter \\u2013 so loud and broadband nobody else can hear anything. Same\\nwith cavitation propulsion \\u2013 so loud nobody else can hear anything.\\n\\nReport comment\\n\\nReply\\n\\n        1. Agammamon says:\\n\\nApril 24, 2024 at 8:39 am\\n\\n1\\\\. Neither can you.\\n\\n2\\\\. Everyone can hear you. Then they kill you.\\n\\nReport comment\\n\\nReply\\n\\n      2. TG says:\\n\\nApril 24, 2024 at 12:01 pm\\n\\nYeah, the idea that this runs silently at that power output by blasting enough\\nlaser energy into the water to open up a cavity under extreme pressures... Is\\nludicrous. Kind of sad to see people so credulous\\n\\nReport comment\\n\\nReply\\n\\n        1. Rockknocker says:\\n\\nApril 24, 2024 at 2:49 pm\\n\\nI would wonder if the point is not silent running, but fast running with no\\nopenings for drive screws. This could (possibly) allow the creation of a\\nsubmarine that can dive deep and travel fast, but at the tradeoff of being\\neasily detectable.\\n\\nThere might be a market for this technology for non-military deep-sea\\nsubmarines for various industrial and survey uses.\\n\\nReport comment\\n\\nReply\\n\\n    2. Iv\\u00e1n Stepaniuk says:\\n\\nApril 24, 2024 at 4:21 am\\n\\nsupercavitation != cavitation\\n\\nReport comment\\n\\nReply\\n\\n      1. Agammamon says:\\n\\nApril 24, 2024 at 8:38 am\\n\\nAkchewally, it\\u2019s the same thing.\\n\\nLow pressure bubble in water. Bubble collapses, collapse makes noise.\\n\\nSupercavitation is making the bubble \\u2018super\\u2019 and sustaining. Still makes noise\\n\\u2013 a lot of noise\\u2019 as the edges collapse.\\n\\nReport comment\\n\\nReply\\n\\n        1. Geert van Dijk says:\\n\\nApril 25, 2024 at 11:08 am\\n\\nIs the concept not that the edges don\\u2019t collapse, so there is a permanent\\nbubble around the hull? Otherwise you\\u2019d need a shit ton of sacrificial air as\\nwell, right?\\n\\nReport comment\\n\\nReply\\n\\n          1. Agammamon says:\\n\\nApril 25, 2024 at 12:22 pm\\n\\nThe back collapses and the front is refilled.\\n\\nYes, you need a gas generator to keep replenishing the bubble.\\n\\nIn this laser thingamajiggy the laser generates more gas by vaporizing more\\nsea water.\\n\\nReport comment\\n\\n  2. hammarbytp says:\\n\\nApril 24, 2024 at 4:14 am\\n\\nPut me down as doubtful.\\n\\nMost submarines design is about reducing cavitation at the propellers since\\nthat is a major cause of noise, so we are going to design a propulsion system\\nbased on cavitation?\\n\\nDoesn\\u2019t really sound credible,\\n\\nReport comment\\n\\nReply\\n\\n    1. Sloppy Moses says:\\n\\nApril 24, 2024 at 4:35 am\\n\\nSupercavitation is pretty widely studied for military purposes, and the US\\nNavy is reportedly working on SC tech for their subs.\\n\\nReport comment\\n\\nReply\\n\\n      1. hammarbytp says:\\n\\nApril 24, 2024 at 4:51 am\\n\\nSupercavitation has been used to reduce drag and create high speed torpedo\\u2019s\\nsuch as the VA-111 Shkval, however this is to increase speed and not stealth.\\n\\nReport comment\\n\\nReply\\n\\n        1. Hirudinea says:\\n\\nApril 24, 2024 at 11:01 am\\n\\nMaybe the laser are for sprinting, not sneaking?\\n\\nReport comment\\n\\nReply\\n\\n  3. Winston says:\\n\\nApril 24, 2024 at 4:20 am\\n\\nIf this was actually practical and militarily useful, it wouldn\\u2019t be in open\\nliterature from the Chinese.\\n\\nReport comment\\n\\nReply\\n\\n    1. Winston says:\\n\\nApril 24, 2024 at 4:25 am\\n\\nAnd, yes, I know about this, but unlike the Chinese information it wasn\\u2019t\\nDIRECTLY associated with a military use, so the Soviets let it be published in\\nthe open literature:\\n\\nTHE TRUE STORY OF THE SOVIET PHYSICIST BEHIND AMERICA\\u2019S STEALTH TECHNOLOGY\\nAugust 25, 2020\\n\\nhttps://coffeeordie.com/soviet-physicist-stealth\\n\\nA 1962 paper translated as Method of Edge Waves in the Physical Theory of\\nDiffraction was of particular interest. Many U.S. scientists simply saw the\\npaper and incorporated it into their own research, or they rebuffed it and\\nwent about their day. But there was one team of engineers who saw the paper\\nand saw it as potentially groundbreaking.\\n\\nReport comment\\n\\nReply\\n\\n    2. Greg A says:\\n\\nApril 24, 2024 at 4:50 pm\\n\\ni can\\u2019t make heads or tails of this tech but china\\u2019s military isn\\u2019t really in\\nthe business of winning through main force (or hasn\\u2019t been so far).\\nadvertising a capability or interest may be useful for attaining their actual\\ngoals (deterrent / stabilizing or destabilizing influence, depending). with\\nwar looking more likely every day, the ability to obviate the war \\u2014 to make it\\nso obvious who would win that they don\\u2019t bother fighting \\u2014 could prove much\\nmore valuable than direct material force or surprise.\\n\\nReport comment\\n\\nReply\\n\\n  4. Chris says:\\n\\nApril 24, 2024 at 4:27 am\\n\\nHave a look at https://en.wikipedia.org/wiki/Supercavitation . It is an\\nintriguing concept, the main advantage is high speed of 300km/h and more. The\\nchallenge seems to be to make a cavitation bubble as big as a submarine.\\nHowever, I think it will still make noise even if not generated inside the\\nship.\\n\\nReport comment\\n\\nReply\\n\\n    1. HaHa says:\\n\\nApril 24, 2024 at 9:29 am\\n\\nThe problem with supercavitation is that the torpedos can\\u2019t track and can\\u2019t\\nsteer. Not unlike a hypersonic missile. The G.D. Ruskies are _real_ proud of\\nthem, but \\u2018Rusky navy\\u2019. Grain of salt the size of Russian national yearly\\nvodka consumption. Propaganda intended for domestic Russian consumption. Sort\\nof like this story, except this is for mainland Chinese patriots. Help them\\nget over not invading Taiwan.\\n\\nA super loud submarine blindly going fast isn\\u2019t really useful. It\\u2019s called the\\nsilent service for a reason. First one with a target, wins. Unless the sub can\\noutrun anti-submarie warfare aircraft, it would boggie right into a couple of\\nhoming torpedos, dropped in it\\u2019s path. Would never hear them, until the very\\nloud noise ruins their day.\\n\\nReport comment\\n\\nReply\\n\\n      1. golem says:\\n\\nApril 25, 2024 at 3:33 am\\n\\nBoth hypersonic missiles and the schkval torpedo can steer though? High speed\\nlong distance transportation is obviously useful for a submarine even if loud\\nas hell.\\n\\nReport comment\\n\\nReply\\n\\n  5. Zoe Nagy says:\\n\\nApril 24, 2024 at 4:50 am\\n\\nIsn\\u2019t fuzzy water bad for detection? Might as well be powered by fart of\\nchinese people.\\n\\nReport comment\\n\\nReply\\n\\n  6. Steve says:\\n\\nApril 24, 2024 at 5:05 am\\n\\n\\u201cthere\\u2019s no moving parts to make noise\\u201d\\n\\nBut cavitation can be very loud.\\n\\nReport comment\\n\\nReply\\n\\n  7. Paul says:\\n\\nApril 24, 2024 at 5:10 am\\n\\n\\u201c70,000 newtons of thrust, more than one of the turbofan engines on a 747.\\u201d is\\nincorrect. Those jet engines produce about 4 times that thrust. Misreading the\\nSCMP, or confusing the silly lbf unit with N?\\n\\nAnd much of the rest of that doesn\\u2019t sniff right either. Something is lost in\\ntranslation, or the Harbin University propagandists are taking lessons from\\nMIT on writing release copy.\\n\\nReport comment\\n\\nReply\\n\\n    1. sweethack says:\\n\\nApril 24, 2024 at 7:20 am\\n\\nI\\u2019m pretty sure the turbofan engines don\\u2019t product a single newtons of thrust\\nunderwater. So this comparison is purely irrelevant anyway.\\n\\nReport comment\\n\\nReply\\n\\n      1. Dan says:\\n\\nApril 24, 2024 at 8:24 am\\n\\nMaybe that\\u2019s where MH370 went wrong...\\n\\nReport comment\\n\\nReply\\n\\n  8. biuro says:\\n\\nApril 24, 2024 at 5:22 am\\n\\nActually, Chinese are far more ahead in fluid dynamics research compared to\\nUS, UK and highly developed parts of EU (France, Germany, Italy). Recently\\nI\\u2019ve bought hypersonic cavitation electronic toilet cleaning brush and it does\\nwonders compared to Domestos. I\\u2019ve been trying to get rid of yellowing and\\nfrozen brown jelly for years and it did the job in one go.\\n\\nReport comment\\n\\nReply\\n\\n    1. arcturus says:\\n\\nApril 24, 2024 at 5:36 am\\n\\nWhere can I get a brush like this? I need it just for the name.\\n\\nReport comment\\n\\nReply\\n\\n      1. Pineapple says:\\n\\nApril 24, 2024 at 6:57 am\\n\\nTEMU LOL\\n\\nReport comment\\n\\nReply\\n\\n      2. Pooo says:\\n\\nApril 24, 2024 at 7:41 am\\n\\nPerhaps the BubbleFlush?\\n\\nReport comment\\n\\nReply\\n\\n    2. Agammamon says:\\n\\nApril 24, 2024 at 8:35 am\\n\\nThere is no such thing as \\u2018hypersonic cavitation\\u2019.\\n\\nYou got got by chinesium marketing. It\\u2019s, at best, a sonic cleaner.\\n\\nReport comment\\n\\nReply\\n\\n    3. HaHa says:\\n\\nApril 24, 2024 at 9:38 am\\n\\nDid you at least try a conventional bidet toilet seat first? I know you\\u2019re\\nChinese and these were invented by the Japanese, put your prejudice away for a\\nsecond.\\n\\n\\u2018Hypersonic cavitation\\u2019 sounds uncomfortable.\\n\\nI will admit, \\u2018frozen brown jelly\\u2019 sounds concerning. See your doctor. The\\ngood kind, not the quacks dispensing \\u2018traditional Chinese medicine\\u2019.\\n\\nReport comment\\n\\nReply\\n\\n    4. Hirudinea says:\\n\\nApril 24, 2024 at 11:06 am\\n\\nSo you\\u2019re saying the Chinese are strapping toilet brushes to their subs? Is\\nthe Tidy Bowl man running their navy?\\n\\nReport comment\\n\\nReply\\n\\n  9. june says:\\n\\nApril 24, 2024 at 5:41 am\\n\\nChinese propaganda.\\n\\nReport comment\\n\\nReply\\n\\n    1. . says:\\n\\nApril 24, 2024 at 6:55 pm\\n\\nAnother military \\u201cgap\\u201d that urgently needs to be closed, brought to you by the\\nsecret Sino-Septic Bilateral Committee for the Exploitation of Taxpayers\\n\\nReport comment\\n\\nReply\\n\\n  10. robomonkey says:\\n\\nApril 24, 2024 at 5:43 am\\n\\nso, superheating water won\\u2019t make any noise? If anything it would make it more\\ndetectable. And constant pulsing of 2 Megawatt lasers through fiber optics?\\nThis thing would be in the shop more than on the open sea.\\n\\nChina taking a play from the Russian handbook \\u201cmake enemy think you have very\\nuseful weapon system with breakthrough technology\\u201d. Physics wins in the end.\\nAny system like this will make noise, be difficult to maintain, and with that\\nkind of power requirement will make reactor noise something detectable.\\n\\nReport comment\\n\\nReply\\n\\n    1. Neville says:\\n\\nApril 24, 2024 at 7:20 am\\n\\nThey should be careful of repeating the Russian MIG25 fiasco which concerned\\nthe US so much that it led to the development of the F15.\\n\\nReport comment\\n\\nReply\\n\\n      1. Valentin Angelovski says:\\n\\nApril 24, 2024 at 7:22 pm\\n\\nHow was it a fiasco though? Even after one MiG-25P was \\u2018acquired\\u2019 for\\ninspection, it was concluded the Soviets still made a capable interceptor\\ndespite the crude nature of it\\u2019s construction. In any case, the MiG-25PD/PDS\\nand Su-27 that came after it were even more formidable and the F-15 was well\\nplaced to deal with the new threats.\\n\\nReport comment\\n\\nReply\\n\\n  11. Jay ess says:\\n\\nApril 24, 2024 at 5:45 am\\n\\nSometimes publishing is done defensively. This is to publicise details so that\\nother adversaries know that you have the capability, but not what and how many\\nsystems are using it.\\n\\nI\\u2019m very curious how this is quiet, as a pulsed laser would likely create a\\nvery specific and easily identifiable frequency in the water it\\u2019s cavitating.\\n\\nReport comment\\n\\nReply\\n\\n    1. Agammamon says:\\n\\nApril 24, 2024 at 8:33 am\\n\\nIf you read the source material, you see they don\\u2019t have the capability,\\naren\\u2019t even within a generation of the capability, and the research paper\\nitself doesn\\u2019t even go to submarine propulsion.\\n\\nAnd there\\u2019s a focus on sub propulsion when this would be just as viable for\\nships too.\\n\\nReport comment\\n\\nReply\\n\\n  12. Paul says:\\n\\nApril 24, 2024 at 7:06 am\\n\\nThat paper discusses manipulating 20-50 micrometer polystyrene microspheres\\nusing 8-50 microjoule nanosecond-long laser pulses.\\n\\nFrom the paper:\\n\\n\\u201cThe system can effectively control the generation of laser energy and spot,\\nso as to achieve accurate microsphere propulsion.\\u201d\\n\\n\\u201c... the study of PS microsphere propulsion using a conical fiber laser\\npropulsion system has potential application prospects in underwater laser\\ncleaning and underwater microstructure manipulation.\\u201d\\n\\nConcluding with: \\u201cWe believe that the findings of this study can provide\\nexperimental and theoretical foundations for underwater laser propulsion\\nresearch.\\u201d\\n\\nIt\\u2019s a long, long stretch to moving submarines.\\n\\nYep, straight from the typical university propaganda playbook.\\n\\nReport comment\\n\\nReply\\n\\n    1. The Commenter Formerly Known As Ren says:\\n\\nApril 24, 2024 at 10:40 am\\n\\n\\u201c20-50 micrometer polystyrene microspheres\\u201d\\n\\nGreat, more microplastics in the environment.\\n\\nReport comment\\n\\nReply\\n\\n  13. Mike Kaylor says:\\n\\nApril 24, 2024 at 7:16 am\\n\\nCavitation = Noise. A submarine tries to reduce cavitation as much as\\npossible. There will always be come cavitation be we never want a lot of it.\\nThis is why we don\\u2019t use a flank bell everywhere we go.\\n\\nReport comment\\n\\nReply\\n\\n  14. Tony M says:\\n\\nApril 24, 2024 at 7:25 am\\n\\nChina. Maybe I\\u2019m to old to see the pattern every time a new report from China\\ncomes to the other side: a) The report contains the word \\u201cpropaganda\\u201d... b)\\nChina do/has/made/got something ...c) commenters: nah! no, noway. d) Also\\ncommenters : propaganda! Happily this is not the case :)\\n\\nReport comment\\n\\nReply\\n\\n  15. Charles Springer says:\\n\\nApril 24, 2024 at 7:36 am\\n\\nLasers from the butt? I suppose at a time when mainstream \\u201cnews\\u201d organizations\\nare trying to out-do each other with Pecker headlines, this is inevitable.\\nHowever, in the Navy a \\u201cbutt\\u201d is a large cask of fresh water for drinking. As\\nin the chatter around the scuttlebutt.\\n\\nReport comment\\n\\nReply\\n\\n  16. Clancydaenlightened says:\\n\\nApril 24, 2024 at 7:49 am\\n\\nMight awsell throw giant microwave magnetron and just flash water to steam and\\nmake a \\u201csteam powered\\u201d submarine\\n\\nReport comment\\n\\nReply\\n\\n  17. Agammamon says:\\n\\nApril 24, 2024 at 7:50 am\\n\\n1\\\\. Article starts out talking about propulsion \\u2013 but it\\u2019s super cavitation.\\nWhich is a drag reduction method, not propulsion.\\n\\n2\\\\. Enjoy your 50kt sub that can be heard from 500 mile away. You won\\u2019t even\\nhear the torpedo that kills you.\\n\\nReport comment\\n\\nReply\\n\\n    1. Agammamon says:\\n\\nApril 24, 2024 at 8:31 am\\n\\nAlso \\u2018no moving parts\\u2019 doesn\\u2019t mean \\u2018silent\\u2019.\\n\\nThis thing is supposed to be a steam rocket \\u2013 that\\u2019s not going to be quiet\\nunderwater.\\n\\n*And* you still run into the same problem normal sub have \\u2013 to run the propulsion on high you need your powerplant on high. And your power plant has moving parts.\\n\\nFor example, a nuke can run low and slow without using it\\u2019s circulation pumps\\n(natural convection) but as soon as you kick it in the arse those pumps come\\non and it\\u2019s loud.\\n\\nReport comment\\n\\nReply\\n\\n      1. smellsofbikes says:\\n\\nApril 24, 2024 at 2:19 pm\\n\\nYou could do like the plutonium breeders at Hanford did, and once you get it\\ngoing and you\\u2019re running into cooling problems, just run the outside water (in\\ntheir case the Columbia, in this case the external seawater) as your coolant\\nand you don\\u2019t need pumps. (the radioactive plume from this was detectable 100\\nmiles off the coast.)\\n\\nReport comment\\n\\nReply\\n\\n        1. Agammamon says:\\n\\nApril 25, 2024 at 12:28 pm\\n\\nSubs do use outside cooling water in the secondary loop \\u2013 it\\u2019s seawater.\\n\\nBut you need to move water around inside the reactor and that takes pumps. If\\nyou try to just flush seawater through either you still need to pump it or try\\nto ramscoop \\u2013 and you be flushing highly radioactive water out the back and\\ndestroy your reactor and turbines \\u2013 seawater steam would be I credibly\\ncorrosive.\\n\\nStandford still uses a closed primary loop \\u2013 the river is the open secondary.\\nAnd both loops still need pumps at high powers.\\n\\nReport comment\\n\\nReply\\n\\n  18. Beowulf Shaeffer says:\\n\\nApril 24, 2024 at 8:28 am\\n\\nI have to concur with prior comments. That\\u2019d be a fast sub with a lot of\\nthrust, but not remotely stealthy. It would just be a matter of technicians\\n(or their computers) learning to recognize another loud sound that doesn\\u2019t\\nresemble anything natural. And, yes, cavitation like turbulence is\\ntraditionally bad but can be controlled to reduce drag. There\\u2019s a lot of\\nstudies on crocodilian and cetacean hydrodynamics and golf ball and windmill\\naerodynamics to back that up.\\n\\nReport comment\\n\\nReply\\n\\n  19. shod says:\\n\\nApril 24, 2024 at 8:31 am\\n\\nMight not work but still though.. having those LASER you can always use them\\nto shoot holes in missiles and ships!, LASERS are always handy.\\n\\nIncidentally, AFAIK high power military LASERS have a limited number of times\\nthey can fire before the tube has to be replaced. Bit like barrels on guns.\\nNow sure it might be a few hundred times, but when you would try to use them\\nas propulsion then how far would you get? So this might be one of those \\u2018if\\nonly we had/could..\\u2019\\n\\nReport comment\\n\\nReply\\n\\n  20. Thinkerer says:\\n\\nApril 24, 2024 at 10:27 am\\n\\nThe core rule is that if the headline includes \\u201cmay someday\\u201d, \\u201cwill soon\\u201d, or\\njust plain \\u201cmay + {a verb}\\u201d it\\u2019s corporate/university press-office propaganda\\nand you can go back to whatever you were doing.\\n\\nECREE (whether you go for the original by David Hume or Sagan\\u2019s ripoff)\\napplies to anything of this nature.\\n\\nhttps://en.wikipedia.org/wiki/Extraordinary_claims_require_extraordinary_evidence\\n\\nReport comment\\n\\nReply\\n\\n  21. Leroy S says:\\n\\nApril 24, 2024 at 10:29 am\\n\\ninteresting. in my opinion large vessels already have a similar concept to\\nreduce drag with cavitation. basically under the hull air is pumped out under\\nthe vessel to reduce drag. I presume the air bubbles create a specific noise\\ndecibel that can be detected with sophisticated instruments.\\n\\nReport comment\\n\\nReply\\n\\n  22. MattW says:\\n\\nApril 24, 2024 at 10:38 am\\n\\nGiven the number of times HaD has been had by stories in the South China\\nMorning Post that involve extraordinary claims, often involving topics of\\nconsiderable military advantage that a reasonable nation would like to keep\\nsecret, it would be a good policy to never use it as a primary source.\\n\\nReport comment\\n\\nReply\\n\\n    1. Paul says:\\n\\nApril 24, 2024 at 11:34 am\\n\\nSCMP = \\u201cSly Communist Misleading Propaganda\\u201d\\n\\nReport comment\\n\\nReply\\n\\n  23. Mike says:\\n\\nApril 24, 2024 at 2:29 pm\\n\\nNew site name: Chinesepropogandaaday\\n\\nSeriously, what has happened to this site? Are there no new electronics\\nprojects being built anywhere so you have to stoop to posting nonsense like\\nthis?\\n\\nReport comment\\n\\nReply\\n\\n    1. Piecutter says:\\n\\nApril 24, 2024 at 5:26 pm\\n\\nYou\\u2019ve been HaD!\\n\\nReport comment\\n\\nReply\\n\\n### Leave a ReplyCancel reply\\n\\nPlease be kind and respectful to help make the comments section excellent.\\n(Comment Policy)\\n\\nThis site uses Akismet to reduce spam. Learn how your comment data is\\nprocessed.\\n\\n# Search\\n\\n# Never miss a hack\\n\\nFollow on facebook Follow on twitter Follow on youtube Follow on rss Contact\\nus\\n\\n# Subscribe\\n\\n# If you missed it\\n\\n  * ## Mining And Refining: Uranium And Plutonium\\n\\n34 Comments\\n\\n  * ## Programming Ada: First Steps On The Desktop\\n\\n60 Comments\\n\\n  * ## The Hunt For MH370 Goes On With Barnacles As A Lead\\n\\n43 Comments\\n\\n  * ## MXM: Powerful, Misused, Hackable\\n\\n21 Comments\\n\\n  * ## VCF East 2024 Was Bigger And Better Than Ever\\n\\n16 Comments\\n\\nMore from this category\\n\\n# Our Columns\\n\\n  * ## Welcome Back, Voyager\\n\\n38 Comments\\n\\n  * ## Hackaday Podcast Episode 268: RF Burns, Wireless Charging Sucks, And Barnacles Grow On Flaperons\\n\\n1 Comment\\n\\n  * ## This Week In Security: Cisco, Mitel, And AI False Flags\\n\\n3 Comments\\n\\n  * ## Keebin\\u2019 With Kristina: The One With The Transmitting Typewriter\\n\\n5 Comments\\n\\n  * ## Supercon 2023: Alex Lynd Explores MCUs In Infosec\\n\\n9 Comments\\n\\nMore from this category\\n\\n# Search\\n\\n# Never miss a hack\\n\\nFollow on facebook Follow on twitter Follow on youtube Follow on rss Contact\\nus\\n\\n# Subscribe\\n\\n# If you missed it\\n\\n  * ## Mining And Refining: Uranium And Plutonium\\n\\n34 Comments\\n\\n  * ## Programming Ada: First Steps On The Desktop\\n\\n60 Comments\\n\\n  * ## The Hunt For MH370 Goes On With Barnacles As A Lead\\n\\n43 Comments\\n\\n  * ## MXM: Powerful, Misused, Hackable\\n\\n21 Comments\\n\\n  * ## VCF East 2024 Was Bigger And Better Than Ever\\n\\n16 Comments\\n\\nMore from this category\\n\\n# Categories\\n\\n# Our Columns\\n\\n  * ## Welcome Back, Voyager\\n\\n38 Comments\\n\\n  * ## Hackaday Podcast Episode 268: RF Burns, Wireless Charging Sucks, And Barnacles Grow On Flaperons\\n\\n1 Comment\\n\\n  * ## This Week In Security: Cisco, Mitel, And AI False Flags\\n\\n3 Comments\\n\\n  * ## Keebin\\u2019 With Kristina: The One With The Transmitting Typewriter\\n\\n5 Comments\\n\\n  * ## Supercon 2023: Alex Lynd Explores MCUs In Infosec\\n\\n9 Comments\\n\\nMore from this category\\n\\n# Recent comments\\n\\n  * The Commenter Formerly Known As Ren on Wine In Beverage Cans Had A Rotten Egg Problem, Until Now\\n  * The Commenter Formerly Known As Ren on Wine In Beverage Cans Had A Rotten Egg Problem, Until Now\\n  * The Commenter Formerly Known As Ren on The Z80 Is Dead. Long Live The Free Z80!\\n  * The Commenter Formerly Known As Ren on You Can Run BASIC On An Old HP 4592 Protocol Analyzer\\n  * Leonardo on Pi Pico Gets A ZX Spectrum Emulator\\n  * Leonardo on Pi Pico Gets A ZX Spectrum Emulator\\n  * Joshua on The Z80 Is Dead. Long Live The Free Z80!\\n  * Sohere on You Can Run BASIC On An Old HP 4592 Protocol Analyzer\\n  * Pat on Welcome Back, Voyager\\n  * Pat on Welcome Back, Voyager\\n\\n# Now on Hackaday.io\\n\\n  * hypnotriod wrote a reply on USB MIDI driver for STM32CubeMX / STM32CubeIDE.\\n  * ramon_blake wrote a comment on 68010 / 68451 MMU Homebrew.\\n  * Yann Guidon / YGDES has updated the log for LRU.\\n  * FulanoDetail has updated the log for DIY Mech/Exoskeleton suit..\\n  * Jesse Farrell has updated the log for SMD Reflow Hotplate.\\n  * kelvinA has updated the list.\\n  * kelvinA has added Tetrinsic Toroid [gd0152] to Teti and Tetent.\\n  * kelvinA has added a new project titled Tetrinsic Toroid [gd0152].\\n  * Stefano liked ED-64: A discrete 8-bit computer.\\n  * dayo liked A million Times 120 clone.\\n\\n  * Home\\n  * Blog\\n  * Hackaday.io\\n  * Tindie\\n  * Hackaday Prize\\n  * Video\\n  * Submit A Tip\\n  * About\\n  * Contact Us\\n\\n# Never miss a hack\\n\\nFollow on facebook Follow on twitter Follow on youtube Follow on rss Contact\\nus\\n\\n# Subscribe to Newsletter\\n\\nCopyright \\u00a9 2024 | Hackaday, Hack A Day, and the Skull and Wrenches Logo are Trademarks of Hackaday.com | Privacy Policy | Terms of Service | Digital Services Act Powered by WordPress VIP\\n\\nBy using our website and services, you expressly agree to the placement of our\\nperformance, functionality and advertising cookies. Learn more\\n\\n\", \"frontpage\": false}"}
