{"value":"{\"aid\": \"40191969\", \"title\": \"The Sci-Fi Writer Who Invented Conspiracy Theory\", \"url\": \"https://www.theatlantic.com/ideas/archive/2024/04/science-fiction-conspiracy-theory-psyops/678195/\", \"domain\": \"theatlantic.com\", \"votes\": 8, \"user\": \"bookofjoe\", \"posted_at\": \"2024-04-28 21:10:46\", \"comments\": 0, \"source_title\": \"The Sci-Fi Writer Who Invented Conspiracy Theory\", \"source_text\": \"The Sci-Fi Writer Who Invented Conspiracy Theory - The Atlantic\\n\\nIdeas\\n\\n# The Sci-Fi Writer Who Invented Conspiracy Theory\\n\\nIt all goes back to one man in the 1950s: a military-intelligence expert in\\npsychological warfare.\\n\\nBy Annalee Newitz\\n\\nIllustration by Joanne Imperio / The Atlantic. Sources: AP; CIA; Getty;\\nLibrary of Congress; The Estate of Cordwainer Smith.\\n\\nApril 28, 2024, 8 AM ET\\n\\nIn 1950, a U.S. Army psyops officer named Paul Linebarger used a pseudonym to\\npublish a science-fiction story titled \\u201cScanners Live in Vain\\u201d in a pulp\\nmagazine. It was about a man named Martel who works for the \\u201cdeep state\\u201d in\\nthe far future as a mysterious \\u201cscanner,\\u201d or starship pilot, and whose mind is\\nmanipulated by evil bureaucrats. After a new technology called a \\u201ccranching\\nwire\\u201d restores his true senses, he recognizes that his bosses within the\\ngovernment order a hit on anyone who challenges their control of space travel\\nand the economy. Martel ultimately joins an insurrectionary movement aimed at\\noverthrowing the regime.\\n\\nIf this narrative sounds like a QAnon conspiracy theory, there\\u2019s a good reason\\nfor that: Today\\u2019s dystopian political rhetoric has its roots in mid-century\\nsci-fi. Martel\\u2019s struggle against secretive, malevolent authorities echoes in\\nthe Pizzagate shooter\\u2019s fantasy about a cabal of politically powerful\\npedophiles; we can also see its inspiration in Representative Marjorie Taylor\\nGreene\\u2019s anti-Semitic Facebook rant about space lasers beamed at the Earth,\\nand the Donald Trump adviser Roger Stone\\u2019s intimation that Bill Gates \\u201cplayed\\nsome role in the creation\\u201d of COVID-19.\\n\\nLinebarger, who died of a heart attack in 1966 at age 53, could not have\\npredicted that tropes from his sci-fi stories about mind control and techno-\\nauthoritarianism would shape 21st-century American political rhetoric. But the\\npersistence of his ideas is far from accidental, because Linebarger wasn\\u2019t\\njust a writer and soldier. He was an anti-communist intelligence operative who\\nhelped define U.S. psychological operations, or psyops, during World War II\\nand the Cold War. His essential insight was that the most effective\\npsychological warfare is storytelling. Linebarger saw psyops as an emotionally\\nintense, persuasive form of fiction\\u2014and, to him, no genre engaged people\\u2019s\\nimagination better than science fiction.\\n\\nDavid A. Graham: There is no American \\u2018deep state\\u2019\\n\\nI pored over Linebarger\\u2019s personal papers at the Hoover Institution propaganda\\ncollection while researching my forthcoming book, Stories Are Weapons:\\nPsychological Warfare and the American Mind. Boxes of his studies on the\\npolitics of China and Southeast Asia are filed alongside his fiction\\nmanuscripts and unpublished musings on psychology. Here, I realized, was an\\norigin story for modern conspiracy politics, which blur the line between sci-\\nfi plots and American patriotism\\u2014they came from a psywar operative. Put\\nanother way, an agent of what some would now call the \\u201cdeep state\\u201d had devised\\nthe far-out stories that politicians like Greene use to condemn it. Perhaps,\\nif she and others knew this, they might not be so eager to blame space lasers\\nand vaccine microchips for what ails our nation.\\n\\nUnder the pen name Cordwainer Smith, Linebarger wrote many stories about the\\nInstrumentality, a totalitarian intergalactic empire that is toppled by rebels\\nlike Martel. Linebarger\\u2019s fiction won a cult following and was nominated for a\\nNebula and a Hugo, two of the most prestigious awards for science-fiction\\nwriting.\\n\\nStill, Linebarger\\u2019s most significant book was undoubtedly a classified U.S.\\nArmy guide, titled simply Psychological Warfare and published under his real\\nname. To undertake a successful influence campaign, he advised, imagine you\\u2019re\\ninventing a character for the person you\\u2019re targeting with propaganda.\\nEnvision this subject, whom he named \\u201cPropaganda Man,\\u201d then \\u201cmake up the\\nprewar life\\u201d for him, including his \\u201clikes,\\u201d \\u201cprejudices,\\u201d and favorite \\u201ckind\\nof gossip.\\u201d Once this Propaganda Man felt three-dimensional, as though drawn\\nfrom a good story, the goal was to design a psychological operation designed\\nto engage Propaganda Man and transmit the message that \\u201che is your friend, you\\nare his friend,\\u201d and \\u201cthe only enemy is the enemy Leader (or generals, or\\nemperor, or capitalists, or \\u2018They\\u2019).\\u201d\\n\\nPrevious approaches to this branch of warfare, he wrote, had relied merely on\\ncensoring the news and distributing stodgy propaganda full of \\u201cstrong-faced\\nmen building dams and teaching better chicken-raising.\\u201d It would be better,\\nLinebarger suggested, if American propaganda was as entertaining as a Laurel\\nand Hardy movie\\u2014giving audience members a good time while teaching them that\\nAmerica was their ally. The character of Martel clearly resembles a Propaganda\\nMan; the cranching wire might be the antenna on his radio, tuning in to\\nagitprop vehicles like Voice of America that inspire him to resist his\\ndespotic overlords.\\n\\nLinebarger\\u2019s military guide was foundational for the United States\\u2019 unique\\napproach to propaganda, which has long borrowed techniques from pop culture to\\npromote the nation\\u2019s interests. One of the early-20th-century masterminds of\\nU.S. propaganda was a public-relations pioneer named Edward Bernays, who began\\nhis career marketing cigarettes in the 1920s and ended it helping the CIA\\nspread misinformation about the leftist Guatemalan government in the \\u201950s. His\\nidea, which shaped Linebarger\\u2019s own thinking, was that propaganda was like\\nadvertising in a popular magazine: It should push one simple message, in a\\npersuasive and seductive style. This makes an instructive contrast with what\\nthe Rand Corporation has called Russia\\u2019s Soviet-derived \\u201cfirehose of\\nfalsehood\\u201d strategy, whereby operatives inundate the media with lies and\\nchaotic, contradictory stories to undermine the public\\u2019s faith in all\\ninformation sources. If Russia\\u2019s motto is, in effect, \\u201cBelieve nothing,\\u201d\\nAmerica\\u2019s has been \\u201cBelieve us.\\u201d At the height of the Cold War, Linebarger was\\ninventing a way to make people believe in America\\u2014using techniques borrowed\\nfrom fantastical storytelling.\\n\\nLinebarger\\u2019s father was a diplomat who worked closely with the Chinese-\\nnationalist leader Sun Yat-Sen, who became the younger Linebarger\\u2019s godfather.\\nPaul Linebarger himself spent a great deal of his childhood traveling in\\nChina, learning Mandarin and studying Sun\\u2019s political vision. As an adult,\\nLinebarger made it his mission to topple the Communist regime and restore the\\nrepublic that Sun had built. Although he did not accomplish this in fact, he\\ncould, as Cordwainer Smith, depict such a struggle in fiction\\u2014the\\nInstrumentality can be read as a surreal version of China\\u2019s government under\\nMao Zedong. One way to understand Linebarger\\u2019s fiction is as psyops aimed\\npartly at a Chinese Propaganda Man who might be induced to rise up against his\\nCommunist overlords.\\n\\nLiterary critics have pointed out references, in Linebarger\\u2019s stories, to\\nChinese classics such as Journey to the West and Romance of the Three\\nKingdoms\\u2014which makes sense in light of Linebarger\\u2019s instruction that\\npropaganda should imitate pop culture. He wanted his stories to be engaging\\nfor people who grew up with the adventures of Sun Wukong (also known as Monkey\\nKing, the hero of Journey to the West), as well as for those who grew up with\\nSuperman. Using the power of myth, he insinuated that liberation could come\\nfrom the Christian West. In the story \\u201cThe Dead Lady of Clown Town,\\u201d for\\nexample, cyborg insurrectionists use legends about the Catholic martyr Joan of\\nArc to persuade human-animal hybrid \\u201cunderpeople\\u201d to join their fight against\\nthe rulers of the Instrumentality.\\n\\nModern conspiracy influencers have taken up Linebarger\\u2019s mantle. As the NBC\\nreporter Ben Collins told the WNYC show On the Media in 2020, the far right in\\nparticular is \\u201cvery good at storytelling. It\\u2019s world building, that\\u2019s what it\\nis really.\\u201d World building is a term that speculative-fiction authors commonly\\nuse to describe the project of creating a fantasy realm so fully realized and\\nall-enveloping that audiences willingly suspend their disbelief.\\n\\nWorld building in speculative fiction and game design \\u201cis political, always,\\u201d\\nthe author and critic Laurie Penny writes. Those who imaginatively inhabit\\nfictional worlds become intensely invested in them\\u2014which helps explain how fan\\ndebates over video games morphed into the right-wing attack pile-on known as\\nGamergate in 2014. But influencers on the left, too, have used fantasy\\nfictions to advance their political cause. The creator of Wonder Woman,\\nWilliam Moulton Marston, famously described his strong heroine as \\u201cpropaganda\\u201d\\nfor liberated women. In early issues of the comic, he even included historical\\nsketches of real-life female scientists, explorers, and political leaders, to\\ndrive home his message that women were the equals of men.\\n\\nA more recent example of world building for an ideological purpose would be\\nthe Left Behind series, by the Christian writer Jerry Jenkins and Tim LaHaye,\\na minister who established the prominent right-wing think tank the Council for\\nNational Policy. They found a winning formula in combining end-time\\nfantasy\\u2014the Rapture, in evangelical teaching\\u2014with political conflicts drawn\\nfrom recent history. Their best-selling books, which have sold more than 65\\nmillion copies and spawned a film franchise, helped popularize a brand of\\napocalyptic millenarian belief found among some MAGA extremists.\\n\\nWhen Linebarger died, he left a large corpus of unpublished monographs and\\nintelligence reports written under his own name. Most of his books for the\\npublic were science fiction, written as Cordwainer Smith (he also wrote\\nliterary fiction and thrillers, under other pseudonyms). What united these\\ndisparate interests was the mind of a person who knew that the tools of\\nfantastical storytelling could be very effective in persuading people to build\\na new reality.\\n\\nBrian Klaas: In MAGA world, everything happens for a reason\\n\\nIn Psychological Warfare, Linebarger instructed intelligence officers to\\ncombat America\\u2019s adversaries and woo new allies with propaganda that felt like\\nscience fiction. \\u201cIt is the purpose that makes it propaganda,\\u201d he wrote, \\u201cand\\nnot the truthfulness or untruthfulness of it.\\u201d Of course, Linebarger was very\\nclear about his purpose: to win people to the American way. But the world-\\nbuilding power of sci-fi storytelling that he championed can be adapted for\\nvery different purposes, as a weapon of mass disinformation.\\n\\nI spoke with one of Linebarger\\u2019s intellectual heirs, a former psyops\\ninstructor for the Army, who told me that he and his colleagues worry a lot\\nabout psychological warfare\\u2019s \\u201csecond- or third-order effects,\\u201d consequences\\nthat can be completely unintended. One such consequence is the ubiquity of\\nconspiracy thinking, through which all of reality is converted into\\nfiction\\u2014rather than Believe us, people will believe anything.\\n\\nLinebarger could hardly have envisioned the Twilight Zone\\u2013esque tales that the\\nTrump attorneys Rudy Giuliani and Sidney Powell spun about election fraud in\\n2020. But even bad science fiction can make very fine propaganda.\\n\\nAnnalee Newitz is a science journalist who also writes science fiction, and\\ntheir latest novel is The Terraformers.\\n\\n\", \"frontpage\": true}"}
