{"value":"{\"aid\": \"40192262\", \"title\": \"A Wolf in IT's Clothing\", \"url\": \"https://english.elpais.com/technology/2024-04-28/a-wolf-in-its-clothing-why-mark-zuckerbergs-style-choices-matter.html\", \"domain\": \"elpais.com\", \"votes\": 1, \"user\": \"belter\", \"posted_at\": \"2024-04-28 21:41:09\", \"comments\": 0, \"source_title\": \"A wolf in IT\\u2019s clothing: Why Mark Zuckerberg\\u2019s style choices matter\", \"source_text\": \"A wolf in IT\\u2019s clothing: Why Mark Zuckerberg\\u2019s style choices matter | Technology | EL PA\\u00cdS English\\n\\n_\\n\\n_\\n\\n_\\n\\nSelect:\\n\\n  * Espa\\u00f1a\\n  * Espa\\u00f1a\\n  * Am\\u00e9rica\\n\\n    * M\\u00e9xico\\n    * Colombia\\n    * Chile\\n    * Argentina\\n  * USA\\n\\nTechnology\\n\\nsubscribeLOG IN\\n\\nTechnology\\n\\n_\\n\\nMARK ZUCKERBERG\\n\\nColumns\\n\\nOpinion articles written in the style of their author. These texts are to be\\nbased on verified facts and must be respectful towards people, even though\\ntheir actions may be criticized. All opinion articles written by individuals\\nfrom outside the staff of EL PA\\u00cdS shall feature, along with the author\\u2019s name\\n(regardless of their greater or lesser renown), a footer stating their office,\\nacademic title, political affiliation (if any) and main occupation, or the\\noccupation related to the topic being assessed\\n\\n# A wolf in IT\\u2019s clothing: Why Mark Zuckerberg\\u2019s style choices matter\\n\\n## The Facebook founder\\u2019s changes of look are a serious distraction. While we\\ntalk about his beard, we\\u2019re not addressing anything else\\n\\nGuillermo Alonso\\n\\nApr 28, 2024 - 04:18 GMT+2\\n\\nMark Zuckerberg at Harvard University in May 2004, three months after founding\\nFacebook.Rick Friedman (Corbis via Getty Images)\\n\\nTo beard or not to beard is probably the longest-running debate in male\\naesthetics. Who does it look good on? Does it age you? Does it boost your sex\\nappeal? Does it enhance that intangible, problematic and excessively dwelled-\\nupon characteristic we call masculinity? The latest twist in the beard debate\\nhas come in the form of one that doesn\\u2019t actually exist: Instagram user\\nTheShadeRoom posted an image of a bearded Mark Zuckerberg, epitome of the\\nSilicon Valley billionaire nerd. The beard had been digitally created and was\\nperfect, of an ideal length, distribution, lushness, texture and color that\\nhelp make a man\\u2019s face irresistible. It even worked on Zuckerberg.\\n\\nThe problem, of course, is that not all men can grow a beard. The growth of\\nthe beard \\u2014 its quality and quantity \\u2014 depends on genetic, hormonal, and even\\nracial factors. An Asian man will be less likely to have a beard than a\\nCaucasian man, for example. And if it does grow, it will grow mostly around\\nthe mouth, while a Caucasian man will have more hair around the neck, chin and\\ncheeks. The problem will be solved when the perfect PhotoShop beard can be\\napplied to real life or, conversely, when we can all live in the Metaverse\\nwith beards tailored to suit our features. The good news for Zuckerberg is\\nthat the Metaverse is in his hands. In fact, he controls almost everything. To\\nsuch an extent and so cleverly that we have come to talk only about his\\nphysique.\\n\\nZuckerberg\\u2019s look has been something of a global obsession since his ascent\\ninto the mystical-technological heavens at the end of the first decade of the\\n21st century, when the massive popularity of Facebook changed how we relate to\\nthe world and assimilate the reality around us, down to the news we read and\\nthe trends we follow. His character became almost messianic: he was the guy\\nwho told us how to communicate with each other and who knew everything because\\nhe got us to tell him all our details without us realizing. All this in a\\nuniform that was a simple gray t-shirt and jeans. The impact has been such\\nthat in 2022, 15 years after Facebook took off, another young billionaire,\\nnamely Evan Spiegel, creator of Snapchat, appeared on the cover of Vogue\\nAustralia with his wife, the model Miranda Kerr, wearing his own jeans, a\\nstring bracelet and a white T-shirt. Louis Vuitton, mind you.\\n\\nMark Zuckerberg, in uniform in 2010: jeans and a gray t-shirt. Kimberly White\\n(Getty Images)Zuckerberg in uniform in Barcelona in 2014.David Ramos (Getty\\nImages)\\n\\nPrior to his meteoric rise, Zuckerberg had been a scrawny, sallow Harvard\\nstudent who looked like any other student in the early 2000s, loafing about in\\ncomfortable t-shirts, baggy jeans and the grim smile of a computer genius who\\nis not comfortable in public or having his photo taken, particularly at a\\nuniversity that has brought charges against him because, in order to create\\nhis first technological piece of wizardry, he used student data belonging to\\nthe university\\u2019s private network. He would have to get used to both the photos\\nand the data controversy.\\n\\nChris Hughes and Mark Zuckerberg, two of the four original creators of\\nFacebook, in Palo Alto in 2005.MediaNews Group/San Mateo County (MediaNews\\nGroup via Getty Images)\\n\\nZuckerberg became a celebrity, albeit a strange one given that he was the\\nfirst of his kind. The public was used to being titillated by news of people\\ninvolved in affairs and fashion, but not by details of an individual who\\nprogrammed things. Zuckerberg was everything one might imagine a computer\\nscientist to be: he dressed plainly, his face was pale, his expression shy.\\nBut he defied our expectations of a billionaire: he always dressed the same\\nand lived in a more or less modest four-bedroom house. He showed Oprah Winfrey\\naround this house in 2010. That\\u2019s how famous he was: Oprah came to him, not\\nhim to Oprah. While showing off a somewhat simple home for someone with his\\nfortune, he explained that he had just donated $100 million to public\\neducation in New Jersey.\\n\\nWhen it came to meeting politicians and the powers that be, Zuckerberg wore a\\nsuit; with the Pope; Barack Obama; and Nicolas Sarkozy. Sometimes, as with\\nObama, Zuckerberg took off his jacket, loosened his tie and rolled up his\\nsleeves, making it clear that what came across as a disheveled, careless look\\nwas actually politics. At other times, the suit appeared to be wearing him:\\nnext to Pope Francis or Sarkozy or on stage with Benedict Cumberbatch\\n(Zuckerberg, the star!), he looked more like an awkward teenager dressed as a\\ngrown-up and eager to get back into his usual threads.\\n\\nMark Zuckerberg with Barack Obama in 2011.Justin Sullivan (Getty\\nImages)Zuckerberg and Pope Francis at the Vatican in 2016.MAURIX (Gamma-Rapho\\nvia Getty Images)Zuckerberg and Nicolas Sarkozy in Paris in 2011.BERTRAND GUAY\\n(AFP via Getty Images)Mark, the star: Zuckerberg next to Benedict Cumberbatch\\nonstage at the Breakthrough Prize Awards in 2014. Steve Jennings\\n\\nZuckerberg\\u2019s most important, most scrutinized suit, and the one we will always\\nremember, was worn in 2018 when he appeared before the U.S. Congress to\\ntestify for the Cambridge Analytica case, the one that revealed that he had\\nbeen selling all our personal details and not in a good way. By that time,\\nZuckerberg had already lost ground popularity-wise. He was no longer the\\nhumble and shy guy who had made us reconnect with our high school buddies, but\\nthe leader of a corporation guilty of all the evils of the world. The suit was\\nnavy blue and paired with a blue Facebook tie. Legend has it that Zuckerberg\\ndecided to make blue the corporate color of Facebook because, being\\ncolorblind, he was unable to distinguish other colors. On a narrative level,\\nthe suit had its own character. The New York Times called it the I\\u2019m Sorry\\nSuit. Clothes have been invested with a personality of their own before; Liza\\nMinnelli called one of her albums Results because a friend had called a dress\\n\\u201cresults\\u201d: whenever she wore it, men called her back. Zuckerberg\\u2019s suit had a\\nsimilar callback effect: he was asked to testify again in 2020, in 2021 and\\n2024.\\n\\nMark, the alien: Zuckerberg appears on Capitol Hill to explain himself for\\nCambridge Analytica\\u2019s massive data theft in 2018.Chip Somodevilla (Getty\\nImages)\\n\\nAs the Cambridge Analytica scandal exploded, much of the public did what they\\ndo whenever they are unable to process the idea that the world is unfair, and\\nsomeone has taken advantage of their good faith: convince themselves that\\naliens and androids live among us. At a Q&A session in 2016, someone asked\\nZuckerberg directly if he was reptilian, a rumor repeated often enough for The\\nWashington Post to devote an article to it. \\u201cHe barely blinks!\\u201d. \\u201cHe doesn\\u2019t\\ngesture!\\u201d Zuckerberg responded exactly as a reptilian would: no, he said. His\\ngestures have since been so scrutinized by proponents of that theory that,\\nevery year or so, a new photograph emerges in which an undaunted, motionless\\nZuckerberg looks into the camera, and someone says: Confirmed!\\n\\nZuckerberg\\u2019s last transformation was to hunk. According to Elon Musk, a\\nrivalry between the pair emerged with Zuckerberg\\u2019s decision to launch Threads\\nto compete with X, formerly Twitter, bought by Musk. It was a rivalry that\\nMusk intended to solve in the ring, gloves off. If the cage fight goes ahead,\\nit might put an end to the reptile theory and prove that Mark Zuckerberg is an\\nordinary earthling, of toxic and misguided masculinity. The truth is that\\nZuckerberg has been practicing mixed martial arts for some time and building\\nmuscle. On his Instagram profile, where he is followed by more than 13 million\\npeople, he sometimes brags about his physique by posting shirtless photos.\\nWould a reptile do that?\\n\\nMark Zuckerberg at a wrestling match in 2024. Sean M. Haffey (Getty Images)\\n\\nVanessa Friedman has said in The New York Times that Mark Zuckerberg has gone\\nfrom being a dark, robotic, suspicious figure to the friendly, approachable\\nface of Silicon Valley. He\\u2019s sporty, he\\u2019s vegan, he\\u2019s a dad and a hunk! He\\nlooks good in that beard he doesn\\u2019t have! He\\u2019s got a fine head of hair! The\\nfact that we are talking about Zuckerberg\\u2019s look, a matter that has gone viral\\non the platforms he himself controls, shows that while his morality may be in\\nquestion, as a professional, Zuckerberg scores a ten. And nice beard.\\n\\nSign up for our weekly newsletter to get more English-language news coverage\\nfrom EL PA\\u00cdS USA Edition\\n\\n### More information\\n\\n### Why Facebook has been filled with Jesus Christs made with eggs, spaghetti\\nor cauliflowers\\n\\nJordi P\\u00e9rez Colom\\u00e9\\n\\n### Kashmir Hill: \\u2018They shouldn\\u2019t be collecting photos from social media\\nwithout people\\u2019s consent, but they keep doing it and nobody\\u2019s stopping them\\u2019\\n\\nManuel G. Pascual\\n\\n### Archived In\\n\\n  * Facebook\\n  * Mark Zuckerberg\\n\\nAdheres to\\n\\nMore information\\n\\nIf you are interested in licensing this content, please contact\\nventacontenidos@prisamedia.com\\n\\nSponsored Content\\n\\nTreppenlift-Vergleich\\n\\nRentner in Riesa: So kosten Treppenlifte fast nichtsTreppenlift-Vergleich|\\n\\nPatrocinadoPatrocinado\\n\\nForge Of Empires\\n\\nWenn du \\u00fcber 45 Jahre alt bist, wirst du dieses Strategiespiel 2024\\nliebenForge Of Empires|\\n\\nPatrocinadoPatrocinado\\n\\nCheckfox\\n\\nRevolution bei PKV-Tarifen: So sparen Sie bis zu 3.000 \\u20ac PKV-Beitr\\u00e4ge /\\nJahrCheckfox|\\n\\nPatrocinadoPatrocinado\\n\\nAnd Also...\\n\\nA portrait of rich privilege in Brazil: A Porsche and a deadly attack after a\\npoker gameEl Pa\\u00eds\\n\\nAS\\n\\nWhen was the last time the Lakers beat the Nuggets?AS\\n\\nAS\\n\\nZendaya surprised by kissing questions: \\u201cThis is weird!\\u201dAS\\n\\n_\\n\\n### newsletter\\n\\nSign up to EL PA\\u00cdS in English Edition bulletin\\n\\nAp\\u00fantate\\n\\n### Most viewed\\n\\n  1. Excessive use of words like \\u2018commendable\\u2019 and \\u2018meticulous\\u2019 suggests ChatGPT has been used in thousands of scientific studies\\n  2. Elisabeth Bik, expert in scientific integrity: \\u2018We need to slow down scientific publishing\\u2019\\n  3. Freddie Highmore says goodbye to \\u2018The Good Doctor\\u2019: \\u2018It has given me stability in years of great uncertainty\\u2019\\n  4. A rare mammal with a trunk-like snout and webbed feet: The Iberian desman faces extinction\\n  5. Overcoming coitocentrism: How penetrative sex is losing ground\\n\\n_\\n\\n_\\n\\n### Inicia sesi\\u00f3n o reg\\u00edstrate gratis para continuar leyendo en inc\\u00f3gnito\\n\\nReg\\u00edstrate gratisInicia sesi\\u00f3n\\n\\nSuscr\\u00edbete y lee sin l\\u00edmites\\n\\nVer opciones de suscripci\\u00f3n\\n\\nHOLA\\n\\nSubscribe for \\u20ac 1\\n\\n  * My activity\\n  * My Subscription\\n  * My personal data\\n  * My newsletters\\n  * Rights and de-registration\\n  * Events and experiences\\n\\nlogout\\n\\nchange contrast:\\n\\nSelect:\\n\\n  * \\\\- - -\\n  * Espa\\u00f1a\\n  * Am\\u00e9rica\\n\\n    * M\\u00e9xico\\n    * Colombia\\n    * Chile\\n    * Argentina\\n  * USA\\n\\nIf you want to follow all the latest news without any limits, subscribe to EL\\nPA\\u00cdS for just \\u20ac1 the first month\\n\\nSUBSCRIBE NOW\\n\\nFollow on:\\n\\nIt offers the following browsing modes\\n\\nFree browsing by accepting cookies\\n\\nThis will involve the use of your browsing information for advertising and\\ncontent personalization purposes. You will have free access to all but\\nsubscriber-only content on this website by accepting cookies and similar\\ntracking technologies.\\n\\nThat advertising is essential for us to continue to provide quality content,\\neffective services to users, and an improved user experience.\\n\\nWe and our 823 partners process data as follows:\\n\\n\\\\- Storage and access to information, - Sharing data and profiles for\\nanalytics and personalized advertising from advertisers for our advertising\\ncampaigns, - Sharing data and profiles for analytics and personalized\\nadvertising from advertisers and advertising agencies on the Internet, -\\nPrecise geolocation data and identification through device analytics, -\\nPersonalized advertising and content, - Advertising and content measurement, -\\nAudience Research & Service Development\\n\\nYou can remove your consent or set your preferences at any time in our Cookie\\nPolicy.\\n\\nAccept and continue\\n\\nSubscribe and decline\\n\\nThis option will allow you, among other services, unlimited reading of El Pa\\u00eds\\non the website and App, access newsletters with exclusive content, unique\\ncultural experiences and comment on news.\\n\\nIf you decide to subscribe, and in accordance with the preferences you grant,\\nyou will be able, for example, browse our website without us, or third\\nparties, being able to track you or show you personalized advertising and\\ncontent.\\n\\nYou can set your privacy preferences at any time after you have completed your\\nsubscription process.\\n\\nYou can find more information about the subscription modalities at the\\nfollowing link.\\n\\nSubscribe and decline\\n\\nAlready a subscriber? Log in here.\\n\\nLegal warning | Cookies policy | Know more\\n\\n_\\n\\nSelect:\\n\\n  * Espa\\u00f1a\\n  * Espa\\u00f1a\\n  * Am\\u00e9rica\\n\\n    * M\\u00e9xico\\n    * Colombia\\n    * Chile\\n    * Argentina\\n  * USA\\n\\nTechnology\\n\\nsubscribeLOG IN\\n\\nTechnology\\n\\nKeep on reading\\n\\nA portrait of rich privilege in Brazil: A Porsche and a deadly attack after a\\npoker gameFor a third time, police are calling for a 24-year-old businessman\\nwho killed an Uber driver while going at 93mph to be remanded in custody. He\\nhad earlier had his license revoked for reckless drivingEl Pa\\u00eds\\n\\n\\u2018Who does she think she is?\\u2019: Why the public has turned against Jennifer\\nLopezThe actress and singer\\u2019s career seemed to peak with her performance at\\nthe Super Bowl in 2020, but the failure of her last album, an overly\\negomaniacal documentary and questions over whether she sings her own music\\nhave damaged her popularityEl Pa\\u00eds\\n\\nAnne Heche\\u2019s estate cannot pay its debts: The actress had $110,000 and is\\nbeing sued for $4 millionThe Hollywood star died in 2022 after crashing her\\ncar into a Los Angeles home. Both the tenant and the resident of that house\\nare demanding $2 million in compensationEl Pa\\u00eds\\n\\nHollywood has \\u2018Ozempic face\\u2019: Why you can look 10 years older after going all\\nin on the slimming drugThe semaglutide craze is a global phenomenon, but among\\nits unwanted side effects is a premature aging of the face. Health\\nprofessionals have found themselves administering anti-aging treatments to an\\never-younger clienteleEl Pa\\u00eds\\n\\nC\\u00e9line Dion speaks about her rare neurological disease: \\u2018It\\u2019s morally tough to\\nlive day by day\\u2019The singer announced two years ago that she suffers from Stiff\\nPerson Syndrome, which affects her muscles and her voice. Practically retired,\\nshe gave a long interview to \\u2018Vogue France\\u2019 where she talks about living with\\nthe severe illness and whether she will return to the stageEl Pa\\u00eds\\n\\nTreppenlift-Vergleich\\n\\nRentner in Riesa: So kosten Treppenlifte fast nichtsTreppenlift-Vergleich|\\n\\nPatrocinadoPatrocinado\\n\\nForge Of Empires\\n\\nWenn du \\u00fcber 45 Jahre alt bist, wirst du dieses Strategiespiel 2024\\nliebenForge Of Empires|\\n\\nPatrocinadoPatrocinado\\n\\nJordan, the only Arab country that neutralized Iran\\u2019s attack despite its\\ndisputes with IsraelThe nation\\u2019s dependence on the United States and its\\ndistrust of Tehran outweighed the protests, sparked by the invasion of Gaza,\\nover its peace agreement with the Jewish stateEl Pa\\u00eds\\n\\nO. J. Simpson\\u2019s inheritance: Four children, a legal process and a $114 million\\ndebt he owed relatives of the deceasedIn 1997 the ex-athlete was sentenced in\\na civil lawsuit to pay $36 million to relatives of his ex-wife Nicole Brown\\nand Ron Goldman, but they claim he never paid. Now one or more trials will\\ndetermine what his assets are and to whom they will goEl Pa\\u00eds\\n\\nLavender, Israel\\u2019s artificial intelligence system that decides who to bomb in\\nGazaThe Israel Defense Forces use an automated program to select their human\\ntargets, an unprecedented practice until nowEl Pa\\u00eds\\n\\n\\u2018Run, run, run\\u2019: Chaos at a Sydney mall as six people stabbed to death, and\\nthe suspect fatally shotThe 40-year-old was stopped in the attack at the\\nWestfield Shopping Centre in Bondi Junction when a police inspector shot him\\nafter he turned and raised a knifeEl Pa\\u00eds\\n\\nThe bitter divorce of John Paulson, Donald Trump\\u2019s tycoon friend and economic\\nadvisorThe investor, who raised over $50 million for the former president at a\\nfundraiser, left his wife of two decades for an influencer 33 years his\\njuniorEl Pa\\u00eds\\n\\nTreppenlift-Vergleich\\n\\nKein Scherz: So kosten Treppenlifte fast nichtsTreppenlift-Vergleich|\\n\\nPatrocinadoPatrocinado\\n\\nCheckfox\\n\\nRevolution bei PKV-Tarifen: So sparen Sie bis zu 3.000 \\u20ac PKV-Beitr\\u00e4ge /\\nJahrCheckfox|\\n\\nPatrocinadoPatrocinado\\n\\nThe seven lies of the AI expert who cited himself thousands of times on\\nscientific papersJuan Manuel Corchado is the only candidate for the top\\nposition at the prestigious University of Salamanca in Spain despite\\nartificially boosting his metrics to look like a world eminenceEl Pa\\u00eds\\n\\n70 years of Dennis Quaid, a journey from cocaine in Hollywood to Christian\\nrock in NashvilleThe actor, who has been married four times, including to Meg\\nRyan, now lives with his wife, 40 years his junior, in Tennessee where he\\nfocuses on his music, far away from Los Angeles and the addictions that almost\\nkilled himEl Pa\\u00eds\\n\\n\", \"frontpage\": false}"}
