{"value":"{\"aid\": \"40191560\", \"title\": \"100% Local \\\"AI Town\\\" with Llama 3 Agents [video]\", \"url\": \"https://www.youtube.com/watch?v=4HBRh1hMoXQ\", \"domain\": \"youtube.com\", \"votes\": 1, \"user\": \"amrrs\", \"posted_at\": \"2024-04-28 20:32:17\", \"comments\": 0, \"source_title\": \"100% Local \\\"AI Town\\\" with Llama 3 AGENTS!!!\", \"source_text\": \"100% Local \\\"AI Town\\\" with Llama 3 AGENTS!!! - YouTube\\n\\n100% Local \\\"AI Town\\\" with Llama 3 AGENTS!!!\\n\\n2x\\n\\nIf playback doesn't begin shortly, try restarting your device.\\n\\n\\u2022\\n\\nUp next\\n\\nLive\\n\\nUpcoming\\n\\nPlay Now\\n\\nYou're signed out\\n\\nVideos you watch may be added to the TV's watch history and influence TV\\nrecommendations. To avoid this, cancel and sign in to YouTube on your\\ncomputer.\\n\\n1littlecoder\\n\\nSubscribe\\n\\nSubscribed\\n\\nAI - ML - DIY Coding Tutorials\\n\\nThis can't GET ANY WEIRDER!!! (AI NEWS)\\n\\n13:40\\n\\n1littlecoder\\n\\nSubscribe\\n\\nSubscribed\\n\\nShare\\n\\nAn error occurred while retrieving sharing information. Please try again\\nlater.\\n\\n0:00\\n\\n0:00 / 10:00\\u2022Watch full video\\n\\n\\u2022\\n\\nNaN / NaN\\n\\nBack\\n\\nDE\\n\\n## Description\\n\\n100% Local \\\"AI Town\\\" with Llama 3 AGENTS!!!\\n\\n59Likes\\n\\n623Views\\n\\nApr 282024\\n\\n\\ud83d\\udd17 Links \\ud83d\\udd17 Download Pinokio here - https://pinokio.computer/ The OG AI Town -\\nhttps://github.com/a16z-infra/ai-town The forked AI town -\\nhttps://github.com/peanutcocktail/ai-... \\u2764\\ufe0f If you want to support the channel\\n\\u2764\\ufe0f Support here: Patreon - / 1littlecoder Ko-Fi - https://ko-\\nfi.com/1littlecoder \\ud83e\\udded Follow me on \\ud83e\\udded Twitter - / 1littlecoder Linkedin - /\\namrrs\\n\\nShow less Show more\\n\\nTranscript\\n\\nFollow along using the transcript.\\n\\n### 1littlecoder\\n\\n69.9K subscribers\\n\\nVideos\\n\\nAbout\\n\\nVideos\\n\\nAbout\\n\\nTwitter\\n\\nPatreon\\n\\nHow to convert PDF DOCX to Structured TXT Formats for RAG! (UNSTRUCTURED\\nTutorial)\\n\\nby 1littlecoder\\n\\nThis can't GET ANY WEIRDER!!! (AI NEWS)\\n\\nby 1littlecoder\\n\\n## Comments 13\\n\\nTop comments\\n\\nNewest first\\n\\n## Transcript\\n\\nNaN / NaN\\n\\n# 100% Local \\\"AI Town\\\" with Llama 3 AGENTS!!!\\n\\n1littlecoder\\n\\n1littlecoder\\n\\n69.9K subscribers\\n\\n<__slot-el>\\n\\n<__slot-el>\\n\\nDownload\\n\\n623 views 2 hours ago\\n\\n623 views \\u2022 Apr 28, 2024\\n\\nShow less\\n\\n\\ud83d\\udd17 Links \\ud83d\\udd17 Download Pinokio here - https://pinokio.computer/ ......more\\n\\n...more\\n\\nTranscript\\n\\nFollow along using the transcript.\\n\\n### 1littlecoder\\n\\n69.9K subscribers\\n\\nVideos\\n\\nAbout\\n\\nVideos\\n\\nAbout\\n\\nTwitter\\n\\nPatreon\\n\\nHow to convert PDF DOCX to Structured TXT Formats for RAG! (UNSTRUCTURED\\nTutorial)\\n\\nby 1littlecoder\\n\\nThis can't GET ANY WEIRDER!!! (AI NEWS)\\n\\nby 1littlecoder\\n\\nShow less\\n\\n# 100% Local \\\"AI Town\\\" with Llama 3 AGENTS!!!\\n\\n623 views623 views\\n\\nApr 28, 2024\\n\\nDownload\\n\\n### How Linux Changed My Gaming Experience...\\n\\nMichael Horn\\n\\nMichael Horn\\n\\n\\u2022\\n\\n\\u2022\\n\\n20K views 1 day ago\\n\\nNew\\n\\n\", \"frontpage\": false}"}
