{"value":"{\"aid\": \"40192240\", \"title\": \"DEC PDP-1 emulator running \\\"Spacewar\\\", the earliest known digital video game\", \"url\": \"https://www.masswerk.at/spacewar/index.html\", \"domain\": \"masswerk.at\", \"votes\": 7, \"user\": \"smartmic\", \"posted_at\": \"2024-04-28 21:38:05\", \"comments\": 0, \"source_title\": \"Spacewar!\", \"source_text\": \"Spacewar!\\n\\n# Spacewar!\\n\\n0  \\n---  \\n  \\nClear Scores\\n\\n0  \\n---  \\n  \\nThis is a virtual DEC PDP-1 (emulated in HTML5/JavaScript) running the\\noriginal code of \\\"Spacewar!\\\", the earliest known digital video game. If\\navailable, use gamepads or joysticks for authentic gameplay \\u2014 the game was\\noriginally played using custom \\u201ccontrol boxes\\u201d.\\n\\nSpacewar! was conceived in 1961 by Martin Graetz, Stephen Russell, and Wayne\\nWiitanen. It was first realized on the PDP-1 in 1962 by Stephen Russell, Peter\\nSamson, Dan Edwards, and Martin Graetz, together with Alan Kotok, Steve Piner,\\nand Robert A Saunders. Spacewar! is in the public domain, but this credit\\nparagraph must accompany all distributed versions of the program.\\n\\nThis emulation is by Norbert Landsteiner, www.masswerk.at, 2012\\u20132022. It is\\nbased on emulation code by Barry Silverman, Brian Silverman, and Vadim\\nGerasimov. The emulation code has been rewritten and extended to support\\nadditional instructions and auxilary hardware. Special attention has been paid\\non accurate timing and on a recreatiion of the appearance and the unique\\nexperience of the original CRT display. Further, an informative splash-screen,\\nwhich is not part of the original game, was added, and there are multiple\\nversions of the original code ready to play. See below for details. (The page\\nhas been slightly overhauled to celebrate Spacewar!'s 60^th anniversary in\\n2022.) For some other interactive programs running on this emulator, see\\nwww.masswerk.at/minskytron.\\n\\n******************* M E M O *******************ONCE AGAIN:PLAYING \\\"SPACEWAR!\\\"\\nDURING REGULAR OPERATIONS IS POSITIVELY PROHIBITED!AS YOU ALL PRETTY WELL\\nKNOW, REGULAR OPERATION HOURS ARE FROM 0 AM TO 12 PM (\\\"24/7\\\")!INSTRUCTIONS FOR\\nPLAYING \\\"SPACEWAR!\\\":\\u2014\\u2014\\u2014\\u2014\\u2014\\u2014\\u2014\\u2014\\u2014\\u2014\\u2014\\u2014\\u2014\\u2014\\u2014\\u2014\\u2014\\u2014\\u2014\\u2014\\u2014\\u2014\\u2014\\u2014\\u2014\\u2014\\u2014\\u2014\\u2014\\u2014\\u2014\\u2014\\u2014\\u2014\\u2014\\u2014\\u2014PLAYER 1:A ... TURN\\nLEFTD ... TURN RIGHTS ... THRUSTW ... FIREQ ... HYPERSPACEPLAYER 2:J ... TURN\\nLEFT OR 4 (NUMBER-PAD)L ... TURN RIGHT OR 6K ... THRUST OR 5I ... FIRE OR 8U\\n... HYPERSPACE OR 7OR USE CONTROL BOXES (\\\"GAMEPADS\\\"), THRUST IS DOWN,\\nHYPERSPACE IS UP.HIT TAB ON KEYBOARD TO SWAP ASSIGNMENTS OF CONTROL BOXES TO\\nSHIPS.SIGNEDHEAD OF THE COMPUTER DEPARTMENT  \\n---  \\n  \\nGamepads / Joysticks:\\n\\nSpacewar! was original played using so-called \\\"control boxes\\\", the first game\\ncontrollers for any digital video game. (In case these were not available, the\\ngame could be started from a special address to be operated by switches on the\\ncontrol console of the PDP-1.) These control boxes had a lever for left and\\nright turn, another lever for thrust and hyperspace, and a button to fire the\\nphoton torpedoes. (Compare the illustration on the right.) \\u2014 For the best\\nexperience, it is recommended to play the game using gamepads attached to your\\ncomputer.\\n\\nThe emulator will show a message on the splash-screen, if it detects support\\nfor gamepads by your browser. For a close to original experience use the\\nanalog sticks: the left one turns (left / right) the right one is used for\\nthrust (down) and hyperspace (up). Digital sticks and D-pads are supported as\\nwell. Any major button should work as fire. Left shoulder buttons are\\nhyperspace, right shoulder is fire. Hit the tab-key on the keyboard to swap\\nthe assignment of gamepads and ships.\\n\\nClick here for an illustration of the gamepad mappings. (To override these\\nmappings and to use your own key mappings, go the options menu and toggle the\\nitem \\\"USB Gamepads\\\".)\\n\\nTouch Controls: Special controls featuring arcade-style buttons are displayed\\nfor touch-enabled devices (use landscape orientation; drag the controls by\\ntheir ship icons to move them to a convenient screen location).\\n\\nGame Options: Various options like emulation speed and \\\"sense switch\\\" options\\nfor the individual programs are available in the options menu at the top right\\nof the page.\\n\\n## Notes & Descriptions\\n\\nSpacewar! is a computer game for two human players. Each player controls one\\nof the two spaceships, the \\u201cNeedle\\u201d and the \\u201cWedge\\u201d, in an epic battle in\\nouter space. A central star exerts gravity on the ships, as closely modeled by\\nthe game by a simulation of Newtonian physics. Photon torpedoes of limited\\nsupply (not affected by gravity themselves for the limited resources of the\\nPDP-1) may be fired in order to destroy the opponent. A game ends when any of\\nthe ships explodes in pixel dust or when both of the vessels manage to run out\\nof torpedoes. Hyperspace offers a means of last resort to any player in\\ntrouble, but of an unreliable sort: The \\\"Mark I hyperfield generators\\\" are\\nlikely to explode on re-entry, with an increasing probability with each\\nsuccessive jump. (A ship will explode with certainty on the eighth attempt, if\\nyou were ever to get that far.)\\n\\nThe scene is drawn against the backdrop of a realistically depicted moving\\nstarfield, Peter Samson\\u2019s Expensive Planetarium, which renders a 45\\u00b0 segement\\nof the \\\"stars of the heavens\\\" (stars of the first four magnitudes between\\n221\\u20442\\u00b0 North and 221\\u20442\\u00b0 South as listed in the American Ephemeris and Nautical\\nAlmanac) in a gradually shifting motion.\\n\\nThe game features a scoring facility including managed matchplay with tie-\\nresolving (up to 31 games, to be set up on the switches of the operator\\u2019s\\nconsole). The machine would halt at the end of a game or a match and display\\nthe score on the control console in binary using the console lights for the\\naccumulator (player 1) and the I/O register (player 2). Some of the later\\nversions featured a graphical on-screen display for even increased delights.\\n(While matchplay is not supported by the emulation, the score is extracted and\\ndisplayed in the bar below the emulated scope. For versions with a graphical\\non-screen score display, activate the \\u201cScores\\u201d button at the bottom left of\\nthe display to have scores displayed after each game. Pressing \\u201cB\\u201d on the\\nkeyboard toggles this visual score board on/off, as well.)\\n\\nA variety of settings can be accessed by the six \\u201csense switches\\u201d at the\\noperator's console:\\n\\n  * the basic physics of turning a ship: inertial rotation by angular momentum for a realistic simulation of rocket-propelled navigation in space, or the more convenient Bergenholm rotation, simulating the action of gyros\\n  * single shot or continuous fire (salvoes)\\n  * the presence of the central star (on or off)\\n  * the extent of its gravity (normal or low gravity)\\n  * controls for the background-starfield\\n  * finally, whether contact with the central star destroys a spaceship or warps it to the \\\"antipode\\\" at the corners of the screen.\\n\\nIn the emulation, these options can be set by the options menu in the top\\nright corner or can be toggled by pressing SHIFT and numbers 1 to 6 on the\\nkeyboard.\\n\\n### How to Play\\n\\nPlayers are adviced to not fight gravity (this is a rather fruitless attempt),\\nbut rather use it to their advantage. A well established maneuver to enter a\\nstable orbit around the central star was known as the \\u201cCBS Opening\\u201d (named for\\nthe remarkable similarity to the network company\\u2019s logo): Turn your ship\\nperpendicular to an imaginary axis towards the central star and fire your\\nrocket thrusters for about 2 or 3 seconds. Orbits established, fire your\\ntorpedoes at your opponent. Gravity provides extra momentum and reach to your\\nshots and even allows for some nifty slingshot maneuvers.\\n\\n### Program Versions\\n\\nThe emulation comes with several versions of the original game, which are\\nloaded from virtual paper tapes. Select a program by the \\u201cversions menu\\u201d at\\nthe top left of the emulated display, or by simply clicking on a title in the\\ndescription below. (Title screens are not part of the original programs and\\nare generated by the emulator.)\\n\\nVersions available:\\n\\n  * Spacewar! 3.1 (24 Sep 1962) This may be regarded as the \\u201cstandard version\\u201d of Spacewar!. It represents the final version of the game as by the original team and was arranged by Steve Russell during a short return to MIT in September 1962. The program is loaded from an authentic binary paper-tape image dated \\u201c24 sep 62\\u201d (\\u201cspacewar3.1_24-sep-62.bin\\u201d, provided by Steve Russell via bitsavers.org).\\n  * Spacewar! 2B (2 Apr 1962) Spacewar! 2B is the first complete version of the game and of special historical importance, as this was the first digital video game to be presented to a stunned public at the occasion of MIT's annual Parents\\u2019 Weekend, Sat. April 28 and Sun. April 29, 1962.\\n\\nSome of the discerning features of this version are,\\n\\n    * The program includes Martin Graetz\\u2019s original hyperspace routine, the \\u201cMinskytron hyperspace\\u201d [image] and its \\u201cwarp-induced photonic stress emission\\u201d. (There are exactly three jumps to hyperspace per player and the coils of the hyperspace generator require some cooling between jumps.)\\n    * The game features the boxy \\u201ccrock explosions\\u201d [image], predating the more sophisticated particle animations of the later versions.\\n    * The ships\\u2019 exhaust flames are half the size of later versions (hinting at the slower speed of an even earlier version).\\n    * Torpedoes are single shot only (no salvoes).\\n    * The background starfield, Peter Samson\\u2019s \\u201cExpensive Planetarium\\u201d was devised for this version. This early version of the Expensive Planetarium features a variable speed of movement and starts at a different position than later versions. Moreover, instead of using the built-in intensity levels of the Type 30 CRT display, the various intensities of the stars are achieved by illuminating them at different frame rates, which may cause some flicker on modern displays.\\n\\nFor more on the making-of of Spacewar! see \\\"The Origin of Spacewar\\\" by J. M.\\nGraetz.\\n\\nThis program comes on multiple paper tapes:\\n\\n    * The game is run from a binary paper tape image labeled \\u201cspaceWar_SA-5.bin\\u201d. (\\u201cSA-5\\u201d indicating the start address for playing without MIT\\u2019s custom control boxes and using console switches instead.) This is identical to loading \\u201cspacewar2B_2apr62.bin\\u201d and the starfield information (see below), both to be found at bitsavers.org. There's even an earlier version, dated 25 March 1962, which uses opposite polarities for the sense switch options as compared to all other known versions.\\n    * The starfield data \\u201cstars.bin\\\" (annotated \\u201cstars by prs for s/w 2b\\u201d and dated \\u201c3/13/62, prs\\u201d).\\n    * The tape \\u201chyperspace85.bin\\u201d (Hyperspace VIci, 2 May 1962) provides Martin Graetz\\u2019s original hyperspace patch, which patches into yet another patch,\\n    * the auto-restart patch (\\u201cspaceWarRstrt.bin\\u201d, identical to \\u201dspacewAutoRestartPatch.bin\\u201c).\\n    * Finally, there was yet another patch providing scoring and matchplay, which seems to be lost.\\n\\nListings of Spacewar! 2B and the patches may be found here. Please mind that\\nthis is still the game early in development: the restart-patch is missing an\\nedge case, where the ships would collide at the \\\"antipode\\\" in the corners of\\nthe display. The game requires a manual restart in this situation.\\n\\n  * Spacewar! 4.1f (20 Feb 1963; mod. for CHM 2005 \\u2013 2008) This is the version shown at the Computer History Museum (CHM).\\n\\nThis is essentially version 4.1/4.2 (see below) with the visual score display\\nof of Spacewar! 4.8 patched in. This visual score board was originally\\nauthored by Monty Preonas in his versions of Spacewar 4.2 to 4.4 (see below),\\nand was modified to its final appearance by Peter Samson as an addition to\\nSpacewar 4.8. Moreover, the intensity values for the background starfield are\\nremapped to match the somewhat diverting implementation of the CHM PDP-1. The\\nsource code is dated \\u201cspacewar 4.1 2/20/63 dfw\\u201d and annotated \\u201cmod for CHM,\\n2005-06-01 - 2005-11-28 --prs\\u201d, and \\u201cchanged delay in score display,\\n2008-08-22 --prs.\\u201d. The code is run from a binary paper tape image \\u201csw41f.rim\\u201d\\nprovided by Peter Samson via bitsavers.org.\\n\\n  * Spacewar! 4.2a (4.1/4.2 dfw) (22 Feb 1963 ?) This is an authentic representative of the 4.x-generation of Spacewar! (probably by \\u201cdfw\\u201d, like version 4.1 above).\\n\\nLike all versions of Spacewar! 4.x it requires the hardware multiply/divide\\noption for the PDP-1. (A new gravity routine using floating point conversions\\nwas conceived by Monty Preonas for this.) Like all versions 4, it features a\\nworking single shot mode for torpedoes (sense switch 3) and a visually\\nslightly less intensive sun (now drawn by a dotted line). Also, as a side\\neffect of the new gravity routine, two ships colliding in free fall in the\\ncenter will explode at the \\u201cantipode\\u201d rather than at the center as with\\nearlier versions of the game. The code is run from a binary paper tape image,\\n\\u201cspacewar4.2a_sa4.bin\\u201d, provided by Steve Russell via bitsavers.org.\\n\\n  * Spacewar! 4.3 (17 May 1963) This is a version by Monty Preonas (signing \\\"ddp\\\"), who also provided the adaptations for the automatic hardware multiply/divide option and the new gravity computations used by all flavors of Spacewar! 4 in his version 4.0 (2 Feb 1962).\\n\\nSpacewar! 4.3 features, like Monty Preonas\\u2019 flavor of version 4.2 and version\\n4.4, the original version of the on-screen score display and uses an\\nimplementation of the background starfield reminiscent of Spacewar! 2B. The\\nreal sensation of this game, however, is its Twin Star mode to be invoked by\\nsenese switch 2 (accessible by the options menu at the top right corner of the\\nscreen). This visual distorted mode renders the game from the perspective of\\nthe \\u201cNeedle\\u201d, with the Needle in the center of the screen inbetween a split\\nsun and anything else drawn in relative motion to this with the \\u201cWedge\\u201d\\norbiting in epicycles. However, there are a few quirks, as the central sun is\\ndrawn by double strokes at a fixed position and a doubled offset is added to\\nthe torpedoes. (This was an intermediate step to a version for two displays,\\neach rendering the scene in a subjective perspective, compare this emulation\\nof version 4.4, also May 1963.)\\n\\nThe program, dated \\u201c5/17/63\\u201d, was newly assembled from source code provided in\\nthe assorted listings available at CHM catalog no. 102664173.\\n\\n  * Spacewar! 4.8 (24 Jul 1963) Apparently the final version of MIT-Spacewar!, dated \\u201c7/24/63\\u201d and signed \\u201cdfw\\u201d. Besides some internal modifications, it features Peter Samson\\u2019s version of the on-screen score display. The game was newly assembled including the dedicated scorer patch. Sources (\\u201cspacewar4.8part1_engl.txt\\u201d, \\u201cspacewar4.8part2_engl.txt\\u201d, and \\u201cspacewar4.8_scorer.txt\\u201d) are available at textfiles.com and bitsavers.org.\\n\\n### Bonus Content\\n\\n  * Spacewar! 4.1 Holloman Air Force Base Version This is a reconstruction of a version of PDP-1 Spacewar! as seen at the Holloman Air Force Base (New Mexico) and described by John W. Andrews in December 1966 for \\u201cThe Gamesman\\u201d (The Gamesman, Issue 4, Dec 1967, pp 30-32). Altered starting positions are probably the most interesting feature of this version. (Controls have been swapped accordingly to accommodate for this.)\\n\\nThese are the changes as applied according to the description provided by John\\nW. Andrews:\\n\\n    * Altered setup position width spaceships facing the central star,\\n    * The length of exhaust flames indicates the amount fuel left,\\n    * Ships collide with background stars on re-entry from hyperspace,\\n    * A collision with the gravitational star kills in the default setting,\\n    * 36 torpedoes per ship (instead of the standard supply of 32).\\n\\n(Reconstruction by me, N.L., Sep. 2019.)\\n\\n  * Spacewar! 2015 (21 Mar 2015) \\u201cThe Return of the Minskytron Signature\\u201d \\u2014 Fresh code for the PDP-1 from 2015! My own tour de force on Spacewar!: Based on Spacewar! 4.1 (dfw) \\u2014 like the CHM-version \\u2014, featuring,\\n\\n    * hyperspace with the Minskytron signature (like Spacewar! 2B, slightly modified),\\n    * a modified version of the 4.8-scorer-patch (including a scanning divider line, like Spacewar! 4.2),\\n    * last, but not least, a working Needle\\u2019s perspective. This Ptolemaic View (sense switch 2, see the options menu ) shows the Twin-Star mode of Spacewar! 4.3 (ddp) as presumably intended: Sense switch 2 enables a transposed view relative to the Needle\\u2019s position, just like it would be seen on a radar scope inside the Needle's cockpit. Think of Ptolemaic space travel with the Wedge orbiting in epicycles. (For the changes applied and related deliberations compare the discussion here.)\\n\\nSpacewar! 2015 is meant as a potpourri of features that were previously lost\\nor widely unknown. Please mind that this is not an authentic program!\\n\\n  * Spacewar! 3.1 \\\"Winds of Space\\\" This is an attempt to demonstrate the formerly popular \\\"Winds of Space\\\" effect. A clue to this is provided in Steven Levy's \\u201cHackers \\u2013 Heroes of the Computer Revolution\\u201d: \\u201cOr, as the night grew later and people became locked into interstellar mode, someone might shout, 'Let's turn on the Winds of Space!' and someone would hack up a warping factor which would force players to make adjustments every time they moved.\\u201d\\n\\nAnother clue is provided by the following quote by Steve Russell: \\u201c[T]he\\nreason that all the parameters got accumulated in the first page of the\\nlisting, which says you can put that first page of the listing o[n] the\\nconsole, and anyone who wanted to try a different set of parameters could.\\u201d\\n(Oral history interwiev with Al Kossow; CHM 2008. p. 14)\\n\\nPutting it all together, \\u201cWinds of Space\\u201d was effected by tuning one of the\\nvalues of the parameters table. And, in deed, there is a value for the \\u201camount\\nof torpedo space warpage\\u201d at memory location 021. This is a scaling factor,\\ntherefor, the lower this value, the more the trajectories of the torpedoes\\nwill be modulated by what resembles a sine-like curve. The effect varies with\\nspeed and position. To demonstrate the effect, this value has been set to the\\nlowest value (0), with the default value being the maximum amount of 9 bitwise\\nright-shifts (effecting in straight trajectories). \\u2014 It should be noted that\\nthis hasn't been \\\"officially\\\" confirmed yet. This module uses the original\\ncode of \\\"Spacewar! 3.1\\\", which is first loaded from a virtual paper-tape and\\nthen patched for the \\\"hacked\\\" parameter. (Additionally, the torpedo life-time\\nis set to be a bit higher value, to emphasize the effect.)\\n\\nFor hacking parameters or game constants in general, see the options menu at\\nthe top right of the screen.\\n\\n  * Snowflake This is another famous visual PDP-1 program from the 1960s, an early example of computer animations. Snowflake produces sequencies of a starlike, kaleidoscopic pattern by aligning a series of dots, which are bound to 4 attractors and then displayed 12 times by a rotation by 30\\u00b0. (An alternative 8-dots display mode is available by operating sense switch 2, see the options menu .) While there is not much information to be found on this program, you may read some about it here. The program is run from an authentic paper tape image \\u201csnowflake_sa-100.bin\\u201d to be found at bitsavers.org.\\n  * Snowflake (@CHM) Another (less complex) version of Snowflake as seen at the CHM, differing a little by its setup. The program is run from a paper tape image \\u201cdpys5.rim\\u201d (titled \\u201cpdp-1 display hacks\\u201d) to be found at bitsavers.org.\\n\\n### A Hackable Game\\n\\nAll versions of Spacewar! (but the very earliest) start with a section\\ncommented \\u201cinteresting and often changed constants\\u201d \\u2014 probably the first\\ncheats in electronic gaming history. Steve Russell: \\u201cIt was quite interesting\\nto fiddle with the parameters, which of course I had to do to get it to be a\\nreally good game. By changing the parameters you could change it anywhere from\\nessentially just random, where it was pure luck, to something where skill and\\nexperience counted above everything else. The normal choice is somewhere\\nbetween those two.\\u201d (quoted in \\u201cSpacewar \\u2013 Fanatic Life and Symbolic Death\\nAmong the Computer Bums\\u201d by Stewart Brand.)\\n\\nThese \\u201coften changed constants\\u201d could be altered either by manipulating\\nindividual bits by the means of the operator\\u2019s console or, more likely, by the\\nuse of the online-debugger ddt. The emulator provides access to most of these\\n\\u201cconstants\\u201d by a special parameters dialog, accessible by the options menu .\\n(Please mind that these hacks have to be set anew, when a different version of\\nSpacewar! has been loaded.)\\n\\nAn example for this is the \\u201cWinds of Space\\u201d hack (see above), another one is\\n\\u201cHydraulic Spacewar\\u201d described in Steven Levy\\u2019s \\u201cHackers\\u201d: \\u201cBy switching a few\\nparameters you could turn the game into \\u2018hydraulic Spacewar,\\u2019 in which\\ntorpedoes flow out in ejaculatory streams instead of one by one.\\u201d This may be\\nachieved by setting the value of paramter \\u201crlt\\u201d (torpedo reload time) close to\\nzero.\\n\\nNote: While called \\u201cconstants\\u201d in the comment, the entries in this setup table\\nweren\\u2019t actually parameters, but entire instructions, which could be replaced\\nby jumps to subroutines returning a suitable value (this was even encouraged\\nby the comments). The program wouldn\\u2019t just look up these entries, it would\\nactually execute the given instruction. Avoiding the perils of proper\\nprogramming, the parameters dialog sticks with the original instructions and\\nallows the adjustment of their operands in a somewhat user-friendly manner.\\n\\nSimilarly, spaceship outlines are defined in a hackable manner by strings of\\noctal numbers, where each digit encodes a simple directive. There are codes\\nfor move-and-plot (down, left, right, down and left, down and right),\\nstore/restore the current position, and restarting the outline for the\\nmirrored other side. (Reportedly, \\u201cship hacks\\u201d were quite popular and this may\\nwell have been how the Star Trek inspired sprites, known from later ports of\\nthe program, came about.)\\n\\nPlaying Spacewar! \\u2014 Dan Edwards (l) and Peter Samson (r).\\n\\n### A Bit of History\\n\\nSpacewar! originated as an entertaining demonstration for the real-time\\ncapabilities of the PDP-1. As word spread that Digital Equipment Corporation\\n(DEC) would be donating one of their first models of their all-new Programmed\\nData Processor 1 to MIT, a group of grad students and MIT employees gathered\\nto come up with an idea to show its capabilities at the next Science Open\\nHouse. There was already an amazing graphics generator by Marvin Minsky, known\\nas the \\u201cMinskytron, but this wasn\\u2019t really interactive and did capture\\ninterest for long. Clearly, it should be somewhat more involving than this. In\\nmidst of the Space Race and provided that the group (dubbed the Hingham\\nInstitute Study Group on Space Warfare, named after Steve Russell\\u2019s lodging)\\nhad a weak point for pulp science fiction, the idea of a \\u201dspaceship trainer,\\u201d\\nwas somewhat convincing. However, what about a full-fledged space battle, like\\nin the books by E. E. \\u201cDoc\\u201d Smith? Well, not a battle, but a duel?\\n\\nSo the idea of Spacewar! was born and \\u201csomeone\\u201d was really to do something\\nabout it. In fall, the PDP-1 arrived (formally presented November 6, 1961) and\\nthe group around MIT\\u2019s Tech Model Railroad Club (TMRC) was eagerly waiting for\\nthe selected someone to act. However, Steve Russell, also known as \\u201cSlug\\u201d,\\nwasn\\u2019t known for starting things early and was also not too keen on getting\\nhands-on with the intricacies of complex numeric problems, like the\\ntranscendental functions of sine and cosine aproximation. This period of\\nhesitation found an end by the help of Alan Kotok, who confronted Russell with\\na tape, he had obtained from DEC, using the famous quote, \\u201cAll right, Russell,\\nhere\\u2019s a sine-cosine routine; now what's your excuse?\\u201d With the CRT display of\\nthe PDP-1 installed in the last days of December, the stars finally aligned,\\nand by February 1962 a first playable version of the game was ready.\\n\\nHowever, this was just the beginning. Facilitated by Dan Edward\\u2019s ingenious\\njust-in-time compiler for drawing the spaceship outlines, gravity added\\nanother tactical dimension to the game, which also benefitted from an overall\\nspeed improvement. (However, there weren\\u2019t resources left to apply gravity to\\ntorpedoes, as well, thus the weightless \\u201cphoton torpedos.\\u201d) Annoyed by an\\nearly random star background, Peter Samson added the realistic simulation of\\nthe \\u201cExpensive Planetarium\\u201d, and Martin Graetz contributed the original\\nhyperspace routine, featuring a warping animation reminiscent of the\\nMinskytron. A short article on the game appeared in the very first issue of\\n\\u201cDecuscope \\u2013 Information for Digital Equipment Computer Users\\u201d in April 1962,\\nand, by the addition of a scoring and matchplay facility to regulate demand,\\nthe game was finally ready to be shown to the public on the occasion of the\\nMIT Parents\\u2019 Weekend, 28/29 April 1962.\\n\\nFor more on how the program came into being, see \\\"The Origin of Spacewar\\\" by\\nJ. M. Graetz (in: Creative Computing; Volume 7, Number 8; August 1981; also\\npublished in: The Computer Museum Report, Fall 1983; Malboro, MA, 1983).\\n\\nSteve Russell, who had left MIT to follow Marvin Minsky to the West coast,\\nreturned in Septmeber to devise the improved version 3.1, which consolidated\\nthe various patches into a comprehensive program. In 1963, others, like Monty\\nPreonas and \\u201cdfw\\u201d took over, adapting the program to the newly installed\\nhardware multiply/divide option and experimenting with additional features.\\nNew input devices were tried, like the joystick (including its entire control\\npanel) of a missile control acquired from USAF surplus supplies. At some\\npoint, there were controls for varying speed input. Monty Preonas experimented\\nwith multiple displays and subjective view points. A visual score board was\\nadded, and there had been probably a number of other variations, we don\\u2019t know\\nof. The game was soon ported to other computers, especially new DEC machines,\\nas they became available, and spread to wherever there was a computer\\ninstallation with a visual display, becoming the computer game of the 1970s.\\n\\nTechnically, the game was written in PDP-1 assembler code, more specifically\\nMIT\\u2019s own \\u201cMacro\\u201d assembler derived from the TX-O, and resided in the basic 4K\\n18-bit words core memory of the PDP-1. Dan Edward\\u2019s outline compiler, based on\\na previous interpreter for spaceship outline codes, may be the earliest\\nexample of a JIT-compiler. Steve Russell, who had previously written the very\\nfirst incarnation of Lisp (together with Dan Edwards), used object oriented\\napproaches in his code, making frequent use of pointers and lists. Contrary to\\nsome rumors, there\\u2019s still space left in memory, there\\u2019s even a special mode\\nto allow the program to be run together with the online-debugger \\u201cddt\\u201d.\\nResources were not so much restricted by the amount of memory available or the\\ngeneral execution time, but by the requirements of the screen: with memory\\nbeing enormously expensive and the display being of fairly high resolution,\\nany screen content had to be redrawn by the program by re-issuing any plot\\ncommands in a steady loop. The bottleneck here was the display\\u2019s response time\\nto any plotting commands, which limited the amount of what could be displayed\\nflicker-free. (While an internal instruction completed in 5 microseconds, the\\ndisplay required 50 microseconds to respond with a completion pulse. This was\\ncaused by cooling circuits in the display, which prevented the electron beam\\nfrom overshooting or \\u201cringing\\u201d, while jumping at high speeds from one plot\\nposition to the next.) \\u2014 The really expensive article was a dot on the\\ndisplay.\\n\\nDEC PDP-1, Soroban console typewriter, Type 30 CRT display.\\n\\n### The PDP-1 Computer\\n\\nDEC was founded in 1957 by Ken Olsen and Harlan Anderson, who had previously\\nworked on MIT \\u030as experimental computers, like Whirlwind, the Memory Test\\nComputer (TMC), and Wes Clark\\u2019s TX-0 and TX-2 machines. While the new firm\\nspecialized in its first few years in electronic modules for computers and\\nlaboratory equipment, DEC revealed its first digital computer, the Programmed\\nData Processor 1 (PDP-1) at the Eastern Joint Computer Conference in December\\n1959. Designed by Ben Gurley, another former MIT employee, in just three-and-\\na-half months, the computer followed MIT\\u2019s tradition of interactive real-time\\ncomputing and was probably the first commercial computer with a display\\navailable. Depending on its use, the PDP-1 may be characterized both as an\\nearly work station and as a small main frame computer.\\n\\nA first pre-production prototype was delivered to Bolt, Beranek and Newman\\n(BBN) in 1960, where it was used for prototyping time-sharing. (This machine\\nalso ran Spacewar!, but allegedly the game was eventually banned for the wear\\non its console switches. Conversely, the machine which arrived at MIT was used\\nfor protyping time-sharing, as well.) Another PDP-1 at BBN was used for\\nwriting and compiling the code of the Interface Message Processor (IMP),\\ninterfacing computers with ARPANET, and, as this machine came on-line itself,\\nwas also used to distribute software over the net (maybe annother first). The\\nsecond pre-production prototype was delivered to Lawrence Livermore National\\nLaboratory (LLNL), which eventually became the most extensively equipped PDP-1\\ninstallation. (This PDP-1 featured various experimental input devices for\\noptical scanning and speech recognition, and even an early mouse, built in-\\nhouse in the mid-1960s and refining Douglas Engelbart\\u2019s original design.) One\\nof the first production machines was donated to MIT, where it was located in\\nroom 26265, next to the TX-0. Which is also the very machine that gave birth\\nto Spacewar! (This was only the first of what eventually became a fleet of\\nfive PDP-1s known to have existed at MIT.)\\n\\nIn essence, the PDP-1 was a commercial version of MIT\\u2019s approach to computing.\\nIt came in a polished package, a single-cabinet main unit and a display in\\nSpace Age blue and hexagonal design elements. Unlike its experimental\\nancestors, it was reasonably priced, didn\\u2019t need much in terms of installation\\nas it could be plugged into an ordinary wall socket, and could be turned on by\\nthe flip of a single switch. As Martin Graetz put it, it was the first toy\\ncomputer. (However, you still had to be a potent institution to afford this\\ntoy: The reasonable list price for a PDP-1 was still US$ 120,000 and another\\nUS$ 14,300 for the display, which translated to 13 average family homes and a\\nbrand new car in 1960. But, compared to other computers, this was actually\\ncheap.)\\n\\nThe PDP-1 was a fully transistorized solid-state computer with a word-size of\\n18-bit and one\\u2019s compliment arithmetic. The standard memory was 4K of 18-bit\\nwords, expandable to up to 12 memory modules of 4K each, which could be\\nmounted as named banks. The cycle time for instructions internal to the CPU\\nwas 5 seconds, as was the access time to its core memory (providing 100,000\\n18-bit additions per second including memory access). The instruction set was\\nquite comfortable, combining instructions and their operand in a single word.\\nBesides its accumulator, there was another I/O register and extensive support\\nfor indirect addressing to facilitate programming, but no processor stack and\\nno index registers and programs had to be self-modifying by necessity.\\n\\nThe PDP-1 came with extensive I/O circuitry of various sort, including custom\\ntaper pin panels, which came handy when it came to connecting the Spacewar!\\ncontrol boxes. An optional accessory to the display was a light pen, which\\nagain pointed back to the origin in MIT computers like Whirlwind and the TX-O.\\nIn its basic configuration, the PDP-1 came with 4K memory and a Soroban\\nconsole typewriter (a IBM Model A electric typwriter modified by the Soroban\\nCompany using selenoids for remote operations) and a special DEC chair. Later\\nmodels also shipped with the automatic hardware multiply/divide option\\npreinstalled. (According to well-established rumors, PDP-1s came also with\\nSpacewar! in the non-volatile core memory, ready for extensive testing, once\\nthe various components had been installed, which also helped spreading the\\ngame. However, there is no confirmed first-hand source for this.)\\n\\nAbout 55 PDP-1s were made in total and the fully restored serial number 55 is\\na permanent exhibit at the Computer History Museum (CHM) in Mountain View/CA,\\nwhere Spacewar! can be played on real hardware in the course of one of the\\nscheduled demo tours. (There are a few other machines in storage, both at the\\nCHM and at the Smithsonian.)\\n\\n### The Type 30 Visual CRT Display\\n\\nThe most outstanding accessory to the PDP-1 was its CRT display. This utilized\\na CRT tube originally manufactured for scan radar, which wasn\\u2019t unusual for\\nhigh resolution displays at the time. More unusual was its P7 phosphor with a\\ndual layer of phosphor coating, one layer of bright blue phosphor with quick\\nresponse and short sustain, and another yellowish-green layer of long decay,\\nwhich was visible for several seconds. As a result, any moving objects drew\\niconic trails on the screen, which contributed to the aesthetics of Spacewar!,\\nas did its concentric, Space Age modernist hexagonal housing. (The well\\nregonizable shape of the Type 30 display also became the emblem of DECUS, the\\nDEC Users Society, compare the image.)\\n\\nThe Type 30 CRT display was a point plotting display, also known as X/Y\\ndisplay or animated display. Unlike later raster displays, this was a random\\naccess display, which moved its illuminating cathode ray directely from point\\nto point, as directed by the display instructions. While sharing this random\\naccess with vector displays, simple X/Y do not have any memory, meaning, any\\npermanent representation on the screen had to be redrawn by the program at a\\nstable interval. The technical resolution was 1024 \\u00d7 1024 display location at\\n7 intensities (and another, invisible one, which could be registered by the\\nlight pen), where the various display intensities resulted in varying spot\\nsizes and overlapping display locations. According to DEC, this resulted in a\\nvisual resolution of 512 \\u00d7 512, which is also the resolution of this emulation\\n(with sub-pixel rendering to account for intermediate locations and spot\\nsizes.)\\n\\nSpacewar! makes use of these characteristics in a rich variety of graphics\\nstiles, from the cartoonish outlines of the spaceships (inspired by Buck\\nRogers cartoons and the contemporary Red Stone rocket), over the pulsing,\\nrotating line of the gravitational star in the center, the abstract art of the\\n\\u201cMinskytron effect\\u201d, to the painted effect of the explosion and the realism of\\nthe \\u201cExpensive Planetarium\\u201d. (The latter makes also use of the long sustain of\\nthe P7 phosphor, as the background stars are only drawn every second frame to\\nrender them more dimly and to separate them from the main scene.)\\n\\nWatching Spacewar! (CHM catalog No. 102652458.)\\n\\n### Trivia\\n\\n  * The stars of the \\u201cExpensive Planetarium\\u201d come in four groups, by brightness:\\n\\nmagnitude| \\u22121.6 to 1.5:| 9 stars  \\n---|---|---  \\nmagnitude| 1.5 to 2.5:| 9 stars  \\nmagnitude| 2.5 to 3.5:| 81 stars  \\nmagnitude| 3.5 to 4.9:| 370 stars  \\ntotal:| 469 stars (stored in 938 words of memory)  \\n  \\n(Source: Peter Samson)\\n\\n  * Fuel consumption in Spacewar! is not a function of time, but of the length of the exhaust flames drawn. A longer flame burns more fuel (while resulting in the same acceleration, regardless of its length).\\n  * \\u201cWedges only\\u201d: Setting the constant \\u201cddd\\u201d (020) to zero (or any positive value) will setup the outline compiler to draw both spaceships as Wedges. This was meant to provide extra space in memory for the online-debugger \\u201cddt\\u201d.\\n  * The first \\u201cIntergalactic Spacewar Olympics\\u201d, 19 Oct 1972 at Stanford University\\u2019s Artificial Intelligence Laboratory, won by Bruce Baumgart, was probably the first e-sports event.\\n  * Versions 4.5, 4.6, and 4.7 are missing. At least one of these provided two distinctive speeds of acceleration/thrust (as can be guessed by a left-over comment in the source code of version 4.8).\\n  * The identity of author \\u201cdfw\\u201d remains unknown.\\n  * According to Ed Fredkin (compare this video, DEC PDP-1 Lecture, Computer Museum, Boston, Nov. 29, 1990), the IBM RISC architecture as invented by John Cocke was inspired by the PDP-1 and the PDP-1\\u2019s architecture lived on in the principal design of the IBM 801 and the IBM RS/6000. So you may be not too wrong calling the PDP-1 a RISC machine.\\n  * In the emulator, you may export a sceenshot, either by hitting ALT+P (with a black background added), or a semi-transparent one (as displayed, just the illuminated pixels) by hitting SHIFT+ALT+P. (Please mind that the stars will be actually as bright as in the frame you will happen to grab. This might be an odd frame showing them just by the dim afterglow. You may want to retry in this case.)\\n\\n### Special Thanks\\n\\n  * Thanks to Barry Silverman, Brian Silverman, and Vadim Gerasimov for granting permission to re-use their emulation code. (Please visit their original site.)\\n  * Special thanks to Steve Russell for providing insight into the original PDP-1 Type 30 display and its special dual phosphor characteristics.\\n  * Special thanks to Lyle Bickley and Ken Sumrall for utilizing themselves as my personal bridgeheads to the CHM\\u2019s PDP-1 Restoration Team.\\n  * Thanks to Gary A. Messenbrink, Bob Supnik, Phil Budne for the recreation of the original Macro assembler in C (macro1.c), thus prividing an invaluable tool for any practical PDP-1 research.\\n\\n### Spacewar! \\u2013 The Official Birth Announcement\\n\\nIn April 1962 the following tongue-in-cheek style text was published in the\\nvery first issue of \\u201cDecuscope \\u2013 Information for Digital Equipment Computer\\nUsers\\u201d (Vol. 1 No. 1, April 1962, pp 2 and 4; a copy is provided as a PDF-\\ndocument at bitsavers.org):\\n\\n> PDP-1 PLAYS AT SPACEWAR!\\n>\\n> by D.J. Edwards, MIT J.M. Graetz, MIT\\n>\\n> If, when walking down the halls of MIT, you should happen to hear cries of\\n> \\\"No! No! Turn! Fire! ARRRGGGHHH!!,\\\" do not be alarmed. Another western is\\n> not being filmed \\u2014 MIT students and others are merely participating in a new\\n> sport, SPACEWAR!\\n>\\n> Planned and programmed by Stephen R. Russell under the auspices of the\\n> Hingham Institute Study Group on Space Warfare, SPACEWAR is an exciting game\\n> for two players, many kibitzers, and a PDP-1.\\n>\\n> The game starts with each player in control of a spaceship (displayed on\\n> PDP's scope face) equipped with propulsion rockets, rotation gyros, and\\n> space torpedoes. The use of switches to control apparent motion of displayed\\n> objects amply demonstrates the real-time capabilities of the PDP-1.\\n>\\n> Also displayed on the scope is a central sun which excerts a gravitational\\n> influence on the spaceships. The entire battle is conducted against a slowly\\n> moving background of stars of the equatorial sky. The object of the game is\\n> to destroy the opponent's ship with torpedos. The computer follows the\\n> targets and participants have an opportunity to develop tactics which would\\n> be employed in any future warfare in space.\\n>\\n> Your editor visited the MIT Campus in Room 26265 and can verify an excellent\\n> performance. She learned that the best \\\"Aces\\\" had only a 50% chance of\\n> survival. Enthusiasm nevertheless ran high and the battle continued while\\n> young Mr. Russell trued to explain his program.\\n>\\n> \\\"The most important feature of the program,\\\" he said, \\\"is that one can\\n> simulate a reasonably complicated physical system and actually see what is\\n> going on.\\\"\\n>\\n> Mr. Russell also said that symbolic and binary tapes were available. Please\\n> contact Mr. Russell for additional information.\\n\\n(You may note that there is no notion of hyperspace yet in this text, the\\nversion in question being apparently Spacewar! 2B.)\\n\\n### Spacewar! at the MIT Parents\\u2019 Weekend, Sat. 28 / Sun. 29 April, 1962\\n\\nThe April 25, 1962 issue of MIT\\u2019s magazine \\u201cThe Tech\\u201d (Vol. 82, Issue 11,\\nApril 25, 1962, p.11; a copy is provided as a PDF-document at The Tech Online\\nEdition) announced the public showing of Spacewar! at MIT\\u2019s Parents\\u2019 Weekend\\nthe following weekend on Sat. 28 / Sun. 29 April, 1962 by the following\\narticle:\\n\\n> Change Course! Fire Torpedoes!\\n>\\n> Space Battles Fought With Computer\\n>\\n> By Jeff Levinger\\n>\\n> Spiraling near the sun for added acceleration, the thin silver ship swiveled\\n> slowly, firing its space torpedoes steadily, creating a spiral wave of death\\n> ahead of it. As it swept past the sun, a hail of answering rockets flashed\\n> by, barely missing, and the sudden explosion of another ship lit the space\\n> behind. The scope flickered, and the two ships appeared again at diagonally\\n> opposed points with the sun as a center. The controls for each changed\\n> hands, and the game began anew.\\n>\\n> The game is Space War, played on the display screen of the PDP-1 computer in\\n> 26-260, with the aid of a program written mainly by Steve Russell of the\\n> Harvard Computation Center. Two former MIT students presently working for\\n> the Electronic Systems Laboratory, Shag Graetz and Pete Samson, also worked\\n> on the program and supplementary software. Each person controls his ship\\n> with an acceleration button and a rotation switch, acceleration and\\n> orientation being constant while the proper control is on.\\n>\\n> The central sun (there is an entire background of stars, accurate to fifth\\n> magnitude on the equatorial plane) is the only one with gravity .... and if\\n> you fall in, you reappear at the corner from which you are accelerating.\\n> Losing (exploding) is a large luminescent square where your ship was, which\\n> appears if your ship is hit by a torpedo or the other ship.\\n>\\n> The original game was to orbit around the sun without falling in, and then\\n> to destroy the other ship with a limited number of torpedoes and a long\\n> reload time between shots. One danger (since reprogrammed) which destroyed\\n> many a hopeful skipper was due to the fact that torpedoes ignored the sun:\\n> and running into your own torpedo as you orbit is a rather humiliating\\n> defeat.\\n>\\n> It is possible to go beyond the pace pictured, in which case you wind up\\n> coming out of a new corner to begin again. This is known as the curvature of\\n> space. Torpedo number, duration, and reload speed (no machine-gunning) are\\n> variable, easily adjusted for beginners or experts.\\n>\\n> For Parents' Weekend the PDP-1 will run this game for parents and their\\n> Techmen between 12 p.m. and 6 p.m., with a special version designed for this\\n> purpose. As an example of the whimsical uses of computers this is some-thing\\n> parents shouldn't miss. As a simplistic preview of future war games, it\\n> might well be classified were this report to fall into the wrong hands.\\n\\n(The version shown was apparently Spacewar! 2B with the \\u201cspecial version\\ndesigned for this purpose\\u201d hinting at the scoring and matchplay patch, devised\\nby Steve Russell for the purpose.)\\n\\n### Spacewar! as an Ambassador of the Programmed Data Processor-1 (PDP-1)\\n\\nIn 1963 (ca.) the Digital Equipment Corporation (DEC) related to\\n\\\"Spacewar\\\"[sic] in a promotional brochure (\\u201cPDP-1 Computer and Spacewar\\u201d),\\nwhich also provides some contemporary context, as follows:\\n\\n> SPACEWAR The demonstration you are watching on the cathode ray tube is\\n> called Spacewar. At first look, Spacewar is a fascinating space-age game, in\\n> which two players maneuver rocket-armed spaceships in the near\\n> weightlessness of space until one is in position to fire the winning shot.\\n>\\n> More important, Spacewar is typical of simulation techniques used in\\n> psychology laboratories to analyze the problems of man-machine relationships\\n> in complex or little-understood situations.\\n>\\n> General-purpose computers and other digital equipment play a key role in\\n> many scientific studies. The PDP-1 computer used in Spacewar is performing\\n> calculations at speeds up to 100,000 per second as it interprets the\\n> operator's switch actions and sends positional information to the display at\\n> a rate of 20,000 points per second. To give some idea of the complexity of\\n> the computer's task, we might mention that in storing and plotting the\\n> relative positions and speeds of the spaceships, rockets, stars, and sun,\\n> PDP-1 is referring to Newton's laws of motion stored in its 4096-word core\\n> memory. Thus the operators must compensate for gravitational attraction when\\n> the spaceships come close to the sun.\\n>\\n> [The following paragaraphs are not specially related to Spacewar!, but give\\n> a vivid picture of human-computer-interaction (HCI) as anticipated in the\\n> early 1960s, building on achievements like M.I.T.'s Whirlwind, the SAGE\\n> scope, the Charactron/MIV console, and Ivan Sutherland's Sketchpad on TX-2,\\n> which are all in PDP-1's pedigree. (C.f. this image and notes.)]\\n>\\n> PDP-1 and its newer, lower priced companion PDP-4 can be installed in\\n> ordinary office space, require no special power, air conditioning, or floor\\n> reinforcement. They go to work almost immediately, since minimum customer\\n> training is required. Ample controls and indicators provide easy and\\n> convenient operation and control.\\n>\\n> The Precision CRT Display Type 30 demonstrated here is one of the family of\\n> computer-operated displays designed by Digital Equipment Corporation to\\n> extend greatly the usefulness of the computers. With the unique Light Pen\\n> Type 32, a completely untrained operator can communicate with the computer.\\n> For example, the Light Pen aimed at the scope face could signal the computer\\n> to modify an engineering drawing displayed at the scope. The modified\\n> drawing would be displayed instantaneously.\\n\\nPlot of Spacewar!\\u2019s field of gravity.\\n\\n### Research\\n\\n  * For a detailed walk-through (code analysis) of the original Spacewar code, see \\u201cInside Spacewar! \\u2013 A Software Archeological Approach to the First Video Game\\u201d.\\n  * There is also JS-Spacewar 3.1, a recreation of Spacewar! 3.1 in JavaScript, to illustrates the logic of the original assembler code in a modern lingua franca.\\n  * See the The Spacewar 2B Preservation Project for an attempt to preserve Spacewar! 2B for PDP-1s with the hardware multiply/divide option (like the one at the CHM).\\n  * Various listings, disassemblies, and reconstructed sources of Spacewar! and some of its essential patches.\\n  * An investigation into \\u201cSpacewar 1 and the Beginnings of Video Game Aesthetics\\u201d (by me, 2021).\\n  * And, related to the previous one, a reconstruction of the lost Spacewar! 1 running in emulation.\\n\\n### Related Games and Emulations\\n\\n  * The original Minskytron in emulation: The Minskytron and Other Early Graphics Demos at the PDP-1.\\n  * Play Spacewar! 4.4 \\u2014 a dual view planar multiplayer FPS version of Spacewar! (May 1963). (PDP-1 emulation in HTML5/Javascript.)\\n  * Play Spacewar! Fleet Action, a new old-style JS-game based on the original 1962 Spacewar! game and inspired by a quote by Steve Russell.\\n  * Play Ironic Computer Space Simulator, my own game for the PDP-1 (2016) simulating the first coin-op video game by Nolan Bushnell and Ted Dabney (Syzygy Engineering) / Nutting Associates (1971), which was heavily inspired by Spacewar!.\\n\\n### Further Reading\\n\\n  * Visit the Spacewar! page at the Computer History Museum (CHM).\\n  * Take a video tour of the PDP-1, guided by CHM's Lyle Bickley.\\n  * Read \\\"The Origin of Spacewar\\\" by J. M. Graetz (redacted copy, incl. additional text and images).\\n  * Read: \\\"Spacewar! Real-Time Capability of the PDP-1\\\" by J.M. Graetz (Decus Proceedings 1962)\\n  * See the original DEC-brochure celebrating Spacewar!: \\u201cPDP-1 Computer and Spacewar\\u201d (1963 ca).\\n  * Read \\\"SPACEWAR \\u2013 Fanatic Life and Symbolic Death Among the Computer Bums\\\" by Stewart Brand (Rolling Stone magazine, Dec. 1972; wheels.org)\\n  * Spacewar and Minnesota Spacewar: \\\"Spacewar\\\" by Albert W. Kuhfeld (Analog, Vol. 87, No. 5, July 1971, pp. 67-79; local copy)\\n  * Spacewar! in Pop-Culture: \\\"SPACE WAR! \\u2013 A Computer Game Today, Reality Tomorrow\\\" by Joseph F. Goodavage (Saga, Nov. 1972; local copy)\\n  * Watch an interview with Steve Russell on Spacewar! (by Dean Takahashi, VentureBeat, January 12^th, 2011; recorded at the CHM): Steve Russell talks about his early video game Spacewar! (YouTube video, 7'37)\\n  * Watch Steve Russell interviewed by John Romero of Doom fame, at the IndieCade 2012 keynote, October 5^th, 2012: A conversation with John Romero and Steve Russell (YouTube video, 43'58)\\n  * Watch the Computer History Museum's (CHM) lecture celebrating the PDP-1 and its restoration project (May 15^th, 2006): The Mouse that Roared: PDP 1 Celebration Event (YouTube video, 1:53'45) Panel participants: Harlan Anderson, Gordon Bell, Alan Kotok, Steve Russell, Peter Samson, moderated by Ed Fredkin.\\n\\n### Finally...\\n\\nYou may buy me a coffee here: Buy me a coffee\\n\\n\\u00a9 2012 \\u2013 2022 Norbert Landsteiner, mass:werk \\u2013 media environments,\\nwww.masswerk.at.\\n\\nOptionsRestart GameHack Parameters...Adjust CRT (Trails)...Toggle\\nFullscreenConfigure: Emulate Subpixels L/R Hyperspace Lock USB Gamepads\\nVirtual ControllersLink This Configuration... Show Score DisplayEmulation\\nSpeed: Normal Faster (x 1.5) Double SpeedSense Switches: 1 2 3 4 5 6\\n\\n\", \"frontpage\": true}"}
