{"value":"{\"aid\": \"40191686\", \"title\": \"ADHD Work\", \"url\": \"https://www.youtube.com/watch?v=6QQc4zpy7j8\", \"domain\": \"youtube.com\", \"votes\": 2, \"user\": \"hidelooktropic\", \"posted_at\": \"2024-04-28 20:45:14\", \"comments\": 0, \"source_title\": \"Managing your ADHD at work\", \"source_text\": \"Managing your ADHD at work - YouTube\\n\\n\\u2022\\n\\nNaN / NaN\\n\\nBack\\n\\nDE\\n\\nDE\\n\\nManaging your ADHD at work\\n\\n2x\\n\\nIf playback doesn't begin shortly, try restarting your device.\\n\\n\\u2022\\n\\nUp next\\n\\nLive\\n\\nUpcoming\\n\\nPlay Now\\n\\nYou're signed out\\n\\nVideos you watch may be added to the TV's watch history and influence TV\\nrecommendations. To avoid this, cancel and sign in to YouTube on your\\ncomputer.\\n\\nShare\\n\\nAn error occurred while retrieving sharing information. Please try again\\nlater.\\n\\n0:00\\n\\n0:00 / 15:41\\u2022Watch full video\\n\\n## Description\\n\\nManaging your ADHD at work\\n\\n3Likes\\n\\n21Views\\n\\nApr 282024\\n\\nI've been managing my ADHD well enough to launch a successful career as a\\nProgram Manager at a big tech company in the Silicon Valley. This is the\\nsingle idea that underlies everything that matters about managing your ADHD in\\nlife but especially at work. Good places to keep reading: My ADHD page:\\nhttps://www.adamgrant.info/adhd Attention Span Sugar:\\nhttps://www.adamgrant.info/attention-... More on managing impulsivity by time\\nout: https://www.adamgrant.info/adhd-tools... Being present:\\nhttps://www.adamgrant.info/being-present Taking the day off work for time\\ndilation: https://www.adamgrant.info/the-import...\\n\\nShow less Show more\\n\\nTranscript\\n\\nFollow along using the transcript.\\n\\n### Adam Grant\\n\\n13 subscribers\\n\\nVideos\\n\\nAbout\\n\\nVideos\\n\\nAbout\\n\\n## Comments 1\\n\\nTop comments\\n\\nNewest first\\n\\n## Transcript\\n\\nNaN / NaN\\n\\n# Managing your ADHD at work\\n\\nAdam Grant\\n\\nAdam Grant\\n\\n13 subscribers\\n\\n<__slot-el>\\n\\n<__slot-el>\\n\\nDownload\\n\\n21 views 1 hour ago\\n\\n21 views \\u2022 Apr 28, 2024\\n\\nShow less\\n\\nI've been managing my ADHD well enough to launch a successful career as a\\nProgram Manager at a big tech company in the Silicon Valley. This is the\\nsingle idea that underlies everything that matters about managing your ADHD in\\nlife but especially at work. ......more\\n\\n...more\\n\\nTranscript\\n\\nFollow along using the transcript.\\n\\n### Adam Grant\\n\\n13 subscribers\\n\\nVideos\\n\\nAbout\\n\\nVideos\\n\\nAbout\\n\\nShow less\\n\\n# Managing your ADHD at work\\n\\n21 views21 views\\n\\nApr 28, 2024\\n\\nDownload\\n\\n### My First Month on ADHD Medication\\n\\nTilly Zarrella\\n\\nTilly Zarrella\\n\\n\\u2022\\n\\n\\u2022\\n\\n54K views 1 year ago\\n\\n### The Manipulation Expert: You're Being Manipulated! Use Jealousy To\\nManipulate People! Robert Greene\\n\\nThe Diary Of A CEO\\n\\nThe Diary Of A CEO\\n\\n\\u2022\\n\\n\\u2022\\n\\n3.7M views 1 month ago\\n\\n### Understanding ADHD Impulsivity: Regain Control of Your Life\\n\\nPsych2Go\\n\\nPsych2Go\\n\\n\\u2022\\n\\n\\u2022\\n\\n78K views 3 weeks ago\\n\\n### How Good Is Your Attention Span? (TEST)\\n\\nGletch\\n\\nGletch\\n\\n\\u2022\\n\\n\\u2022\\n\\n683K views 1 year ago\\n\\n### Fixing my attention span - healing an exhausted brain\\n\\nTheCottageFairy\\n\\nTheCottageFairy\\n\\n\\u2022\\n\\n\\u2022\\n\\n149K views 2 weeks ago\\n\\n### No.1 Neuroscientist: Stress Leaks Through Skin, Is Contagious & Gives You\\nBelly Fat!- Dr. Tara Swart\\n\\nThe Diary Of A CEO\\n\\nThe Diary Of A CEO\\n\\n\\u2022\\n\\n\\u2022\\n\\n12M views 7 months ago\\n\\n### 5 Ways People Try to Help Someone With ADHD That Aren\\u2019t Actually Helpful\\n(and What to Do Instead)\\n\\nHow to ADHD\\n\\nHow to ADHD\\n\\n\\u2022\\n\\n\\u2022\\n\\n762K views 1 year ago\\n\\n### Dealing with ADHD and Impulsivity\\n\\nHow to ADHD\\n\\nHow to ADHD\\n\\n\\u2022\\n\\n\\u2022\\n\\n236K views 1 year ago\\n\\n### I Took ADHD Medication For The First Time | My ADHD medication before and after experience\\n\\nWelcome To The Wormhole\\n\\nWelcome To The Wormhole\\n\\n\\u2022\\n\\n\\u2022\\n\\n411K views 1 year ago\\n\\nSaving your choice\\n\\nAn error occurred while saving your choice. Please try again.\\n\\nA Google company\\n\\nSign in\\n\\nSign in\\n\\n## Before you continue to YouTube\\n\\nWe use cookies and data to\\n\\n  * Deliver and maintain Google services\\n\\n  * Track outages and protect against spam, fraud, and abuse\\n\\n  * Measure audience engagement and site statistics to understand how our services are used and enhance the quality of those services\\n\\nIf you choose to \\u201cAccept all,\\u201d we will also use cookies and data to\\n\\n  * Develop and improve new services\\n\\n  * Deliver and measure the effectiveness of ads\\n\\n  * Show personalized content, depending on your settings\\n\\n  * Show personalized ads, depending on your settings\\n\\nIf you choose to \\u201cReject all,\\u201d we will not use cookies for these additional\\npurposes.\\n\\nNon-personalized content and ads are influenced by things like the content\\nyou\\u2019re currently viewing and your location (ad serving is based on general\\nlocation). Personalized content and ads can also include things like video\\nrecommendations, a customized YouTube homepage, and tailored ads based on past\\nactivity, like the videos you watch and the things you search for on YouTube.\\nWe also use cookies and data to tailor the experience to be age-appropriate,\\nif relevant.\\n\\nSelect \\u201cMore options\\u201d to see additional information, including details about\\nmanaging your privacy settings. You can also visit g.co/privacytools at any\\ntime.\\n\\nMore options\\n\\nPrivacy Policy \\u2022 Terms of Service\\n\\n\", \"frontpage\": false}"}
