{"value":"{\"aid\": \"40191735\", \"title\": \"Show HN: I made an opensource tool to clean and convert any webpage to Markdown\", \"url\": \"https://github.com/asadm/markdowndown\", \"domain\": \"github.com/asadm\", \"votes\": 2, \"user\": \"asadalt\", \"posted_at\": \"2024-04-28 20:50:17\", \"comments\": 0, \"source_title\": \"GitHub - asadm/markdowndown\", \"source_text\": \"GitHub - asadm/markdowndown\\n\\nSkip to content\\n\\n## Navigation Menu\\n\\nSign in\\n\\n# Search code, repositories, users, issues, pull requests...\\n\\nSearch syntax tips\\n\\nSign in\\n\\nSign up\\n\\nYou signed in with another tab or window. Reload to refresh your session. You\\nsigned out in another tab or window. Reload to refresh your session. You\\nswitched accounts on another tab or window. Reload to refresh your session.\\nDismiss alert\\n\\nasadm / markdowndown Public\\n\\n  * Notifications\\n  * Fork 0\\n  * Star 3\\n\\nmarkdowndown.vercel.app\\n\\n### License\\n\\nMIT license\\n\\n3 stars 0 forks Branches Tags Activity\\n\\nStar\\n\\nNotifications\\n\\n# asadm/markdowndown\\n\\nThis commit does not belong to any branch on this repository, and may belong\\nto a fork outside of the repository.\\n\\n1 Branch\\n\\n0 Tags\\n\\n## Folders and files\\n\\nName| Name| Last commit message| Last commit date  \\n---|---|---|---  \\n  \\n## Latest commit\\n\\nasadmUpdate .env.example and README.md with environment variable changesApr\\n28, 2024aa1f4b6 \\u00b7 Apr 28, 2024Apr 28, 2024\\n\\n## History\\n\\n31 Commits  \\n  \\n### cfworker\\n\\n|\\n\\n### cfworker\\n\\n| Update readme _scrapper.js files, fix cf worker| Apr 28, 2024  \\n  \\n### public\\n\\n|\\n\\n### public\\n\\n| init with mvp| Apr 12, 2024  \\n  \\n### src\\n\\n|\\n\\n### src\\n\\n| Update _gpt.js to handle missing API key| Apr 28, 2024  \\n  \\n### .env.example\\n\\n|\\n\\n### .env.example\\n\\n| Update .env.example and README.md with environment variable changes| Apr 28,\\n2024  \\n  \\n### .gitignore\\n\\n|\\n\\n### .gitignore\\n\\n| Initial commit from Create Next App| Apr 12, 2024  \\n  \\n### LICENSE.md\\n\\n|\\n\\n### LICENSE.md\\n\\n| Add MIT License and update README.md| Apr 28, 2024  \\n  \\n### README.md\\n\\n|\\n\\n### README.md\\n\\n| Update .env.example and README.md with environment variable changes| Apr 28,\\n2024  \\n  \\n### components.json\\n\\n|\\n\\n### components.json\\n\\n| init with mvp| Apr 12, 2024  \\n  \\n### jsconfig.json\\n\\n|\\n\\n### jsconfig.json\\n\\n| Initial commit from Create Next App| Apr 12, 2024  \\n  \\n### next.config.mjs\\n\\n|\\n\\n### next.config.mjs\\n\\n| Initial commit from Create Next App| Apr 12, 2024  \\n  \\n### output.md\\n\\n|\\n\\n### output.md\\n\\n| init with mvp| Apr 12, 2024  \\n  \\n### package-lock.json\\n\\n|\\n\\n### package-lock.json\\n\\n| Add puppeteer dependency and update fetchCleanMarkdownFromUrl functio...|\\nApr 14, 2024  \\n  \\n### package.json\\n\\n|\\n\\n### package.json\\n\\n| Add puppeteer dependency and update fetchCleanMarkdownFromUrl functio...|\\nApr 14, 2024  \\n  \\n### postcss.config.mjs\\n\\n|\\n\\n### postcss.config.mjs\\n\\n| Initial commit from Create Next App| Apr 12, 2024  \\n  \\n### tailwind.config.js\\n\\n|\\n\\n### tailwind.config.js\\n\\n| init with mvp| Apr 12, 2024  \\n  \\n## Repository files navigation\\n\\n# \\ud83d\\udce5\\n\\n## MarkdownDown\\n\\nConvert any webpage to a clean markdown w/ images downloaded.\\n\\n## \\ud83c\\udf10 Live Demo\\n\\nSee it in action at markdowndown.vercel.app.\\n\\n## \\ud83d\\ude80 Features\\n\\n  * Convert webpage to markdown using Puppeteer and Turndown\\n  * Clean up content using Mozilla Readability\\n  * Download images, embed them in markdown, and download as a zip\\n  * Transform final markdown using GPT3/4 step (like summarization, removing links, changing formatting, etc.)\\n  * Also returns a clean HTML version of the webpage\\n\\n## \\ud83d\\udce6 Installation\\n\\nIf you want to run this locally, you can clone the repository and run the\\nfollowing commands:\\n\\n    \\n    \\n    npm install npm run dev\\n\\nBy default, this will spawn and use a local puppeteer instance to convert the\\nwebpage to markdown.\\n\\nIf you want to use Browserless, you can set the BROWSERLESS_KEY environment\\nvariable (in a .env or .env.local file) to your Browserless API key and it\\nwill use that instead.\\n\\nThere is also a cloudflare worker (under ./cfworker directory) that uses\\nBrowser Rendering API instead of a puppeteer instance. If you deploy that, you\\ncan set the HTMLFETCH_API environment variable to the URL of the cloudflare\\nworker and it will use that instead.\\n\\n## \\ud83e\\udd16 More Info on GPT Pass\\n\\nCurrent LLM models are not good at returning entire markdown file after\\nprocessing it. So, we instruct the model to only return list of edits that it\\nwants to make to the markdown file. I then apply these edits to the markdown\\nfile and return the final markdown file to the user. This works well in GPT3\\nand is actually quite great in GPT4.\\n\\nSee _gpt.js to see how this is done.\\n\\nYou need to set the OPENAI_API_KEY environment variable to your OpenAI API key\\nto use this feature.\\n\\n## License\\n\\nDistributed under the MIT License. See LICENSE for more information.\\n\\n## About\\n\\nmarkdowndown.vercel.app\\n\\n### Resources\\n\\nReadme\\n\\n### License\\n\\nMIT license\\n\\nActivity\\n\\n### Stars\\n\\n3 stars\\n\\n### Watchers\\n\\n1 watching\\n\\n### Forks\\n\\n0 forks\\n\\nReport repository\\n\\n## Releases\\n\\nNo releases published\\n\\n## Packages 0\\n\\nNo packages published\\n\\n## Languages\\n\\n  * JavaScript 98.9%\\n  * CSS 1.1%\\n\\n## Footer\\n\\n\\u00a9 2024 GitHub, Inc.\\n\\nYou can\\u2019t perform that action at this time.\\n\\n\", \"frontpage\": false}"}
