{"value":"{\"aid\": \"40191480\", \"title\": \"PDFtk is a simple tool for doing everyday things with PDF documents\", \"url\": \"https://www.pdflabs.com/tools/pdftk-the-pdf-toolkit/\", \"domain\": \"pdflabs.com\", \"votes\": 2, \"user\": \"gjvc\", \"posted_at\": \"2024-04-28 20:21:59\", \"comments\": 0, \"source_title\": \"PDFtk - The PDF Toolkit\", \"source_text\": \"PDFtk - The PDF Toolkit\\n\\n# PDF Labs\\n\\n## PDFtk - The PDF Toolkit\\n\\nPDFtk is a simple tool for doing everyday things with PDF documents. It comes\\nin three flavors: PDFtk Free, PDFtk Pro, and our original command-line tool\\nPDFtk Server.\\n\\n## PDFtk\\n\\nPDFtk Free is our friendly graphical tool for quickly merging and splitting\\nPDF documents and pages. It is free to use for as long as you like.\\n\\nPower Users: PDFtk Free comes with our command-line tool, PDFtk Server. So you\\nget both the GUI and the command-line interface to PDFtk!\\n\\nNow available for Windows XP, Vista, Windows 7 and Windows 8. Download the\\ninstaller now:\\n\\nDownload PDFtk Free!\\n\\n## PDFtk\\n\\nUse PDFtk Pro to quickly split, merge, rotate, watermark, stamp and secure PDF\\npages and documents. PDFtk Pro is a graphical application that makes working\\nwith PDFs as easy as possible.\\n\\nPower Users: PDFtk Pro comes with our command-line tool, PDFtk Server. So you\\nget both the GUI and the command-line interface to PDFtk!\\n\\nOnly $3.99!\\n\\nNow available for Windows XP, Vista, Windows 7 and Windows 8. Purchase PDFtk\\nPro from our e-commerce site now:\\n\\nBuy PDFtk Pro!\\n\\n## PDFtk\\n\\nPDFtk Server is our original command-line tool. It is commonly used for\\nserver-side processing of PDFs. It is also used by many PC software publishers\\nto give their products the ability to manipulate PDFs.\\n\\nLearn More About PDFtk Server\\n\\n## About PDF Labs\\n\\nOur mission is to make PDF easier to use.\\n\\nPDF Labs is operated by Sid Steward, author of PDF Hacks (O\\u2019Reilly) and the\\npopular PDF Toolkit.\\n\\nPlease contact Sid Steward by email. Include PDF Labs in the subject to ensure\\nprompt delivery:\\n\\nsid.steward@pdflabs.com\\n\\n## About PDF Hacks\\n\\n\\\"If you like pdftk, then you\\u2019ll appreciate the other 25 programs and scripts I\\ncreated for my book, PDF Hacks.\\\" \\u2013Sid\\n\\n## About PDFtk\\n\\nFor ten years, power users have relied on PDFtk for server-side processing of\\nPDF documents. Our command-line PDFtk has been \\u2014 and always will be \\u2014 free (as\\nin freedom) software.\\n\\nToday we also offer a convenient graphical application: PDFtk Pro. Your\\npurchase of PDFtk Pro will help fund the continued development of our GPL\\nPDFtk.\\n\\nThank you for your support!\\n\\nCopyright \\u00a9 2004\\u20132020 Steward and Lee, LLC\\n\\n\", \"frontpage\": false}"}
