{"value":"{\"aid\": \"40191884\", \"title\": \"Why pivot root is used instead of chroot at runc\", \"url\": \"https://tbhaxor.com/pivot-root-vs-chroot-for-containers/\", \"domain\": \"tbhaxor.com\", \"votes\": 1, \"user\": \"ahmetozer\", \"posted_at\": \"2024-04-28 21:04:13\", \"comments\": 0, \"source_title\": \"Why Pivot Root is Used for Containers\", \"source_text\": \"Why Pivot Root is Used for Containers\\n\\ntbhaxor\\n\\ndocker\\n\\n# Why Pivot Root is Used for Containers\\n\\nIn this post, you will learn about the differences between only chroot and\\nchroot after pivot_root in detail. You will realise the reason why it is used\\nin containerization.\\n\\n#### Gurkirat Singh\\n\\nJul 1, 2022 \\u2022 6 min read\\n\\nPhoto by Allison Saeng / Unsplash\\n\\nHello world! In one of my earlier articles on Linux security, I mentioned the\\nissues with the chroot implementation and how they can be exploited using a\\nvery straightforward \\\"double chroot technique.\\\" The docker team has decided to\\nabandon chroot and switch to pivot root because, occasionally, root privileges\\n(or CAP_SYS_CHROOT is allowed), are required while debugging in the container,\\nmaking chroot an unsuitable option.\\n\\n# What is the Pivot Root anyway?\\n\\nIt is necessary to provide security when running containers in different\\nnamespaces so that two processes running in separate namespaces don't conflict\\nwith one another. Because the chroot is applied to the active process and its\\nchildren but doesn't alter the root and mount table in global namespace, it\\nbecomes easy to breakout of the jail and access the filesystem from host. I\\nexplained this in my earlier posts on chroot breakout, I would recommend you\\nto check out the following link.\\n\\nBreaking out of CHROOT Jailed Shell Environment\\n\\nLearn the basics of how chroot actually works, what is different between\\nprocess current working directory and root directory and how the limitation in\\nchroot which help you break out to root file system\\n\\ntbhaxorGurkirat Singh\\n\\nYour OS state may become unstable if you change the root directory in the\\noutside namespace because it will mess up the root directory for other\\nprocesses. Although I haven't tested it out and am not completely certain, I\\nhave a feeling that it will be the case.\\n\\nYou are aware that runc also creates new mount namespaces, after which it\\nperforms a pivot root in the new namespace to update the mount's root\\ndirectory. To be more precise, it changes the mount's root inside namespace to\\nnew_root and moves the old root (outside namespace) to the directory put_old.\\nSo that when you will look the process root directory outside the namespace,\\nit will symlink to / instead of the any deeper hierarchy in the filesystem,\\nsimilar to how chroot works.\\n\\n> Don't worry if you aren't getting it right now. This is a theory part, I\\n> will recap the chroot breakout and I am sure then you will understand it\\n> better.\\n\\n# The chroot Problem with Containers\\n\\nIn the recent post \\\"Docker Resource Management in Detail\\\", I have used the\\nchroot program to quickly show you how the containers can be created without\\nusing runc or containerd services. But is that enough? What about the security\\nand chroot breakout?\\n\\nCreate a file secret file outside the namespace and save as /bin/secret. You\\ncan write any string into it, but I have used $RANDOM$RANDOM, to save the\\nthinking overhead.\\n\\nCreate a secret file outside the namespace\\n\\nSwitch over to the chroot'ed environment and try to list the files in the /bin\\ndirectory. It won't show any file named secret in that directory. This totally\\nmakes sense, because for the current process and it's children the root\\ndirectory is changed, /bin/ in the chroot is no longer points to the same\\n/bin/ outside the namepace.\\n\\nConfirm the python version\\n\\nPython is already installed inside the namepace, and the process appears to be\\nrunning as root user, copy and paste the chroot escape exploit from one of my\\nolder post (check out resources section).\\n\\n    \\n    \\n    import os if not os.path.exists(\\\"chroot\\\"): os.mkdir(\\\"chroot\\\") os.chroot(\\\"chroot\\\") for _ in range(1000): os.chdir(\\\"..\\\") os.chroot(\\\".\\\") os.system(\\\"/bin/bash\\\")\\n\\nChroot breakout exploit\\n\\nRunning this exploit will start the bash shell in the root directory outside\\nthe namespace and break free the chroot'ed jail. The output will resemble the\\nscreenshot below.\\n\\nAccess the secret file outside containerised environment\\n\\nThis second chroot is possible because the user is running with the effective\\nUID of the root user, because of the -r/--map-root-user flag passed to the\\nunshare command. It is required to setup initial mount for the procfs in /proc\\ndirectory.\\n\\nI am too lazy to set up everything on the AttackDefense lab again, therefore\\nused the following command to set up the vulnerable namespace, without control\\ngroups.\\n\\n    \\n    \\n    unshare --mount --pid --user --map-root-user --fork \\\\ --mount-proc chroot dockerfs sh -c \\\"mount -t proc proc /proc && bash\\\"\\n\\nUnshare command with chroot to create vulnerable container\\n\\nThe child process inside this namespace, which is the very first sh process,\\nwill naturally inherit its current working directory and root directory from\\nthe parent process. But when you will look the same process outside the\\nnamespace, both root and current working directory are mapped to\\n/home/terabyte/dockerfs, not /.\\n\\nProcess root and cwd inside namespace vs outside namespace\\n\\n# Fixing the vulnerability with Pivot Root\\n\\nIt is necessary for performing a successful pivot root to start a new bash\\nprocess in the namespace without chrooting, configure the procfs, and bind\\nmount the dockerfs to itself. This is because it used to swap the root inside\\nthe mount namespace.\\n\\nSetup namespace and mount procfs and dockerfs to itself\\n\\nIt is also required to have both new_root and put_old as directories in the\\nfile system, where the directory referencing the put_old must be child of the\\nnew_root. You can create a directory in the dockerfs and then pivot root into\\nit as shown below. This will now promote the current directory as the root /\\nin the mount table inside the namespace.\\n\\nPivot root in action\\n\\nIf you would look into the .oldroot directory, it will now contain the old\\nroot file system and this information will also be reflected to the mount\\ntable inside the namespace, and you will see that the root directory is\\nreplaced with /.oldroot directory. Isn't it wierd?\\n\\nReview the updates in the new mount namespace, where the old root is \\\"put\\\"\\ninto .oldroot directory.\\n\\nThe process in outside this namespace is running as the low privileged user\\n(terabyte), therefore any high privileged activities will be denied, but it\\ncan still perform read-write into the home directory of the user\\n(/home/terabyte). This is still not true isolation that we are looking for \\ud83d\\ude41.\\n\\nPrivilieged actions in the old root will be denied\\n\\nSince the new rootfs is now ready, it seems safe to unmount the .oldroot which\\nwill make the folder empty. To make it work, make sure you remount the procfs\\ninto /proc directory which will be used to get the mount table inside\\nnamespace. After this, it is safe to chroot into the current filesystem and\\nthis time the old chroot breakout exploit will not work.\\n\\nUnmoun the old root filesystem and chroot into the current filsystem root\\n\\nIf you would list the entries from the mount table, it will show only the\\nfollowing two. There is no way (at least known to me) to get back to the old\\nmountpoints.\\n\\n    \\n    \\n    /dev/nvme0n1p3 on / type ext4 (rw,noatime) proc on /proc type proc (rw,relatime)\\n\\nMount entries after unmounting the old root filesystem.\\n\\n# References\\n\\n  * https://tbhaxor.com/breaking-out-of-chroot-jail-shell-environment/#what-is-chroot-anyway\\n  * https://github.com/opencontainers/runtime-spec/blob/39c287c415bf86fb5b7506528d471db5405f8ca8/config.md#prestart\\n  * https://itnext.io/linux-container-from-scratch-339c3ba0411d\\n  * https://news.ycombinator.com/item?id=23167383\\n  * https://www.infoq.com/articles/build-a-container-golang/\\n  * https://thomasvanlaere.com/posts/2020/04/exploring-containers-part-1\\n  * https://www.redhat.com/sysadmin/mount-namespaces\\n\\n## How are WLAN Infrastructures in Enterprises Secured?\\n\\nLearn about the scalability challenges of Pre-shared (PSK) configurations in\\nthe enterprise, as well as how 802.1X addresses and resolves them elegantly.\\n\\nFeb 14, 2024 12 min read\\n\\n## Difference between WPA and WPA2\\n\\nYou will learn the differences between WPA and WPA2 encryption, including why\\nhardware updates were necessary for WPA2, and the differences in the final\\nMPDU of both encryptions.\\n\\nFeb 20, 2023 5 min read\\n\\n## Robust Security Network and Extended Authentication Protocol in Detail\\n\\nLearn about the Robust Security Network, its features, and the use of the\\n802.11X Extended Authentication Protocol. Understand how the 4 way handshake\\ngenerates dynamic keys for each network device.\\n\\nFeb 12, 2023 12 min read\\n\\ntbhaxor \\u00a9 2024\\n\\nPowered by Ghost\\n\\n\", \"frontpage\": false}"}
