{"value":"{\"aid\": \"40191816\", \"title\": \"The Apple Vision Pro's eBay prices are making me sad\", \"url\": \"https://www.theverge.com/2024/4/27/24142810/apple-vision-pro-ebay-low-prices\", \"domain\": \"theverge.com\", \"votes\": 1, \"user\": \"latexr\", \"posted_at\": \"2024-04-28 20:58:26\", \"comments\": 0, \"source_title\": \"The Apple Vision Pro\\u2019s eBay prices are making me sad\", \"source_text\": \"The Apple Vision Pro\\u2019s eBay prices are making me sad - The Verge\\n\\nSkip to main content\\n\\nThe Verge homepage\\n\\n  * Apple/\\n  * Tech/\\n  * Gadgets\\n\\n# The Apple Vision Pro\\u2019s eBay prices are making me sad\\n\\n# The Apple Vision Pro\\u2019s eBay prices are making me sad\\n\\n/\\n\\n## Less than three months since the headset released, it\\u2019s seeing deep\\ndiscounts in online auctions.\\n\\nBy Wes Davis, a weekend editor who covers the latest in tech and\\nentertainment. He has written news, reviews, and more as a tech journalist\\nsince 2020.\\n\\nApr 27, 2024, 7:11 PM UTC\\n\\n## Share this story\\n\\nIf you buy something from a Verge link, Vox Media may earn a commission. See\\nour ethics statement.\\n\\nPhoto by Vjeran Pavic / The Verge\\n\\nI paid a lot of money for the privilege of getting an Apple Vision Pro brand-\\nnew in February. All-in, with optical inserts and taxes, I financed a little\\nover $3,900 for the 256GB version of the headset. A day or so ago, I made a\\nmistake that I\\u2019m sure many early adopters are familiar with: I looked up how\\nmuch it\\u2019s been selling for on eBay.\\n\\nOn Wednesday, a 1TB Vision Pro, complete with all the included gear, Apple\\u2019s\\nfluffy $200 travel case, $500 AppleCare Plus, and claimed to have been \\u201cworn\\nmaybe about an hour\\u201d sold for $3,200 after 21 bids. The listed shipping\\nestimate was $20.30. Brand new, that combination is $5,007.03 on Apple\\u2019s site\\nfor me. Another eBay listing, this one with my headset\\u2019s configuration (but\\nsans optical inserts) went for just $2,600 \\u2014 again with most, if not all, of\\nthe included accessories. Several other 256GB and 512GB models sold for around\\nthat amount this week.\\n\\nThe story is no different over on Swappa, a popular reselling site among Apple\\nusers:\\n\\nLook at those deep discounts.\\n\\nScreenshot: Wes Davis / The Verge\\n\\nThis, of course, is how the story goes for early adopters, especially when\\nyou\\u2019re buying very expensive tech before the mainstream catches on. Apple\\u2019s\\npricing doesn\\u2019t help matters, especially when the next closest competing\\nheadset \\u2014 the Meta Quest 3 \\u2014 is just $500. It\\u2019s a bummer even if they\\u2019re\\nultimately not all that comparable, at least in terms of their targeted\\naudiences and goals for their platforms.\\n\\nBut it still stings, doesn\\u2019t it? Knowing I could have saved several hundred\\ndollars and gotten the highest storage configuration, AppleCare Plus, and a\\nstorage case is particularly painful. I like the Vision Pro plenty \\u2014 maybe\\nmore than any other writer at The Verge \\u2014 but if I hadn\\u2019t missed the return\\nwindow, I would send mine right back to Apple in a heartbeat just so I could\\nget one of these deals. Thankfully, when I\\u2019m wearing the headset, nobody can\\nsee my tears.\\n\\nA picture of a fool.\\n\\nImage: Wes Davis / The Verge\\n\\nFeatured Videos From The Verge\\n\\n## Taylor Swift vs. Ronald Reagan: The Ticketmaster story\\n\\n1/1 Skip Ad Continue watchingafter the adVisit Advertiser websiteGO TO PAGE\\n\\nTicketmaster botched the sale of Taylor Swift\\u2019s The Eras Tour and so many\\nothers. It\\u2019s gotten so bad - and has angered so many Taylor Swift fans - that\\nin 2023 Congress held a hearing on antitrust law. Since the 1980s a series of\\npolicy changes have helped the firm grow to dominate every single aspect of\\nthe live events business. And Ronald Reagan is to blame.\\n\\nMost Popular\\n\\nMost Popular\\n\\n  1. ## The walls of Apple\\u2019s garden are tumbling down\\n\\n  2. ## In the first Autonomous Racing League race, the struggle was real\\n\\n  3. ## The Apple Vision Pro\\u2019s eBay prices are making me sad\\n\\n  4. ## They turned cattle ranches into tropical forest \\u2014 then climate change hit\\n\\n  5. ## I traded in my MacBook and now I\\u2019m a desktop convert\\n\\nFrom our sponsor\\n\\nAdvertiser Content From\\n\\n## More from this stream Everything we know about Apple\\u2019s Vision Pro\\n\\n  * ### Apple\\u2019s next immersive video is another Prehistoric Planet episode.\\n\\nApr 7, 2024, 8:04 PM UTC\\n\\n  * ### Do I feel less lonely in the Vision Pro?\\n\\nApr 5, 2024, 7:32 PM UTC\\n\\n  * ### Robots, virtually in disguise.\\n\\nApr 2, 2024, 6:41 PM UTC\\n\\n  * ### Now Apple Vision Pro Personas can float freely across different apps\\n\\nApr 2, 2024, 2:39 PM UTC\\n\\nSee all 207 stories\\n\\n  * Terms of Use\\n  * Privacy Notice\\n  * Cookie Policy\\n  * Do Not Sell Or Share My Personal Info\\n  * Licensing FAQ\\n  * Accessibility\\n  * Platform Status\\n  * How We Rate and Review Products\\n\\n  * Contact\\n  * Tip Us\\n  * Community Guidelines\\n  * About\\n  * Ethics Statement\\n\\nThe Verge is a vox media network\\n\\n  * Advertise with us\\n  * Jobs @ Vox Media\\n\\n\\u00a9 2024 Vox Media, LLC. All Rights Reserved\\n\\n## Welcome to The Verge\\n\\n# The Verge asks for your consent to use your personal data to:\\n\\n  * perm_identity\\n\\nPersonalised advertising and content, advertising and content measurement,\\naudience research and services development\\n\\n  * devices\\n\\nStore and/or access information on a device\\n\\n  * How can I change my choice?\\n\\n  * What if I don't consent?\\n\\n  * How does legitimate interest work?\\n\\n  * Do I have to consent to everything?\\n\\nYour personal data will be processed and information from your device\\n(cookies, unique identifiers, and other device data) may be stored by,\\naccessed by and shared with 136 TCF vendor(s) and 62 ad partner(s), or used\\nspecifically by this site or app.\\n\\nSome vendors may process your personal data on the basis of legitimate\\ninterest, which you can object to by managing your options below. Look for a\\nlink at the bottom of this page to manage or withdraw consent in privacy and\\ncookie settings.\\n\\nData preferences\\n\\n# Manage your data\\n\\nYou can choose how your personal data is used. Vendors want your permission to\\ndo the following:\\n\\nTCF vendors\\n\\n## Store and/or access information on a device\\n\\nCookies, device or similar online identifiers (e.g. login-based identifiers,\\nrandomly assigned identifiers, network based identifiers) together with other\\ninformation (e.g. browser type and information, language, screen size,\\nsupported technologies etc.) can be stored or read on your device to recognise\\nit each time it connects to an app or to a website, for one or several of the\\npurposes presented here.\\n\\nView details\\n\\n## Use limited data to select advertising\\n\\nAdvertising presented to you on this service can be based on limited data,\\nsuch as the website or app you are using, your non-precise location, your\\ndevice type or which content you are (or have been) interacting with (for\\nexample, to limit the number of times an ad is presented to you).\\n\\nView details\\n\\n## Create profiles for personalised advertising\\n\\nInformation about your activity on this service (such as forms you submit,\\ncontent you look at) can be stored and combined with other information about\\nyou (for example, information from your previous activity on this service and\\nother websites or apps) or similar users. This is then used to build or\\nimprove a profile about you (that might include possible interests and\\npersonal aspects). Your profile can be used (also later) to present\\nadvertising that appears more relevant based on your possible interests by\\nthis and other entities.\\n\\nView details\\n\\n## Use profiles to select personalised advertising\\n\\nAdvertising presented to you on this service can be based on your advertising\\nprofiles, which can reflect your activity on this service or other websites or\\napps (like the forms you submit, content you look at), possible interests and\\npersonal aspects.\\n\\nView details\\n\\n## Create profiles to personalise content\\n\\nInformation about your activity on this service (for instance, forms you\\nsubmit, non-advertising content you look at) can be stored and combined with\\nother information about you (such as your previous activity on this service or\\nother websites or apps) or similar users. This is then used to build or\\nimprove a profile about you (which might for example include possible\\ninterests and personal aspects). Your profile can be used (also later) to\\npresent content that appears more relevant based on your possible interests,\\nsuch as by adapting the order in which content is shown to you, so that it is\\neven easier for you to find content that matches your interests.\\n\\nView details\\n\\n## Use profiles to select personalised content\\n\\nContent presented to you on this service can be based on your content\\npersonalisation profiles, which can reflect your activity on this or other\\nservices (for instance, the forms you submit, content you look at), possible\\ninterests and personal aspects. This can for example be used to adapt the\\norder in which content is shown to you, so that it is even easier for you to\\nfind (non-advertising) content that matches your interests.\\n\\nView details\\n\\n## Measure advertising performance\\n\\nInformation regarding which advertising is presented to you and how you\\ninteract with it can be used to determine how well an advert has worked for\\nyou or other users and whether the goals of the advertising were reached. For\\ninstance, whether you saw an ad, whether you clicked on it, whether it led you\\nto buy a product or visit a website, etc. This is very helpful to understand\\nthe relevance of advertising campaigns.\\n\\nView details\\n\\n## Measure content performance\\n\\nInformation regarding which content is presented to you and how you interact\\nwith it can be used to determine whether the (non-advertising) content e.g.\\nreached its intended audience and matched your interests. For instance,\\nwhether you read an article, watch a video, listen to a podcast or look at a\\nproduct description, how long you spent on this service and the web pages you\\nvisit etc. This is very helpful to understand the relevance of (non-\\nadvertising) content that is shown to you.\\n\\nView details\\n\\n## Understand audiences through statistics or combinations of data from\\ndifferent sources\\n\\nReports can be generated based on the combination of data sets (like user\\nprofiles, statistics, market research, analytics data) regarding your\\ninteractions and those of other users with advertising or (non-advertising)\\ncontent to identify common characteristics (for instance, to determine which\\ntarget audiences are more receptive to an ad campaign or to certain contents).\\n\\nView details\\n\\n## Develop and improve services\\n\\nInformation about your activity on this service, such as your interaction with\\nads or content, can be very helpful to improve products and services and to\\nbuild new products and services based on user interactions, the type of\\naudience, etc. This specific purpose does not include the development or\\nimprovement of user profiles and identifiers.\\n\\nView details\\n\\n## Use limited data to select content\\n\\nContent presented to you on this service can be based on limited data, such as\\nthe website or app you are using, your non-precise location, your device type,\\nor which content you are (or have been) interacting with (for example, to\\nlimit the number of times a video or an article is presented to you).\\n\\nView details\\n\\n## Ensure security, prevent and detect fraud, and fix errors\\n\\nYour data can be used to monitor for and prevent unusual and possibly\\nfraudulent activity (for example, regarding advertising, ad clicks by bots),\\nand ensure systems and processes work properly and securely. It can also be\\nused to correct any problems you, the publisher or the advertiser may\\nencounter in the delivery of content and ads and in your interaction with\\nthem.\\n\\nView details\\n\\n## Deliver and present advertising and content\\n\\nCertain information (like an IP address or device capabilities) is used to\\nensure the technical compatibility of the content or advertising, and to\\nfacilitate the transmission of the content or ad to your device.\\n\\nView details\\n\\n## Match and combine data from other data sources\\n\\nInformation about your activity on this service may be matched and combined\\nwith other information relating to you and originating from various sources\\n(for instance your activity on a separate online service, your use of a\\nloyalty card in-store, or your answers to a survey), in support of the\\npurposes explained in this notice.\\n\\nView details\\n\\n## Link different devices\\n\\nIn support of the purposes explained in this notice, your device might be\\nconsidered as likely linked to other devices that belong to you or your\\nhousehold (for instance because you are logged in to the same service on both\\nyour phone and your computer, or because you may use the same Internet\\nconnection on both devices).\\n\\nView details\\n\\n## Identify devices based on information transmitted automatically\\n\\nYour device might be distinguished from other devices based on information it\\nautomatically sends when accessing the Internet (for instance, the IP address\\nof your Internet connection or the type of browser you are using) in support\\nof the purposes exposed in this notice.\\n\\nView details\\n\\n## Use precise geolocation data\\n\\nWith your acceptance, your precise location (within a radius of less than 500\\nmetres) may be used in support of the purposes explained in this notice.\\n\\nView details\\n\\nYou can choose your data preferences. This site or app wants your permission\\nto do the following:\\n\\nSite or app\\n\\n## Store and/or access information on a device\\n\\nCookies, device or similar online identifiers (e.g. login-based identifiers,\\nrandomly assigned identifiers, network based identifiers) together with other\\ninformation (e.g. browser type and information, language, screen size,\\nsupported technologies etc.) can be stored or read on your device to recognise\\nit each time it connects to an app or to a website, for one or several of the\\npurposes presented here.\\n\\nView details\\n\\n## Use limited data to select advertising\\n\\nAdvertising presented to you on this service can be based on limited data,\\nsuch as the website or app you are using, your non-precise location, your\\ndevice type or which content you are (or have been) interacting with (for\\nexample, to limit the number of times an ad is presented to you).\\n\\nView details\\n\\n## Create profiles for personalised advertising\\n\\nInformation about your activity on this service (such as forms you submit,\\ncontent you look at) can be stored and combined with other information about\\nyou (for example, information from your previous activity on this service and\\nother websites or apps) or similar users. This is then used to build or\\nimprove a profile about you (that might include possible interests and\\npersonal aspects). Your profile can be used (also later) to present\\nadvertising that appears more relevant based on your possible interests by\\nthis and other entities.\\n\\nView details\\n\\n## Use profiles to select personalised advertising\\n\\nAdvertising presented to you on this service can be based on your advertising\\nprofiles, which can reflect your activity on this service or other websites or\\napps (like the forms you submit, content you look at), possible interests and\\npersonal aspects.\\n\\nView details\\n\\n## Create profiles to personalise content\\n\\nInformation about your activity on this service (for instance, forms you\\nsubmit, non-advertising content you look at) can be stored and combined with\\nother information about you (such as your previous activity on this service or\\nother websites or apps) or similar users. This is then used to build or\\nimprove a profile about you (which might for example include possible\\ninterests and personal aspects). Your profile can be used (also later) to\\npresent content that appears more relevant based on your possible interests,\\nsuch as by adapting the order in which content is shown to you, so that it is\\neven easier for you to find content that matches your interests.\\n\\nView details\\n\\n## Use profiles to select personalised content\\n\\nContent presented to you on this service can be based on your content\\npersonalisation profiles, which can reflect your activity on this or other\\nservices (for instance, the forms you submit, content you look at), possible\\ninterests and personal aspects. This can for example be used to adapt the\\norder in which content is shown to you, so that it is even easier for you to\\nfind (non-advertising) content that matches your interests.\\n\\nView details\\n\\n## Measure advertising performance\\n\\nInformation regarding which advertising is presented to you and how you\\ninteract with it can be used to determine how well an advert has worked for\\nyou or other users and whether the goals of the advertising were reached. For\\ninstance, whether you saw an ad, whether you clicked on it, whether it led you\\nto buy a product or visit a website, etc. This is very helpful to understand\\nthe relevance of advertising campaigns.\\n\\nView details\\n\\n## Measure content performance\\n\\nInformation regarding which content is presented to you and how you interact\\nwith it can be used to determine whether the (non-advertising) content e.g.\\nreached its intended audience and matched your interests. For instance,\\nwhether you read an article, watch a video, listen to a podcast or look at a\\nproduct description, how long you spent on this service and the web pages you\\nvisit etc. This is very helpful to understand the relevance of (non-\\nadvertising) content that is shown to you.\\n\\nView details\\n\\n## Understand audiences through statistics or combinations of data from\\ndifferent sources\\n\\nReports can be generated based on the combination of data sets (like user\\nprofiles, statistics, market research, analytics data) regarding your\\ninteractions and those of other users with advertising or (non-advertising)\\ncontent to identify common characteristics (for instance, to determine which\\ntarget audiences are more receptive to an ad campaign or to certain contents).\\n\\nView details\\n\\n## Develop and improve services\\n\\nInformation about your activity on this service, such as your interaction with\\nads or content, can be very helpful to improve products and services and to\\nbuild new products and services based on user interactions, the type of\\naudience, etc. This specific purpose does not include the development or\\nimprovement of user profiles and identifiers.\\n\\nView details\\n\\n## Use limited data to select content\\n\\nContent presented to you on this service can be based on limited data, such as\\nthe website or app you are using, your non-precise location, your device type,\\nor which content you are (or have been) interacting with (for example, to\\nlimit the number of times a video or an article is presented to you).\\n\\nView details\\n\\nVendor preferences\\n\\n# Confirm our vendors\\n\\nVendors can use your data to provide services. Declining a vendor can stop\\nthem from using the data you shared.\\n\\nTCF vendors\\n\\n## Exponential Interactive, Inc d/b/a VDX.tv\\n\\nCookie duration: 90 (days).\\n\\nData collected and processed: Users\\u2019 profiles, Privacy choices, Probabilistic\\nidentifiers, Browsing and interaction data, Non-precise location data, IP\\naddresses, Device identifiers\\n\\nmore\\n\\nCookie duration resets each session.\\n\\nView details | Storage details | Privacy policylaunch\\n\\n## Roq.ad GmbH\\n\\nCookie duration: 365 (days).\\n\\nData collected and processed: Privacy choices, Probabilistic identifiers,\\nBrowsing and interaction data, Non-precise location data, Authentication-\\nderived identifiers, IP addresses, Precise location data, Device\\ncharacteristics, Device identifiers\\n\\nmore\\n\\nCookie duration resets each session.\\n\\nView details | Storage details | Privacy policylaunch\\n\\n## Index Exchange Inc.\\n\\nCookie duration: 395 (days).\\n\\nData collected and processed: Privacy choices, Non-precise location data, IP\\naddresses, Precise location data, Device characteristics, Device identifiers\\n\\nmore\\n\\nCookie duration resets each session. Uses other forms of storage.\\n\\nView details | Storage details | Privacy policylaunch\\n\\n## Quantcast\\n\\nCookie duration: 396 (days).\\n\\nData collected and processed: User-provided data, Users\\u2019 profiles, Privacy\\nchoices, Probabilistic identifiers, Browsing and interaction data, Non-precise\\nlocation data, Authentication-derived identifiers, IP addresses, Device\\ncharacteristics, Device identifiers\\n\\nmore\\n\\nCookie duration resets each session. Uses other forms of storage.\\n\\nView details | Storage details | Privacy policylaunch\\n\\n## BeeswaxIO Corporation\\n\\nCookie duration: 395 (days).\\n\\nData collected and processed: Privacy choices, Probabilistic identifiers,\\nBrowsing and interaction data, Non-precise location data, IP addresses,\\nPrecise location data, Device characteristics, Device identifiers\\n\\nmore\\n\\nCookie duration resets each session. Uses other forms of storage.\\n\\nView details | Storage details | Privacy policylaunch\\n\\n## Sovrn, Inc.\\n\\nCookie duration: 365 (days).\\n\\nData collected and processed: Users\\u2019 profiles, Privacy choices, Browsing and\\ninteraction data, Non-precise location data, IP addresses, Device\\ncharacteristics\\n\\nmore\\n\\nCookie duration resets each session. Uses other forms of storage.\\n\\nView details | Privacy policylaunch\\n\\n## Adikteev\\n\\nDoesn't use cookies.\\n\\nData collected and processed: Users\\u2019 profiles, Probabilistic identifiers, Non-\\nprecise location data, Authentication-derived identifiers, IP addresses,\\nDevice characteristics, Device identifiers\\n\\nmore\\n\\nUses other forms of storage.\\n\\nView details | Privacy policylaunch\\n\\n## RTB House S.A.\\n\\nCookie duration: 365 (days).\\n\\nData collected and processed: Users\\u2019 profiles, Privacy choices, Browsing and\\ninteraction data, Non-precise location data, IP addresses, Device\\ncharacteristics, Device identifiers\\n\\nmore\\n\\nCookie duration resets each session. Uses other forms of storage.\\n\\nView details | Storage details | Privacy policylaunch\\n\\n## The UK Trade Desk Ltd\\n\\nCookie duration: 3629 (days).\\n\\nData collected and processed: Users\\u2019 profiles, Privacy choices, Probabilistic\\nidentifiers, Browsing and interaction data, Non-precise location data,\\nAuthentication-derived identifiers, IP addresses, Precise location data,\\nDevice characteristics, Device identifiers\\n\\nmore\\n\\nCookie duration resets each session. Uses other forms of storage.\\n\\nView details | Storage details | Privacy policylaunch\\n\\n## admetrics GmbH\\n\\nDoesn't use cookies.\\n\\nData collected and processed: Privacy choices, Browsing and interaction data,\\nIP addresses, Device characteristics\\n\\nmore\\n\\nView details | Privacy policylaunch\\n\\n## Nexxen Inc.\\n\\nCookie duration: 180 (days).\\n\\nData collected and processed: Users\\u2019 profiles, Privacy choices, Probabilistic\\nidentifiers, Browsing and interaction data, Non-precise location data, IP\\naddresses, Device characteristics, Device identifiers\\n\\nmore\\n\\nCookie duration resets each session. Uses other forms of storage.\\n\\nView details | Storage details | Privacy policylaunch\\n\\n## Epsilon\\n\\nCookie duration: 184 (days).\\n\\nData collected and processed: User-provided data, Users\\u2019 profiles, Privacy\\nchoices, Probabilistic identifiers, Browsing and interaction data, Non-precise\\nlocation data, Authentication-derived identifiers, IP addresses, Device\\ncharacteristics, Device identifiers\\n\\nmore\\n\\nCookie duration resets each session. Uses other forms of storage.\\n\\nView details | Privacy policylaunch\\n\\n## Yahoo EMEA Limited\\n\\nCookie duration: 397 (days).\\n\\nData collected and processed: Users\\u2019 profiles, Privacy choices, Probabilistic\\nidentifiers, Browsing and interaction data, Non-precise location data, IP\\naddresses, Precise location data, Device characteristics, Device identifiers\\n\\nmore\\n\\nCookie duration resets each session.\\n\\nView details | Storage details | Privacy policylaunch\\n\\n## ADventori SAS\\n\\nCookie duration: 90 (days).\\n\\nData collected and processed: User-provided data, Probabilistic identifiers,\\nBrowsing and interaction data, Non-precise location data, IP addresses, Device\\nidentifiers\\n\\nmore\\n\\nCookie duration resets each session. Uses other forms of storage.\\n\\nView details | Privacy policylaunch\\n\\n## TripleLift, Inc.\\n\\nCookie duration: 90 (days).\\n\\nData collected and processed: Users\\u2019 profiles, Privacy choices, Browsing and\\ninteraction data, Non-precise location data, Authentication-derived\\nidentifiers, IP addresses, Precise location data, Device characteristics,\\nDevice identifiers\\n\\nmore\\n\\nCookie duration resets each session. Uses other forms of storage.\\n\\nView details | Privacy policylaunch\\n\\n## Xandr, Inc.\\n\\nCookie duration: 90 (days).\\n\\nData collected and processed: Users\\u2019 profiles, Privacy choices, Browsing and\\ninteraction data, Non-precise location data, Authentication-derived\\nidentifiers, IP addresses, Precise location data, Device characteristics,\\nDevice identifiers\\n\\nmore\\n\\nCookie duration resets each session. Uses other forms of storage.\\n\\nView details | Storage details | Privacy policylaunch\\n\\n## NEORY GmbH\\n\\nCookie duration: 90 (days).\\n\\nData collected and processed: User-provided data, Users\\u2019 profiles, Privacy\\nchoices, Probabilistic identifiers, Browsing and interaction data, Non-precise\\nlocation data, Authentication-derived identifiers, IP addresses, Device\\ncharacteristics, Device identifiers\\n\\nmore\\n\\nCookie duration resets each session.\\n\\nView details | Privacy policylaunch\\n\\n## Nexxen Group LLC\\n\\nCookie duration: 365 (days).\\n\\nData collected and processed: Users\\u2019 profiles, Privacy choices, Probabilistic\\nidentifiers, Non-precise location data, IP addresses, Device characteristics,\\nDevice identifiers\\n\\nmore\\n\\nCookie duration resets each session.\\n\\nView details | Privacy policylaunch\\n\\n## NEURAL.ONE\\n\\nCookie duration: 365 (days).\\n\\nData collected and processed: Privacy choices, Probabilistic identifiers,\\nBrowsing and interaction data, Non-precise location data, IP addresses, Device\\ncharacteristics\\n\\nmore\\n\\nCookie duration resets each session. Uses other forms of storage.\\n\\nView details | Storage details | Privacy policylaunch\\n\\n## ADITION (Virtual Minds GmbH)\\n\\nCookie duration: 365 (days).\\n\\nData collected and processed: User-provided data, Users\\u2019 profiles, Privacy\\nchoices, Probabilistic identifiers, Browsing and interaction data, Non-precise\\nlocation data, IP addresses, Precise location data, Device characteristics,\\nDevice identifiers\\n\\nmore\\n\\nCookie duration resets each session.\\n\\nView details | Storage details | Privacy policylaunch\\n\\n## Active Agent (Virtual Minds GmbH)\\n\\nCookie duration: 365 (days).\\n\\nData collected and processed: User-provided data, Users\\u2019 profiles, Privacy\\nchoices, Probabilistic identifiers, Browsing and interaction data, Non-precise\\nlocation data, IP addresses, Precise location data, Device characteristics,\\nDevice identifiers\\n\\nmore\\n\\nCookie duration resets each session.\\n\\nView details | Storage details | Privacy policylaunch\\n\\n## Taboola Europe Limited\\n\\nCookie duration: 366 (days).\\n\\nData collected and processed: Users\\u2019 profiles, Privacy choices, Probabilistic\\nidentifiers, Browsing and interaction data, Non-precise location data, IP\\naddresses, Device characteristics, Device identifiers\\n\\nmore\\n\\nCookie duration resets each session. Uses other forms of storage.\\n\\nView details | Storage details | Privacy policylaunch\\n\\n## Equativ\\n\\nCookie duration: 396 (days).\\n\\nData collected and processed: Users\\u2019 profiles, Privacy choices, Probabilistic\\nidentifiers, Browsing and interaction data, Non-precise location data,\\nAuthentication-derived identifiers, IP addresses, Precise location data,\\nDevice characteristics, Device identifiers\\n\\nmore\\n\\nUses other forms of storage.\\n\\nView details | Storage details | Privacy policylaunch\\n\\n## Adform A/S\\n\\nCookie duration: 3650 (days).\\n\\nData collected and processed: User-provided data, Users\\u2019 profiles, Privacy\\nchoices, Probabilistic identifiers, Browsing and interaction data, Non-precise\\nlocation data, Authentication-derived identifiers, IP addresses, Device\\ncharacteristics, Device identifiers\\n\\nmore\\n\\nCookie duration resets each session.\\n\\nView details | Storage details | Privacy policylaunch\\n\\n## Magnite, Inc.\\n\\nCookie duration: 365 (days).\\n\\nData collected and processed: Privacy choices, Probabilistic identifiers,\\nBrowsing and interaction data, Non-precise location data, IP addresses,\\nPrecise location data, Device characteristics, Device identifiers\\n\\nmore\\n\\nUses other forms of storage.\\n\\nView details | Storage details | Privacy policylaunch\\n\\n## RATEGAIN ADARA INC\\n\\nCookie duration: 730 (days).\\n\\nData collected and processed: User-provided data, Users\\u2019 profiles, Privacy\\nchoices, Browsing and interaction data, Non-precise location data,\\nAuthentication-derived identifiers, IP addresses, Device characteristics,\\nDevice identifiers\\n\\nmore\\n\\nView details | Storage details | Privacy policylaunch\\n\\n## Sift Media, Inc\\n\\nDoesn't use cookies.\\n\\nData collected and processed: Non-precise location data, IP addresses, Precise\\nlocation data, Device characteristics, Device identifiers\\n\\nmore\\n\\nView details | Privacy policylaunch\\n\\n## Rakuten Marketing LLC\\n\\nCookie duration: 730 (days).\\n\\nData collected and processed: User-provided data, Users\\u2019 profiles, Privacy\\nchoices, Probabilistic identifiers, Browsing and interaction data, Non-precise\\nlocation data, Authentication-derived identifiers, IP addresses, Device\\ncharacteristics, Device identifiers\\n\\nmore\\n\\nCookie duration resets each session. Uses other forms of storage.\\n\\nView details | Privacy policylaunch\\n\\n## Lumen Research Limited\\n\\nDoesn't use cookies.\\n\\nData collected and processed: Browsing and interaction data, Non-precise\\nlocation data, IP addresses, Device characteristics\\n\\nmore\\n\\nView details | Privacy policylaunch\\n\\n## Amazon Ad Server\\n\\nCookie duration: 396 (days).\\n\\nData collected and processed: Users\\u2019 profiles, Privacy choices, Browsing and\\ninteraction data, Non-precise location data, Authentication-derived\\nidentifiers, IP addresses, Device characteristics, Device identifiers\\n\\nmore\\n\\nCookie duration resets each session. Uses other forms of storage.\\n\\nView details | Storage details | Privacy policylaunch\\n\\n## OpenX\\n\\nCookie duration: 365 (days).\\n\\nData collected and processed: Privacy choices, Browsing and interaction data,\\nNon-precise location data, IP addresses, Device characteristics, Device\\nidentifiers\\n\\nmore\\n\\nCookie duration resets each session.\\n\\nView details | Storage details | Privacy policylaunch\\n\\n## Yieldlab (Virtual Minds GmbH)\\n\\nCookie duration: 365 (days).\\n\\nData collected and processed: User-provided data, Users\\u2019 profiles, Privacy\\nchoices, Browsing and interaction data, Non-precise location data, IP\\naddresses, Precise location data, Device characteristics, Device identifiers\\n\\nmore\\n\\nCookie duration resets each session.\\n\\nView details | Storage details | Privacy policylaunch\\n\\n## Roku Advertising Services\\n\\nCookie duration: 396 (days).\\n\\nData collected and processed: User-provided data, Users\\u2019 profiles, Privacy\\nchoices, Probabilistic identifiers, Browsing and interaction data, Non-precise\\nlocation data, Authentication-derived identifiers, IP addresses, Precise\\nlocation data, Device characteristics, Device identifiers\\n\\nmore\\n\\nCookie duration resets each session. Uses other forms of storage.\\n\\nView details | Storage details | Privacy policylaunch\\n\\n## Nano Interactive Group Ltd.\\n\\nDoesn't use cookies.\\n\\nData collected and processed: Browsing and interaction data, Non-precise\\nlocation data, Device characteristics\\n\\nmore\\n\\nView details | Privacy policylaunch\\n\\n## Simplifi Holdings LLC\\n\\nCookie duration: 366 (days).\\n\\nData collected and processed: IP addresses, Precise location data, Device\\nidentifiers\\n\\nmore\\n\\nUses other forms of storage.\\n\\nView details | Privacy policylaunch\\n\\n## PubMatic, Inc\\n\\nCookie duration: 365 (days).\\n\\nData collected and processed: User-provided data, Users\\u2019 profiles, Privacy\\nchoices, Probabilistic identifiers, Browsing and interaction data, Non-precise\\nlocation data, Authentication-derived identifiers, IP addresses, Precise\\nlocation data, Device characteristics, Device identifiers\\n\\nmore\\n\\nUses other forms of storage.\\n\\nView details | Storage details | Privacy policylaunch\\n\\n## Comscore B.V.\\n\\nCookie duration: 720 (days).\\n\\nData collected and processed: User-provided data, Privacy choices,\\nProbabilistic identifiers, Browsing and interaction data, Authentication-\\nderived identifiers, IP addresses, Device characteristics, Device identifiers\\n\\nmore\\n\\nCookie duration resets each session. Uses other forms of storage.\\n\\nView details | Privacy policylaunch\\n\\n## Flashtalking\\n\\nCookie duration: 730 (days).\\n\\nData collected and processed: Users\\u2019 profiles, Privacy choices, Probabilistic\\nidentifiers, Browsing and interaction data, Non-precise location data,\\nAuthentication-derived identifiers, IP addresses, Device characteristics,\\nDevice identifiers\\n\\nmore\\n\\nView details | Privacy policylaunch\\n\\n## PulsePoint, Inc.\\n\\nCookie duration: 365 (days).\\n\\nData collected and processed: IP addresses, Device characteristics, Device\\nidentifiers\\n\\nmore\\n\\nCookie duration resets each session. Uses other forms of storage.\\n\\nView details | Privacy policylaunch\\n\\n## Smaato, Inc.\\n\\nCookie duration: 21 (days).\\n\\nData collected and processed: User-provided data, Users\\u2019 profiles, Privacy\\nchoices, Browsing and interaction data, Non-precise location data,\\nAuthentication-derived identifiers, IP addresses, Precise location data,\\nDevice characteristics, Device identifiers\\n\\nmore\\n\\nCookie duration resets each session. Uses other forms of storage.\\n\\nView details | Storage details | Privacy policylaunch\\n\\n## Semasio GmbH\\n\\nCookie duration: 366 (days).\\n\\nData collected and processed: Privacy choices, Browsing and interaction data,\\nIP addresses, Device identifiers\\n\\nmore\\n\\nCookie duration resets each session.\\n\\nView details | Storage details | Privacy policylaunch\\n\\n## Crimtan Holdings Limited\\n\\nCookie duration: 365 (days).\\n\\nData collected and processed: User-provided data, Users\\u2019 profiles, Privacy\\nchoices, Probabilistic identifiers, Browsing and interaction data, Non-precise\\nlocation data, Authentication-derived identifiers, IP addresses, Precise\\nlocation data, Device characteristics, Device identifiers\\n\\nmore\\n\\nCookie duration resets each session.\\n\\nView details | Privacy policylaunch\\n\\n## Genius Sports UK Limited\\n\\nCookie duration: 365 (days).\\n\\nData collected and processed: Users\\u2019 profiles, Privacy choices, Probabilistic\\nidentifiers, Browsing and interaction data, Non-precise location data,\\nAuthentication-derived identifiers, IP addresses, Device characteristics,\\nDevice identifiers\\n\\nmore\\n\\nCookie duration resets each session.\\n\\nView details | Storage details | Privacy policylaunch\\n\\n## Criteo SA\\n\\nCookie duration: 390 (days).\\n\\nData collected and processed: Users\\u2019 profiles, Privacy choices, Probabilistic\\nidentifiers, Browsing and interaction data, Non-precise location data,\\nAuthentication-derived identifiers, IP addresses, Device characteristics,\\nDevice identifiers\\n\\nmore\\n\\nUses other forms of storage.\\n\\nView details | Storage details | Privacy policylaunch\\n\\n## Adloox SA\\n\\nDoesn't use cookies.\\n\\nData collected and processed: Probabilistic identifiers, Browsing and\\ninteraction data, Non-precise location data, IP addresses, Device\\ncharacteristics, Device identifiers\\n\\nmore\\n\\nUses other forms of storage.\\n\\nView details | Privacy policylaunch\\n\\n## Blis Global Limited\\n\\nCookie duration: 400 (days).\\n\\nData collected and processed: User-provided data, Users\\u2019 profiles, Privacy\\nchoices, Probabilistic identifiers, Browsing and interaction data, Non-precise\\nlocation data, Authentication-derived identifiers, IP addresses, Precise\\nlocation data, Device characteristics, Device identifiers\\n\\nmore\\n\\nCookie duration resets each session. Uses other forms of storage.\\n\\nView details | Storage details | Privacy policylaunch\\n\\n## Lotame Solutions, Inc\\n\\nCookie duration: 274 (days).\\n\\nData collected and processed: User-provided data, Users\\u2019 profiles, Privacy\\nchoices, Probabilistic identifiers, Browsing and interaction data,\\nAuthentication-derived identifiers, IP addresses, Device characteristics,\\nDevice identifiers\\n\\nmore\\n\\nCookie duration resets each session. Uses other forms of storage.\\n\\nView details | Privacy policylaunch\\n\\n## LiveRamp\\n\\nCookie duration: 365 (days).\\n\\nData collected and processed: Privacy choices, Browsing and interaction data,\\nNon-precise location data, Authentication-derived identifiers, IP addresses,\\nDevice characteristics, Device identifiers\\n\\nmore\\n\\nCookie duration resets each session. Uses other forms of storage.\\n\\nView details | Storage details | Privacy policylaunch\\n\\n## GroupM UK Limited\\n\\nCookie duration: 395 (days).\\n\\nData collected and processed: Privacy choices, Probabilistic identifiers,\\nBrowsing and interaction data, Non-precise location data, Authentication-\\nderived identifiers, IP addresses, Precise location data, Device\\ncharacteristics, Device identifiers\\n\\nmore\\n\\nCookie duration resets each session.\\n\\nView details | Storage details | Privacy policylaunch\\n\\n## LoopMe Limited\\n\\nCookie duration: 90 (days).\\n\\nData collected and processed: User-provided data, Users\\u2019 profiles, Privacy\\nchoices, Probabilistic identifiers, Browsing and interaction data, Non-precise\\nlocation data, IP addresses, Precise location data, Device characteristics,\\nDevice identifiers\\n\\nmore\\n\\nCookie duration resets each session. Uses other forms of storage.\\n\\nView details | Storage details | Privacy policylaunch\\n\\n## Dynata LLC\\n\\nCookie duration: 365 (days).\\n\\nData collected and processed: User-provided data, Users\\u2019 profiles, Privacy\\nchoices, Browsing and interaction data, Non-precise location data,\\nAuthentication-derived identifiers, IP addresses, Device characteristics,\\nDevice identifiers\\n\\nmore\\n\\nCookie duration resets each session.\\n\\nView details | Storage details | Privacy policylaunch\\n\\n## Ask Locala\\n\\nDoesn't use cookies.\\n\\nData collected and processed: Privacy choices, Non-precise location data, IP\\naddresses, Precise location data, Device characteristics, Device identifiers\\n\\nmore\\n\\nUses other forms of storage.\\n\\nView details | Privacy policylaunch\\n\\n## Azira\\n\\nDoesn't use cookies.\\n\\nData collected and processed: Users\\u2019 profiles, Privacy choices, Browsing and\\ninteraction data, Non-precise location data, IP addresses, Precise location\\ndata, Device characteristics, Device identifiers\\n\\nmore\\n\\nUses other forms of storage.\\n\\nView details | Privacy policylaunch\\n\\n## DoubleVerify Inc.\\n\\nDoesn't use cookies.\\n\\nData collected and processed: Privacy choices, Probabilistic identifiers,\\nBrowsing and interaction data, Non-precise location data, IP addresses, Device\\ncharacteristics\\n\\nmore\\n\\nView details | Privacy policylaunch\\n\\n## BIDSWITCH GmbH\\n\\nCookie duration: 365 (days).\\n\\nData collected and processed: Privacy choices, Probabilistic identifiers,\\nBrowsing and interaction data, Non-precise location data, Authentication-\\nderived identifiers, IP addresses, Precise location data, Device\\ncharacteristics, Device identifiers\\n\\nmore\\n\\nCookie duration resets each session. Uses other forms of storage.\\n\\nView details | Storage details | Privacy policylaunch\\n\\n## IPONWEB GmbH\\n\\nCookie duration: 365 (days).\\n\\nData collected and processed: User-provided data, Privacy choices, Browsing\\nand interaction data, Non-precise location data, Authentication-derived\\nidentifiers, IP addresses, Device characteristics, Device identifiers\\n\\nmore\\n\\nCookie duration resets each session. Uses other forms of storage.\\n\\nView details | Storage details | Privacy policylaunch\\n\\n## NextRoll, Inc.\\n\\nCookie duration: 183 (days).\\n\\nData collected and processed: User-provided data, Users\\u2019 profiles, Privacy\\nchoices, Browsing and interaction data, Non-precise location data, IP\\naddresses, Device characteristics, Device identifiers\\n\\nmore\\n\\nCookie duration resets each session.\\n\\nView details | Privacy policylaunch\\n\\n## Teads France SAS\\n\\nCookie duration: 365 (days).\\n\\nData collected and processed: Users\\u2019 profiles, Privacy choices, Probabilistic\\nidentifiers, Browsing and interaction data, Non-precise location data, IP\\naddresses, Device characteristics, Device identifiers\\n\\nmore\\n\\nUses other forms of storage.\\n\\nView details | Storage details | Privacy policylaunch\\n\\n## Str\\u00f6er SSP GmbH (SSP)\\n\\nCookie duration: 365 (days).\\n\\nData collected and processed: Users\\u2019 profiles, Privacy choices, Probabilistic\\nidentifiers, Browsing and interaction data, Non-precise location data, IP\\naddresses, Device characteristics, Device identifiers\\n\\nmore\\n\\nUses other forms of storage.\\n\\nView details | Storage details | Privacy policylaunch\\n\\n## OS Data Solutions GmbH &amp; Co. KG\\n\\nCookie duration: 90 (days).\\n\\nData collected and processed: User-provided data, Users\\u2019 profiles, Privacy\\nchoices, Probabilistic identifiers, Browsing and interaction data, Non-precise\\nlocation data, IP addresses, Device characteristics, Device identifiers\\n\\nmore\\n\\nUses other forms of storage.\\n\\nView details | Storage details | Privacy policylaunch\\n\\n## Permodo GmbH\\n\\nDoesn't use cookies.\\n\\nData collected and processed: Users\\u2019 profiles, Privacy choices, Browsing and\\ninteraction data, Non-precise location data, IP addresses, Device\\ncharacteristics, Device identifiers\\n\\nmore\\n\\nUses other forms of storage.\\n\\nView details | Privacy policylaunch\\n\\n## Platform161 B.V.\\n\\nCookie duration: 396 (days).\\n\\nData collected and processed: Users\\u2019 profiles, Privacy choices, Probabilistic\\nidentifiers, Browsing and interaction data, Non-precise location data, IP\\naddresses, Precise location data, Device characteristics, Device identifiers\\n\\nmore\\n\\nCookie duration resets each session. Uses other forms of storage.\\n\\nView details | Storage details | Privacy policylaunch\\n\\n## Adacado Technologies Inc. (DBA Adacado)\\n\\nCookie duration: 365 (days).\\n\\nData collected and processed: Privacy choices, Browsing and interaction data,\\nNon-precise location data, IP addresses\\n\\nmore\\n\\nCookie duration resets each session.\\n\\nView details | Storage details | Privacy policylaunch\\n\\n## Basis Global Technologies, Inc.\\n\\nCookie duration: 365 (days).\\n\\nData collected and processed: Users\\u2019 profiles, Privacy choices, Browsing and\\ninteraction data, Non-precise location data, Authentication-derived\\nidentifiers, IP addresses, Precise location data, Device characteristics,\\nDevice identifiers\\n\\nmore\\n\\nCookie duration resets each session.\\n\\nView details | Privacy policylaunch\\n\\n## SMADEX, S.L.U.\\n\\nCookie duration: 365 (days).\\n\\nData collected and processed: User-provided data, Users\\u2019 profiles, Privacy\\nchoices, Probabilistic identifiers, Non-precise location data, IP addresses,\\nDevice characteristics, Device identifiers\\n\\nmore\\n\\nCookie duration resets each session.\\n\\nView details | Storage details | Privacy policylaunch\\n\\n## Bombora Inc.\\n\\nCookie duration: 365 (days).\\n\\nData collected and processed: Users\\u2019 profiles, Browsing and interaction data,\\nNon-precise location data, Authentication-derived identifiers, IP addresses,\\nDevice characteristics, Device identifiers\\n\\nmore\\n\\nCookie duration resets each session. Uses other forms of storage.\\n\\nView details | Storage details | Privacy policylaunch\\n\\n## EASYmedia GmbH\\n\\nCookie duration: 365 (days).\\n\\nData collected and processed: Users\\u2019 profiles, Privacy choices, Probabilistic\\nidentifiers, Browsing and interaction data, Non-precise location data, IP\\naddresses, Precise location data, Device characteristics, Device identifiers\\n\\nmore\\n\\nCookie duration resets each session.\\n\\nView details | Storage details | Privacy policylaunch\\n\\n## Remerge GmbH\\n\\nDoesn't use cookies.\\n\\nData collected and processed: Browsing and interaction data, Non-precise\\nlocation data, IP addresses, Device characteristics, Device identifiers\\n\\nmore\\n\\nUses other forms of storage.\\n\\nView details | Privacy policylaunch\\n\\n## advanced store GmbH\\n\\nCookie duration: 365 (days).\\n\\nData collected and processed: Device identifiers\\n\\nmore\\n\\nCookie duration resets each session. Uses other forms of storage.\\n\\nView details | Storage details | Privacy policylaunch\\n\\n## Magnite CTV, Inc.\\n\\nCookie duration: 366 (days).\\n\\nData collected and processed: Privacy choices, Probabilistic identifiers,\\nBrowsing and interaction data, Non-precise location data, IP addresses,\\nPrecise location data, Device characteristics, Device identifiers\\n\\nmore\\n\\nView details | Storage details | Privacy policylaunch\\n\\n## Delta Projects AB\\n\\nCookie duration: 365 (days).\\n\\nData collected and processed: User-provided data, Users\\u2019 profiles, Privacy\\nchoices, Probabilistic identifiers, Browsing and interaction data, Non-precise\\nlocation data, Authentication-derived identifiers, IP addresses, Precise\\nlocation data, Device characteristics, Device identifiers\\n\\nmore\\n\\nView details | Storage details | Privacy policylaunch\\n\\n## usemax advertisement (Emego GmbH)\\n\\nCookie duration: 365 (days).\\n\\nData collected and processed: Users\\u2019 profiles\\n\\nmore\\n\\nCookie duration resets each session.\\n\\nView details | Storage details | Privacy policylaunch\\n\\n## emetriq GmbH\\n\\nCookie duration: 365 (days).\\n\\nData collected and processed: User-provided data, Users\\u2019 profiles, Privacy\\nchoices, Probabilistic identifiers, Browsing and interaction data, Non-precise\\nlocation data, Authentication-derived identifiers, IP addresses, Device\\ncharacteristics, Device identifiers\\n\\nmore\\n\\nCookie duration resets each session. Uses other forms of storage.\\n\\nView details | Storage details | Privacy policylaunch\\n\\n## Publicis Media GmbH\\n\\nCookie duration: 1825 (days).\\n\\nData collected and processed: User-provided data, Users\\u2019 profiles, Privacy\\nchoices, Probabilistic identifiers, Browsing and interaction data, Non-precise\\nlocation data, Authentication-derived identifiers, IP addresses, Device\\ncharacteristics, Device identifiers\\n\\nmore\\n\\nCookie duration resets each session. Uses other forms of storage.\\n\\nView details | Privacy policylaunch\\n\\n## M.D. Primis Technologies Ltd.\\n\\nCookie duration: 25 (days).\\n\\nData collected and processed: User-provided data, Privacy choices,\\nProbabilistic identifiers, Browsing and interaction data, Non-precise location\\ndata, IP addresses, Device characteristics, Device identifiers\\n\\nmore\\n\\nView details | Storage details | Privacy policylaunch\\n\\n## OneTag Limited\\n\\nCookie duration: 396 (days).\\n\\nData collected and processed: Privacy choices, Browsing and interaction data,\\nNon-precise location data, IP addresses, Device characteristics, Device\\nidentifiers\\n\\nmore\\n\\nCookie duration resets each session. Uses other forms of storage.\\n\\nView details | Storage details | Privacy policylaunch\\n\\n## Cloud Technologies S.A.\\n\\nCookie duration: 365 (days).\\n\\nData collected and processed: Users\\u2019 profiles, Privacy choices, Browsing and\\ninteraction data, Non-precise location data, Authentication-derived\\nidentifiers, IP addresses, Device characteristics, Device identifiers\\n\\nmore\\n\\nCookie duration resets each session.\\n\\nView details | Privacy policylaunch\\n\\n## Smartology Limited\\n\\nDoesn't use cookies.\\n\\nData collected and processed: IP addresses\\n\\nmore\\n\\nUses other forms of storage.\\n\\nView details | Privacy policylaunch\\n\\n## Improve Digital\\n\\nCookie duration: 90 (days).\\n\\nData collected and processed: User-provided data, Users\\u2019 profiles, Privacy\\nchoices, Probabilistic identifiers, Browsing and interaction data, Non-precise\\nlocation data, Authentication-derived identifiers, IP addresses, Precise\\nlocation data, Device characteristics, Device identifiers\\n\\nmore\\n\\nCookie duration resets each session.\\n\\nView details | Storage details | Privacy policylaunch\\n\\n## Adobe Advertising Cloud\\n\\nCookie duration: 365 (days).\\n\\nData collected and processed: Privacy choices, Authentication-derived\\nidentifiers, IP addresses, Device identifiers\\n\\nmore\\n\\nView details | Storage details | Privacy policylaunch\\n\\n## Bannerflow AB\\n\\nCookie duration: 366 (days).\\n\\nData collected and processed: Privacy choices, Non-precise location data, IP\\naddresses, Device characteristics\\n\\nmore\\n\\nView details | Storage details | Privacy policylaunch\\n\\n## TabMo SAS\\n\\nDoesn't use cookies.\\n\\nData collected and processed: User-provided data, Users\\u2019 profiles, Privacy\\nchoices, Probabilistic identifiers, Browsing and interaction data, Non-precise\\nlocation data, IP addresses, Precise location data, Device characteristics,\\nDevice identifiers\\n\\nmore\\n\\nUses other forms of storage.\\n\\nView details | Privacy policylaunch\\n\\n## Integral Ad Science (incorporating ADmantX)\\n\\nDoesn't use cookies.\\n\\nData collected and processed: Privacy choices, Browsing and interaction data,\\nNon-precise location data, IP addresses, Device characteristics\\n\\nmore\\n\\nView details | Privacy policylaunch\\n\\n## Wizaly\\n\\nCookie duration: 365 (days).\\n\\nData collected and processed: Privacy choices, Browsing and interaction data,\\nNon-precise location data, Authentication-derived identifiers, IP addresses,\\nDevice characteristics\\n\\nmore\\n\\nCookie duration resets each session. Uses other forms of storage.\\n\\nView details | Storage details | Privacy policylaunch\\n\\n## Weborama\\n\\nCookie duration: 393 (days).\\n\\nData collected and processed: User-provided data, Users\\u2019 profiles, Privacy\\nchoices, Probabilistic identifiers, Browsing and interaction data, Non-precise\\nlocation data, Authentication-derived identifiers, IP addresses, Device\\ncharacteristics, Device identifiers\\n\\nmore\\n\\nUses other forms of storage.\\n\\nView details | Storage details | Privacy policylaunch\\n\\n## Jivox Corporation\\n\\nCookie duration: 30 (days).\\n\\nData collected and processed: Users\\u2019 profiles, Privacy choices, Browsing and\\ninteraction data, Non-precise location data, IP addresses, Precise location\\ndata, Device identifiers\\n\\nmore\\n\\nCookie duration resets each session.\\n\\nView details | Storage details | Privacy policylaunch\\n\\n## Sage&#43;Archer BV\\n\\nDoesn't use cookies.\\n\\nData collected and processed: Non-precise location data\\n\\nmore\\n\\nView details | Privacy policylaunch\\n\\n## On Device Research Limited\\n\\nCookie duration: 30 (days).\\n\\nData collected and processed: User-provided data, Browsing and interaction\\ndata, Non-precise location data, IP addresses, Precise location data, Device\\ncharacteristics, Device identifiers\\n\\nmore\\n\\nView details | Storage details | Privacy policylaunch\\n\\n## Rockabox Media Ltd\\n\\nDoesn't use cookies.\\n\\nData collected and processed: Browsing and interaction data, Non-precise\\nlocation data, IP addresses, Device characteristics\\n\\nmore\\n\\nView details | Storage details | Privacy policylaunch\\n\\n## Exactag GmbH\\n\\nCookie duration: 180 (days).\\n\\nData collected and processed: Privacy choices, Browsing and interaction data,\\nAuthentication-derived identifiers, IP addresses, Device characteristics,\\nDevice identifiers\\n\\nmore\\n\\nCookie duration resets each session.\\n\\nView details | Storage details | Privacy policylaunch\\n\\n## Celtra Inc.\\n\\nDoesn't use cookies.\\n\\nData collected and processed: IP addresses, Precise location data, Device\\ncharacteristics, Device identifiers\\n\\nmore\\n\\nUses other forms of storage.\\n\\nView details | Storage details | Privacy policylaunch\\n\\n## mainADV Srl\\n\\nCookie duration: 30 (days).\\n\\nData collected and processed: User-provided data, Privacy choices, Browsing\\nand interaction data, Non-precise location data, IP addresses, Device\\ncharacteristics, Device identifiers\\n\\nmore\\n\\nUses other forms of storage.\\n\\nView details | Privacy policylaunch\\n\\n## Gemius SA\\n\\nCookie duration: 1825 (days).\\n\\nData collected and processed: Users\\u2019 profiles, Privacy choices, Browsing and\\ninteraction data, Device characteristics, Device identifiers\\n\\nmore\\n\\nCookie duration resets each session. Uses other forms of storage.\\n\\nView details | Storage details | Privacy policylaunch\\n\\n## The Kantar Group Limited\\n\\nCookie duration: 914 (days).\\n\\nData collected and processed: Privacy choices, Browsing and interaction data,\\nNon-precise location data, IP addresses, Device characteristics, Device\\nidentifiers\\n\\nmore\\n\\nCookie duration resets each session. Uses other forms of storage.\\n\\nView details | Privacy policylaunch\\n\\n## Nielsen Media Research Ltd.\\n\\nCookie duration: 120 (days).\\n\\nData collected and processed: Privacy choices, Browsing and interaction data,\\nIP addresses, Device characteristics, Device identifiers\\n\\nmore\\n\\nCookie duration resets each session. Uses other forms of storage.\\n\\nView details | Storage details | Privacy policylaunch\\n\\n## Solocal SA\\n\\nCookie duration: 396 (days).\\n\\nData collected and processed: User-provided data, Users\\u2019 profiles, Privacy\\nchoices, Browsing and interaction data, Non-precise location data, IP\\naddresses, Precise location data, Device characteristics, Device identifiers\\n\\nmore\\n\\nCookie duration resets each session. Uses other forms of storage.\\n\\nView details | Storage details | Privacy policylaunch\\n\\n## Pixalate, Inc.\\n\\nDoesn't use cookies.\\n\\nData collected and processed: Browsing and interaction data, Non-precise\\nlocation data, IP addresses, Device characteristics, Device identifiers\\n\\nmore\\n\\nView details | Storage details | Privacy policylaunch\\n\\n## Oracle Advertising\\n\\nCookie duration: 180 (days).\\n\\nData collected and processed: User-provided data, Users\\u2019 profiles, Privacy\\nchoices, Browsing and interaction data, Non-precise location data,\\nAuthentication-derived identifiers, IP addresses, Device characteristics,\\nDevice identifiers\\n\\nmore\\n\\nUses other forms of storage.\\n\\nView details | Storage details | Privacy policylaunch\\n\\n## Numberly\\n\\nCookie duration: 180 (days).\\n\\nData collected and processed: User-provided data, Users\\u2019 profiles, Privacy\\nchoices, Browsing and interaction data, Non-precise location data,\\nAuthentication-derived identifiers, IP addresses, Device characteristics,\\nDevice identifiers\\n\\nmore\\n\\nCookie duration resets each session.\\n\\nView details | Storage details | Privacy policylaunch\\n\\n## AudienceProject A/S\\n\\nCookie duration: 365 (days).\\n\\nData collected and processed: User-provided data, Users\\u2019 profiles, Privacy\\nchoices, Probabilistic identifiers, Browsing and interaction data, Non-precise\\nlocation data, Authentication-derived identifiers, IP addresses, Device\\ncharacteristics, Device identifiers\\n\\nmore\\n\\nCookie duration resets each session. Uses other forms of storage.\\n\\nView details | Storage details | Privacy policylaunch\\n\\n## Demandbase, Inc.\\n\\nCookie duration: 730 (days).\\n\\nData collected and processed: User-provided data, Users\\u2019 profiles, Privacy\\nchoices, Probabilistic identifiers, Browsing and interaction data, Non-precise\\nlocation data, IP addresses, Precise location data, Device characteristics,\\nDevice identifiers\\n\\nmore\\n\\nCookie duration resets each session. Uses other forms of storage.\\n\\nView details | Storage details | Privacy policylaunch\\n\\n## Effiliation / Effinity\\n\\nCookie duration: 30 (days).\\n\\nData collected and processed: Device characteristics\\n\\nmore\\n\\nCookie duration resets each session.\\n\\nView details | Storage details | Privacy policylaunch\\n\\n## Arrivalist Co.\\n\\nCookie duration: 365 (days).\\n\\nData collected and processed: Non-precise location data, IP addresses\\n\\nmore\\n\\nCookie duration resets each session.\\n\\nView details | Storage details | Privacy policylaunch\\n\\n## Seenthis AB\\n\\nDoesn't use cookies.\\n\\nData collected and processed: IP addresses, Device characteristics\\n\\nmore\\n\\nView details | Privacy policylaunch\\n\\n## Commanders Act\\n\\nCookie duration: 365 (days).\\n\\nData collected and processed: IP addresses, Device identifiers\\n\\nmore\\n\\nView details | Storage details | Privacy policylaunch\\n\\n## travel audience GmbH\\n\\nCookie duration: 397 (days).\\n\\nData collected and processed: Users\\u2019 profiles, Probabilistic identifiers,\\nBrowsing and interaction data, Non-precise location data, Authentication-\\nderived identifiers, IP addresses, Precise location data, Device\\ncharacteristics, Device identifiers\\n\\nmore\\n\\nCookie duration resets each session. Uses other forms of storage.\\n\\nView details | Privacy policylaunch\\n\\n## HUMAN\\n\\nDoesn't use cookies.\\n\\nData collected and processed: Probabilistic identifiers, Non-precise location\\ndata, IP addresses, Device characteristics, Device identifiers\\n\\nmore\\n\\nView details | Privacy policylaunch\\n\\n## Adludio Ltd.\\n\\nDoesn't use cookies.\\n\\nData collected and processed: Device characteristics\\n\\nmore\\n\\nView details | Privacy policylaunch\\n\\n## Blendee srl\\n\\nCookie duration: 366 (days).\\n\\nData collected and processed: User-provided data, Users\\u2019 profiles, Privacy\\nchoices, Browsing and interaction data, Non-precise location data,\\nAuthentication-derived identifiers, IP addresses, Device characteristics,\\nDevice identifiers\\n\\nmore\\n\\nCookie duration resets each session. Uses other forms of storage.\\n\\nView details | Storage details | Privacy policylaunch\\n\\n## Innovid LLC\\n\\nCookie duration: 90 (days).\\n\\nData collected and processed: Privacy choices, Browsing and interaction data,\\nNon-precise location data, IP addresses, Device characteristics, Device\\nidentifiers\\n\\nmore\\n\\nCookie duration resets each session.\\n\\nView details | Storage details | Privacy policylaunch\\n\\n## Papirfly AS\\n\\nDoesn't use cookies.\\n\\nData collected and processed: Device characteristics\\n\\nmore\\n\\nView details | Privacy policylaunch\\n\\n## Neustar, Inc., a TransUnion company\\n\\nCookie duration: 365 (days).\\n\\nData collected and processed: User-provided data, Users\\u2019 profiles, Privacy\\nchoices, Probabilistic identifiers, Browsing and interaction data, Non-precise\\nlocation data, Authentication-derived identifiers, IP addresses, Device\\ncharacteristics, Device identifiers\\n\\nmore\\n\\nCookie duration resets each session. Uses other forms of storage.\\n\\nView details | Privacy policylaunch\\n\\n## Verve Group Europe GmbH\\n\\nDoesn't use cookies.\\n\\nData collected and processed: User-provided data, Users\\u2019 profiles, Privacy\\nchoices, Browsing and interaction data, Non-precise location data,\\nAuthentication-derived identifiers, IP addresses, Precise location data,\\nDevice characteristics, Device identifiers\\n\\nmore\\n\\nUses other forms of storage.\\n\\nView details | Privacy policylaunch\\n\\n## Otto (GmbH &amp; Co KG)\\n\\nCookie duration: 365 (days).\\n\\nData collected and processed: User-provided data, Users\\u2019 profiles, Privacy\\nchoices, Browsing and interaction data, IP addresses, Device identifiers\\n\\nmore\\n\\nCookie duration resets each session. Uses other forms of storage.\\n\\nView details | Storage details | Privacy policylaunch\\n\\n## Adobe Audience Manager, Adobe Experience Platform\\n\\nCookie duration: 180 (days).\\n\\nData collected and processed: User-provided data, Users\\u2019 profiles, Privacy\\nchoices, Probabilistic identifiers, Browsing and interaction data, Non-precise\\nlocation data, Authentication-derived identifiers, IP addresses, Precise\\nlocation data, Device characteristics, Device identifiers\\n\\nmore\\n\\nCookie duration resets each session.\\n\\nView details | Storage details | Privacy policylaunch\\n\\n## Localsensor B.V.\\n\\nDoesn't use cookies.\\n\\nData collected and processed: Privacy choices, Non-precise location data, IP\\naddresses, Precise location data, Device characteristics, Device identifiers\\n\\nmore\\n\\nUses other forms of storage.\\n\\nView details | Privacy policylaunch\\n\\n## Online Solution\\n\\nCookie duration: 365 (days).\\n\\nData collected and processed: User-provided data, Users\\u2019 profiles, Privacy\\nchoices, Probabilistic identifiers, Browsing and interaction data, Non-precise\\nlocation data, IP addresses, Precise location data, Device characteristics,\\nDevice identifiers\\n\\nmore\\n\\nCookie duration resets each session. Uses other forms of storage.\\n\\nView details | Privacy policylaunch\\n\\n## Relay42 Netherlands B.V.\\n\\nCookie duration: 730 (days).\\n\\nData collected and processed: User-provided data, Users\\u2019 profiles, Privacy\\nchoices, Probabilistic identifiers, Browsing and interaction data, IP\\naddresses, Device characteristics, Device identifiers\\n\\nmore\\n\\nView details | Storage details | Privacy policylaunch\\n\\n## GP One GmbH\\n\\nCookie duration: Uses session cookies.\\n\\nData collected and processed: User-provided data, Privacy choices, Browsing\\nand interaction data, Non-precise location data, IP addresses, Device\\ncharacteristics\\n\\nmore\\n\\nUses other forms of storage.\\n\\nView details | Storage details | Privacy policylaunch\\n\\n## The MediaGrid Inc.\\n\\nCookie duration: 365 (days).\\n\\nData collected and processed: Privacy choices, Probabilistic identifiers,\\nBrowsing and interaction data, Non-precise location data, IP addresses,\\nPrecise location data, Device characteristics, Device identifiers\\n\\nmore\\n\\nCookie duration resets each session. Uses other forms of storage.\\n\\nView details | Storage details | Privacy policylaunch\\n\\n## MindTake Research GmbH\\n\\nCookie duration: 180 (days).\\n\\nData collected and processed: Users\\u2019 profiles, Probabilistic identifiers,\\nBrowsing and interaction data, IP addresses, Device characteristics, Device\\nidentifiers\\n\\nmore\\n\\nUses other forms of storage.\\n\\nView details | Privacy policylaunch\\n\\n## Cint AB\\n\\nCookie duration: 730 (days).\\n\\nData collected and processed: Privacy choices, Browsing and interaction data,\\nIP addresses, Device characteristics, Device identifiers\\n\\nmore\\n\\nUses other forms of storage.\\n\\nView details | Privacy policylaunch\\n\\n## Google Advertising Products\\n\\nCookie duration: 396 (days).\\n\\nData collected and processed: User-provided data, Users\\u2019 profiles, Privacy\\nchoices, Browsing and interaction data, Non-precise location data,\\nAuthentication-derived identifiers, IP addresses, Device characteristics,\\nDevice identifiers\\n\\nmore\\n\\nUses other forms of storage.\\n\\nView details | Privacy policylaunch\\n\\n## GfK GmbH\\n\\nCookie duration: 730 (days).\\n\\nData collected and processed: User-provided data, Users\\u2019 profiles, Privacy\\nchoices, Browsing and interaction data, Non-precise location data,\\nAuthentication-derived identifiers, IP addresses, Device characteristics,\\nDevice identifiers\\n\\nmore\\n\\nUses other forms of storage.\\n\\nView details | Storage details | Privacy policylaunch\\n\\n## RevJet\\n\\nCookie duration: 730 (days).\\n\\nData collected and processed: Users\\u2019 profiles, Privacy choices, Non-precise\\nlocation data, IP addresses, Device identifiers\\n\\nmore\\n\\nCookie duration resets each session.\\n\\nView details | Storage details | Privacy policylaunch\\n\\n## Protected Media LTD\\n\\nDoesn't use cookies.\\n\\nData collected and processed: Probabilistic identifiers, Browsing and\\ninteraction data, IP addresses, Device characteristics, Device identifiers\\n\\nmore\\n\\nView details | Privacy policylaunch\\n\\n## Clinch Labs LTD\\n\\nCookie duration: 730 (days).\\n\\nData collected and processed: Users\\u2019 profiles, Privacy choices, Probabilistic\\nidentifiers, Browsing and interaction data, Non-precise location data, IP\\naddresses, Device characteristics, Device identifiers\\n\\nmore\\n\\nCookie duration resets each session.\\n\\nView details | Storage details | Privacy policylaunch\\n\\n## Oracle Data Cloud - Moat\\n\\nDoesn't use cookies.\\n\\nData collected and processed: Non-precise location data, IP addresses\\n\\nmore\\n\\nView details | Privacy policylaunch\\n\\n## Hearts and Science M\\u00fcnchen GmbH\\n\\nCookie duration: 60 (days).\\n\\nData collected and processed: IP addresses\\n\\nmore\\n\\nCookie duration resets each session.\\n\\nView details | Privacy policylaunch\\n\\n## Amazon Advertising\\n\\nCookie duration: 396 (days).\\n\\nData collected and processed: Users\\u2019 profiles, Privacy choices, Browsing and\\ninteraction data, Non-precise location data, Authentication-derived\\nidentifiers, IP addresses, Device characteristics, Device identifiers\\n\\nmore\\n\\nCookie duration resets each session. Uses other forms of storage.\\n\\nView details | Storage details | Privacy policylaunch\\n\\n## Moloco, Inc.\\n\\nCookie duration: 730 (days).\\n\\nData collected and processed: Non-precise location data, IP addresses, Device\\ncharacteristics, Device identifiers\\n\\nmore\\n\\nCookie duration resets each session. Uses other forms of storage.\\n\\nView details | Privacy policylaunch\\n\\n## Adtriba GmbH\\n\\nCookie duration: 730 (days).\\n\\nData collected and processed: Privacy choices, Browsing and interaction data,\\nNon-precise location data, Authentication-derived identifiers, IP addresses,\\nDevice characteristics, Device identifiers\\n\\nmore\\n\\nCookie duration resets each session.\\n\\nView details | Storage details | Privacy policylaunch\\n\\n## Objective Partners BV\\n\\nCookie duration: 90 (days).\\n\\nData collected and processed: Device identifiers\\n\\nmore\\n\\nCookie duration resets each session.\\n\\nView details | Storage details | Privacy policylaunch\\n\\n## Ensighten\\n\\nCookie duration: 1825 (days).\\n\\nData collected and processed: Privacy choices, Browsing and interaction data,\\nIP addresses, Device characteristics, Device identifiers\\n\\nmore\\n\\nCookie duration resets each session.\\n\\nView details | Storage details | Privacy policylaunch\\n\\n## eBay Inc\\n\\nCookie duration: 90 (days).\\n\\nData collected and processed: Privacy choices, IP addresses, Device\\ncharacteristics\\n\\nmore\\n\\nView details | Storage details | Privacy policylaunch\\n\\n## Hurra Communications GmbH\\n\\nCookie duration: 366 (days).\\n\\nData collected and processed: Probabilistic identifiers, Browsing and\\ninteraction data, Non-precise location data, Authentication-derived\\nidentifiers, IP addresses, Precise location data, Device characteristics,\\nDevice identifiers\\n\\nmore\\n\\nCookie duration resets each session.\\n\\nView details | Storage details | Privacy policylaunch\\n\\nAd partners\\n\\n## gskinner\\n\\nPrivacy policylaunch\\n\\n## Akamai\\n\\nPrivacy policylaunch\\n\\n## Meta\\n\\nPrivacy policylaunch\\n\\n## Aunica\\n\\nPrivacy policylaunch\\n\\n## Booking.com\\n\\nPrivacy policylaunch\\n\\n## C3 Metrics\\n\\nPrivacy policylaunch\\n\\n## IBM\\n\\nPrivacy policylaunch\\n\\n## Evidon\\n\\nPrivacy policylaunch\\n\\n## CUBED\\n\\nPrivacy policylaunch\\n\\n## Optomaton\\n\\nPrivacy policylaunch\\n\\n## intelliAd\\n\\nPrivacy policylaunch\\n\\n## Analights\\n\\nPrivacy policylaunch\\n\\n## Dstillery\\n\\nPrivacy policylaunch\\n\\n## MediaMath\\n\\nPrivacy policylaunch\\n\\n## ZMS\\n\\nPrivacy policylaunch\\n\\n## Dentsu Aegis Network\\n\\nPrivacy policylaunch\\n\\n## Omnicom Media Group\\n\\nPrivacy policylaunch\\n\\n## Digiseg\\n\\nPrivacy policylaunch\\n\\n## Resonate\\n\\nPrivacy policylaunch\\n\\n## Sojern\\n\\nPrivacy policylaunch\\n\\n## Haensel AMS\\n\\nPrivacy policylaunch\\n\\n## BDSK Handels GmbH & Co. KG\\n\\nPrivacy policylaunch\\n\\n## Tradedoubler AB\\n\\nPrivacy policylaunch\\n\\n## TrustArc\\n\\nPrivacy policylaunch\\n\\n## TruEffect\\n\\nPrivacy policylaunch\\n\\n## Marketing Science Consulting Group, Inc.\\n\\nPrivacy policylaunch\\n\\n## DENTSU\\n\\nPrivacy policylaunch\\n\\n## Kobler\\n\\nPrivacy policylaunch\\n\\n## Travel Data Collective\\n\\nPrivacy policylaunch\\n\\n## advolution.control\\n\\nPrivacy policylaunch\\n\\n## Widespace\\n\\nPrivacy policylaunch\\n\\n## LifeStreet\\n\\nPrivacy policylaunch\\n\\n## Vimeo\\n\\nPrivacy policylaunch\\n\\n## AdMaxim\\n\\nPrivacy policylaunch\\n\\n## Batch Media\\n\\nPrivacy policylaunch\\n\\n## Vodafone GmbH\\n\\nPrivacy policylaunch\\n\\n## Magnite\\n\\nPrivacy policylaunch\\n\\n## Scenestealer\\n\\nPrivacy policylaunch\\n\\n## Netquest\\n\\nPrivacy policylaunch\\n\\n## Manage.com\\n\\nPrivacy policylaunch\\n\\n## Cloudflare\\n\\nPrivacy policylaunch\\n\\n## Salesforce DMP\\n\\nPrivacy policylaunch\\n\\n## Netflix\\n\\nPrivacy policylaunch\\n\\n## Macromill group\\n\\nPrivacy policylaunch\\n\\n## ebuilders\\n\\nPrivacy policylaunch\\n\\n## AppLovin Corp.\\n\\nPrivacy policylaunch\\n\\n## Fractional Media\\n\\nPrivacy policylaunch\\n\\n## Rackspace\\n\\nPrivacy policylaunch\\n\\n## Liftoff\\n\\nPrivacy policylaunch\\n\\n## MSI-ACI\\n\\nPrivacy policylaunch\\n\\n## Navegg\\n\\nPrivacy policylaunch\\n\\n## Admedo\\n\\nPrivacy policylaunch\\n\\n## Kochava\\n\\nPrivacy policylaunch\\n\\n## Mobitrans\\n\\nPrivacy policylaunch\\n\\n## ADEX\\n\\nPrivacy policylaunch\\n\\n## Impact\\n\\nPrivacy policylaunch\\n\\n## Spotad\\n\\nPrivacy policylaunch\\n\\n## Aarki\\n\\nPrivacy policylaunch\\n\\n## SFR\\n\\nPrivacy policylaunch\\n\\n## Cablato\\n\\nPrivacy policylaunch\\n\\n## Waystack\\n\\nPrivacy policylaunch\\n\\n## TreSensa\\n\\nPrivacy policylaunch\\n\\n\", \"frontpage\": false}"}
