{"value":"{\"aid\": \"40192074\", \"title\": \"Building MS-DOS 4.00 on FreeDOS [video]\", \"url\": \"https://www.youtube.com/watch?v=X7r76V_gWQ8\", \"domain\": \"youtube.com\", \"votes\": 1, \"user\": \"zdw\", \"posted_at\": \"2024-04-28 21:21:20\", \"comments\": 0, \"source_title\": \"Building MS-DOS 4.00 on FreeDOS\", \"source_text\": \"Building MS-DOS 4.00 on FreeDOS - YouTube\\n\\n\\u2022\\n\\nNaN / NaN\\n\\nBack\\n\\nDE\\n\\nDE\\n\\nBuilding MS-DOS 4.00 on FreeDOS\\n\\n2x\\n\\nIf playback doesn't begin shortly, try restarting your device.\\n\\n\\u2022\\n\\nYou're signed out\\n\\nVideos you watch may be added to the TV's watch history and influence TV\\nrecommendations. To avoid this, cancel and sign in to YouTube on your\\ncomputer.\\n\\nUp next\\n\\nLive\\n\\nUpcoming\\n\\nPlay Now\\n\\nFreeDOS\\n\\nSubscribe\\n\\nSubscribed\\n\\nThe official FreeDOS channel! FreeDOS is an open source DOS-compatible\\noperating system that you can use to play classic DOS games, run legacy\\nbusiness software, or develop embedded systems. Any program that works on MS-\\nDOS should also run on FreeDOS.\\n\\nWriting your own file viewer\\n\\n25:57\\n\\nShare\\n\\nAn error occurred while retrieving sharing information. Please try again\\nlater.\\n\\n0:00\\n\\n0:00 / 24:47\\u2022Watch full video\\n\\n## Description\\n\\nBuilding MS-DOS 4.00 on FreeDOS\\n\\n148Likes\\n\\n815Views\\n\\nApr 282024\\n\\nYou probably saw recently that Microsoft and IBM released the source code to\\nMS-DOS 4.00 on GitHub. This is under the MIT License, which is an open source\\nlicense and compatible with the GNU General Public License that we use in\\nFreeDOS. But if you tried to compile the source code release, you may have hit\\nsome problems. I understand it builds fine under MS-DOS, which is what you'd\\nexpect. But under FreeDOS, you have to clean up the source code a bit before\\nyou can build it. The short version of what's going on is that when they put\\nthe code into GitHub, GitHub used UTF-8 for encoding, and DOS uses Code Page\\n437. Here's how to clean it up. Visit our website https://www.freedos.org/\\nJoin us on Facebook / freedosproject Follow us on Mastodon\\nhttps://fosstodon.org/@freedosproject Consider supporting me on Patreon /\\nfreedos And don't forget to Like and Subscribe! Standard comment rules apply.\\n\\nShow less Show more\\n\\nTranscript\\n\\nFollow along using the transcript.\\n\\n### FreeDOS\\n\\n14.4K subscribers\\n\\nVideos\\n\\nAbout\\n\\nVideos\\n\\nAbout\\n\\nJoin us on Facebook\\n\\nSupport me on Patreon\\n\\n## Comments 34\\n\\nTop comments\\n\\nNewest first\\n\\n## Transcript\\n\\nNaN / NaN\\n\\n# Building MS-DOS 4.00 on FreeDOS\\n\\nFreeDOS\\n\\nFreeDOS\\n\\n14.4K subscribers\\n\\n<__slot-el>\\n\\n<__slot-el>\\n\\nDownload\\n\\n815 views 2 hours ago\\n\\n815 views \\u2022 Apr 28, 2024\\n\\nShow less\\n\\nYou probably saw recently that Microsoft and IBM released the source code to\\nMS-DOS 4.00 on GitHub. This is under the MIT License, which is an open source\\nlicense and compatible with the GNU General Public License that we use in\\nFreeDOS. ......more\\n\\n...more\\n\\nTranscript\\n\\nFollow along using the transcript.\\n\\n### FreeDOS\\n\\n14.4K subscribers\\n\\nVideos\\n\\nAbout\\n\\nVideos\\n\\nAbout\\n\\nJoin us on Facebook\\n\\nSupport me on Patreon\\n\\nShow less\\n\\n# Building MS-DOS 4.00 on FreeDOS\\n\\n815 views815 views\\n\\nApr 28, 2024\\n\\nDownload\\n\\n### Python's 5 Worst Features\\n\\nIndently\\n\\nIndently\\n\\n\\u2022\\n\\n\\u2022\\n\\n26K views 3 days ago\\n\\nNew\\n\\n### Linux like original Unix\\n\\nFreeDOS\\n\\nFreeDOS\\n\\n\\u2022\\n\\n\\u2022\\n\\n297K views 9 months ago\\n\\n### Delivering Safe C++ - Bjarne Stroustrup - CppCon 2023\\n\\nCppCon\\n\\nCppCon\\n\\n\\u2022\\n\\n\\u2022\\n\\n123K views 5 months ago\\n\\n### No Machine: Remote Any Desktop From Anywhere\\n\\nDS-Tech Media\\n\\nDS-Tech Media\\n\\n\\u2022\\n\\n\\u2022\\n\\n21K views 4 days ago\\n\\nNew\\n\\n### Nerding out about Nix and NixOS with Jon Seager, Canonical\\n\\nNerding Out With Viktor\\n\\nNerding Out With Viktor\\n\\n\\u2022\\n\\n\\u2022\\n\\n4.5K views 2 months ago\\n\\n### Writing your own file viewer\\n\\nFreeDOS\\n\\nFreeDOS\\n\\n\\u2022\\n\\n\\u2022\\n\\n4.2K views 2 weeks ago\\n\\n### Why Some Designs Are Impossible to Improve: Quintessence\\n\\nDesign Theory\\n\\nDesign Theory\\n\\n\\u2022\\n\\n\\u2022\\n\\n50K views 2 days ago\\n\\nNew\\n\\n### The 360 Degree Ricochet Test! | MythBusters | Season 7 Episode 6 | Full Episode\\n\\nMythBusters\\n\\nMythBusters\\n\\n\\u2022\\n\\n\\u2022\\n\\n176K views 2 days ago\\n\\nNew\\n\\n### How to make a Video Game - Godot Beginner Tutorial\\n\\nBrackeys\\n\\nBrackeys\\n\\n\\u2022\\n\\n\\u2022\\n\\n36K views 2 hours ago\\n\\nNew\\n\\n### How Linux Changed My Gaming Experience...\\n\\nMichael Horn\\n\\nMichael Horn\\n\\n\\u2022\\n\\n\\u2022\\n\\n20K views 1 day ago\\n\\nNew\\n\\n### [ML News] Llama 3 changes the game\\n\\nYannic Kilcher\\n\\nYannic Kilcher\\n\\n\\u2022\\n\\n\\u2022\\n\\n40K views 4 days ago\\n\\nNew\\n\\n### Part 2 - XFWM4 - See what's floating on Debian Stable\\n\\nJustAGuy Linux\\n\\nJustAGuy Linux\\n\\n\\u2022\\n\\n\\u2022\\n\\n1.9K views 5 days ago\\n\\nNew\\n\\n### CppCon 2014: Mike Acton \\\"Data-Oriented Design and C++\\\"\\n\\nCppCon\\n\\nCppCon\\n\\n\\u2022\\n\\n\\u2022\\n\\n633K views 9 years ago\\n\\n### Implementing (parts of) git from scratch in Rust\\n\\nJon Gjengset\\n\\nJon Gjengset\\n\\n\\u2022\\n\\n\\u2022\\n\\n67K views 1 month ago\\n\\n### MidnightBSD - My First Impressions!\\n\\nGaryH Tech\\n\\nGaryH Tech\\n\\n\\u2022\\n\\n\\u2022\\n\\n1.9K views 4 days ago\\n\\nNew\\n\\n### Hollywood is Using AI! Have You Noticed?\\n\\nCurious Refuge\\n\\nCurious Refuge\\n\\n\\u2022\\n\\n\\u2022\\n\\n16K views 2 days ago\\n\\nNew\\n\\n### I re-coded Minecraft, purely for MAXIMUM FPS\\n\\nElement X\\n\\nElement X\\n\\n\\u2022\\n\\n\\u2022\\n\\n69K views 1 day ago\\n\\nNew\\n\\n### Programming a Cylon eye\\n\\nFreeDOS\\n\\nFreeDOS\\n\\n\\u2022\\n\\n\\u2022\\n\\n1.9K views 3 weeks ago\\n\\n### Great C++ is_trivial: trivial type traits - Jason Turner - CppCon 2023\\n\\nCppCon\\n\\nCppCon\\n\\n\\u2022\\n\\n\\u2022\\n\\n13K views 3 weeks ago\\n\\n### Back when the internet was fun. (1999 Apple iBook)\\n\\nDankPods\\n\\nDankPods\\n\\n\\u2022\\n\\n\\u2022\\n\\n392K views 4 days ago\\n\\nNew\\n\\nSaving your choice\\n\\nAn error occurred while saving your choice. Please try again.\\n\\nA Google company\\n\\nSign in\\n\\nSign in\\n\\n## Before you continue to YouTube\\n\\nWe use cookies and data to\\n\\n  * Deliver and maintain Google services\\n\\n  * Track outages and protect against spam, fraud, and abuse\\n\\n  * Measure audience engagement and site statistics to understand how our services are used and enhance the quality of those services\\n\\nIf you choose to \\u201cAccept all,\\u201d we will also use cookies and data to\\n\\n  * Develop and improve new services\\n\\n  * Deliver and measure the effectiveness of ads\\n\\n  * Show personalized content, depending on your settings\\n\\n  * Show personalized ads, depending on your settings\\n\\nIf you choose to \\u201cReject all,\\u201d we will not use cookies for these additional\\npurposes.\\n\\nNon-personalized content and ads are influenced by things like the content\\nyou\\u2019re currently viewing and your location (ad serving is based on general\\nlocation). Personalized content and ads can also include things like video\\nrecommendations, a customized YouTube homepage, and tailored ads based on past\\nactivity, like the videos you watch and the things you search for on YouTube.\\nWe also use cookies and data to tailor the experience to be age-appropriate,\\nif relevant.\\n\\nSelect \\u201cMore options\\u201d to see additional information, including details about\\nmanaging your privacy settings. You can also visit g.co/privacytools at any\\ntime.\\n\\nMore options\\n\\nPrivacy Policy \\u2022 Terms of Service\\n\\n\", \"frontpage\": false}"}
