{"value":"{\"aid\": \"40192226\", \"title\": \"Everything I personally do when hosting a website on a new server\", \"url\": \"https://blog.basementcommunity.com/everything-i-do-when-hosting-a-website/\", \"domain\": \"basementcommunity.com\", \"votes\": 1, \"user\": \"partly_cloudy\", \"posted_at\": \"2024-04-28 21:35:57\", \"comments\": 0, \"source_title\": \"everything i personally do when hosting a website on a new server\", \"source_text\": \"everything i personally do when hosting a website on a new server | basement blog\\n\\n# basement blog\\n\\n# everything i personally do when hosting a website on a new server\\n\\n29 Apr, 2024\\n\\nThere's an overwhelming amount of options today for deploying something to the\\nInternet. You've got services like Fly.io and Heroku that allow you to deploy\\nworldwide with simple commands. There's Neocities and Nekoweb that expose a\\nsimple drag-and-drop interface for your static site. And of course there's\\nBearblog and Pika for blogging.\\n\\nBut what if you want to learn the basics of renting a virtual private server\\n(VPS), spinning it up, and configuring it to run your website? Is learning the\\nnitty-gritty of server setup obsolete these days? Maybe, but it's fun! So this\\nis why I'm going to spend the rest of this blog post going highlighting my\\npersonal checklist for provisioning and hardening a VPS!\\n\\n## Prerequisites\\n\\nFirst things first: we need to rent a server to put our Website on. My\\npreference is to use Linode (referral link). Any VPS provider will do the\\ntrick, but I used to work for Linode, so I'm familiar with the interface and\\nthe pricing is really good for the reliability and support. Their whole claim-\\nto-fame is that you get connected to a human right away when calling in for\\nsupport:\\n\\n> you can get a nice starter server for $5/month\\n\\n## Connecting to the Server\\n\\nDuring the purchasing step, you're most likely going to be asked to provide a\\n\\\"root password\\\" for your server. This password you will need when getting\\naccess to the server, so make sure you remember it.\\n\\nAfter you purchased your server and have your root password, look around on\\nthe interface for the IPv4 address. You're going to need this to access the\\nserver and start issuing commands to it from your home computer.\\n\\nOnce you have both, open up the terminal program of your liking. Macs come\\ninstalled with an application called \\\"Terminal\\\" that you can use. Windows and\\nLinux probably have a similarly named application. With this, you're ready to\\nconnect to your server and you can enter this command into the terminal,\\nreplacing IP_ADDRESS_GOES_HERE with your actual IPv4:\\n\\n    \\n    \\n    ssh root@IP_ADDRESS_GOES_HERE\\n\\nThe server will then ask for your root password, which you will then type in\\nand hit \\\"Enter.\\\" Be aware that when being asked for any password, your\\nkeypresses won't actually be logged to the screen, so don't be alarmed if\\nyou're typing and not seeing anything. Just know your input is working, and\\nyou can hit \\\"Enter\\\" once you typed it in.\\n\\nAt this point, you should be connected to the server - congratulations!\\n\\n## Basic Setup\\n\\nAt this point, there's some maintenance tasks to complete before we start\\nsecuring it and getting a website working.\\n\\nFirst, we'll create a new user account because logging in as root user is\\nconsidered bad practice - root has God access to the server and we want to\\nturn that user off.\\n\\nThink of a new username and create it with this command:\\n\\n    \\n    \\n    adduser USERNAME_GOES_HERE\\n\\nSet a password when asked, then skip through all the other questions by\\nhitting \\\"Enter.\\\" Setting the rest of the information isn't important.\\n\\nThen, add this user to the \\\"superuser\\\" group called sudo. This will give your\\nuser elevated privileges:\\n\\n    \\n    \\n    usermod -aG sudo USERNAME_GOES_HERE\\n\\nLog in as this new user:\\n\\n    \\n    \\n    su - USERNAME_GOES_HERE\\n\\nNow, we're going to prevent password login and instead prefer logging in with\\na public/private SSH key pair. So type \\\"exit\\\" into the terminal a couple of\\ntimes: once to log out of your new user, and a second time to log out as root\\nand you should be disconnected from the server.\\n\\nNow that we're back on our local machine, we need to generate an SSH Key. On\\nmost operating systems, you can do this with a simple command:\\n\\n    \\n    \\n    ssh-keygen\\n\\nThis command will ask you a few questions. You don't need to fill any of these\\nout and can continue to hit \\\"Enter\\\" to use the default values.\\n\\nAfter you do that, you should have a few files inside of the ~/.ssh directory:\\nid_ed25519.pub (the public key) and id_ed25519 (the private key). You're going\\nto want to transfer the public key over to your server, so that you can login\\nwith the other half, the private key.\\n\\nCopy the public key over with this command, replacing with your own username\\nand IP Address:\\n\\n    \\n    \\n    cat ~/.ssh/id_ed25519.pub | ssh USERNAME_GOES_HERE@IP_ADDRESS_GOES_HERE \\\"mkdir -p ~/.ssh && touch ~/.ssh/authorized_keys && chmod -R go= ~/.ssh && cat >> ~/.ssh/authorized_keys\\\"\\n\\nYour SSH Key is now copied over to the server and what this means is you can\\nuse the SSH Key, instead of a password, to log in to to server. In fact, it's\\nthe preferred approach.\\n\\nLog in to the server using your private key to authenticate:\\n\\n    \\n    \\n    ssh -i ~/ssh_keys/id_ed25519 USERNAME_GOES_HERE@IP_ADDRESS_GOES_HERE\\n\\n> Note that this key is local to your computer, so if you want to log in on\\n> another device, you'll need to securely transfer your private key over to\\n> that device. Don't email it around, but instead use a flash drive or\\n> something more secure.\\n\\nWe're back in the server - let's continue the setup. Perform system updates\\n(you'll also want to get in the habit of doing this regularly):\\n\\n    \\n    \\n    sudo apt-get -y update && sudo apt-get -y upgrade\\n\\napt-get will work if you're on Ubuntu or Debian but other operating systems\\nhave different commands for upgrading. You can find your appropriate command\\nhere\\n\\nThis is probably also the first time prefixing a command with sudo, so you'll\\nprobably be asked for your password just this one time.\\n\\nNow, we set a hostname for the server. This is just a convenience, so that you\\ncan recognize your server with a human-readable name. It can be something fun\\nor you can just make it the domain name you want to use. My main server's\\nhostname is the-moon, but could have just as easily been called\\nbasementcommunity.com if I wanted:\\n\\n    \\n    \\n    sudo hostnamectl set-hostname HOSTNAME_GOES_HERE\\n\\nOpen up the /etc/hosts file in a terminal text editor called nano and link\\nyour IP Address with the hostname you just chose:\\n\\n    \\n    \\n    sudo nano /etc/hosts\\n\\nOnce the file is open, place this line in it, replacing with your IP and\\nhostname:\\n\\n    \\n    \\n    IP_ADDRESS_HERE HOSTNAME_GOES_HERE\\n\\nExit the file with Ctrl + X then Y then Enter to confirm changes\\n\\nSet the timezone to whatever timezone you're in:\\n\\n    \\n    \\n    sudo timedatectl set-timezone 'America/New_York'\\n\\nDon't know how to format your timezone? You can view a full list with this\\ncommand:\\n\\n    \\n    \\n    timedatectl list-timezones\\n\\n> You can hit the \\\"Q\\\" key to exit out of the timezone list.\\n\\n## Securing the Server\\n\\nThe basic setup is done! Let's secure the server.\\n\\nFirst, we're going to disable the option to login as root because that user is\\ntoo powerful and there's no reason to be logging in as it anymore. Open up the\\n/etc/ssh/sshd_config file with the nano text editor:\\n\\n    \\n    \\n    sudo nano /etc/ssh/sshd_config\\n\\nfind the line that reads PermitRootLogin and set to no\\n\\n    \\n    \\n    PermitRootLogin no\\n\\nCtrl + X to quit, Y then Enter to save the changes.\\n\\nLet's install a firewall. There's many options, but UFW is the one I choose\\njust because it's very simple. First, install UFW:\\n\\n    \\n    \\n    sudo apt install -y ufw\\n\\nNow enable which kind of traffic you want to allow to your server. First, we\\nknow we need port 22 open because that's the port via which you log in to the\\nserver. If you're hosting a website, you'll probably also want ports 80 (HTTP)\\nand 443 (HTTPS) open as well. So let's allow those 3 to begin with:\\n\\n    \\n    \\n    sudo ufw allow 22 sudo ufw allow 80 sudo ufw allow 443\\n\\nThen, enable the firewall:\\n\\n    \\n    \\n    sudo ufw enable\\n\\n## Configure a Web Server\\n\\nFinally, let's get a Website working. First, let's install Nginx, the software\\nthat will serve your Website:\\n\\n    \\n    \\n    sudo apt install -y nginx\\n\\nNow, god forbid your server crashes, let's enable Nginx to restart itself when\\nthe server comes back online:\\n\\n    \\n    \\n    sudo systemctl enable nginx\\n\\nNow if you open up a browser, and navigate to http://YOUR_IP_ADDRESS_HERE, you\\nshould see the default Nginx page there. But let's get something different on\\nthere. Create a new directory where we'll keep our Website files, replacing\\nSITE_URL_HERE with the domain name of your site:\\n\\n    \\n    \\n    sudo mkdir -p /var/www/SITE_URL_HERE/html\\n\\nNext, give the current user ownership to this directory and all the files\\nwithin:\\n\\n    \\n    \\n    sudo chown -R $USER:$USER /var/www/SITE_URL_HERE/html\\n\\nCreate a simple HTML file in here:\\n\\n    \\n    \\n    sudo nano /var/www/SITE_URL_HERE/html/index.html\\n\\nWrite \\\"hello world\\\" or whatever you like in here. Ctrl + X to quit, Y then\\nEnter to save the changes.\\n\\nWith the HTML file created, we need to tell Nginx where to find it. Create an\\n\\\"Nginx server block\\\" with this command, again replacing SITE_URL_HERE with the\\nactual domain name you're using:\\n\\n    \\n    \\n    sudo nano /etc/nginx/sites-available/SITE_URL_HERE\\n\\nPaste this code inside of the file, again replacing SITE_URL_HERE with your\\ndomain name:\\n\\n    \\n    \\n    server { listen 80; listen [::]:80; root /var/www/SITE_URL_HERE/html; index index.html index.htm index.nginx-debian.html; server_name SITE_URL_HERE www.SITE_URL_HERE; location / { try_files $uri $uri/ =404; } }\\n\\nCtrl + X to quit, Y then Enter to save the changes.\\n\\nNow we need to sync this file to the one Nginx reads when it starts up. Run\\nthis command, again replacing SITE_URL_HERE with your domain:\\n\\n    \\n    \\n    sudo ln -s /etc/nginx/sites-available/SITE_URL_HERE /etc/nginx/sites-enabled/\\n\\nReally quickly, we should update the Nginx configuration file to give Nginx\\nmore memory to handle more domains. Open the file in nano:\\n\\n    \\n    \\n    sudo nano /etc/nginx/nginx.conf\\n\\nRemove the beginning # character from this line:\\n\\n    \\n    \\n    server_names_hash_bucket_size 64;\\n\\nCtrl + X to quit, Y then Enter to save the changes.\\n\\nNow, test that there are no errors within Nginx with this command\\n\\n    \\n    \\n    sudo nginx -t\\n\\nIf you don't see this, you'll know you did something wrong and should go back\\nthrough the steps and confirm you followed them all correctly:\\n\\n    \\n    \\n    Output nginx: the configuration file /etc/nginx/nginx.conf syntax is ok nginx: configuration file /etc/nginx/nginx.conf test is successful\\n\\nNow, restart Nginx:\\n\\n    \\n    \\n    sudo systemctl restart nginx\\n\\nAssuming you have proper A records configured as well for your domain, (which\\nI won't explain in this blog), you should now be able to navigate to\\nhttp://SITE_URL_HERE in the browser to see the HTML file as well.\\n\\nAt last, let's get HTTPS working as well. For this, we're going to use\\nCertbot, a free solution to getting HTTPS working\\n\\nFirst, install the dependencies and prepare Certbot:\\n\\n    \\n    \\n    sudo apt install -y snapd sudo snap install --classic certbot sudo ln -s /snap/bin/certbot /usr/bin/certbot\\n\\nNow run Certbot and have it configure HTTPS (this command will automatically\\nupdate the /etc/nginx/sites-available/SITE_URL_HERE we created earlier:\\n\\n    \\n    \\n    sudo certbot --nginx\\n\\nThis command will ask you a few questions. Be sure to answer them then hit\\n\\\"Enter.\\\" Once you're done, you should be able to go to https://SITE_URL_HERE\\nand you're done!\\n\\nAlso note that any http:// connections are being redirected to https://\\n\\nThat's everything I'm going to outline in this blog. Obviously the next step\\nwould be to get the actual files you want to host inside the\\n/var/www/SITE_URL_HERE/html directory and replace that index.html file you\\ncreated. I'll list the links I used to create this guide below:\\n\\n#### References:\\n\\n  * Creating a sudo user\\n  * Configure SSH Key login\\n  * Securing your server\\n  * Adding a firewall\\n  * Configure Nginx\\n  * Certbot homepage / configuring wizard\\n\\nlike this post? discuss it on the forums at basementcommunity.com. Or you can\\nalso send me an email!\\n\\norchids@basementcommunity.com!\\n\\nPowered by Bear \\u0295\\u2022\\u1d25\\u2022\\u0294\\n\\n\", \"frontpage\": false}"}
