{"value":"{\"aid\": \"40192403\", \"title\": \"Claude \\u00c9mile Jean-Baptiste Litre\", \"url\": \"https://en.wikipedia.org/wiki/Claude_%C3%89mile_Jean-Baptiste_Litre\", \"domain\": \"wikipedia.org\", \"votes\": 2, \"user\": \"apollinaire\", \"posted_at\": \"2024-04-28 22:04:20\", \"comments\": 0, \"source_title\": \"Claude \\u00c9mile Jean-Baptiste Litre\", \"source_text\": \"Claude \\u00c9mile Jean-Baptiste Litre - Wikipedia\\n\\nJump to content\\n\\nSearch\\n\\n# Claude \\u00c9mile Jean-Baptiste Litre\\n\\n  * Afrikaans\\n  * Fran\\u00e7ais\\n  * Italiano\\n  * \\u65e5\\u672c\\u8a9e\\n  * \\u0423\\u043a\\u0440\\u0430\\u0457\\u043d\\u0441\\u044c\\u043a\\u0430\\n\\nEdit links\\n\\nFrom Wikipedia, the free encyclopedia\\n\\nFictional character\\n\\nClaude \\u00c9mile Jean-Baptiste Litre is a fictional character created in 1978 by\\nKenneth Woolner of the University of Waterloo to justify the use of a capital\\nL to denote litres.\\n\\nThe International System of Units usually only permits the use of a capital\\nletter when a unit is named after a person.^[1] The lower-case character l\\nmight be difficult to distinguish from the upper-case character I or the digit\\n1 in certain fonts and styles, and therefore both the lower-case (l) and the\\nupper-case (L) are allowed as the symbol for litre. The United States National\\nInstitute of Standards and Technology now recommends the use of the uppercase\\nletter L,^[2] a practice that is also widely followed in Canada and\\nAustralia.^[citation needed]\\n\\nWoolner perpetrated the April Fools' Day hoax in the April 1978 issue of \\\"CHEM\\n13 News\\\", a newsletter concerned with chemistry for school teachers. According\\nto the hoax, Claude Litre was born on 12 February 1716, the son of a\\nmanufacturer of wine bottles. During Litre's extremely distinguished fictional\\nscientific career, he purportedly proposed a unit of volume measurement that\\nwas incorporated into the International System of Units after his death in\\n1778.^[3]^[4]\\n\\nThe hoax was mistakenly printed as fact in the IUPAC journal Chemistry\\nInternational and subsequently retracted.^[3]^[5]\\n\\n## See also[edit]\\n\\n  * Etiological myth\\n\\n## References[edit]\\n\\n  1. ^ \\\"BIPM \\u2013 Table 6\\\". Archived from the original on 1 October 2009.\\n  2. ^ Non-SI units accepted for use with the SI by the CIPM \\u2013 NIST.\\n  3. ^ Jump up to: ^a ^b \\\"Claude \\u00c9mile Jean-Baptiste Litre\\\". Chem 13 News Magazine. 12 September 2018. Retrieved 30 March 2024.\\n  4. ^ \\\"Chem 13 News most memorable hoax\\\". Chem 13 News Magazine. 28 September 2018. Retrieved 30 March 2024.\\n  5. ^ Ariadne. 8 October 1984. p. 80. ISSN 0262-4079. {{cite book}}: |work= ignored (help)\\n\\n## External links[edit]\\n\\n  * Reprints of articles about the Litre hoax.\\n\\nThis article about a fictional character is a stub. You can help Wikipedia by\\nexpanding it.  \\n---  \\n  \\n  * v\\n  * t\\n  * e\\n\\nRetrieved from \\\"https://en.wikipedia.org/w/index.php?title=Claude_\\u00c9mile_Jean-\\nBaptiste_Litre&oldid=1217232084\\\"\\n\\nCategories:\\n\\n  * Fictional character stubs\\n  * Hoaxes in science\\n  * Fictional scientists\\n  * 1978 in science\\n  * Hoaxes in Canada\\n  * 1978 in Canada\\n  * 1978 hoaxes\\n  * Non-SI metric units\\n  * Fictional characters introduced in 1978\\n  * Fictitious entries\\n  * April Fools' Day jokes\\n  * Nonexistent people used in hoaxes\\n\\nHidden categories:\\n\\n  * CS1 errors: periodical ignored\\n  * Articles with short description\\n  * Short description matches Wikidata\\n  * Use dmy dates from August 2022\\n  * All articles with unsourced statements\\n  * Articles with unsourced statements from December 2020\\n  * All stub articles\\n\\n  * This page was last edited on 4 April 2024, at 16:17 (UTC).\\n  * Text is available under the Creative Commons Attribution-ShareAlike License 4.0; additional terms may apply. By using this site, you agree to the Terms of Use and Privacy Policy. Wikipedia\\u00ae is a registered trademark of the Wikimedia Foundation, Inc., a non-profit organization.\\n\\n  * Privacy policy\\n  * About Wikipedia\\n  * Disclaimers\\n  * Contact Wikipedia\\n  * Code of Conduct\\n  * Developers\\n  * Statistics\\n  * Cookie statement\\n  * Mobile view\\n  * Edit preview settings\\n\\n\", \"frontpage\": false}"}
