{"value":"{\"aid\": \"40192080\", \"title\": \"Amazon Scholar solves century-old problem with automated reasoning\", \"url\": \"https://www.amazon.science/blog/amazon-scholar-solves-century-old-problem-with-automated-reasoning\", \"domain\": \"amazon.science\", \"votes\": 1, \"user\": \"belter\", \"posted_at\": \"2024-04-28 21:21:56\", \"comments\": 0, \"source_title\": \"Amazon Scholar solves century-old problem with automated reasoning\", \"source_text\": \"Amazon Scholar solves century-old problem with automated reasoning - Amazon\\nScience\\n\\nSubscribe\\n\\nFollow Us\\n\\n  * twitter\\n  * instagram\\n  * youtube\\n  * facebook\\n  * linkedin\\n  * github\\n  * rss\\n\\n  * Research areas\\n\\n    * Automated reasoning\\n    * Cloud and systems\\n    * Computer vision\\n    * Conversational AI\\n    * Economics\\n    * Information and knowledge management\\n    * Machine learning\\n    * Operations research and optimization\\n    * Quantum technologies\\n    * Robotics\\n    * Search and information retrieval\\n    * Security, privacy, and abuse prevention\\n    * Sustainability\\n    * Automated reasoning\\n    * Cloud and systems\\n    * Computer vision\\n    * Conversational AI\\n    * Economics\\n    * Information and knowledge management\\n    * Machine learning\\n    * Operations research and optimization\\n    * Quantum technologies\\n    * Robotics\\n    * Search and information retrieval\\n    * Security, privacy, and abuse prevention\\n    * Sustainability\\n\\n  * Blog\\n\\n  * Publications\\n\\n  * Conferences\\n\\n  * Code and datasets\\n\\n  * Academia\\n\\n    * Alexa Prize\\n    * Academics at Amazon\\n    * Amazon Research Awards\\n    * Research collaborations\\n    * Alexa Prize\\n    * Academics at Amazon\\n    * Amazon Research Awards\\n    * Research collaborations\\n\\n  * Careers\\n\\nSubscribe\\n\\nAutomated reasoning\\n\\n# Amazon Scholar solves century-old problem with automated reasoning\\n\\n## Solution method uses new infrastructure that reduces proof-checking\\noverhead by more than 90%.\\n\\nBy Larry Hardesty\\n\\nApril 03, 2024\\n\\nShare\\n\\nShare\\n\\n  * Copy link\\n  * Email\\n  * Twitter\\n  * LinkedIn\\n  * Facebook\\n  * Line\\n  * Reddit\\n  * QZone\\n  * Sina Weibo\\n  * WeChat\\n  * WhatsApp\\n\\n\\u5206\\u4eab\\u5230\\u5fae\\u4fe1\\n\\nMarijn Heule, an Amazon Scholar and professor of computer science at Carnegie\\nMellon University, together with his colleague Manfred Scheucher of Technische\\nUniversit\\u00e4t Berlin, have solved a geometry problem posed almost 100 years ago\\nby the Hungarian-Australian mathematician Esther Szekeres.\\n\\nMarijn Heule, an Amazon Scholar and professor of computer science at Carnegie\\nMellon University.\\n\\nPaul Erd\\u0151s, the legendary Hungarian mathematician who gave his name to the\\nErd\\u0151s number, dubbed it the \\u201chappy-ending problem\\u201d, because work on it led to\\nthe marriage of Esther, n\\u00e9e Klein, and Erd\\u0151s\\u2019s long-time collaborator George\\nSzekeres.\\n\\nThe problem asks the minimum number of points in a plane, no three of which\\nare collinear, required to guarantee that n of the points constitute a convex\\npolygon that does not contain any of the other points. (\\u201cConvex\\u201d means that a\\nline segment connecting any two points within the polygon itself lies entirely\\nwithin the polygon.)\\n\\nEsther Szekeres dispatched the case of n = 4 in the 1930s. It was almost 50\\nyears before Heiko Harborth determined that 10 points are needed to guarantee\\nan empty pentagon. Around the same time, Joseph Horton showed that the problem\\nis insoluble for polygons with seven or more sides: no number of points will\\nguarantee that a convex 7-gon can be found that contains no other points in\\nthe collection.\\n\\nBut the remaining case \\u2014 the empty hexagon \\u2014 was still outstanding. That\\u2019s the\\nproblem that Heule and Scheucher solved. They showed that 30 points is\\nsufficient to guarantee a convex hexagon that doesn\\u2019t contain any of the other\\npoints.\\n\\nTo prove this result, Heule and Scheucher used a SAT solver, an automated-\\nreasoning tool that determines whether long chains of logical constraints can\\nbe satisfied. The SAT solver generates a proof that particular assignments of\\nvalues to variables are prohibited by the constraints. Verifying the\\ncorrectness of the proof requires another automated-reasoning tool, a proof\\nchecker.\\n\\nRelated content\\n\\nAutomated reasoning at Amazon: A conversation\\n\\nTo mark the occasion of the eighth Federated Logic Conference (FloC), Amazon\\u2019s\\nByron Cook, Daniel Kr\\u00f6ning, and Marijn Heule discussed automated reasoning\\u2019s\\nprospects.\\n\\nProofs, however, can be hundreds of terabytes in size, and just managing\\ninput-output (I/O) and data retrieval during the proof-checking process can be\\nhugely time consuming. \\u201cThe cost of checking can be, say, 100% to 200% of the\\noriginal solving time,\\u201d Heule says.\\n\\nHeule, who is a member of Amazon Web Services\\u2019 (AWS\\u2019s) Automated Reasoning\\ngroup, worked with his AWS colleagues to develop the infrastructure for a new\\nstreaming approach to proof checking, where a dedicated server core checks the\\nproof as it is generated. This reduces the proof-checking overhead from 100%\\nto 200% to somewhere around 10%.\\n\\nThis innovation, in turn, will be of use to the Automated Reasoning group in\\nits future work on, say, software security, provably correct software, and\\nhardware validation. Of course, those applications still require developers to\\ncreate rigorous formal models of the systems they\\u2019re validating. But during\\nthe proof-checking phase, \\u201cif we can do things with say 10% overhead instead\\nof 150%, that's a clear win,\\u201d Heule says.\\n\\n##\\n\\nGeometric constraints\\n\\nSAT problems are NP-complete, meaning that SAT problems can be devised that\\nwould be insoluble by all the computers in the world in the lifetime of the\\nuniverse.\\n\\nBut that doesn\\u2019t mean that all SAT problems, or even SAT problems with large\\nnumbers of variables, are insoluble, and part of the automated-reasoning\\nresearcher\\u2019s art is formulating problems in such a way that a SAT solver can\\nsolve them.\\n\\n\\u201cMarijn is best-in-the-world at mapping complex problems to solvers,\\u201d says\\nRobert Jones, a senior principal applied scientist in the AWS Automated\\nReasoning group.\\n\\nRelated content\\n\\nA billion SMT queries a day\\n\\nCAV keynote lecture by the director of applied science for AWS Identity\\nexplains how AWS is making the power of automated reasoning available to all\\ncustomers.\\n\\nThe setup of the happy-ending problem can be described using binary (Boolean)\\nvariables each of which describes the orientations of three points. The\\nvariables all have the same general form: given three points in general\\nposition (i.e., not collinear), A, B, and C, C is above the line through A and\\nB. (If the variable is false, C is necessarily below the line.) Chain enough\\nof these together, and you can specify the 30 points of the 6-gon case (or 29\\npoints, or any other number).\\n\\nWithin that framework, the difficulty is to describe the condition that there\\nbe at least one hexagon with no point inside it. Scheucher\\u2019s group had been\\nbatting that problem about for years without arriving at a formulation that a\\nSAT solver could handle. That\\u2019s where Heule came in.\\n\\nPeople mapping problems to SAT expressions often focus on concision, Heule\\nexplains; the more concise the expression, they reason, the fewer\\npossibilities the solver will need to consider. That may be true in general,\\nHeule says, but in his experience, long chains of simple constraints are often\\neasier to reason about than short chains of more complex constraints.\\n\\n##\\n\\nSimplifying the problem\\n\\nThe natural way to approach the empty-hexagon problem is to break hexagons\\ninto triangles and reason about whether each triangle has a point in its\\ninterior. Prior attempts to map this problem to a SAT expression had taken a\\ngeneral approach, specifying a set of logical constraints that could be\\napplied to any triangle in the collection and all hexagons that included that\\ntriangle. The resulting expression, Heule says, was easy to formulate but hard\\nto reason about.\\n\\nHeule suggested that he and Scheucher take the opposite tack, explicitly\\nlabeling every possible configuration of each hexagon, specifying the\\nindividual triangles using those labels, and checking each of the named\\ntriangles for points in its interior.\\n\\nThese three hexagons differ in the number of points that lie below the line\\nsegment af. Any other arrangement of points can be mapped to one of these\\nstructures. In all three hexagons, establishing that the central (pink)\\ntriangle is empty is sufficient to conclude that the point set contains an\\nempty hexagon.\\n\\n\\u201cIn this case, you really need to blow it up in order to get much smaller\\nlater,\\u201d Heule explains. \\u201cI made it 10 times bigger and afterward realized that\\nthe new expression could be compressed substantially. This compression step is\\nalso possible with existing automated-reasoning tools.\\u201d\\n\\nRelated content\\n\\nAutomated reasoning's scientific frontiers\\n\\nDistributing proof search, reasoning about distributed systems, and automating\\nregulatory compliance are just three fruitful research areas.\\n\\nOne of the ways that SAT solvers reduce the complexity of the problems they\\u2019re\\ntackling is by looking for logical redundancies and removing them. In his\\ninitial specification of the empty-hexagon problem, Heule divided each hexagon\\nin the point set into four triangles and checked each triangle for a point in\\nits interior.\\n\\nHe noticed, however, that the SAT solver reduced this step to checking only\\none triangle per hexagon. After thinking it through, Heule and Scheucher\\nrealized that in each hexagon, there was a single triangle \\u2014 call it the inner\\ntriangle \\u2014 that shared all its sides with the hexagon\\u2019s other three triangles\\n\\u2014 call them the outer triangles. If that inner triangle was empty, then it was\\npossible to deduce the existence of an empty hexagon from the points in the\\npoint set.\\n\\nSuppose that one of the outer triangles contains a point. Then it\\u2019s possible\\nto draw a new triangle that contains that point and shares a side with the\\ninner triangle. Repeating this process as needed is guaranteed to yield a\\nconvex hexagon with no points in its interior.\\n\\nIn a hexagon constructed from points in a prespecified set, if any of the\\n\\\"outer triangles\\\" enclose points in the set, it's possible to draw a new\\nhexagon \\u2014 still constructed from the same set \\u2014 that does not enclose them.\\n\\nHeule and Scheucher extracted this line of reasoning from the SAT solver\\nitself. \\u201cI have frequently seen that the solver provides useful feedback,\\nalthough it's feedback for an expert,\\u201d Heule says. \\u201cI think it's really\\nimportant that this feedback becomes available for nonexperts. For example,\\nyou implement something, and the solver says, \\u2018Okay, you're trying to do this,\\nbut that part of the expression is not needed.\\u2019 This feedback can be used to\\nreformulate the expression in such a way that that it is much easier to\\nsolve.\\u201d\\n\\nRelated content\\n\\nProving that solutions to incremental satisfiability problems are correct\\n\\nMethod enables machine-checkable proofs of SAT solvers\\u2019 decisions on\\nincremental SAT problems, in which problem constraints are gradually imposed\\nover time.\\n\\nOnce Heule and Scheucher understood what the solver was telling them, they\\nwere able to devise a more practical specification of the SAT problem. The\\nsolver was able to reason through all the possibilities for a 30-point point\\nset and prove that, within that set, there must exist at least one hexagon\\nwhose inner triangle contained no other points.\\n\\nIt was still an extremely long proof, but Heule and his AWS colleagues\\u2019 new\\nproof-checking mechanism was able to confirm its validity relatively quickly.\\n\\n\\u201cOne of the issues here is that many users of these tools don't know how to\\nget the most out of them,\\u201d Heule says. \\u201cAnd that's not only for this specific\\nproblem but for many other problems as well. Within Amazon, there are a lot of\\napplications where SAT solvers could verify developers\\u2019 work or find better\\nsolutions. I can help by writing an effective encoding, but ideally,\\neverything would be done automatically. I would love to see myself being taken\\nout of the equation.\\u201d\\n\\nResearch areas\\n\\n  * Automated reasoning\\n\\nTags\\n\\n  * Formal verification\\n  * Academics at Amazon\\n\\nAbout the Author\\n\\nLarry Hardesty\\n\\nLarry Hardesty is the editor of the Amazon Science blog. Previously, he was a\\nsenior editor at MIT Technology Review and the computer science writer at the\\nMIT News Office.\\n\\n## Related content\\n\\n  * Custom policy checks help democratize automated reasoning\\n\\nAmit Goel, Jeremiah Dunham\\n\\nDecember 08, 2023\\n\\nNew IAM Access Analyzer feature uses automated reasoning to ensure that access\\npolicies written in the IAM policy language don\\u2019t grant unintended access.\\n\\nAutomated reasoning\\n\\n  * Amazon Research Awards recipients announced\\n\\nAmazon Research Awards team\\n\\nApril 26, 2024\\n\\nAwardees, who represent 51 universities in 15 countries, have access to Amazon\\npublic datasets, along with AWS AI/ML services and tools.\\n\\n  * At NeurIPS, what's old is new again\\n\\nLarry Hardesty\\n\\nDecember 13, 2023\\n\\nAmazon Scholar and NeurIPS advisory board member Richard Zemel on what\\nrobustness and responsible AI have in common, what AI can still learn from\\nneuroscience, and the emerging topics that interest him most.\\n\\nMachine learning\\n\\n## Work with us\\n\\nSee more jobs See more jobs\\n\\nApplied Scientist, Japan Store Tech\\n\\nCN, 11, Beijing\\n\\nAmazon Search JP builds features powering product search on the Amazon JP\\nshopping site and expands the innovations... Read more\\n\\nCientista de Dados - Vaga afirmativa para mulheres, AWS Gen AI Innovation\\nCenter\\n\\nBR, SP, Sao Paulo\\n\\nA Amazon lan\\u00e7ou o Centro de Inova\\u00e7\\u00e3o de IA Generativa em junho de 2023 para\\najudar os clientes da AWS a acelerar a inova... Read more\\n\\nApplied Scientist, Outbound Communications, Traffic and Marketing Tech\\n\\nUS, WA, Seattle\\n\\nOutbound Communications own the worldwide charter for delighting our customers\\nwith timely, relevant notifications (... Read more\\n\\nApplied Scientist, Artificial General Intelligence\\n\\nUS, WA, Seattle\\n\\nThe Artificial General Intelligence (AGI) team is looking for a passionate,\\ntalented, and inventive Applied... Read more\\n\\nSenior Applied Scientist, Fulfillment by Amazon\\n\\nUS, WA, Bellevue\\n\\nThe Fulfillment by Amazon (FBA) team is looking for a passionate, curious, and\\ncreative Senior Applied Scientist, with... Read more\\n\\nApplied Scientist, FBA Science\\n\\nUS, WA, Bellevue\\n\\nThe Fulfillment by Amazon (FBA) team is looking for a passionate, curious, and\\ncreative Applied Scientist, with expertise... Read more\\n\\nEconomist, Economic Decision Science\\n\\nGB, London\\n\\nEconomic Decision Science is a central science team working across a variety\\nof topics in the EU Stores business and... Read more\\n\\nSenior Applied Scientist, CreST\\n\\nUS, WA, Seattle\\n\\nWe are looking for an Applied Scientist to join our Seattle team. As an\\nApplied Scientist, you are able to use a range of... Read more\\n\\nApplied Scientist, AWS Transcribe\\n\\nUS, WA, Seattle\\n\\nAmazon is looking for a passionate, talented, and inventive Applied Scientist\\nwith background in Natural Language... Read more\\n\\nApplied Scientist, Automated Reasoning Group\\n\\nUS, WA, Seattle\\n\\nThe Automated Reasoning Group in AWS Platform is looking for an Applied\\nScientist with experience in building... Read more\\n\\nGet more from Amazon Science\\n\\nSubscribe to our monthly newsletter\\n\\nAmazon.com | Conditions of Use | Privacy | \\u00a9 1996-2024 Amazon.com, Inc. or its affiliates\\n\\nFollow Us\\n\\n  * twitter\\n  * instagram\\n  * youtube\\n  * facebook\\n  * linkedin\\n  * github\\n  * rss\\n\\n\", \"frontpage\": false}"}
