{"value":"{\"aid\": \"40231563\", \"title\": \"Cognition: A New Antisyntax Language Redefining Metaprogramming\", \"url\": \"https://ret2pop.nullring.xyz/blog/cognition.html\", \"domain\": \"nullring.xyz\", \"votes\": 43, \"user\": \"GalaxyNova\", \"posted_at\": \"2024-05-02 00:57:22\", \"comments\": 0, \"source_title\": \"Cognition\", \"source_text\": \"Cognition\\n\\nhome | section main page\\n\\n# Cognition\\n\\n## Table of Contents\\n\\n  * 1\\\\. The problem\\n  * 2\\\\. Introduction\\n  * 3\\\\. Baremetal Cognition\\n\\n    * 3.1. Tokenization\\n    * 3.2. Faliases\\n    * 3.3. Delimiter Caveats\\n    * 3.4. Continuing the Bootstrap Code\\n  * 4\\\\. Bootstrapping Takeaways\\n  * 5\\\\. Crank\\n\\n    * 5.1. Differeneces\\n\\n      * 5.1.1. Macros\\n    * 5.2. More Code\\n    * 5.3. Metacrank\\n  * 6\\\\. The Stem Dialect, Improved\\n\\n    * 6.1. The Great Escape\\n  * 7\\\\. The Brainfuck Dialect\\n\\n    * 7.1. The Dialect Dialect\\n  * 8\\\\. Theoretical Musings\\n  * 9\\\\. Conclusion\\n\\n## 1\\\\. The problem\\n\\nLisp programmers claim that their system of s-expression code in addition to\\nits featureful macro system makes it a metaprogrammable and generalized\\nsystem. This is of course true, but there's something very broken with lisp:\\nmetaprogramming and programming aren't the same thing, meaning there will\\nalways be rigid syntax within lisp (its parentheses or the fact that it needs\\nto have characters that tell lisp to read ahead). The left parenthesis tells\\nlisp that it needs to keep on reading until the right parenthesis in order to\\nfinish some process that allows it to stop and evaluate the whole expression.\\nThis makes the left and right parenthesis unchangable from within the language\\n(not conceptually, but under some implementations it is not possible), and,\\nmore importantly, it makes the process of retroactively changing the sequence\\nin which these tokens are delimited impossible, without a heavy amount of\\nstring processing. Other langauges have other ways in which they need to read\\nahead when they see a certain token in order to decide what to do. This\\nprocess of having a program read ahead based on current input is called\\nsyntax.\\n\\nAnd as long as you read ahead, or assume a default way of reading ahead, you\\nfall into the trap of having some form of syntax. Cognition is different in\\nthat it uses an antisyntax that is fully postfix. This has similarities with\\nconcatenative programming languages, but concatenative programming langauges\\nalso suffer from two main problems: first, the introduction of the left and\\nright bracket character (which is in fact prefix notation, as it needs to read\\nahead of the input stream), and the quote character for strings. This is\\nunsuitable for such a general language. You can even see the same problem in\\nlisp's C syntax implementation: escape characters everywhere, awkward must-\\nhave spaces delimit the start and end of certain tokens (and if not, it\\nrequires post-processing). The racket programming language has its macro\\nsystem, but it is not runtime dynamic. It still utilizes preprocessing.\\n\\nSo, what's the percise solution to this connundrum? Well, it's beautiful; but\\nit requires some cognition.\\n\\n## 2\\\\. Introduction\\n\\nCognition is an active research project that Matthew Hinton and I have been\\nworking on for the past couple of months. Although my commit history for this\\nproject has not been impressive, we came up with a lot of the theory together,\\nworking alongside each other in order to achieve one of the most generalized\\nsystems of syntax we know of. Let's take a look at the conceptual reason why\\ncognition needs to exist, as well as some baremetal cognition code (you'll see\\nwhat I mean by this later). There's a paper about this language available\\nabout the language in the repository, for those interested. Understanding\\ncognition might require a lot of background in parsing, tokenization, and\\nsyntax, but I've done my best to write this in a very understandable way. The\\nrepository is available at https://github.com/metacrank/cognition, for your\\ninformation.\\n\\nFigure 1: The Cognition programming language, logo designed by Matthew Hinton\\n\\n## 3\\\\. Baremetal Cognition\\n\\nBaremetal cognition has a couple of perculiar attributes, and it is remarkably\\nlike the Brainfuck programming language. But unlike its look-alike, it has the\\nability to do some serious metaprogramming. Let's take a look at what the\\nbootstrapping code for a very minimal syntax looks like:\\n\\n    \\n    \\n    ldfgldftgldfdtgl df dfiff1 crank f\\n\\nAnd do note the whitespace (line 2 has a whitespace after df, and the newlines\\nmatter). Erm, okay. What?\\n\\nSo, our goal in this post is to get from a syntax that looks like that to a\\nsyntax that looks like Stem. But how on earth does this piece of code even\\nwork? Well, we have to introduce two new ideas: delimiters, and ignores.\\n\\n### 3.1. Tokenization\\n\\nDelimiters allow the tokenizer to figure out when one token ends and another\\nbegins. The list of single character tokenizers is public, allowing that list\\nto be modified and read from within cognition itself. Ignored characters are\\ncharacters that are completely ignored by the tokenizer in the first stage of\\nevery read-eval-print loop; that is, at the start of collecting the token, it\\nfist skips a set of ignored characters. By default, every single character is\\na delimiter, and no characters are ignored characters. The delimiter and\\nignored characters list allows you to toggle a flag to tell it to blacklist or\\nwhitelist the given characters, adding brevity (and practicality) to the\\nlanguage.\\n\\nLet's take the first line of code as an example:\\n\\n    \\n    \\n    ldfgldftgldfdtgl\\n\\nbecause of the delimiter and ignored rules set by default, every single\\ncharacter is read as a token, and no character is skipped. We therefore read\\nthe first character, l. By default, Cognition works off a stack-based\\nprogramming language design. If you're not familiar, see the Stem blogpost for\\nmore detail (in fact if you're not familiar this won't work as an explanation\\nfor you, so you should see it, or read up on the Forth programming language).\\nThough, we call them containers, as they are more general than stacks.\\nAdditionally, in this default environment, no word is executed except for\\nspecial faliases, as we will cover later.\\n\\nTherefore, the character l gets read in and is put on the stack. Then, the\\ncharacter d is read in and put on the stack. But f is different. In order to\\nexecute words in Cognition, we must take a look at the falias system.\\n\\n### 3.2. Faliases\\n\\nFaliases are a list of words that get executed when they are put on the stack,\\nor container as we will call it in the future. All of them in fact execute the\\nequivalent of eval in stem but as soon as they are put on their container.\\nMeaning, when f, the default falias, is run, it doesn't go on the container,\\nbut rather executes the top of the container which is d. d changes the\\ndelimiter list to the string value of a word, meaning that it changes the\\ndelimiters to blacklist only the character l as a delimiter. Everything else\\nby default is a delimiter because everything by default is parsed into single\\ncharacter words.\\n\\n### 3.3. Delimiter Caveats\\n\\nDelimiters have an interesting rule, and that is that the delimiter character\\nis excluded from the tokenized word unless we have not ignored a character in\\nthe tokenization loop, in which case we collect the character as a part of the\\ncurrent token and keep going. This is in contrast to a third kind of\\ntokenization category called the singlet, which includes itself into a token\\nbefore skipping itself and ending the tokenization collection.\\n\\nIn addition, remember what I said about the blacklist? Well, you can toggle\\nbetween blacklisting and whitelisting your list of delimiters, singlets, and\\nignored characters. By default, there are no blacklisted delimiters, no\\nwhitelisted singlets, and no whitelisted ignored characters.\\n\\nWe then also observe that all other characters will simply skip themselves\\nwhile being collected as a part of the current token, without ending this\\nloop, therefore collecting new characters until the loop halts via delimiter\\nor singlet rules.\\n\\n### 3.4. Continuing the Bootstrap Code\\n\\nSo far, we looked at this part of the code:\\n\\n    \\n    \\n    ldf\\n\\nwhich simply creates l as a non-delimiter. Now, for the rest of the code:\\n\\n    \\n    \\n    gldftgldfdtgl df dfiff1 crank f\\n\\ngldf puts gl on the stack due to d being a delimiter, and f is called on it,\\nmeaning that now g and l are the only non-delimiters. Then, tgl gets put on\\nthe stack and they become non-delimiters with df. dtgl gets put on the stack,\\nand the newline becomes the only non-delimiter with \\\\ndf (yes, the newline is\\nactually a part of the code here, and spaces need to be as well in order for\\nthis to work). Then, the space character, due to how delimiter rules work (if\\nyou don't ignore, the first character is parsed normally even if it is a\\ndelimiter) and \\\\n gets put on the stack. Then, another \\\\ \\\\n word is tokenized\\n(you might not see it, but there's another space on line 3). The current stack\\nlooks like this (bottom to top):\\n\\n    \\n    \\n    3. dtgl 2. [space char]\\\\n 1. [space char]\\\\n\\n\\ndf sets the non-delimiters to \\\\ \\\\n. if sets the ignores to \\\\ \\\\n, which ignores\\nthese characters at the start of tokenization. f executes dtgl, which is a\\nword that toggles the dflag, the flag that stores the whitelist/blacklist\\ndistinction for delimiters. Now, all non-delimiters are delimiters and all\\ndelimiters are non-delimiters. Finally, we're put in an environment where\\nspaces and newlines are the delimiters for tokens, and they are ignored at the\\nstart of tokenizing a token. Next, 1 is tokenized and put on the stack, and\\nthen the crank word, which is then executed by f (the 1 token is treated as a\\nnumber in this case, but everything textual in cognition is a word). We are\\ndone our bootstrapping sequence! Now, you might wonder what crank does. That\\nwe will explain in a later section.\\n\\n## 4\\\\. Bootstrapping Takeaways\\n\\nFrom this, we see a couple principles: first, cognition is able to change how\\nit tokenizes on the fly and it can do it programmatically, allowing you to\\nprogram a program in cognition that would theoretically automate the process\\nof changing these delimiters, singlets, and ignores. This is something\\nimpossible in other languages, being able to program your own tokenizer for\\nsome foreign language from within cognition, and have future code be tokenized\\nexactly like how you want it to be. This is solely possible because the\\nlanguage is postfix and doesn't read ahead, so it doesn't require more than\\none token to be parsed before an expression is evaluated. Second, faliases\\nallow us to execute words without having to have prefix words or any default\\nexecution of words.\\n\\n## 5\\\\. Crank\\n\\nThe metacrank system allows us to set a default way in which tokens are\\nexecuted on the stack. The crank word takes a number as its argument and by\\neffect executes the top of the stack for every n words you put on the stack.\\nTo make this concept concrete, let's look at some code (running from what we\\ncall crank 1 as we set our environment to crank one at the end of the\\nbootstrapping sequence):\\n\\n    \\n    \\n    5 crank 2crank 2 crank 1 crank unglue swap quote prepose def\\n\\nthe crank 1 environment allows us to stop using f in order to evaluate tokens.\\nInstead, every 1 token that is tokenized is evaluated. Since we programmed in\\na newline and space-delimited syntax, we can safely interpret this code\\nintuitively.\\n\\nThe code begins by trying to evaluate 5, which evaluates to itself as it is\\nnot a builtin. crank evaluates and puts us in 5 crank, meaning every 5th token\\nevaluates from here on. 2crank, 2, crank, 1 are all put on the stack, leaving\\nus with a stack that looks like so (notice that crank doesn't get executed\\neven though it is a bulitin because we set ourselves to using crank 5):\\n\\n    \\n    \\n    4. 2crank 3. 2 2. crank 1. 1\\n\\ncrank is the 5th word, so it executes. Note that this puts us back in crank 1,\\nmeaning every word is evaluated. unglue is a builtin that gets the value of\\nthe word at the top of the stack (as 1 is used up by the crank we evaluated),\\nand so it gets the value of crank, which is a builtin. What that in effect\\ndoes is it gets the function pointer associated with the crank builtin. Our\\nnew stack looks like this:\\n\\n    \\n    \\n    3. 2crank 2. 2 1. [CLIB]\\n\\nWhere CLIB is our function pointer that points to the crank builtin. We then\\nswap:\\n\\n    \\n    \\n    3. 2crank 2. [CLIB] 1. 2\\n\\nthen quote, a builtin that quotes the top thing on the stack:\\n\\n    \\n    \\n    3. 2crank 2. [CLIB] 1. [2]\\n\\nthen prepose, a builtin like compose in stem, except that it preposes and that\\nit puts things in what we call a VMACRO:\\n\\n    \\n    \\n    2. 2crank 1. ( [2] [CLIB] )\\n\\nthen we call def. This defines a word 2crank that puts 2 on the stack and then\\ncalls a function pointer pointing us to the crank builtin. Now, we still have\\nto define what VMACROs are, and in order to do that we might have to explain\\nsome differences between the cognition stack and the stem stack.\\n\\n### 5.1. Differeneces\\n\\nIn the stem stack, putting words on the stack directly is allowed. In\\ncognition, words are put in containers when they are put on the stack and not\\nevaluated. This means words like compose in stem work on words (or more\\naccurately containers with a single word in them) as well as other containers,\\nmaking the API for this language more consistent. Additionally, words like cd\\nas we will make use of this concept.\\n\\n#### 5.1.1. Macros\\n\\nMacros are another difference between stem quotes and cognition containers.\\nWhen macros are evaluated, everything in the macro is evaluated, ignoring the\\ncrank. If bound to a word, evaluating that word evaluates the macro which will\\nignore the crank completely and will only increment the cranker by one, while\\nevaluating each statement in the macro. They are useful for making crank-\\nagnostic code, and expanding macros is very useful for the purpose of\\noptimization, although we will actually have to write the word expand from\\nmore primitive words later on (hint: it uses recursive unglue).\\n\\n### 5.2. More Code\\n\\nHere is te rest of the code in bootstrap.cog in coglib/:\\n\\n    \\n    \\n    getd dup _ concat _ swap d i _quote_swap_quote_compose_swap_dup_d_i eval 2crank ing 0 crank spc 2crank ing 1 crank swap quote def 2crank ing 0 crank endl 2crank ing 1 crank swap quote def 2crank ing 1 crank 2crank ing 3 crank load ../coglib/ quote 2crank ing 2 crank swap unglue concat unglue fread unglue evalstr unglue 2crank ing 1 crank compose compose compose compose VMACRO cast def 2crank ing 1 crank 2crank ing 1 crank getargs 1 split swap drop 1 split drop 2crank ing 1 crank 2crank ing 1 crank epop drop 2crank ing 1 crank INDEX spc OUT spc OF spc RANGE 2crank ing 1 crank concat concat concat concat concat concat = 2crank ing 1 crank 2crank ing 1 crank missing spc filename concat concat dup endl concat 2crank ing 1 crank swap quote swap quote compose 2crank ing 2 crank print compose exit compose 2crank ing 1 crank 2crank ing 0 crank fread evalstr 2crank ing 1 crank compose 2crank ing 1 crank 2crank ing 1 crank if\\n\\nOkay, well, the syntax still doesn't look so good, and it's still pretty hard\\nto get what this is doing. But the basic idea is that 2crank is a macro and is\\ntherefore crank agnostic, and we guarantee its execution with ing, another\\nfalias (because it's funny). Then, we execute an n crank, which standardizes\\nwhat crank each line is in (you might wonder what ing and f's interaction is\\nwith the cranker. It actually just guarantees the evaluation of the previous\\nthing, so if the previous thing already evaluated f and ing both do nothing).\\nIn any case, this defines words that are useful, such as load, which loads\\nsomething from the coglib. It does this by compose-ing things into quotes and\\nthen def-ing those quotes.\\n\\nThe crank, and by extension, the metacrank system is needed in order to\\ndiscriminate between evaluating some tokens and storing others for\\nmetaprogramming without having to use f, while also keeping the system\\npostfix. Crank is just one word that allows for this type of behavior; the\\nmore general word, metacrank, allows for much more interesting kinds of syntax\\nmanipulation. We have examples of metacrank down the line, but for now I\\nshould explain the metacrank word.\\n\\n### 5.3. Metacrank\\n\\nn m metacrank sets a periodic evaluation m for an element n items down the\\nstack. The crank word is therefore equivalent to 0 m metacrank. Only one token\\ncan be evaluated per tokenized token, although every metacrank is incremented\\nper token, where lower metacranks get priority. This means that if you set two\\ndifferent metacranks, only one of them can execute per token tokenized, and\\nthe lower metacrank gets priority. Note that metacrank and, by extension,\\ncrank, don't just depend on tokenized words; they also work while evaluating\\nword definitions recursively, meaning if a word is evaluated in 2 crank, one\\nout of two words will execute in each level of the evaluation tree. You can\\nplay around with this in the repl to get a sense of how it works: run ../crank\\nbootstrap.cog repl.cog devel.cog load in the coglib folder, and use stem like\\nsyntax in order to define a function. Then, run that function in 2 crank. You\\nwill see how the evaluation tree respects cranking in the same way that the\\nprogram file itself does.\\n\\nMetacrank allows for not only metaprogramming in the form of code building,\\nbut also direct syntax manipulation (i.e. I want to execute this token once I\\nhave read n other token(s)). The advantages to this system compared to other\\nprogramming languages' systems are clear: you can program a prefix word and\\nundef it when you want to rip out that part of syntax. You can write a prefix\\ncharacter that doesn't stop at an ending character but always stops when you\\nread a certain number of tokens. You can feed user input into a math program\\nand feed the output into a syntax system like metacrank. The possibilities are\\nendless! And with that, we will slowly build up the stem programming language,\\nv2, now with macros and from within our own cognition.\\n\\n## 6\\\\. The Stem Dialect, Improved\\n\\nIn this piece of code, we define the comment:\\n\\n    \\n    \\n    2crank ing 0 crank ff 1 2crank ing 1 crank cut unaliasf 2crank ing 0 crank 0 2crank ing 1 crank cut swap quote def 2crank ing 0 crank 2crank ing 0 crank # 2crank ing 0 crank geti getd gets crankbase f d f i endl s 2crank ing 1 crank compose compose compose compose compose compose compose compose compose 2crank ing 0 crank drop halt crank s d i 2crank ing 1 crank compose compose compose compose compose VMACRO cast quote compose 2crank ing 0 crank halt 1 quote ing 1 quote ing metacrank 2crank ing 1 crank compose compose compose compose VMACRO cast 2crank ing 1 crank def 2crank ing 2 crank # singlet # delim 2crank ing 1 crank #comment: geti getd gets crankbase '' d '' i '\\\\n' s ( drop halt crank s d i ) halt 1 1 metacrank\\n\\nand it is our first piece of code that builds something truly prefix. The\\ncomment character is a prefix that drops all the text before the newline\\ncharacter, which is a type of word that tells the parser to read ahead. This\\nis our first indication that everything that we thought was possible within\\ncognition truly is.\\n\\nBut before that, we can look at the first couple of lines:\\n\\n    \\n    \\n    2crank ing 0 crank ff 1 2crank ing 1 crank cut unaliasf 2crank ing 0 crank 0 2crank ing 1 crank cut swap quote def 2crank ing 0 crank\\n\\nwhich simply unaliases f from the falias list, with ing being the only\\nremaining falias. In cognition, even these faliases are changeable.\\n\\nSince we can't put f directly on the stack (if we try by just using f, it\\nwould execute), we instead utilize some very minimal string processing to do\\nit, putting ff on the stack and then cutting the string in half to get two\\ncopies of f. We then want f to mean false, which in cognition is just an empty\\nword. Therefore, we make an empty word by calling 0 cut on this string, and\\nthen def-ing f to the empty string. The following code is where the comment is\\ndefined:\\n\\n    \\n    \\n    2crank ing 0 crank # 2crank ing 0 crank geti getd gets crankbase f d f i endl s 2crank ing 1 crank compose compose compose compose compose compose compose compose compose 2crank ing 0 crank drop halt crank s d i 2crank ing 1 crank compose compose compose compose compose VMACRO cast quote compose 2crank ing 0 crank halt 1 quote ing 1 quote ing metacrank 2crank ing 1 crank compose compose compose compose VMACRO cast 2crank ing 1 crank def 2crank ing 2 crank # singlet # delim 2crank ing 1 crank #comment: geti getd gets crankbase '' d '' i '\\\\n' s ( drop halt crank s d i ) halt 1 1 metacrank\\n\\nRelevant: halt just puts you in 0 for all metacranks, and VMACRO cast just\\nturns the top thing on the stack from a container to a macro. geti, getd, gets\\ngets the ignores, delims, and singlets respectively as a string; drop is dsc\\nin stem. singlet and delim sets the singlets and delimiters. endl is defined\\nwithint bootstrap.cog and just puts the newline character as a word on the\\nstack. crankbase gets the current crank.\\n\\nwe call a lot of compose words in order to build this definition, and we make\\nthe # character a singlet delimiter in order to allow for spaces after the\\ncomment. We put ourselves in 1 1 metacrank in the # definition while altering\\nthe tokenization rules beforehand in order to tokenize everything until a\\nnewline as a token while calling # on said word in order to effectively drop\\nthat comment and get ourselves back in the original crank and metacrank. Thus,\\nthe brilliant # character is written, operating on a token that is tokenized\\nin the future, with complete default postfix syntax. With the information\\nabove, one can work out the specifics of how it works; the point is that it\\ndoes, and one can test that it does by going into the coglib folder and\\nrunning ../crank bootstrap.cog repl.cog devel.cog load, which will load the\\nREPL and load devel.cog, which will in turn load comment.cog.\\n\\n### 6.1. The Great Escape\\n\\nHere, we accelerate our way out of this primitive syntax, and it all starts\\nwith the great escape character. We make many great leaps in this section that\\naren't entirely explained for the sake of brevity, but you are free to play\\naround with all of these things by using the repl. In any case, I hope you\\nwill enjoy this great leap in syntax technology; by the end, we will have\\nreached something with real structure.\\n\\nHere we define a preliminary prefix escape character. Also you will notice\\nthat 2crank ing 0 crank is used as padding between lines:\\n\\n    \\n    \\n    2crank ing 2 crank comment.cog load 2crank ing 0 crank 2crank ing 1 crank # preliminary escape character \\\\ 2crank ing 1 crank \\\\ 2crank ing 0 crank halt 1 quote ing crank 2crank ing 1 crank compose compose 2crank ing 2 crank VMACRO cast quote eval 2crank ing 0 crank halt 1 quote ing dup ing metacrank 2crank ing 1 crank compose compose compose compose 2crank ing 2 crank VMACRO cast 2crank ing 1 crank def 2crank ing 0 crank 2crank ing 0 crank\\n\\nThis allows for escaping so that we can put something on the stack even if it\\nis to be evaluated, but we want to redefine this character eventually to be\\ncompatible with stem-like quotes. We're even using our comment character in\\norder to annotate this code by now! Here is the full quote definition (once we\\nhave this definition, we can use it to improve itself):\\n\\n    \\n    \\n    2crank ing 0 crank [ 2crank ing 0 crank 2crank ing 1 crank # init 2crank ing 0 crank crankbase 1 quote ing metacrankbase dup 1 quote ing = 2crank ing 1 crank compose compose compose compose compose 2crank ing 0 crank 2crank ing 1 crank # meta-crank-stuff0 2crank ing 3 crank dup ] quote = 2crank ing 1 crank compose compose 2crank ing 16 crank drop swap drop swap 1 quote swap metacrank swap crank quote 2crank ing 3 crank compose dup quote dip swap 2crank ing 1 crank compose compose compose compose compose compose compose compose 2crank ing 1 crank compose compose compose compose compose \\\\ VMACRO cast quote compose 2crank ing 3 crank compose dup quote dip swap 2crank ing 1 crank compose compose compose \\\\ VMACRO cast quote compose \\\\ if compose 2crank ing 1 crank \\\\ VMACRO cast quote quote compose 2crank ing 0 crank 2crank ing 1 crank # meta-crank-stuff1 2crank ing 3 crank dup ] quote = 2crank ing 1 crank compose compose 2crank ing 16 crank drop swap drop swap 1 quote swap metacrank swap crank 2crank ing 1 crank compose compose compose compose compose compose compose compose \\\\ VMACRO cast quote compose 2crank ing 3 crank compose dup quote dip swap 2crank ing 1 crank compose compose compose \\\\ VMACRO cast quote compose \\\\ if compose 2crank ing 1 crank \\\\ VMACRO cast quote quote compose 2crank ing 0 crank 2crank ing 1 crank # rest of the definition 2crank ing 16 crank if dup stack swap 0 quote crank 2crank ing 2 crank 1 quote 1 quote metacrank 2crank ing 1 crank compose compose compose compose compose compose compose compose 2crank ing 1 crank compose \\\\ VMACRO cast 2crank ing 0 crank 2crank ing 1 crank def\\n\\nUm, it's quite the spectacle how Matthew Hinton ever came up with this thing,\\nbut alas, it exists. Then, we use it in order to redefine itself, but better\\nas the old quote definition can't do recursive quotes (we can do this because\\nthe definition is used before you redefine the word due to postfix def, a\\ndevelopment pattern seen often in low level cognition):\\n\\n    \\n    \\n    \\\\ [ [ crankbase ] [ 1 ] quote compose [ metacrankbase dup ] compose [ 1 ] quote compose [ = ] compose [ dup ] \\\\ ] quote compose [ = ] compose [ drop swap drop swap ] [ 1 ] quote compose [ swap metacrank swap crank quote compose ] compose [ dup ] quote compose [ dip swap ] compose \\\\ VMACRO cast quote compose [ dup dup dup ] \\\\ [ quote compose [ = swap ] compose \\\\ ( quote compose [ = or swap ] compose \\\\ \\\\ quote compose [ = or ] compose [ eval ] quote compose [ compose ] [ dup ] quote compose [ dip swap ] compose \\\\ VMACRO cast quote compose [ if ] compose \\\\ VMACRO cast quote compose [ if ] compose \\\\ VMACRO cast quote quote [ dup ] \\\\ ] quote compose [ = ] compose [ drop swap drop swap ] [ 1 ] quote compose [ swap metacrank swap crank ] compose \\\\ VMACRO cast quote compose [ dup dup dup ] \\\\ [ quote compose [ = swap ] compose \\\\ ( quote compose [ = or swap ] compose \\\\ \\\\ quote compose [ = or ] compose [ eval ] quote compose [ compose ] [ dup ] quote compose [ dip swap ] compose \\\\ VMACRO cast quote compose [ if ] compose \\\\ VMACRO cast quote compose [ if ] compose \\\\ VMACRO cast quote quote compose compose [ if dup stack swap ] compose [ 0 ] quote compose [ crank ] compose [ 1 ] quote dup compose compose [ metacrank ] compose \\\\ VMACRO cast def\\n\\nOkay, so now we can use recursive quoting, just like in stem. But there are\\nstill a couple things missing that we probably want: a good string quote\\nimplementation, and probably escape characters that work in the brackets.\\nAlso, since Cognition utilizes macros, we probably want a way to notate those\\nas well, and we probably want a way to expand macros. We can do all of that!\\nFirst, we will have to redefine \\\\ once more:\\n\\n    \\n    \\n    \\\\ \\\\ [ [ 1 ] metacrankbase [ 1 ] = ] [ halt [ 1 ] [ 1 ] metacrank quote compose [ dup ] dip swap ] \\\\ VMACRO cast quote quote compose [ halt [ 1 ] crank ] VMACRO cast quote quote compose [ if halt [ 1 ] [ 1 ] metacrank ] compose \\\\ VMACRO cast def\\n\\nThis piece of code defines the bracket but for macros (split just splits a\\nlist into two):\\n\\n    \\n    \\n    \\\\ ( \\\\ [ unglue [ 11 ] split swap [ 10 ] split drop [ macro ] compose [ 18 ] split quote [ prepose ] compose dip [ 17 ] split eval eval [ 1 ] del [ \\\\ ) ] [ 1 ] put quote quote quote [ prepose ] compose dip [ 16 ] split eval eval [ 1 ] del [ \\\\ ) ] [ 1 ] put quote quote quote [ prepose ] compose dip prepose def\\n\\nWe want these macros to automatically expand because it's more efficient to\\nbind already expanded macros to words, and they functionally evaluate\\nidentically (isdef just returns a boolean where true is a non-empty string,\\nfalse is an empty string, if a word is defined):\\n\\n    \\n    \\n    \\\\ ( ( crankbase [ 1 ] metacrankbase dup [ 1 ] = [ ( dup \\\\ ) = ( drop swap drop swap [ 1 ] swap metacrank swap crank quote compose ( dup ) dip swap ) ( dup dup dup \\\\ [ = swap \\\\ ( = or swap \\\\ \\\\ = or ( eval ) ( dup isdef ( unglue ) [ ] if compose ( dup ) dip swap ) if ) if ) ] [ ( dup \\\\ ) = ( drop swap drop swap [ 1 ] swap metacrank swap crank ) ( dup dup dup \\\\ [ = swap \\\\ ( = or swap \\\\ \\\\ = or ( eval ) ( dup isdef ( unglue ) [ ] if compose ( dup ) dip swap ) if ) if ) ] if dup macro swap [ 0 ] crank [ 1 ] [ 1 ] metacrank ) def\\n\\nand you can see that as we define more things, our language is beginning to\\nlook more or less like it has syntax! In this quote.cog file which we have\\nbeen looking at, there are more things, but the bulk of it is pretty much\\ndone. From here on, I will just explain the syntax programmed by quote.cog\\ninstead of showing the specific code.\\n\\nAs an example, here is expand:\\n\\n    \\n    \\n    # define basic expand (works on nonempty macros only) [ expand ] ( macro swap ( [ 1 ] split ( isword ( dup isdef ( unglue ) ( ) if ) ( ) if compose ) dip size [ 0 ] > ( ( ( dup ) dip swap ) dip swap eval ) ( ) if ) dup ( swap ( swap ) dip ) dip eval drop swap drop ) def # complete expand (checks for definitions within child first without copying hashtables) [ expand ] ( size [ 0 ] > ( type [ VSTACK ] = ) ( return ) if ? ( macro swap macro ( ( ( size dup [ 0 ] > ) dip swap ) dip swap ( ( ( 1 - dup ( vat ) dip swap ( del ) dip ) dip compose ) dip dup eval ) ( drop swap drop ) if ) dup eval ( ( [ 1 ] split ( isword ( compose cd dup isdef ( unglue pop ) ( pop dup isdef ( unglue ) ( ) if ) if ) ( ) if ( swap ) dip compose swap ) dip size [ 0 ] > ) dip swap ( dup eval ) ( drop drop swap compose ) if ) dup eval ) ( expand ) if ) def\\n\\nWhich recursively expands word definitions inside a quote or macro, using the\\nword unglue. We've used the expand word in order to redefine itself in a more\\ngeneral case.\\n\\n## 7\\\\. The Brainfuck Dialect\\n\\nAnd returning to whence we came, we define the Brainfuck dialect with our\\ncurrent advanced stem dialect:\\n\\n    \\n    \\n    comment.cog load quote.cog load [ ] [ ] [ 0 ] [ > ] [[ swap [[ compose ]] dip size [ 0 ] = [ [ 0 ] ] [[ [ 1 ] split swap ]] if ]] def [ < ] [[ prepose [[ size dup [ 0 ] = [ ] [[ [ 1 ] - split ]] if ]] dip swap ]] def [ + ] [[ [ 1 ] + ]] def [ - ] [[ [ 1 ] - ]] def [ . ] [[ dup char print ]] def [ , ] [[ drop read byte ]] def [ pick ] ( ( ( dup ) dip swap ) dip swap ) def [ exec ] ( ( [ 1 ] * dup ) dip swap [ 0 ] = ( drop ) ( dup ( evalstr ) dip \\\\ exec ) if ) def \\\\ [ ( ( dup [ \\\\ ] ] = ( drop swap - [ 1 ] * dup [ 0 ] = ( drop swap drop halt [ 1 ] crank exec ) ( swap [ \\\\ ] ] concat pick ) if ) ( dup [ \\\\ [ ] = ( concat swap + swap pick ) ( concat pick ) if ) if ) dup [ 1 ] swap f swap halt [ 1 ] [ 1 ] metacrank ) def ><+-,.[] dup ( i s itgl f d ) eval\\n\\ntest with ../crank -s 2 bootstrap.cog helloworld.bf brainfuck.cog. You may of\\ncourse load your favorite brainfuck file with this method. Note that\\nbrainfuck.cog isn't a brainfuck parser in the ordinary sense; it actually\\ndefines brainfuck words and tokenizes brainfuck, running it in the native\\ncognition environment.\\n\\nIt's very profound, as well, how our current syntax allows us to define an\\nalternate syntax with great ease. It might make you wonder if it's possible to\\nspecifically craft a syntax whose job is to write other syntaxes. Another\\ninteresting observation you might have is that Cognition defines syntax by\\ndefining a prefix character as a word that uses metacrank, rather than reading\\nsymbols and deciding what to do based on symbols. It's almost as if the syntax\\nbecomes inherent to the word that's being defined.\\n\\nThese two ideas synthesize to create something truly exciting, but that hasn't\\nyet been implemented in the standard library (though we very much know that it\\nis possible). Introducing: the dialect dialect of Cognition...\\n\\n### 7.1. The Dialect Dialect\\n\\nImagine a word mkprefix, that takes two input words (say for example [ and ]),\\nand an operation, and automatically defines [ to apply said operation until it\\nhits a ] character. This is possible because constructs like metacrank and def\\nare all just regular words, so it's possible to use them as words to\\nmetaprogram with. In fact, everything is just a word (even d, i, and s), so\\nyou can imagine a hyperabstract dialect that includes words like mkprefix,\\nusing syntax to automate the process of implementing more syntax. Such a\\nconstruct I have not encountered in any other programming language. Yet, in\\nyour own Cognition, you can make nearly anything a reality.\\n\\nSuch creative things Matthew Hinton and I have discussed as possibilities\\nregarding the standard library. Right now, the standard library has metawords\\nthat generate abstract words automatically and call them. This is possible\\nthrough string concatenation and using def in the definition of another word\\nalso (this is also possible in my prior programming language Stem). We have\\ndiscussed the possibility of a word that searches for word-generators to\\nabstract its current wordlist automatically, and we have talked about the\\npossibility of directing this abstraction framework for the purpose of solving\\na problem. These are conceptually possible words to write within cognition,\\nand this might give you an idea of how powerful this idea is.\\n\\n## 8\\\\. Theoretical Musings\\n\\nThere are a couple of things about Cognition that make it interesting beyond\\nits quirks. For instance, string processing in this language is equivalent to\\ntokenizer postprocessing, which makes string operations inherently extremely\\npowerful in this language. It also has potential applications in Symbolic AI\\nand in syntax and grammar research, where prototypes of languages and\\nmetalanguages can be tested with ease. I'd imagine that anyone configuring a\\nprogram that reads a configuration file would really want their configuration\\nlanguage to be something like this, where they can have full freedom over the\\nsyntax (and metasyntax) in which they program in (think about a Cognition\\nbased shell, or a Cognition based operating system!). Though, the point of\\nworking on this language was never its applications; its intrinsic beauty is\\nits own philosophical statement.\\n\\n## 9\\\\. Conclusion\\n\\nYou can imagine cognition can program basically any syntax you would want, and\\nin this article, we demonstrate the power of the already existing code that\\nmakes cognition work. In short, the system allows for true syntax as code, as\\nmy friend Andrei put it; one can dynamically program and even automate the\\nproduction of syntax. In this article, we didn't have the space to cover other\\nimportant Cognition concepts like the Metastack and words like cd, but this\\ncan be done in a part 2 of this blog post. For now, let's leave off here, and\\nwe can meet here once more for a part two.\\n\\nCopyright \\u00a9 2024 Preston Pan\\n\\n\", \"frontpage\": true}"}
