{"value":"{\"aid\": \"40231148\", \"title\": \"Minutes Until the End of the World?\", \"url\": \"https://www.politico.com/news/magazine/2024/04/29/the-frighteningly-fast-path-to-nuclear-armageddon-00154591\", \"domain\": \"politico.com\", \"votes\": 1, \"user\": \"rafaelc\", \"posted_at\": \"2024-05-01 23:58:35\", \"comments\": 0, \"source_title\": \"Just a moment...\", \"source_text\": \"Just a moment...\\n\\n# www.politico.com\\n\\n## Verifying you are human. This may take a few seconds.\\n\\nwww.politico.com needs to review the security of your connection before\\nproceeding.\\n\\nVerification successful\\n\\nWaiting for www.politico.com to respond...\\n\\nRay ID: 87d43571cf269067\\n\\nPerformance & security by Cloudflare\\n\\n\", \"frontpage\": false}"}
