{"value":"{\"aid\": \"40228898\", \"title\": \"One RaspBerry to replace my K8s cluster\", \"url\": \"https://yomain.dev/blog/raspberry-oh-my-raspberry/\", \"domain\": \"yomain.dev\", \"votes\": 12, \"user\": \"Yomain_\", \"posted_at\": \"2024-05-01 20:25:43\", \"comments\": 2, \"source_title\": \"One RaspBerry to replace my k8s cluster\", \"source_text\": \"One RaspBerry to replace my k8s cluster\\n\\n../raspberry-oh-my-raspberry\\n\\nPublished on: 2024-05-01\\n\\n# One RaspBerry to replace my k8s cluster\\n\\nMy raspberry Pi 4 helps me to host several websites and utilities tools, using\\ndocker and ansible to provision everything.\\n\\nI\\u2019ll describe here my joys and struggles, in the hope that this will encourage\\nyou to get one :)\\n\\n## Hosting a website\\n\\nThat\\u2019s the main reason why I got this RaspBerry. I have a website for\\nbeekeepers (well just one, my father). It was running in a k8s cluster hosted\\non digital ocean, and as you can guess it was quite expensive for a website of\\nthat size (50$/month - 2 nodes + 1 load balancer). I was planning to use the\\nRaspBerry to save me some money.\\n\\nThe website itself is not really big. But it does run using several\\npython/rust micro-services I created. I use this website as a way to ramp up\\nmy skills as well (hence why I chose to run it on a k8s cluster... to learn\\nmore about the beast, to my wallet expense).\\n\\nHow to start that migration ? Well, first off I tried to run some of those\\nmicro-services inside my RaspBerry !\\n\\n### Building docker images for ARM\\n\\nI use docker to run all of my stack, and I thought this was going to be a\\npiece of cake. Innocent me !\\n\\nBuilding my services\\u2019 images was my first big challenge. Up till then, I was\\nbuilding my images from and for an x86 processor architecture. But RaspBerry\\nruns on ARM... so I needed to build my image for that specific platform.\\n\\nAnd since I wanted to build my images using a CI, it had to check how to build\\nan image both for both platforms in an automated way.\\n\\nThat\\u2019s how I learnt about Qemu, a tool that emulates a bunch of different\\nprocessor architectures. It\\u2019s able to take a set of instructions and convert\\nit to any other architecture it supports, and allows docker to build multi-\\nplatform images.\\n\\nYou will need to use docker buildx for building multiplatform images. You will\\nalso not make it out alive without reading the official documentation from\\ndocker about multi-platform images.\\n\\nOverall the experience was nice with python images. But more, much more\\nchallenging with rust ones. The binary built by rust should also be compiled\\nfor a target architecture as well, and it does need a bit more twicking to get\\nit working correctly.\\n\\nAfter struggling a lot, learnt about the linking phase and so on, before\\nfinally being able to run all of my services in my RaspBerry. Now I just\\nneeded start them and test that my website is running well... That leads me to\\nthe next ection, about networking.\\n\\n### Network configuration\\n\\n#### Getting reachable from the Internet\\n\\nI had to configure my internet box in order for it to be reachable from the\\npublic Internet, and to redirect all traffic to my RaspBerry. That part\\ndepends on your internet provider and the box you are using. It should not be\\ndifficult to put in place as long as you have admin access to your network.\\n\\n#### DNS and SSL\\n\\nBeing able to be reached through an IP address is good, but you probably want\\nto own a domain that redirect to that IP. And that always means having a SSL\\ncertificate to allow https traffic. I wouldn\\u2019t do it otherwise anyway.\\n\\nSo I bought my domain on google domains. I had to transfer it to digital ocean\\nbecause google doesn\\u2019t support wildcard certificate with more than 1 level of\\nsubdomain (things like *.yyy.mydomain.com), and this is what I wanted.\\n\\nI used certbot to do that. It handles all the stuff automatically for me,\\nincluding renewals. I configured it once and never looked back at it. Works\\nlike a charm !\\n\\nSmall note: Certbot is the only service I installed on my raspberry that is\\nnot running in a docker container.\\n\\n### A load balancer\\n\\nOnce you receive traffic, unless you are only hosting one service, you will\\nneed a load balancer acting as a reverse proxy. It takes the traffic from\\nInternet and redirect it to one of your services, based on the routing\\nconfigured in the load balancer.\\n\\nThere\\u2019s plenty of choices over there, I selected HAProxy because I never used\\nit before and it\\u2019s fully open source.\\n\\nAnd it\\u2019s really not complex. I set it up quickly and was able to redirect the\\ntraffic to my services based on subdomains. It handles traffics coming from\\nInternet (using my public DNS) but also from my home network (with another\\ninternal DNS configured on my ISP box). It\\u2019s kind of neat because it allows me\\nto have configuration about public/private endpoints in the same place.\\n\\n## Securing your network\\n\\nMy raspberry is now available to the whole Internet. This is a good news, but\\nit is also really scary because anyone can come knock at the door. You should\\nreally be careful about what you\\u2019re making publicly available and how secured\\nit is. There\\u2019s a lot of bad actors out there who are scanning the whole\\ninternet looking for exploits.\\n\\nThose bots usually target range of IPs and try known vulnerabilities. To\\nprotect myself against them, I reduced the number of port opened on the\\nraspberry to limit the attack surface. The only open ports are related to http\\ntraffic (port 80 and 443) and the ssh server (port 22). The rest is closed.\\n\\nAs of my services, they are all running in docker, in a private docker network\\nand are not exposed to the outside.\\n\\nThe reverse proxy is the only service exposed outside of my docker network. It\\nhas been configured to take in SSL trafic and decrypt it. Once in my docker\\nnetwork, everything is working through http.\\n\\n## Backup of data\\n\\nInitially I had my postgres database hosted in a vm from Digital Ocean.\\nInitially, it was the only service I didn\\u2019t want to host in my RaspBerry\\nbecause I didn\\u2019t want to manage the backup of my data.\\n\\nIt\\u2019s only after some time with my services running in the RaspBerry that I\\nrealized I could hugely improve performances by having postgres running\\ndirectly in my RaspBerry (rather than some server in another country). But I\\nwas still scared about storing data inside the RaspBerry. So I came up with a\\nlitle script that would basically save my postgres data on a S3 bucket on a\\ndaily basis... Given the activity on the website and its number of users, a\\ndaily backup is definitively acceptable.\\n\\nI created that through a python script. I did try to use the aws cli instead\\nbut I didn\\u2019t manage to install it on the RaspBerry (ARM again...) and the\\npython alternative using botocore seemed easier to me.\\n\\nThat script is running daily through a cronjob and can backup any kind of data\\nto S3, I use it for other use cases than postgres as well :)\\n\\n## Password manager\\n\\nI am hosting my own bitwarden server in my RaspBerry. I actually use\\nVaultwarden because it\\u2019s less greedy on resources. And I never had any issue\\nwith it.\\n\\nIt took me one evening to set it up and I hadn\\u2019t look back since then. The\\nthing is rock solid. I am also backing up my encrypted passwords in a s3\\nbucket as well !\\n\\n## Monitoring\\n\\nI wanted to know what\\u2019s happening in the RaspBerry. For some time I felt blind\\nin term of everything (cpu/mem usages, incoming/outgoing traffic, services\\nhealth...).\\n\\nSo I installed a prometheus and grafana on it. Promotheus is allowing me to\\ncollect various metrics, whether it\\u2019s from docker containers or the RaspBerry\\nitself. The grafana instance allows me to have a nice view on it.\\n\\nI didn\\u2019t set up everything yet but I plan to monitor upgrades and cronjob\\nexecutions (the backup) thanks ot it. If on top of that I manage to add some\\nalerting, that would be perfect.\\n\\n## Ansible and RaspBerry, that\\u2019s a match\\n\\nWell, it starts to add up quite a bit no ? All of this configuration, it would\\nbe a shame to have to redo it over again. So I thought about a way to\\nautomatically provision my RaspBerry, and here comes Ansible !\\n\\nAs I was looking for a tool to manage my RaspBerry infrastructure, I started\\nto play with Ansible and it looked exactly like what I wanted. It uses ssh to\\nconnect to my RaspBerry and to apply a bunch of commands that I have\\nconfigured myself.\\n\\nLiterrally everything I have installed/configured/executed in my RaspBerry is\\ndone through Ansible. Except for the user used by Ansible. I created it\\nmanually and generated its ssh keys myself.\\n\\nAnsible allows you to execute everything. It has a whole sea of plugins\\navailable to manage stuff (docker, file system, git, cron... you name it), but\\nit can also run your own bash commands.\\n\\nAnother thing I really like about Ansible is that there is a native way to\\nmanage secrets. You can encrypt files with secrets and reuse them in different\\nparts of the infrastructure. Not that it matters a lot, but I try to open\\nsource everything I do as a way for me to follow best practices.\\n\\n## Conclusion\\n\\nI think I am already making a decent usage of my RaspBerry. It already helps\\nme to save lots of money, and it helps me to learn a lot of stuff I wouldn\\u2019t\\nhave known otherwise. Being able to monitor the RaspBerry showed me I was\\nbarely using any CPU/memory, and this still surprises to this day given all\\nthe things I already had running inside.\\n\\nI consider having a RaspBerry is a great opportunity for developers to keep a\\nhand on servers hosted on premise. In a world where things are most commonly\\nin the cloud, it\\u2019s a nice way to diverge from that trend and discover new ways\\nof doing things :)\\n\\n\", \"frontpage\": true}"}
