{"value":"{\"aid\": \"40231112\", \"title\": \"Moscow: Russians flock to see captured Western tanks and hardware [video]\", \"url\": \"https://www.bbc.com/news/av/world-europe-68934337\", \"domain\": \"bbc.com\", \"votes\": 1, \"user\": \"peutetre\", \"posted_at\": \"2024-05-01 23:54:37\", \"comments\": 0, \"source_title\": \"Moscow: Russians flock to see captured Western tanks and hardware\", \"source_text\": \"Moscow: Russians flock to see captured Western tanks and hardware\\n\\n# Moscow: Russians flock to see captured Western tanks and hardware\\n\\nCaptured Western military hardware has been on display in Moscow's Victory\\nPark, a giant memorial complex dedicated to the Soviet Union's defeat of Nazi\\nGermany.\\n\\nSwathes of Russians attended the exhibition to see the war trophies.\\n\\nThe BBC's Russia Editor, Steve Rosenberg, went to take a look and explained\\nwhat Russia may be trying to achieve through the event.\\n\\nRead more here:Russia flaunts Western tanks captured in war in Ukraine\\n\\nWar in Ukraine\\n\\nRussia\\n\\nMoscow\\n\\n### Explore More\\n\\n## Arizona lawmakers spar as 1864 abortion law repealed\\n\\nUS & Canada\\n\\n## Watch: Inside Lebanon's ghost towns after Israeli strikes\\n\\nMiddle East\\n\\n## What makes a Neanderthal?\\n\\nScience & Environment\\n\\n## Glasgow company makes history on the moon\\n\\nScotland\\n\\n## Watch: Linesman punched during football match\\n\\nWales\\n\\n## City bus transformed by street artist\\n\\nBristol\\n\\n## Tory councillors avoid domestic abuse questions\\n\\nNorthampton\\n\\n## Having a Mayor: The final countdown\\n\\nLondon\\n\\n## School choir sings on top of church tower\\n\\nHumberside\\n\\n## Watch: Man jailed after reversing into police car\\n\\nWales\\n\\n## Paul Auster: Americans are divided like never before\\n\\nEntertainment & Arts\\n\\n## 'No justice for those who've done dreadful things'\\n\\nNorthern Ireland\\n\\n## Morris dancers celebrate May Day with performance\\n\\nNottingham\\n\\n## Troubles victim's son calls for truth to come out\\n\\nNorthern Ireland\\n\\n## 'I lived in hospital for 50 years but wasn\\u2019t ill'\\n\\nScotland\\n\\n## Russians flock to see captured Western tanks\\n\\nEurope\\n\\n## PM: UK won't accept returns of migrants from Ireland\\n\\nUK Politics\\n\\n## Harvie gives view on gender services review\\n\\nScotland\\n\\n## 'Workable offer' for Gaza ceasefire says PM\\n\\nUK Politics\\n\\n## PMQs: Leaders clash over National Insurance plans\\n\\nUK Politics\\n\\n## 'I could not protect her. I will never forgive myself'\\n\\nAhmed Alhashimi tells the BBC of the moment he realised his seven-year-old\\ndaughter had died.\\n\\nEurope\\n\\n## Ukraine's 'Harry Potter castle' hit in deadly Russian strike\\n\\nFive people are killed in an attack on a private university in the Ukrainian\\nport city of Odesa.\\n\\nEurope\\n\\n## BBC returns to beach where five migrants died\\n\\nAndrew Harding saw migrants board an overcrowded boat in Wimereux, northern\\nFrance, on Tuesday.\\n\\nEurope\\n\\n## Would you pay a tourist fee to enter Venice?\\n\\nFrom Thursday visitors making a trip to the famous city at peak times will be\\ncharged a trial entrance fee.\\n\\nEurope\\n\\n## BBC Verify examines reported strikes on Russian oil depots\\n\\nThe reported strikes have been geolocated to the Smolensk region of western\\nRussia.\\n\\nEurope\\n\\n## Russian oil facility burns after reported drone attack\\n\\nUkrainian sources said the drones hit two facilities in the Smolensk region.\\n\\nEurope\\n\\n## BBC witnesses boarding of boat which left five dead\\n\\nThe BBC's Andrew Harding, in France, witnesses people clambering aboard a\\nsmall boat bound for the UK.\\n\\nEurope\\n\\n## Migrants cram into small boat as BBC films in Calais\\n\\nHome Affairs correspondent Tom Symonds watches as migrants set off from France\\nfor the UK.\\n\\nEurope\\n\\n## TV tower breaks in half after strike on Ukraine\\n\\nThe local military says that digital TV has been cut off in the surrounding\\narea.\\n\\nEurope\\n\\n## 'We never gave up' - Stardust families react\\n\\nA verdict of unlawful killing has been delivered in the inquests into the 1981\\nStardust fire in Dublin.\\n\\nEurope\\n\\n## What do Dubliners know about Northern Ireland?\\n\\nThe taoiseach says his generation knows more about Berlin or Paris than NI -\\nbut how true is that?\\n\\nEurope\\n\\n## Watch: Facade of Copenhagen stock exchange collapses\\n\\nThe historic 17th Century building in Denmark's capital was engulfed in flames\\non Tuesday.\\n\\nEurope\\n\\n## Ukraine PM warns of Third World War if Russia wins\\n\\nDenys Shmyhal spoke about Russian aggression and propaganda ahead of a vote by\\nCongress on foreign aid.\\n\\nEurope\\n\\n## Watch: Spire collapses at Copenhagen stock exchange\\n\\nVideo posted on social media captured the iconic spire tumbling to the ground\\nafter fire ravages the building.\\n\\nEurope\\n\\n## Moment spire collapses at Copenhagen stock exchange\\n\\nVideo posted on social media captured the iconic spire tumbling to the ground\\nafter fire ravages the building.\\n\\nEurope\\n\\n## Copenhagen stock exchange engulfed by huge fire\\n\\nOne of the Danish capital's most historic buildings has been engulfed in a\\nraging fire.\\n\\nEurope\\n\\n## Watch: Georgia opposition leader punches MP during debate\\n\\nA scuffle erupted in Georgia's parliament as the leader of the opposition\\npunched an MP.\\n\\nEurope\\n\\n## Watch: Moment man rescued from Turkey cable car\\n\\nA military helicopter hoists the stranded passenger to safety in a rescue\\nbasket.\\n\\nEurope\\n\\n## Notre-Dame's transformation five years after fire\\n\\nRenovation work continues after 2019's devastating fire at the iconic\\ncathedral in Paris.\\n\\nEurope\\n\\n## Key power plant in Ukraine hit by Russian strikes\\n\\nTrypillya power plant was the largest provider of electricity for three\\nregions, including Kyiv.\\n\\nEurope\\n\\nCopyright 2024 BBC. All rights reserved. The BBC is not responsible for the\\ncontent of external sites. Read about our approach to external linking.\\n\\n## Let us know you agree to cookies\\n\\nWe use cookies to give you the best online experience.\\n\\nPlease let us know if you agree to all of these cookies.\\n\\n  * No, take me to settings\\n\\n\", \"frontpage\": false}"}
