{"value":"{\"aid\": \"40231726\", \"title\": \"If Chinese were phonetic - a brief thought experiment by Ted Chiang (2016)\", \"url\": \"https://www.newyorker.com/magazine/2016/05/16/if-chinese-were-phonetic\", \"domain\": \"newyorker.com\", \"votes\": 1, \"user\": \"lionelw\", \"posted_at\": \"2024-05-02 01:20:32\", \"comments\": 0, \"source_title\": \"If Chinese Were Phonetic\", \"source_text\": \"If Chinese Were Phonetic | The New Yorker\\n\\nSkip to main content\\n\\nGet 12 weeks for $29.99 $6\\n\\nTo revisit this article, select My Account, then View saved stories\\n\\nSign In\\n\\nSearch\\n\\nFind anything you save across the site in your account\\n\\nUninvent This\\n\\n# Bad Character\\n\\nBy Ted Chiang\\n\\nMay 9, 2016\\n\\nIllustration by Joon Mo Kang\\n\\nIt\\u2019s not personal. I never learned anything in the Saturday-morning Chinese\\nschool I was forced to attend as a child, but that\\u2019s not what motivates my\\nchoice here. There were plenty of reasons for my poor performance in those\\nclasses\\u2014my resentment at having to miss the \\u201cSuper Friends\\u201d cartoon being just\\none of them\\u2014so I don\\u2019t blame Chinese characters for my failure.\\n\\nNo, my objection is a practical one: I\\u2019m a fan of literacy, and Chinese\\ncharacters have been an obstacle to literacy for millennia. With a phonetic\\nwriting system like an alphabet or a syllabary, you need only learn a few\\ndozen symbols and you can read most everything printed in a newspaper. With\\nChinese characters, you have to learn three thousand. And writing is even more\\ndifficult than reading; when you can\\u2019t use pronunciation as an aid to\\nspelling, you have to rely on pure memorization. The cognitive demands are so\\ngreat that even highly educated Chinese speakers regularly forget how to write\\ncharacters they haven\\u2019t used recently.\\n\\nThe huge number of characters poses other obstacles as well. I\\u2019ve flipped\\nthrough a Chinese dictionary, I\\u2019ve seen photographs of a Chinese typewriter,\\nI\\u2019ve read about Chinese telegraphy, and despite their ingenuity they are all\\ncumbersome inventions, wheelbarrows for the millstone around Chinese culture\\u2019s\\nneck. Computers and smartphones are impossible to use if you\\u2019re restricted to\\nChinese characters; it\\u2019s only with phonetic systems of writing, like Bopomofo\\nand Pinyin, that text entry becomes practical. In the past century, there have\\nbeen multiple proposals to replace Chinese characters with an alphabet, all\\nunsuccessful; the only reform ever implemented was to invent simplified\\nversions of the more complex characters, which solved none of the problems\\nI\\u2019ve mentioned and created new ones besides.\\n\\nSo let\\u2019s imagine a world in which Chinese characters were never invented in\\nthe first place. Given such a void, the alphabet might have spread east from\\nIndia in a way that it couldn\\u2019t in our history, but, to keep this from being\\nan Indo-Eurocentric thought experiment, let\\u2019s suppose that the ancient Chinese\\ninvented their own phonetic system of writing, something like the modern\\nBopomofo, some thirty-two hundred years ago. What might the consequences be?\\nIncreased literacy is the most obvious one, and easier adoption of modern\\ntechnologies is another. But allow me to speculate about one other possible\\neffect.\\n\\nOne of the virtues claimed for Chinese characters is that they make it easy to\\nread works written thousands of years ago. The ease of reading classical\\nChinese has been significantly overstated, but, to the extent that ancient\\ntexts remain understandable, I suspect it\\u2019s due to the fact that Chinese\\ncharacters aren\\u2019t phonetic. Pronunciation changes over the centuries, and when\\nyou write with an alphabet spellings eventually adapt to follow suit.\\n(Consider the differences between \\u201cBeowulf,\\u201d \\u201cThe Canterbury Tales,\\u201d and\\n\\u201cHamlet.\\u201d) Classical Chinese remains readable precisely because the characters\\nare immune to the vagaries of sound. So if ancient Chinese manuscripts had\\nbeen written with phonetic symbols, they\\u2019d become harder to decipher over\\ntime.\\n\\nChinese culture is notorious for the value it places on tradition. It would be\\nreductive to claim that this is entirely a result of the readability of\\nclassical Chinese, but I think it\\u2019s reasonable to propose that there is some\\ninfluence. Imagine a world in which written English had changed so little that\\nworks of \\u201cBeowulf\\u201d \\u2019s era remained continuously readable for the past twelve\\nhundred years. I could easily believe that, in such a world, contemporary\\nEnglish culture would retain more Anglo-Saxon values than it does now. So it\\nseems plausible that in this counterfactual history I\\u2019m positing, a world in\\nwhich the intelligibility of Chinese texts erodes under the currents of\\nphonological change, Chinese culture might not be so rooted in the past.\\nPerhaps China would have evolved more throughout the millennia and exhibited\\nless resistance to new ideas. Perhaps it would have been better equipped to\\ndeal with modernity in ways completely unrelated to an improved ability to use\\ntelegraphy or computers.\\n\\nI have no idea if I would personally be better off in such a world, assuming\\nthat it\\u2019s even meaningful to talk about my existing there at all. But there is\\none thing I\\u2019m certain of: in a world where Chinese was written with phonetic\\nsymbols, I would never have to read or hear any more popular misconceptions\\nabout Chinese characters\\u2014that they\\u2019re like little pictures, that they\\nrepresent ideas directly, that the Chinese word for \\u201ccrisis\\u201d is \\u201cdanger\\u201d plus\\n\\u201copportunity.\\u201d That, at least, would be a relief. \\u2666\\n\\nPublished in the print edition of the May 16, 2016, issue.\\n\\nTed Chiang is the author of two collections of science-fiction short stories,\\n\\u201cStories of Your Life and Others,\\u201d and \\u201cExhalation.\\u201d\\n\\nMore:AlphabetsChinese LanguageCultureInventionsLiteracy\\n\\n### Weekly\\n\\nEnjoy our flagship newsletter as a digest delivered once a week.\\n\\nRead More\\n\\nNews Desk\\n\\nHow Much Chinese Can You Learn in the U.S.?\\n\\nBy Evan Osnos\\n\\nLetter from China\\n\\nCrazy English\\n\\nBy Evan Osnos\\n\\nSketchbook\\n\\nA Millionth-Anniversary Surprise\\n\\nWhen one has been married forever, one sometimes feels that there is nothing\\nnew one will ever discover about one\\u2019s person, however . . .\\n\\nBy Roz Chast\\n\\nShouts & Murmurs\\n\\nStories from the Trump Bible\\n\\nAnd Jesus said to Pontius Pilate, \\u201cThis trial is very unfair. You are a\\ncorrupt judge, and your wife is a very nasty woman.\\u201d\\n\\nBy Bruce Headlam\\n\\n\\u00a9 2024 Cond\\u00e9 Nast. All rights reserved. The New Yorker may earn a portion of\\nsales from products that are purchased through our site as part of our\\nAffiliate Partnerships with retailers. The material on this site may not be\\nreproduced, distributed, transmitted, cached or otherwise used, except with\\nthe prior written permission of Cond\\u00e9 Nast. Ad Choices\\n\\n## We Care About Your Privacy\\n\\nWe and our 166 partners store and/or access information on a device, such as\\nunique IDs in cookies to process personal data. You may accept or manage your\\nchoices by clicking below or at any time in the privacy policy page. These\\nchoices will be signaled to our partners and will not affect browsing\\ndata.More Information\\n\\n### We and our partners process data to provide:\\n\\nUse precise geolocation data. Actively scan device characteristics for\\nidentification. Store and/or access information on a device. Personalised\\nadvertising and content, advertising and content measurement, audience\\nresearch and services development.\\n\\n\", \"frontpage\": false}"}
