{"value":"{\"aid\": \"40228400\", \"title\": \"Johann Hari's compelling but flawed look at the new weight-loss drugs\", \"url\": \"https://www.newscientist.com/article/mg26234894-300-johann-haris-compelling-but-flawed-look-at-the-new-weight-loss-drugs/\", \"domain\": \"newscientist.com\", \"votes\": 1, \"user\": \"paulpauper\", \"posted_at\": \"2024-05-01 19:45:52\", \"comments\": 0, \"source_title\": \"Johann Hari's compelling but flawed look at the new weight-loss drugs\", \"source_text\": \"Magic Pill review: Johann Hari's compelling but flawed look at the new weight-loss drugs | New Scientist\\n\\nAdvertisement\\n\\nSkip to content\\n\\nSign in\\n\\nLight\\n\\nSubscribe now\\n\\nSubscribe now\\n\\nSubscribe now\\n\\n#### Comment\\n\\n# Johann Hari's compelling but flawed look at the new weight-loss drugs\\n\\nDrugs like Ozempic may help fight obesity. Johann Hari\\u2019s first-person account\\nof taking the new medicines is a fascinating exploration of their impact\\n\\nBy Clare Wilson\\n\\n1 May 2024\\n\\nDrugs, such as Ozempic, may help turn the rising tide of global obesity\\n\\nEggy Sayoga/Alamy\\n\\nMagic Pill Johann Hari (Bloomsbury Publishing (UK) Crown Publishing (US))\\n\\nAS BOTH a cultural phenomenon and one of the most successful new drugs of the\\n21st century, it was inevitable we would soon see popular science books\\nwritten about the weight-loss drug Wegovy (also sold as Ozempic) and other\\nsimilar medicines. Among the first is Magic Pill: The extraordinary benefits\\nand disturbing risks of the new weight-loss drugs by Johann Hari.\\n\\nFor two years, Hari has been fortunate...\\n\\nAdvertisement\\n\\n## Sign up to our weekly newsletter\\n\\nReceive a weekly dose of discovery in your inbox! We'll also keep you up to\\ndate with New Scientist events and special offers.\\n\\nSign up\\n\\nTo continue reading, subscribe today with our introductory offers\\n\\nView introductory offers\\n\\nNo commitment, cancel anytime*\\n\\nOffer ends 2nd of July 2024.\\n\\n*Cancel anytime within 14 days of payment to receive a refund on unserved issues.\\n\\nInclusive of applicable taxes (VAT)\\n\\nor\\n\\nExisting subscribers\\n\\nSign in to your account\\n\\nAdvertisement\\n\\n## More from New Scientist\\n\\nExplore the latest news, articles and features\\n\\n#### Health\\n\\n### Why we need to modernise our emotional relationship with cancer\\n\\nComment\\n\\nSubscriber-only\\n\\n#### Comment\\n\\n### This one-room sci-fi thriller should take its MacGuffin more seriously\\n\\nCulture\\n\\nSubscriber-only\\n\\n#### Comment\\n\\n### A radical new book sets out to hunt for 'pure consciousness'\\n\\nCulture\\n\\nSubscriber-only\\n\\n#### Comment\\n\\n### New Scientist recommends space-heist action in For All Mankind\\n\\nCulture\\n\\nSubscriber-only\\n\\n#### Popular articles\\n\\nTrending New Scientist articles\\n\\n#### 1\\n\\nCarbon-negative cement can be made with a mineral that helps catch CO2\\n\\n#### 2\\n\\nThe best new science fiction books of May 2024\\n\\n#### 3\\n\\nThe new drugs preventing allergic reactions to peanuts and other foods\\n\\n#### 4\\n\\nThe galactic anomalies hinting dark matter is weirder than we thought\\n\\n#### 5\\n\\nCan these awesome rocks become central Asia\\u2019s first UNESCO Geopark?\\n\\n#### 6\\n\\nBeing angry for just 8 minutes could increase risk of a heart attack\\n\\n#### 7\\n\\nHow India has slowly but surely become a major player in space\\n\\n#### 8\\n\\nThe incredible new tech that can recycle all plastics, forever\\n\\n#### 9\\n\\nSingle atoms captured morphing into quantum waves in startling image\\n\\n#### 10\\n\\nMost brain monitors sold to consumers don't keep your data private\\n\\nAdvertisement\\n\\nDownload the app\\n\\n#### Find us on social media\\n\\n  * Instagram\\n  * Facebook\\n  * X / Twitter\\n  * Tiktok\\n  * LinkedIn\\n\\n#### Subscriptions\\n\\n  * Subscriber benefits\\n  * Gift\\n  * Student & graduate\\n  * Educational\\n  * Corporate\\n\\n#### Support\\n\\n  * Help\\n  * About us\\n  * Advertise\\n  * Write for us\\n\\n#### Tools\\n\\n  * Events\\n  * Science Jobs\\n  * CoLab\\n  * Syndication\\n  * RSS feeds\\n\\n#### Legal and privacy\\n\\n  * Contact us\\n  * Privacy policy\\n  * Cookie policy\\n  * Terms & conditions\\n\\n#### \\u00a9 Copyright New Scientist Ltd.\\n\\n## We care about your privacy\\n\\nWe and our 804 partners store and/or access information on a device, such as\\nunique IDs in cookies to process personal data. You may accept or manage your\\nchoices by clicking below, including your right to object where legitimate\\ninterest is used, or at any time in the privacy policy page. These choices\\nwill be signaled to our partners and will not affect browsing data.\\n\\n### We and our partners process data to provide:\\n\\nUse precise geolocation data. Actively scan device characteristics for\\nidentification. Store and/or access information on a device. Personalised\\nadvertising and content, advertising and content measurement, audience\\nresearch and services development.\\n\\n## About Your Privacy\\n\\nWe process your data to deliver content or advertisements and measure the\\ndelivery of such content or advertisements to extract insights about our\\nwebsite. We share this information with our partners on the basis of consent\\nand legitimate interest. You may exercise your right to consent or object to a\\nlegitimate interest, based on a specific purpose below or at a partner level\\nin the link under each purpose. These choices will be signaled to our vendors\\nparticipating in the Transparency and Consent Framework. More information\\n\\n### Manage Consent Preferences\\n\\n#### Strictly Necessary Cookies\\n\\nAlways Active\\n\\nNecessary cookies help make a website usable by enabling basic functions like\\npage navigation and access to secure areas of the website. The website cannot\\nfunction properly without these cookies.\\n\\n#### Targeting Cookies\\n\\nTargeting cookies allow us to do some of the same things as Analytics Cookies,\\nand also to provide targeted advertisement tailored for your interests. These\\ncookies may be set through our site by our advertising partners. They may be\\nused by those companies to build a profile of your interests and show you\\nrelevant adverts on other sites. If you disable such cookies you will not\\nreceive a customized website experience or targeted advertising.\\n\\n#### Analytics Cookies\\n\\nThese cookies allow us to count visits and traffic sources so we can measure\\nand improve the performance of our site. They help us to know which pages are\\nthe most and least popular and see how visitors move around the site.\\n\\n#### Functionality Cookies\\n\\nThese cookies enable the website to provide enhanced functionality and\\npersonalization. They may be set by us or by third-party providers whose\\nservices we have added to our pages. If you do not allow these cookies then\\nsome or all of these services may not function properly.\\n\\n#### Social Media Cookies\\n\\nThese cookies are set by a range of social media services that we have added\\nto the site to enable you to share our content with your friends and networks.\\nThey are capable of tracking your browser across other sites and building up a\\nprofile of your interests. This may impact the content and messages you see on\\nother websites you visit. If you do not allow these cookies you may not be\\nable to use or see these sharing tools.\\n\\n#### Store and/or access information on a device 651 partners can use this\\npurpose\\n\\nCookies, device or similar online identifiers (e.g. login-based identifiers,\\nrandomly assigned identifiers, network based identifiers) together with other\\ninformation (e.g. browser type and information, language, screen size,\\nsupported technologies etc.) can be stored or read on your device to recognise\\nit each time it connects to an app or to a website, for one or several of the\\npurposes presented here.\\n\\n#### Personalised advertising and content, advertising and content\\nmeasurement, audience research and services development 774 partners can use\\nthis purpose\\n\\n  * ##### Use limited data to select advertising 594 partners can use this purpose\\n\\nAdvertising presented to you on this service can be based on limited data,\\nsuch as the website or app you are using, your non-precise location, your\\ndevice type or which content you are (or have been) interacting with (for\\nexample, to limit the number of times an ad is presented to you).\\n\\n  * ##### Create profiles for personalised advertising 484 partners can use this purpose\\n\\nInformation about your activity on this service (such as forms you submit,\\ncontent you look at) can be stored and combined with other information about\\nyou (for example, information from your previous activity on this service and\\nother websites or apps) or similar users. This is then used to build or\\nimprove a profile about you (that might include possible interests and\\npersonal aspects). Your profile can be used (also later) to present\\nadvertising that appears more relevant based on your possible interests by\\nthis and other entities.\\n\\n  * ##### Use profiles to select personalised advertising 478 partners can use this purpose\\n\\nAdvertising presented to you on this service can be based on your advertising\\nprofiles, which can reflect your activity on this service or other websites or\\napps (like the forms you submit, content you look at), possible interests and\\npersonal aspects.\\n\\n  * ##### Create profiles to personalise content 214 partners can use this purpose\\n\\nInformation about your activity on this service (for instance, forms you\\nsubmit, non-advertising content you look at) can be stored and combined with\\nother information about you (such as your previous activity on this service or\\nother websites or apps) or similar users. This is then used to build or\\nimprove a profile about you (which might for example include possible\\ninterests and personal aspects). Your profile can be used (also later) to\\npresent content that appears more relevant based on your possible interests,\\nsuch as by adapting the order in which content is shown to you, so that it is\\neven easier for you to find content that matches your interests.\\n\\n  * ##### Use profiles to select personalised content 186 partners can use this purpose\\n\\nContent presented to you on this service can be based on your content\\npersonalisation profiles, which can reflect your activity on this or other\\nservices (for instance, the forms you submit, content you look at), possible\\ninterests and personal aspects. This can for example be used to adapt the\\norder in which content is shown to you, so that it is even easier for you to\\nfind (non-advertising) content that matches your interests.\\n\\n  * ##### Measure advertising performance 691 partners can use this purpose\\n\\nInformation regarding which advertising is presented to you and how you\\ninteract with it can be used to determine how well an advert has worked for\\nyou or other users and whether the goals of the advertising were reached. For\\ninstance, whether you saw an ad, whether you clicked on it, whether it led you\\nto buy a product or visit a website, etc. This is very helpful to understand\\nthe relevance of advertising campaigns.\\n\\n  * ##### Measure content performance 348 partners can use this purpose\\n\\nInformation regarding which content is presented to you and how you interact\\nwith it can be used to determine whether the (non-advertising) content e.g.\\nreached its intended audience and matched your interests. For instance,\\nwhether you read an article, watch a video, listen to a podcast or look at a\\nproduct description, how long you spent on this service and the web pages you\\nvisit etc. This is very helpful to understand the relevance of (non-\\nadvertising) content that is shown to you.\\n\\n  * ##### Understand audiences through statistics or combinations of data from different sources 436 partners can use this purpose\\n\\nReports can be generated based on the combination of data sets (like user\\nprofiles, statistics, market research, analytics data) regarding your\\ninteractions and those of other users with advertising or (non-advertising)\\ncontent to identify common characteristics (for instance, to determine which\\ntarget audiences are more receptive to an ad campaign or to certain contents).\\n\\n  * ##### Develop and improve services 521 partners can use this purpose\\n\\nInformation about your activity on this service, such as your interaction with\\nads or content, can be very helpful to improve products and services and to\\nbuild new products and services based on user interactions, the type of\\naudience, etc. This specific purpose does not include the development or\\nimprovement of user profiles and identifiers.\\n\\n  * ##### Use limited data to select content 116 partners can use this purpose\\n\\nContent presented to you on this service can be based on limited data, such as\\nthe website or app you are using, your non-precise location, your device type,\\nor which content you are (or have been) interacting with (for example, to\\nlimit the number of times a video or an article is presented to you).\\n\\n#### Use precise geolocation data 251 partners can use this purpose\\n\\nWith your acceptance, your precise location (within a radius of less than 500\\nmetres) may be used in support of the purposes explained in this notice.\\n\\n#### Actively scan device characteristics for identification 117 partners can\\nuse this purpose\\n\\nWith your acceptance, certain characteristics specific to your device might be\\nrequested and used to distinguish it from other devices (such as the installed\\nfonts or plugins, the resolution of your screen) in support of the purposes\\nexplained in this notice.\\n\\n#### Ensure security, prevent and detect fraud, and fix errors 488 partners\\ncan use this purpose\\n\\nAlways Active\\n\\nYour data can be used to monitor for and prevent unusual and possibly\\nfraudulent activity (for example, regarding advertising, ad clicks by bots),\\nand ensure systems and processes work properly and securely. It can also be\\nused to correct any problems you, the publisher or the advertiser may\\nencounter in the delivery of content and ads and in your interaction with\\nthem.\\n\\n#### Deliver and present advertising and content 481 partners can use this\\npurpose\\n\\nAlways Active\\n\\nCertain information (like an IP address or device capabilities) is used to\\nensure the technical compatibility of the content or advertising, and to\\nfacilitate the transmission of the content or ad to your device.\\n\\n#### Match and combine data from other data sources 340 partners can use this\\npurpose\\n\\nAlways Active\\n\\nInformation about your activity on this service may be matched and combined\\nwith other information relating to you and originating from various sources\\n(for instance your activity on a separate online service, your use of a\\nloyalty card in-store, or your answers to a survey), in support of the\\npurposes explained in this notice.\\n\\n#### Link different devices 317 partners can use this purpose\\n\\nAlways Active\\n\\nIn support of the purposes explained in this notice, your device might be\\nconsidered as likely linked to other devices that belong to you or your\\nhousehold (for instance because you are logged in to the same service on both\\nyour phone and your computer, or because you may use the same Internet\\nconnection on both devices).\\n\\n#### Identify devices based on information transmitted automatically 462\\npartners can use this purpose\\n\\nAlways Active\\n\\nYour device might be distinguished from other devices based on information it\\nautomatically sends when accessing the Internet (for instance, the IP address\\nof your Internet connection or the type of browser you are using) in support\\nof the purposes exposed in this notice.\\n\\n### Cookie List\\n\\nlabel\\n\\nConsent Leg.Interest\\n\\nlabel\\n\\nlabel\\n\\nlabel\\n\\n\", \"frontpage\": false}"}
