{"value":"{\"aid\": \"40228774\", \"title\": \"Supreme Court decides not to block Texas law that age-gates porn websites\", \"url\": \"https://arstechnica.com/tech-policy/2024/05/supreme-court-lets-texas-keep-enforcing-age-verification-law-for-porn-sites/\", \"domain\": \"arstechnica.com\", \"votes\": 1, \"user\": \"g1a55er\", \"posted_at\": \"2024-05-01 20:15:29\", \"comments\": 0, \"source_title\": \"Supreme Court decides not to block Texas law that age-gates porn websites\", \"source_text\": \"Supreme Court decides not to block Texas law that age-gates porn websites | Ars Technica\\n\\nSkip to main content\\n\\nSubscribe\\n\\nClose\\n\\n### Navigate\\n\\n  * Store\\n  * Subscribe\\n  * Videos\\n  * Features\\n  * Reviews\\n\\n  * RSS Feeds\\n  * Mobile Site\\n\\n  * About Ars\\n  * Staff Directory\\n  * Contact Us\\n\\n  * Advertise with Ars\\n  * Reprints\\n\\n### Filter by topic\\n\\n  * Biz & IT\\n  * Tech\\n  * Science\\n  * Policy\\n  * Cars\\n  * Gaming & Culture\\n  * Store\\n  * Forums\\n\\n### Settings\\n\\nFront page layout\\n\\nGrid\\n\\nList\\n\\nSite theme\\n\\nlight\\n\\ndark\\n\\nSign in\\n\\n#### Age verification law \\u2014\\n\\n# Supreme Court decides not to block Texas law that age-gates porn websites\\n\\n## Court denies application for a stay but could still hear challenge to the\\nlaw.\\n\\nJon Brodkin - 5/1/2024, 4:29 PM\\n\\nEnlarge\\n\\nGetty Images | PA Thompson\\n\\n#### reader comments\\n\\n86\\n\\nThe US Supreme Court yesterday denied a request to block a Texas law that\\nrequires age-verification systems on porn websites. The Supreme Court denial\\nleaves in place, at least for now, an appeals court ruling that said Texas can\\nenforce the law.\\n\\n\\\"The application for stay presented to Justice [Samuel] Alito and by him\\nreferred to the Court is denied,\\\" the one-sentence order issued yesterday\\nsaid.\\n\\nPornhub disabled its website in Texas after the appeals court ruling in March.\\nPornhub and other websites owned by the same company have also gone dark in\\nArkansas, Mississippi, Montana, North Carolina, Utah, and Virginia in protest\\nof similar laws.\\n\\nTexas sued Pornhub owner Aylo Global for violating the law in February. Texas\\nalso sued the companies that operate Chaturbate and xHamster.\\n\\n\\\"Children will continue to be protected from harmful content in Texas,\\\" state\\nAttorney General Ken Paxton wrote after yesterday's order. The Texas law\\napplies to websites in which more than one-third of the content \\\"is sexual\\nmaterial harmful to minors.\\\" Those websites must \\\"use reasonable age\\nverification methods\\\" to limit their material to people who are at least 18\\nyears old.\\n\\n## Petition to hear case still pending\\n\\nA US District Court judge issued a preliminary injunction blocking enforcement\\nof the Texas law in August 2023. But the US Court of Appeals for the 5th\\nCircuit issued a temporary stay that allowed the law to take effect in\\nSeptember 2023, and vacated the injunction in March 2024.\\n\\nAdvertisement\\n\\nAn adult-industry lobby group called the Free Speech Coalition and other\\nchallengers asked the Supreme Court for a stay on April 12. The case\\nimplicates \\\"the uniform and faithful application of this Court's precedents to\\nthe modern-day Internet as novel regulations traverse hallowed First Amendment\\nground,\\\" the application for a stay said.\\n\\nThe Supreme Court has not yet ruled on the Free Speech Coalition's petition\\nfor certoriari. If that's approved, the court would hear oral arguments and\\nthen decide whether to uphold or nullify the Texas law. The Free Speech\\nCoalition urged the Supreme Court to issue a stay pending a decision on the\\npetition for certoriari.\\n\\n## Dispute over appropriate legal standard\\n\\nThe Free Speech Coalition is asking the Supreme Court to decide whether the\\n5th Circuit \\\"erred as a matter of law in applying rational-basis review to a\\nlaw burdening adults' access to protected speech, instead of strict scrutiny\\nas this Court and other circuits have consistently done.\\\"\\n\\nThe 5th Circuit's ruling came in a 2-1 decision by a panel of judges. The\\nmajority applied the rational-basis standard and ruled that \\\"the age-\\nverification requirement is rationally related to the government's legitimate\\ninterest in preventing minors' access to pornography.\\\"\\n\\nDissenting Judge Patrick Higginbotham wrote that the Supreme Court \\\"has\\nunswervingly applied strict scrutiny to content-based regulations that limit\\nadults' access to protected speech.\\\" The Texas law \\\"limits access to materials\\nthat may be denied to minors but remain constitutionally protected speech for\\nadults,\\\" he wrote. \\\"It follows that the law must face strict scrutiny review\\nbecause it limits adults' access to protected speech using a content-based\\ndistinction\\u2014whether that speech is harmful to minors.\\\"\\n\\nDespite upholding the law's age-verification requirement, the 5th Circuit\\nruled that Texas cannot enforce a provision requiring porn websites to\\n\\\"display health warnings about the effects of the consumption of pornography.\\\"\\nThe warning requirement unconstitutionally compels speech, the court ruled.\\n\\n### Ars Video\\n\\n#### reader comments\\n\\n86\\n\\nJon Brodkin Jon has been a reporter for Ars Technica since 2011 and covers a\\nwide array of telecom and tech policy topics. Jon graduated from Boston\\nUniversity with a degree in journalism and has been a full-time journalist for\\nover 20 years.\\n\\nAdvertisement\\n\\n### Channel Ars Technica\\n\\n#### SITREP: F-16 replacement search a signal of F-35 fail?\\n\\nFootage courtesy of Dvids, Boeing, and The United States Navy.\\n\\n  * ##### SITREP: F-16 replacement search a signal of F-35 fail?\\n\\n  * ##### Sitrep: Boeing 707\\n\\n  * ##### The F-35's next tech upgrade\\n\\n  * ##### US Navy Gets an Italian Accent\\n\\n  * ##### SITREP: DOD Resets Ballistic Missile Interceptor program\\n\\n  * ##### SITREP: DOD's New Long-Range Air-to-Air Missile Aims to \\\"Outstick\\\" China\\n\\n  * ##### Army's New Pistol Has Had Some Misfires\\n\\n  * ##### Army's Next (Vertical) Lift En Route\\n\\n  * ##### SITREP: President Trump's Missile Defense Strategy\\n\\n  * ##### Hybrid Options for US's Next Top Fighter\\n\\n  * ##### The Air Force\\u2019s Senior Citizen Chopper Can\\u2019t Retire Yet\\n\\n  * ##### Ars Live #23: The History and Future of Tech Law\\n\\n  * ##### Police re-creation of body camera evidence - Pueblo, CO | Ars Technica\\n\\n  * ##### Visual Labs body camera software with the Dos Palos PD | Ars Technica\\n\\n  * ##### He knew his rights; he got tased anyway\\n\\nMore videos\\n\\n\\u2190 Previous story Next story \\u2192\\n\\n### Related Stories\\n\\n### Today on Ars\\n\\nCNMN Collection WIRED Media Group \\u00a9 2024 Cond\\u00e9 Nast. All rights reserved. Use of and/or registration on any portion of this site constitutes acceptance of our User Agreement (updated 1/1/20) and Privacy Policy and Cookie Statement (updated 1/1/20) and Ars Technica Addendum (effective 8/21/2018). Ars may earn compensation on sales from links on this site. Read our affiliate link policy. Your California Privacy Rights | Manage Preferences The material on this site may not be reproduced, distributed, transmitted, cached or otherwise used, except with the prior written permission of Cond\\u00e9 Nast. Ad Choices\\n\\n## We Care About Your Privacy\\n\\nWe and our 166 partners store and/or access information on a device, such as\\nunique IDs in cookies to process personal data. You may accept or manage your\\nchoices by clicking below or at any time in the privacy policy page. These\\nchoices will be signaled to our partners and will not affect browsing\\ndata.More information about your privacy\\n\\n### We and our partners process data to provide:\\n\\nUse precise geolocation data. Actively scan device characteristics for\\nidentification. Store and/or access information on a device. Personalised\\nadvertising and content, advertising and content measurement, audience\\nresearch and services development.\\n\\n\", \"frontpage\": false}"}
