{"value":"{\"aid\": \"40230192\", \"title\": \"SoccerNet Game State Reconstruction: End-to-End Athlete Tracking\", \"url\": \"https://arxiv.org/abs/2404.11335\", \"domain\": \"arxiv.org\", \"votes\": 1, \"user\": \"jonbaer\", \"posted_at\": \"2024-05-01 22:10:20\", \"comments\": 0, \"source_title\": \"SoccerNet Game State Reconstruction: End-to-End Athlete Tracking and Identification on a Minimap\", \"source_text\": \"[2404.11335] SoccerNet Game State Reconstruction: End-to-End Athlete Tracking\\nand Identification on a Minimap\\n\\nSkip to main content\\n\\nWe gratefully acknowledge support from the Simons Foundation, Boston\\nUniversity, and all contributors. Donate\\n\\n> cs > arXiv:2404.11335\\n\\n# Computer Science > Computer Vision and Pattern Recognition\\n\\narXiv:2404.11335 (cs)\\n\\n[Submitted on 17 Apr 2024]\\n\\n# Title:SoccerNet Game State Reconstruction: End-to-End Athlete Tracking and\\nIdentification on a Minimap\\n\\nAuthors:Vladimir Somers, Victor Joos, Anthony Cioppa, Silvio Giancola, Seyed\\nAbolfazl Ghasemzadeh, Floriane Magera, Baptiste Standaert, Amir Mohammad\\nMansourian, Xin Zhou, Shohreh Kasaei, Bernard Ghanem, Alexandre Alahi, Marc\\nVan Droogenbroeck, Christophe De Vleeschouwer\\n\\nView a PDF of the paper titled SoccerNet Game State Reconstruction: End-to-End\\nAthlete Tracking and Identification on a Minimap, by Vladimir Somers and 13\\nother authors\\n\\nView PDF HTML (experimental)\\n\\n> Abstract:Tracking and identifying athletes on the pitch holds a central role\\n> in collecting essential insights from the game, such as estimating the total\\n> distance covered by players or understanding team tactics. This tracking and\\n> identification process is crucial for reconstructing the game state, defined\\n> by the athletes' positions and identities on a 2D top-view of the pitch,\\n> (i.e. a minimap). However, reconstructing the game state from videos\\n> captured by a single camera is challenging. It requires understanding the\\n> position of the athletes and the viewpoint of the camera to localize and\\n> identify players within the field. In this work, we formalize the task of\\n> Game State Reconstruction and introduce SoccerNet-GSR, a novel Game State\\n> Reconstruction dataset focusing on football videos. SoccerNet-GSR is\\n> composed of 200 video sequences of 30 seconds, annotated with 9.37 million\\n> line points for pitch localization and camera calibration, as well as over\\n> 2.36 million athlete positions on the pitch with their respective role,\\n> team, and jersey number. Furthermore, we introduce GS-HOTA, a novel metric\\n> to evaluate game state reconstruction methods. Finally, we propose and\\n> release an end-to-end baseline for game state reconstruction, bootstrapping\\n> the research on this task. Our experiments show that GSR is a challenging\\n> novel task, which opens the field for future research. Our dataset and\\n> codebase are publicly available at this https URL.\\n\\nSubjects:| Computer Vision and Pattern Recognition (cs.CV); Artificial\\nIntelligence (cs.AI); Machine Learning (cs.LG)  \\n---|---  \\nCite as:| arXiv:2404.11335 [cs.CV]  \\n(or arXiv:2404.11335v1 [cs.CV] for this version)  \\nhttps://doi.org/10.48550/arXiv.2404.11335arXiv-issued DOI via DataCite  \\n  \\n## Submission history\\n\\nFrom: Vladimir Somers [view email] [v1] Wed, 17 Apr 2024 12:53:45 UTC (12,717\\nKB)\\n\\nFull-text links:\\n\\n## Access Paper:\\n\\nView a PDF of the paper titled SoccerNet Game State Reconstruction: End-to-End\\nAthlete Tracking and Identification on a Minimap, by Vladimir Somers and 13\\nother authors\\n\\n  * View PDF\\n  * HTML (experimental)\\n  * TeX Source\\n  * Other Formats\\n\\nview license\\n\\nCurrent browse context:\\n\\ncs.CV\\n\\n< prev | next >\\n\\nnew | recent | 2404\\n\\nChange to browse by:\\n\\ncs cs.AI cs.LG\\n\\n### References & Citations\\n\\n  * NASA ADS\\n  * Google Scholar\\n  * Semantic Scholar\\n\\na export BibTeX citation Loading...\\n\\n## BibTeX formatted citation\\n\\n\\u00d7\\n\\nData provided by:\\n\\n### Bookmark\\n\\n# Bibliographic and Citation Tools\\n\\nBibliographic Explorer (What is the Explorer?)\\n\\nLitmaps (What is Litmaps?)\\n\\nscite Smart Citations (What are Smart Citations?)\\n\\n# Code, Data and Media Associated with this Article\\n\\nCatalyzeX Code Finder for Papers (What is CatalyzeX?)\\n\\nDagsHub (What is DagsHub?)\\n\\nGotit.pub (What is GotitPub?)\\n\\nPapers with Code (What is Papers with Code?)\\n\\nScienceCast (What is ScienceCast?)\\n\\n# Demos\\n\\nReplicate (What is Replicate?)\\n\\nHugging Face Spaces (What is Spaces?)\\n\\nTXYZ.AI (What is TXYZ.AI?)\\n\\n# Recommenders and Search Tools\\n\\nInfluence Flower (What are Influence Flowers?)\\n\\nConnected Papers (What is Connected Papers?)\\n\\nCORE Recommender (What is CORE?)\\n\\n  * Author\\n  * Venue\\n  * Institution\\n  * Topic\\n\\n# arXivLabs: experimental projects with community collaborators\\n\\narXivLabs is a framework that allows collaborators to develop and share new\\narXiv features directly on our website.\\n\\nBoth individuals and organizations that work with arXivLabs have embraced and\\naccepted our values of openness, community, excellence, and user data privacy.\\narXiv is committed to these values and only works with partners that adhere to\\nthem.\\n\\nHave an idea for a project that will add value for arXiv's community? Learn\\nmore about arXivLabs.\\n\\nWhich authors of this paper are endorsers? | Disable MathJax (What is MathJax?)\\n\\n  * About\\n  * Help\\n\\n  * Contact\\n  * Subscribe\\n\\n  * Copyright\\n  * Privacy Policy\\n\\n  * Web Accessibility Assistance\\n  * arXiv Operational Status Get status notifications via email or slack\\n\\n\", \"frontpage\": false}"}
