{"value":"{\"aid\": \"40229921\", \"title\": \"An Engineer Says He's Found a Way to Overcome Earth's Gravity\", \"url\": \"https://www.popularmechanics.com/space/rockets/a60608517/overcome-earth-gravity/\", \"domain\": \"popularmechanics.com\", \"votes\": 6, \"user\": \"thedigitalone\", \"posted_at\": \"2024-05-01 21:46:17\", \"comments\": 5, \"source_title\": \"An Engineer Says He\\u2019s Found a Way to Overcome Earth\\u2019s Gravity\", \"source_text\": \"An Engineer Says He\\u2019s Found a Way to Overcome Earth\\u2019s Gravity\\n\\nSkip to Content\\n\\n# An Engineer Says He\\u2019s Found a Way to Overcome Earth\\u2019s Gravity\\n\\nThis new propulsion system could rewrite the rules of spaceflight\\u2014not to\\nmention completely defy conventional physics.\\n\\nBy Darren OrfPublished: Apr 29, 2024 10:00 AM EDT\\n\\ndani3315//Getty Images\\n\\n  * Discovering a machine that could somehow produce thrust without releasing propellant would be a game-changer for human space travel. There\\u2019s just one problem\\u2014such a device would defy the laws of physics.\\n  * This limitation has not stopped people from investigating the possibility, and the latest addition to the propellant-less club is an electrostatic design developed by a former NASA engineer.\\n  * While the company behind the drive, Exodus Propulsion Technologies, says that the drive can achieve a thrust to counteract Earth\\u2019s gravity, such a claim still needs independent verification and a healthy dose of skepticism.\\n\\nIn 2001, British Electrical Engineer Roger Shawyer first introduced the\\n\\u201cimpossible drive,\\u201d known as the EmDrive. It was called \\u201cimpossible\\u201d because\\nits creator purported that the drive was reactionless, meaning no propellant\\nrequired\\u2014in other words, it defied the known laws of physics (specifically,\\nthe conservation of momentum).\\n\\nAs with anything that appears to thumb its nose at Newton and Einstein,\\nscientists raised more than a few eyebrows, and two decades of testing\\neventually boiled down to an inevitable (and somewhat predictable) conclusion\\nin 2021: the EmDrive was bunk. But that\\u2019s the nature of the scientific\\nmethod\\u2014take a seemingly impossible idea, put it through rigorous testing, and\\nhopefully get to an unassailable conclusion (or new discoveries that lead in\\nother directions). But the not-based-in-physics dream of a propellant-less\\nmachine didn\\u2019t die with the EmDrive. Now, a new challenger approaches, and\\nthis one has a former NASA scientist backing it up.\\n\\n###### Related Story\\n\\n  * The EmDrive Isn\\u2019t Dead Yet, Says EmDrive Inventor\\n\\nWhile at NASA, Charles Buhler helped establish the Electrostatics and Surface\\nPhysics Laboratory at Kennedy Space Center in Florida\\u2014a very important lab\\nthat basically ensures rockets don\\u2019t explode. Now, as co-founder of the space\\ncompany Exodus Propulsion Technologies, Buhler told the website The Debrief\\nthat they\\u2019ve created a drive powered by a \\u201cNew Force\\u201d outside our current\\nknown laws of physics, giving the propellant-less drive enough boost to\\novercome gravity.\\n\\n\\u201cThe most important message to convey to the public is that a major discovery\\noccurred,\\u201d Buhler told The Debrief. \\u201cThis discovery of a New Force is\\nfundamental in that electric fields alone can generate a sustainable force\\nonto an object and allow center-of-mass translation of said object without\\nexpelling mass.\\u201d\\n\\nBuhler stressed that this work is unaffiliated with NASA, and that he recently\\npresented his findings at the Alternative Propulsion Energy Conference (APEC),\\nwhich is a club of engineers and enthusiasts eager to find ways to overcome\\nthe limitations of gravity and physics\\u2014and not always with the most\\nscientifically sound methods.\\n\\nIn an interview with APEC\\u2019s co-founder Tim Ventura, Buhler explained how his\\nbackground in electrostatics led to the discovery. He says his team\\u2014made up of\\npeople from NASA, Blue Origin, and the Air Force\\u2014investigated propellant-less\\ndrives for decades before arriving at electrostatics. For years, their devices\\nproduced negligible thrust, but saw increases with each new iteration. This\\nculminated in 2023, when this \\u201cNew Force\\u201d-powered drive generated enough\\nthrust to overcome Earth\\u2019s gravity.\\n\\n###### Related Story\\n\\n  * Immortality Is Impossible Until We Beat Physics\\n\\n\\u201cEssentially, what we\\u2019ve discovered is that systems that contain an asymmetry\\nin either electrostatic pressure or some kind of electrostatic divergent field\\ncan give a system of a center of mass a non-zero force component,\\u201d Buhler told\\nThe Debrief. \\u201cSo, what that basically means is that there\\u2019s some underlying\\nphysics that can essentially place force on an object should those two\\nconstraints be met.\\u201d\\n\\nObviously Buhler\\u2019s claims are pretty \\u201cwoah, if true,\\u201d but the history of\\npropellant-less drives is filled with seemingly positive results that are\\neventually dashed upon the rocks of scientific reality. For the EmDrive, hopes\\nfor the device skyrocketed after NASA\\u2019s Eagleworks team, which is dedicated to\\ninvestigating new forms of propulsion (i.e. warp drives), claimed to measure\\nthrust from the \\u201cimpossible\\u201d drive in 2016. However, subsequent\\nstudies\\u2014including an exhaustive (no pun intended) one at the Dresden\\nUniversity of Technology\\u2014found zero thrust.\\n\\nBefore any alternative propulsion enthusiasts should start popping corks,\\nrigorous, third-party research will have to verify the results again and\\nagain. While it\\u2019s not impossible that Buhler et. al stumbled across some\\nunknown quirk of physics, it\\u2019s an extremely unlikely outcome.\\n\\nFor now, let\\u2019s call it an \\u201cimprobable engine.\\u201d\\n\\nDarren Orf\\n\\nDarren lives in Portland, has a cat, and writes/edits about sci-fi and how our\\nworld works. You can find his previous stuff at Gizmodo and Paste if you look\\nhard enough.\\n\\n###### Watch Next\\n\\nAdvertisement - Continue Reading Below\\n\\n## Rockets\\n\\nScientists Get Serious in Search for Warp Drive\\n\\nA Chinese Rocket Took an Unknown Item to the Moon\\n\\nThe Pentagon Really Wants a Nuclear Spacecraft\\n\\nCylinder on Australian Beach is Part of a Rocket\\n\\nAdvertisement - Continue Reading Below\\n\\nWhy the Aerospike Engine Is the Future of Rockets\\n\\nAfter 70 Years, Will Aerospike Engines Fly?\\n\\nIs Fusion the Future of Space Exploration?\\n\\nAstronauts Might be Able to Hibernate in 10 Years\\n\\nSpaceX Blew Up Their Own Launch Pad\\n\\nWelp, SpaceX\\u2019s Starship Just Blew Up\\n\\nBummer: SpaceX Canceled Today\\u2019s Starship Launch\\n\\nNew Japanese Rocket Fails During Launch\\n\\nAdvertisement - Continue Reading Below\\n\\nA Part of Hearst Digital Media\\n\\nWe may earn commission from links on this page, but we only recommend products\\nwe back.\\n\\n\\u00a92024 Hearst Magazine Media, Inc. All Rights Reserved.\\n\\nPrivacy NoticeCA Notice at CollectionYour CA Privacy Rights/Shine the LightDAA\\nIndustry Opt OutTerms of UseSite Map\\n\\nCookie Choices\\n\\nHearst and third parties use cookies and similar technologies (\\u201cCookies\\u201d) on\\nthis site. Some Cookies are necessary to make this site and our content\\navailable to you; these Cookies fire automatically and are not subject to your\\npreference settings. If you click \\u201cAccept\\u201d, you consent to Hearst and our\\nadvertisers, ad-tech providers, including 137 IAB TCF Framework vendors, and\\nothers (collectively \\u201cVendors\\u201d) using additional Cookies and processing your\\npersonal data (such as unique identifiers) and other information stored and/or\\naccessed from your device or browser for the purposes described below. Click\\non \\u201cManage Settings\\u201d for more information about these purposes and where we\\nprocess your personal data based on legitimate interests. See also our Privacy\\nNotice. If you do not consent to these Cookies and the processing of your\\npersonal data for these purposes, click \\u201cDecline\\u201d.\\n\\nYou can adjust your Cookies preferences, object to legitimate interests, or\\nrevoke your consent at any time by clicking on the \\u201cCookies Choices\\u201d link at\\nthe bottom of this site. Your preferences will apply to this site only and are\\nbrowser and device-specific.\\n\\n### We and our Vendors process data obtained through the use of Cookies for\\nthe following purposes:\\n\\nActively scan device characteristics for identification. Store and/or access\\ninformation on a device. Use limited data to select content. Create profiles\\nto personalise content. Use profiles to select personalised advertising.\\nCreate profiles for personalised advertising. Use profiles to select\\npersonalised content. Measure advertising performance. Understand audiences\\nthrough statistics or combinations of data from different sources. Develop and\\nimprove services. Use limited data to select advertising. Measure content\\nperformance.\\n\\n\", \"frontpage\": true}"}
