{"value":"{\"aid\": \"40229857\", \"title\": \"House passes GOP antisemitism bill amid college unrest\", \"url\": \"https://abcnews.go.com/Politics/house-vote-gop-antisemitism-bill-amid-college-unrest/story?id=109830325\", \"domain\": \"go.com\", \"votes\": 2, \"user\": \"chirau\", \"posted_at\": \"2024-05-01 21:39:37\", \"comments\": 0, \"source_title\": \"House passes GOP antisemitism bill amid college unrest\", \"source_text\": \"House passes GOP antisemitism bill amid college unrest - ABC News\\n\\n# House passes GOP antisemitism bill amid college unrest\\n\\nMany who voted against the bill said it infringes on free speech.\\n\\nByLauren Peller\\n\\nMay 1, 2024, 9:01 PM\\n\\n3:21\\n\\nRep. Mike Lawler, R-N.Y., leaves a meeting of the House Republican...Show More\\n\\nTom Williams/CQ-Roll Call, Inc via Getty Images\\n\\nThe House passed the Antisemitism Awareness Act on Wednesday amid unrest on\\ncollege campuses.\\n\\nThe bill, which was introduced by a bipartisan group of lawmakers, passed\\n320-91.\\n\\nThe measure was led by Rep. Mike Lawler, R-N.Y., and had 15 Democratic co-\\nsponsors. Many Republicans and Democrats who voted against the bill said it\\ninfringes on free speech.\\n\\nIt requires the Department of Education to use the International Holocaust\\nRemembrance Alliance working definition of antisemitism when enforcing federal\\nanti-discrimination laws. The working definition says antisemitism is in-part\\n\\\"a certain perception of Jews, which may be expressed as hatred toward Jews.\\\"\\nThe definition includes denying Jewish people their right to self-\\ndetermination by claiming that the State of Israel is a racist state and\\ndrawing comparisons of contemporary Israeli policy to that of the Nazis.\\n\\n### MORE: Speaker Johnson, House Republicans ramp up criticism of 'out of\\ncontrol' college protests\\n\\nRep. Mike Lawler, R-N.Y., leaves a meeting of the House Republican\\nConfere...Show more ---\\n\\nTom Williams/CQ-Roll Call, Inc via Getty Images\\n\\nSeveral Democrats took issue with the alliance's definition of antisemitism\\nand some of the contemporary examples on antisemitism listed by the group.\\nDemocratic Rep. Jerry Nadler, who is Jewish, said he took issue with the bill\\nbecause it would put the \\\"thumb on the scale\\\" in favor of one definition of\\nantisemitism and could \\\"chill\\\" constitutionally-protected free speech. Nadler\\nvoted against the bill.\\n\\nThe definition of antisemitism has been fraught, especially amid the ongoing\\nprotests at colleges and universities across the country in connection with\\nthe war in Gaza. Student protesters critical of the Israeli government's\\nmilitary actions in Gaza have continued to face accusations of antisemitism,\\nas politicians from across the ideological spectrum react to the widening\\ndemonstrations on college campuses.\\n\\nThe House's vote came as those college protests rage on. Many pro-Palestinian\\nprotesters are calling for their colleges to divest of funds from Israeli\\nmilitary operations, while some Jewish students on the campuses as well as\\nelected officials have called the protests antisemitic and said they are\\nscared for their safety.\\n\\nSome Jewish students have long warned against conflating antisemitism with\\nviews critical of Israel's government and blanket portrayals of all protesters\\nas antisemitic.\\n\\nThe college protests have been largely peaceful, officials say, though\\nhundreds of students and faculty have been arrested at campuses across the\\ncountry, primarily for trespassing. School administrators across the country\\nhave also said that some instances of violence have largely been connected to\\nunaffiliated non-students.\\n\\nA student protester parades a Palestinian flag outside the entrance to\\nHami...Show more ---\\n\\nMary Altaffer/AP\\n\\nLast week, Speaker Mike Johnson visited Columbia University, where the\\nprotests initially began, and stepped up his criticism of the college\\nprotests.\\n\\n\\\"Columbia is out of control,\\\" Johnson claimed.\\n\\n## Related Stories\\n\\n### GOP ramps up criticism of college protests\\n\\n  * Apr 30, 7:41 PM\\n\\n### House passes bill to expand definition of antisemitism amid growing campus\\nprotests over Gaza war\\n\\n  * 4 hours ago\\n\\n### House Republicans launch investigation into federal funding for\\nuniversities amid campus protests\\n\\n  * Apr 30, 8:37 PM\\n\\nDuring this visit, he joined some of his New York Republican colleagues in\\ncalling for Columbia University President Minouche Shafik to resign and\\nsuggested the National Guard be called to tamp down the demonstrations.\\n\\nHouse Minority Leader Hakeem Jeffries, D-N.Y., walks with reporters at\\nthe...Show more ---\\n\\nJ. Scott Applewhite/AP\\n\\n### MORE: Student protesters denounce antisemitism amid criticism over pro-\\nPalestinian encampments at college campuses\\n\\nJohnson also called on President Joe Biden to speak more forcefully on the\\nissue. Last week, Biden said he condemned \\\"antisemitic protests\\\" but also\\ncondemned \\\"those who don't understand what's going on with the Palestinians.\\\"\\n\\nThe bill's approval comes a day after Johnson announced the House is expanding\\nits investigation into antisemitism on college campuses and will look at\\nfederal funding specifically.\\n\\nABC News' Kiara Alfonseca contributed to this report.\\n\\n## Related Topics\\n\\n  * College Protests\\n  * Antisemitism\\n\\n## Related Stories\\n\\n### GOP ramps up criticism of college protests\\n\\n  * Apr 30, 7:41 PM\\n\\n### House passes bill to expand definition of antisemitism amid growing campus\\nprotests over Gaza war\\n\\n  * 4 hours ago\\n\\n### House Republicans launch investigation into federal funding for\\nuniversities amid campus protests\\n\\n  * Apr 30, 8:37 PM\\n\\n### College students, protesters call out antisemitism\\n\\n  * Apr 26, 7:54 PM\\n\\n### Biden faces GOP pressure to speak out on protests\\n\\n  * 1 hour ago\\n\\n### ABC News Live\\n\\n24/7 coverage of breaking news and live events\\n\\nABC News Network\\n\\nAbout Nielsen Measurement\\n\\nChildren's Online Privacy Policy\\n\\nContact Us\\n\\nDo Not Sell or Share My Personal Information\\n\\nInterest-Based Ads\\n\\nPrivacy Policy\\n\\nTerms of Use\\n\\nYour US State Privacy Rights\\n\\n\\u00a9 2024 ABC News\\n\\n\", \"frontpage\": false}"}
