{"value":"{\"aid\": \"40231812\", \"title\": \"AI and the End of the Human Writer\", \"url\": \"https://newrepublic.com/article/180395/ai-artifical-intelligence-writing-human-creativity\", \"domain\": \"newrepublic.com\", \"votes\": 3, \"user\": \"pseudolus\", \"posted_at\": \"2024-05-02 01:34:23\", \"comments\": 0, \"source_title\": \"AI and the End of the Human Writer\", \"source_text\": \"AI and the End of the Human Writer | The New Republic\\n\\nYou are using an outdated browser. Please upgrade your browser and improve\\nyour visit to our site.\\n\\nSkip Navigation\\n\\nWORDS TO LIVE BY\\n\\n# AI and the End of the Human Writer\\n\\n## If a computer can write like a person, what does that say about the nature\\nof our own creativity?\\n\\nSamanth Subramanian/April 22, 2024\\n\\nILLUSTRATION BY DAVID LITMAN\\n\\nThe most nauseating, addictive thing about writing is the uncertainty\\u2014and I\\ndon\\u2019t mean the is-anyone-reading? or will-I-make-rent? kind. The uncertainty\\nI\\u2019m talking about dogs the very act. This business of writing an essay, for\\ninstance: Which of ten thousand possible openings to choose\\u2014and how to ignore\\nthe sweaty sense that the unseen, unconceptualized ten thousand and first is\\nthe real keeper? Which threads to tug at, without knowing where they lead, and\\nwhich to leave alone? Which ideas to pick up along the way, to fondle and\\npolish and present to an unknown reader? How to know what sentence best comes\\nnext, or even what word? A shrewd observer will note that I am complaining\\nabout the very essence of writing itself, but that has been the long-held\\nprivilege of writers\\u2014and they enjoyed it in the secure comfort of their\\nuniqueness. Who else was going to do the writing, if not the writers who\\ngrouse about writing?\\n\\nNow along come these language engines, with suspiciously casual or mythopoeic\\nnames like ChatGPT or Bard, that suffer not an iota of writerly uncertainty.\\nIn what can only be called acts of emesis, they can pour out user manuals,\\nshort stories, college essays, sonnets, screenplays, propaganda, or op-eds\\nwithin seconds of being requested for them. Already, as Naomi S. Baron points\\nout in her book Who Wrote This?, readers aren\\u2019t always able to tell if a slab\\nof text came out of a human torturing herself over syntax or a machine\\u2019s\\nfrictionless innards. (William Blake, it turns out, sounds human, but Gertrude\\nStein does not.) This unsettles Baron, a linguist who has been writing about\\nthe fate of reading for decades now. And it appears to be no lasting\\nconsolation that, in some tests, people still correctly recognize an author as\\nartificial. Inexorably, version after version, the AIs will improve. At some\\npoint, we must presume, they will so thoroughly master Blakean scansion and a\\nchorus of other voices that their output\\u2014the mechanistic term is only\\nappropriate\\u2014will feel indistinguishable from ours.\\n\\nWho Wrote This?: How AI and the Lure of Efficiency Threaten Human Writing\\n\\nby Naomi S. Baron\\n\\nBuy on Bookshop\\n\\nStanford University Press, 344 pp., $30.00\\n\\nNaturally, this perplexes us. If a computer can write like a person, what does\\nthat say about the nature of our own creativity? What, if anything, sets us\\napart? And if AI does indeed supplant human writing, what will humans\\u2014both\\nreaders and writers\\u2014lose? The stakes feel tremendous, dwarfing any previous\\nwave of automation. Written expression changed us as a civilization; we\\nrecognize that so well that we use the invention of writing to demarcate the\\npast into prehistory and history. The erosion of writing promises to be\\nequally momentous.\\n\\nLiterary Theory for Robots: How Computers Learned to Write\\n\\nby Dennis Yi Tenen\\n\\nBuy on Bookshop\\n\\nW.W. Norton & Company, 176 pp., $22.00\\n\\nIn an abysmally simplified way, leaving out all mentions of vector spaces and\\ntransformer architecture, here\\u2019s how a modern large language model, or LLM,\\nworks. Since the LLM hasn\\u2019t been out on the streets to see cars halting at\\ntraffic signals, it cannot latch on to any experiential truth in the sentence,\\n\\u201cThe BMW stopped at the traffic light.\\u201d But it has been fed reams and reams of\\nwritten material\\u2014300 billion words, in the case of ChatGPT 3.5\\u2014and trained to\\nnotice patterns. It has also been programmed to play a silent mathematical\\ngame, trying to predict the next word in a sentence of a source text, and\\neither correcting or reinforcing its guesses as it progresses through the\\ntext. If the LLM plays the game long enough, over 300 billion or so words, it\\nsimulates something like understanding for itself: enough to determine that a\\nBMW is a kind of car, that \\u201ctraffic light\\u201d is a synonym for \\u201ctraffic signal,\\u201d\\nand that the sentence is more correct, as far the real world goes, than \\u201cThe\\nBMW danced at the traffic light.\\u201d Using the same prediction algorithms, the\\nLLM spits out plausible sentences of its own\\u2014the words or phrases or ideas\\nchosen based on how frequently they occur near one another in its corpus.\\nEverything is pattern-matching. Everything\\u2014even poetry\\u2014is mathematics.\\n\\nWe still don\\u2019t know precisely how humans grasp language, although it isn\\u2019t the\\nLLM way; no infant that I know of consumed 300 billion words before saying\\n\\u201cMama.\\u201d But in his slim new book, Literary Theory for Robots, Dennis Yi Tenen,\\nan associate professor of English at Columbia University, proposes that the\\nway we use language to create works bears some similarities to the machines.\\n\\u201cThinking and writing happen through time, in dialogue with a crowd,\\u201d Tenen\\nmaintains. \\u201cParadoxically, we create new art by imitating and riffing off each\\nother.\\u201d Subconsciously or otherwise, a writer milks inspiration out of\\nlibraries and conversations, and draws assistance from dictionaries,\\nthesauruses, and style guides. \\u201cWe think with our bodies, with tools, with\\ntexts, within environments, and with other people.\\u201d A writer relies in less\\ncalculating fashion on the books she has ingested than an AI does, but they\\u2019ve\\nmade her into a writer all the same. It was always an error, Tenen writes, \\u201cto\\nimagine intelligence in a vat of private exceptional achievement\\u201d\\u2014to buy into\\nthe fable of the writer in her lonely garret, manufacturing words and ideas de\\nnovo.\\n\\nIn this notion of distributed intelligence, there is something both\\ndemocratizing and destabilizing\\u2014a sneaky but egalitarian mode of murdering the\\nauthor. Tenen insists, though, that we shouldn\\u2019t agonize too much over the\\nsource of intelligence. Who cares if our thinking is closer to the synthesis\\nof LLMs, rather than the divinely ordained originality held dear by the\\nRomantics, as long as we have an effect upon the world? Certainly not\\nAristotle. \\u201cIn the Aristotelian model,\\u201d Tenen writes, \\u201cintelligence is the\\nGOAL of thought.\\u201d (The caps lock letters are Tenen\\u2019s, not mine or\\nAristotle\\u2019s.) It\\u2019s Plato who held intelligence to lie within the department of\\nthe interior\\u2014a private, nebulous thing that occasionally led to enlightenment.\\nPick your philosopher.\\n\\nEven at the summit of literary creation, fiction writers yielded to the\\nseeming inevitability of recombination. Tenen\\u2019s potted history of authorial\\nhacks, the richest section of his book, begins with Georges Polti, an\\nenterprising Frenchman who in 1895 published a book called The Thirty-Six\\nDramatic Situations, to help dramatists write new plays. Once you\\u2019d eliminated\\nsupplication, deliverance, vengeance, pursuit, disaster, revolt, and the other\\n30 symptoms of the human condition, he implied, what else was left? (Polti\\nwasn\\u2019t afraid to get specific: Among the subtypes of the \\u201cpursuit\\u201d situation\\nwere \\u201cpursuit for a fault of love\\u201d and \\u201ca pseudo-madman struggling against an\\nIago-like alienist.\\u201d) \\u201cThey will accuse me of killing imagination,\\u201d Polti\\nwrote, but in fact, his primer aspired to free playwrights from the pursuit of\\nmere novelty, so they could devote themselves to truth and beauty. Mark Twain\\ninvented a self-gumming scrapbook for authors, into which they might paste\\nnotes, newspaper snippets, and images, for subsequent inspiration. (His\\nsecretary once filled six scrapbooks with clips about the Tichborne trial in\\nLondon, involving a no-name butcher who claimed the title to an English\\npeerage. Twain concluded that the tale was too wild to be of use to a \\u201cfiction\\nartist\\u201d\\u2014but it did form the basis of Zadie Smith\\u2019s latest novel, The Fraud.)\\nCompanies sold devices like the Chautauqua Literary File and the Phillips\\nAutomatic Plot File Collector, into which writers stuffed their reference\\nmaterials, so that they could later pluck out a setting, a character, or the\\nseed of a plot. It was ever thus, Tenen implies\\u2014the magpie approach to\\nthinking, the collage as the modus operandi of writing. Why are we unnerved by\\nLLMs following those same principles?\\n\\nWhen I reached this juncture in Literary Theory for Robots, I let out a\\nsilent, screaming plea for our species. The art of the novel doesn\\u2019t lie in\\nthe combine-harvesting of details and plotlines. It lies in how a writer\\nselectively filters some of them through her own consciousness\\u2014her\\ndeliberations, the sum of her life, the din of her thoughts\\u2014to devise\\nsomething altogether different and more profound. This, and only this, makes\\nany piece of writing meaningful to those who read it. The AIs of the future\\nmay meet other yardsticks for creativity. They may, say, grow aware of\\nthemselves as creators, satisfying the neurosurgeon Geoffrey Jefferson\\u2019s\\ndictum that a machine will equal the brain when it not only writes a sonnet\\nbut also knows that it has written it. Their cogitations may seem as bleary\\nand inscrutable as those of humans. (Already we are hard-pressed to say how\\nprecisely some hallucinations emerge from AIs.) But they will never have\\nexperiences the way we have experiences, I quarreled with myself. They can\\u2019t\\nlose a friend to suicide, or feel the pain of a twisted ankle, or delight at\\ntheir first glimpse of the rolling Caucasus, or grow frustrated in a job, or\\nbecome curious about Dutch art. (And that was just my 2023.) Any texts they\\nfurnish will be intrinsically hollow; they will fail to hold us, like planets\\nwithout gravity. Or so I contended.\\n\\nBut not very far into Baron\\u2019s Who Wrote This?, I realized I was being\\ndefensive\\u2014that I was arguing for a special exemption for writing and language\\nbecause I consider them such immutable aspects of the mind, and of being\\nhuman. Baron, with the dry eyes of an actuary, sets about deromanticizing\\nwriting. She presents classifications of creativity\\u2014ranging from the \\u201cmini c\\u201d\\ncreativity of personal satisfaction, where you tweak the recipe of a peach\\ncobbler at Thanksgiving, through the \\u201clittle c\\u201d rung of winning a county fair\\nribbon for said recipe, up to the cobbler-less \\u201cPro C\\u201d of professional\\ncreations like the Harry Potter series and the \\u201cBig C\\u201d league of Shakespeare\\nand Steve Jobs.\\n\\nBaron invokes these distinctions in part to understand human creativity. But\\nshe is particularly interested in whether AI imperils the Big C. She points\\nout that the high art of literary writing is merely a sliver of all writing\\nturned out by humanity. Much of the rest is \\u201ceveryday writing by everyday\\npeople,\\u201d and it includes grocery lists, birdwatching journals, emails, social\\nmedia status updates, and office memos. Another subset\\u2014Baron loves her\\ntaxonomies\\u2014consists of writing for professional or financial gain. Here rest\\nadvertising copy, chemistry primers, white papers, earnings reports, and\\nbusiness case studies\\u2014texts to which we rarely look for deep meaning, \\u201cBig C\\u201d\\ncreativity, or personal connection. Not only will AIs be capable of producing\\nthese artifacts of writing, but a reader will feel no acute sense of loss in\\ndiscovering where they came from. Tenen would note that, even today, such\\ntexts already repurpose previous writing to a large extent. To resent AIs for\\nsimilarly relying on the work of others would be as fatuous as dismissing a\\nnovelist who employs a spellchecker to correct his usage of \\u201cwho\\u201d and \\u201cwhom.\\u201d\\n\\nBoth Tenen and Baron are cautious boosters of AI, saluting its potential to\\nrelieve us of many \\u201clesser\\u201d forms of writing. But they also predict that more\\nliterary writing\\u2014Big C writing\\u2014will resist the encroachments of the machines.\\n\\u201cIt\\u2019s simply that, however effective or powerful, a muscular artifice for the\\nsake of artifice isn\\u2019t that intelligent or interesting to me,\\u201d Tenen says. For\\ntruly human writing, an AI needs to gain a wider sense of the world, he adds.\\n\\u201cBut it cannot, if words are all it has to go by.\\u201d A machine cannot (as yet)\\nwatch a film to review it, and it cannot (also as yet; one must cover one\\u2019s\\nrear) interview legislators to write a political feature. Anything that it\\nproduces in these genres must be confected out of reviews and interviews that\\nhave already been written. That lack of originality, Tenen would contend, will\\nforever keep true creativity beyond the reach of AI.\\n\\nStill, I remained unsure. One might argue that it is always the audience that\\ncreates meaning out of a text\\u2014that a book is merely a jumble of words until it\\nprovokes responses in a reader, that the act of reading summons the book into\\nbeing. In doing so, we wouldn\\u2019t just be going back half a century, to reader-\\nresponse theory and Roland Barthes\\u2019s essay \\u201cThe Death of the Author.\\u201d More\\nthan a millennium ago, the Indian philosopher Bhatta Nayaka, in a literary\\ntreatise called Mirror of the Heart, reasoned that rasa\\u2014the Sanskrit notion of\\naesthetic flavor\\u2014resides not in the characters of a play but in the reader or\\nspectator. \\u201cRasa thus became entirely a matter of response,\\u201d the Sanskrit\\nscholar Sheldon Pollock wrote in A Rasa Reader, \\u201cand the only remaining\\nquestion was what precisely that response consists of.\\u201d\\n\\nBhatta Nayaka today, digesting the relationship between our AIs and us, would\\nask us an uncomfortable question. If, in a blind taste test, some readers are\\nmoved by a poem or a short story by ChatGPT, will we continue to prize their\\nexperience, and hold their response to be more important than anything else?\\nIt\\u2019s bound to happen, at some point\\u2014and the computers don\\u2019t even need to be\\nsentient to get there. Alan Turing knew it. In his 1950 paper, when he\\nproposed an inquiry into the question \\u201cCan machines think?\\u201d Turing swerved\\nquickly into the question of whether machines could play the imitation\\ngame\\u2014whether they could merely fool human beings into concluding that they\\nwere thinking. The outcome, for all practical purposes, is the same\\u2014and the\\ndifference between moving us and fooling us isn\\u2019t as great as we\\u2019d like to\\nbelieve.\\n\\nSo much for readers. But what of writers? The twentieth century is cluttered\\nwith the vacated chairs and discarded uniforms of workers whose jobs have been\\nautomated. Human hands once stuffed sausages, riveted cars together, and\\ntransferred calls in telephone exchanges. Once again, it is tempting to claim\\nan exemption for writing. \\u201cBecause mind and language are special to us, we\\nlike to pretend they are exempt from labor history,\\u201d Tenen notes. But\\n\\u201cintellect requires artifice, and therefore labor.\\u201d In the commercial sphere,\\na lot of writing is not so far removed from sausage-making\\u2014and the machines\\nhave already begun to encroach. Realtors use ChatGPT to pump out listings of\\nhouses. The Associated Press turns to AI models to generate reports on\\ncorporate earnings. Context, a tool owned by LexisNexis, reads judicial\\ndecisions and then offers lawyers their \\u201cmost persuasive argument, using the\\nexact language and opinions your judge cites most frequently.\\u201d When you\\nconsider that some judgments are now drafted by AI as well, the legal\\nprofession seems to be on the cusp of machines debating each other to decide\\nthe fate of human beings.\\n\\nIt won\\u2019t do to be snobbish and describe these kinds of writing work as\\nthankless, because they have occupied people who have been thankful for the\\nincome. Roughly 13 percent of American jobs are writing-intensive, and they\\nearn more than $675 billion a year. Many of these jobs are likely to\\nevaporate, but when this is aired as a concern, the champions of automation\\nhave a standard lexicon of liberation. \\u201cFreed from the bondage of erudition,\\ntoday\\u2019s scribes and scholars can challenge themselves with more creative\\ntasks,\\u201d Tenen writes. If he\\u2019d been speaking that sentence, perhaps he\\u2019d have\\nended it with an upward, hopeful lilt? Because little about the modern economy\\nsuggests that it wishes to support even the creative writers who already live\\nwithin it, let alone the thousands on the verge of being emancipated by AI.\\n\\nHowever, there is supposedly freedom on offer for novelists and poets as well.\\nIn one of Baron\\u2019s scenarios, AI tools provide the divine spark: \\u201cThink of\\njumpstarting a car battery.\\u201d But cars start the same way every time, and they\\nreally just need to reach their destinations. For writers, trite as it sounds,\\nit\\u2019s about the origin and the journey. In the cautionary parable of Jennifer\\nLepp, as narrated by Baron, the writer is cold-shouldered out of her own\\nwriting. Lepp, a one-woman cottage industry turning out a new paranormal cozy\\nmystery every nine weeks, recruited an AI model called Sudowrite as an\\nassistant. At first, Sudowrite helped her with brief descriptions, but\\ngradually, as she let it do more and more, \\u201cshe no longer felt immersed in her\\ncharacters and plots. She no longer dreamt about them,\\u201d Baron writes. Lepp\\ntold The Verge: \\u201cIt didn\\u2019t feel like mine anymore. It was very uncomfortable\\nto look back over what I wrote and not really feel connected to the words or\\nthe ideas.\\u201d\\n\\nHere, at last, is the grisly crux: that AI threatens to ruin for us\\u2014for many\\nmore of us than we might suppose\\u2014not the benefits of reading but those of\\nwriting. We don\\u2019t all paint or make music, but we all formulate language in\\nsome way, and plenty of it is through writing. Even the most basic scraps of\\nwriting we do\\u2014lessons in cursive, text messages, marginal jottings, postcards,\\nall the paltry offcuts of our minds\\u2014improve us. Learning the correct spellings\\nof words, according to many research studies, makes us better readers. Writing\\nby hand impresses new information into the brain and sets off more ideas\\n(again: several studies). And sustained writing of any kind\\u2014with chalk on a\\nrock face, or a foot-long novelty pencil, or indeed a laptop\\u2014abets\\ncontemplation. An entire half-page of Baron\\u2019s book is filled with variations\\nof this single sentiment, ranging from Horace Walpole\\u2019s \\u201cI never understand\\nanything until I have written about it\\u201d to Joan Didion\\u2019s \\u201cI write entirely to\\nfind out what I\\u2019m thinking, what I\\u2019m looking at, what I see and what it\\nmeans.\\u201d Sometimes even that is prologue. We also write to reach out, to convey\\nthe squalls and scuffles in our souls, so that others may see us better and\\nsee themselves through us. The difficulty of writing\\u2014the cursed, nerve-\\nshredding, fingernail-yanking uncertainty of it\\u2014is what forces the discovery\\nof anything that is meaningful to writers or to their readers. To have AI\\nstrip all that away would be to render us wordless, thoughtless, self-less.\\nGive me the shredded nerves and yanked fingernails any day.\\n\\nSamanth Subramanian @samanth_s\\n\\nSamanth Subramanian is the author of A Dominant Character: The Radical Science\\nand Restless Politics of J.B.S. Haldane. He is a senior reporter at Quartz.\\n\\nRead More:\\n\\nMagazine, May 2024, Books & The Arts, Culture, Books, Artificial Intelligence,\\nWriting, Chatgpt, Literature\\n\\nLatest from the Magazine\\n\\nBorder Controls\\n\\nThe Racist Origins of America\\u2019s Broken Immigration System\\n\\nFelipe De La Hoz\\n\\nBorder Controls\\n\\nFelipe De La Hoz\\n\\nThe Racist Origins of America\\u2019s Broken Immigration System\\n\\nUsual Cruelty\\n\\nThe New Sundown Towns\\n\\nTracy Rosenthal\\n\\nUsual Cruelty\\n\\nTracy Rosenthal\\n\\nThe New Sundown Towns\\n\\nThe Universalist\\n\\nKeith Haring and the Art of Being Everywhere\\n\\nJeremy Lybarger\\n\\nThe Universalist\\n\\nJeremy Lybarger\\n\\nKeith Haring and the Art of Being Everywhere\\n\\nTaxonomies\\n\\nThe 10 Types of Dems Who Will Decide the 2024 Election\\n\\nWalter Shapiro\\n\\nTaxonomies\\n\\nWalter Shapiro\\n\\nThe 10 Types of Dems Who Will Decide the 2024 Election\\n\\n  * BREAKING NEWS\\n  * POLITICS\\n  * CLIMATE\\n  * CULTURE\\n  * MAGAZINE\\n  * PODCASTS\\n  * GAMES\\n\\n  * Events\\n  * Travel\\n  * Bookstore\\n  * Donate\\n  * Advertise\\n  * FAQ\\n  * Press\\n  * Jobs\\n  * Submissions\\n\\n  * Subscribe to The New Republic\\n  * Sign Up for Our Newsletters\\n\\n  * Terms and Conditions\\n  * Privacy Policy\\n  * Cookies Settings\\n  * Copyright 2024 \\u00a9 The New Republic. All rights reserved.\\n\\nBy clicking \\u201cAccept All Cookies,\\u201d you agree to the storing of cookies on your\\ndevice to enhance site navigation, analyze site usage, and assist in our\\nmarketing efforts.\\n\\n## Privacy Preference Center\\n\\nWhen you visit our website, we store cookies on your browser to collect\\ninformation. The information collected might relate to you, your preferences,\\nor your device and is mostly used to make the site work as you expect it to\\nand to provide a more personalized web experience. However, you can choose not\\nto allow certain types of cookies, which may impact your experience of the\\nsite and the services we are able to offer. Click on the different category\\nheadings to find out more and change our default settings according to your\\npreference. You cannot opt out of our First Party Strictly Necessary Cookies\\nas they are deployed in order to ensure the proper functioning of our website\\n(such as prompting the cookie banner and remembering your settings, to log\\ninto your account, to redirect you when you log out, etc.). More information\\nabout your privacy\\n\\n### Manage Consent Preferences\\n\\n#### Targeting Cookies\\n\\nThese cookies may be set through our site by our advertising partners. They\\nmay be used by those companies to build a profile of your interests and show\\nyou relevant adverts on other sites. They do not store directly personal\\ninformation but are based on uniquely identifying your browser and internet\\ndevice. If you do not allow these cookies, you will experience less targeted\\nadvertising.\\n\\n#### Functional Cookies\\n\\nThese cookies enable the website to provide enhanced functionality and\\npersonalization. They may be set by us or by third-party providers whose\\nservices we have added to our pages. If you do not allow these cookies, some\\nor all of these services may not function properly.\\n\\n#### Performance Cookies\\n\\nThese cookies allow us to count visits and traffic sources so we can measure\\nand improve the performance of our site. They help us to know which pages are\\nthe most and least popular and see how visitors move around the site. All\\ninformation these cookies collect is aggregated and therefore anonymous. If\\nyou do not allow these cookies, we will not know when you have visited our\\nsite and will not be able to monitor its performance.\\n\\n#### Strictly Necessary Cookies\\n\\nAlways Active\\n\\nThese cookies are necessary for the website to function and cannot be switched\\noff in our systems. They are usually only set in response to actions made by\\nyou that amount to a request for services, such as setting your privacy\\npreferences, logging in, or filling in forms. You can set your browser to\\nblock or alert you about these cookies, but some parts of the site will not\\nthen work. These cookies do not store any personally identifiable information.\\n\\n### Cookie List\\n\\nlabel\\n\\nConsent Leg.Interest\\n\\nlabel\\n\\nlabel\\n\\nlabel\\n\\n\", \"frontpage\": true}"}
