{"value":"{\"aid\": \"40229338\", \"title\": \"How to Get a Developer Job \\u2013 Even in This Economy (4 hour free course) [video]\", \"url\": \"https://www.youtube.com/watch?v=6nz8GXjxiHg\", \"domain\": \"youtube.com\", \"votes\": 1, \"user\": \"gorkemcetin\", \"posted_at\": \"2024-05-01 20:58:57\", \"comments\": 0, \"source_title\": \"How to Get a Developer Job \\u2013 Even in This Economy [Full Course]\", \"source_text\": \"How to Get a Developer Job \\u2013 Even in This Economy [Full Course] - YouTube\\n\\nHow to Get a Developer Job \\u2013 Even in This Economy [Full Course]\\n\\n2x\\n\\nIf playback doesn't begin shortly, try restarting your device.\\n\\n\\u2022\\n\\nYou're signed out\\n\\nVideos you watch may be added to the TV's watch history and influence TV\\nrecommendations. To avoid this, cancel and sign in to YouTube on your\\ncomputer.\\n\\nUp next\\n\\nLive\\n\\nUpcoming\\n\\nPlay Now\\n\\nThis course will help you find a programming job, and it's specifically\\ndesigned for\\n\\nShare\\n\\nAn error occurred while retrieving sharing information. Please try again\\nlater.\\n\\n0:00\\n\\n0:00 / 3:59:45\\u2022Watch full video\\n\\nAboutPressCopyrightContact usCreatorsAdvertiseDevelopersImpressumCancel\\nMembershipsTermsPrivacyPolicy & SafetyHow YouTube worksTest new features\\n\\n\\u00a9 2024 Google LLC\\n\\n\", \"frontpage\": false}"}
