{"value":"{\"aid\": \"40229481\", \"title\": \"Text to ASCII Art Generator\", \"url\": \"https://patorjk.com/software/taag/\", \"domain\": \"patorjk.com\", \"votes\": 1, \"user\": \"onychomys\", \"posted_at\": \"2024-05-01 21:11:16\", \"comments\": 0, \"source_title\": \"Text to ASCII Art Generator (TAAG)\", \"source_text\": \"Text to ASCII Art Generator (TAAG)\\n\\n| Main Controls - *FIGlet and AOL Macro Fonts Supported*  \\n---  \\nOther Stuff From patorjk.com That You Might Like:\\n\\n  * Typing Speed Test\\n  * Keyboard Layout Analzyer\\n  * Text Color Fader\\n  * Snake Game\\n  * My Photography Site\\n  * Main Page\\n\\n  \\n  \\npatorjk.com\\n\\n    \\n    \\n    ___________ _________ __ .__ .__ \\\\__ ___/__.__.______ ____ / _____/ ____ _____ _____/ |_| |__ |__| ____ ____ | | < | |\\\\____ \\\\_/ __ \\\\ \\\\_____ \\\\ / _ \\\\ / \\\\_/ __ \\\\ __\\\\ | \\\\| |/ \\\\ / ___\\\\ | | \\\\___ || |_> > ___/ / ( <_> ) Y Y \\\\ ___/| | | Y \\\\ | | \\\\/ /_/ > |____| / ____|| __/ \\\\___ > /_______ /\\\\____/|__|_| /\\\\___ >__| |___| /__|___| /\\\\___ / \\\\/ |__| \\\\/ \\\\/ \\\\/ \\\\/ \\\\/ \\\\//_____/\\n\\nShare Links\\n\\n\", \"frontpage\": false}"}
