{"value":"{\"aid\": \"40230790\", \"title\": \"Whistleblower Josh Dean of Boeing Supplier Spirit AeroSystems Has Died\", \"url\": \"https://www.seattletimes.com/business/whistleblower-josh-dean-of-boeing-supplier-spirit-aerosystems-has-died/\", \"domain\": \"seattletimes.com\", \"votes\": 35, \"user\": \"Freedom2\", \"posted_at\": \"2024-05-01 23:17:39\", \"comments\": 5, \"source_title\": \"www.seattletimes.com\", \"source_text\": \"www.seattletimes.com\\n\\n# This site can\\u2019t be reached\\n\\nThe webpage at https://www.seattletimes.com/business/whistleblower-josh-dean-\\nof-boeing-supplier-spirit-aerosystems-has-died/ might be temporarily down or\\nit may have moved permanently to a new web address.\\n\\nERR_HTTP2_PROTOCOL_ERROR\\n\\nnull\\n\\nThe webpage at https://www.seattletimes.com/business/whistleblower-josh-dean-\\nof-boeing-supplier-spirit-aerosystems-has-died/ might be temporarily down or\\nit may have moved permanently to a new web address.\\n\\n\", \"frontpage\": true}"}
