{"value":"{\"aid\": \"40228755\", \"title\": \"Ornstein\\u2013Uhlenbeck Process\", \"url\": \"https://en.wikipedia.org/wiki/Ornstein%E2%80%93Uhlenbeck_process\", \"domain\": \"wikipedia.org\", \"votes\": 1, \"user\": \"gjvc\", \"posted_at\": \"2024-05-01 20:14:00\", \"comments\": 0, \"source_title\": \"Ornstein\\u2013Uhlenbeck process\", \"source_text\": \"Ornstein\\u2013Uhlenbeck process - Wikipedia\\n\\nJump to content\\n\\nSearch\\n\\nWiki Loves Earth\\n\\nPhotograph nature for Wikipedia and win!\\n\\n# Ornstein\\u2013Uhlenbeck process\\n\\n  * Deutsch\\n  * \\u0641\\u0627\\u0631\\u0633\\u06cc\\n  * Fran\\u00e7ais\\n  * \\u041c\\u0430\\u043a\\u0435\\u0434\\u043e\\u043d\\u0441\\u043a\\u0438\\n  * Nederlands\\n  * \\u65e5\\u672c\\u8a9e\\n  * Portugu\\u00eas\\n  * \\u0421\\u0440\\u043f\\u0441\\u043a\\u0438 / srpski\\n  * \\u4e2d\\u6587\\n\\nEdit links\\n\\nFrom Wikipedia, the free encyclopedia\\n\\nStochastic process modeling random walk with friction\\n\\nNot to be confused with Ornstein\\u2013Uhlenbeck operator.\\n\\nFive simulations with \\u03b8 = 1, \\u03c3 = 1 and \\u03bc = 0.A 3D simulation with \\u03b8 = 1, \\u03c3 =\\n3, \\u03bc = (0, 0, 0) and the initial position (10, 10, 10).\\n\\nIn mathematics, the Ornstein\\u2013Uhlenbeck process is a stochastic process with\\napplications in financial mathematics and the physical sciences. Its original\\napplication in physics was as a model for the velocity of a massive Brownian\\nparticle under the influence of friction. It is named after Leonard Ornstein\\nand George Eugene Uhlenbeck.\\n\\nThe Ornstein\\u2013Uhlenbeck process is a stationary Gauss\\u2013Markov process, which\\nmeans that it is a Gaussian process, a Markov process, and is temporally\\nhomogeneous. In fact, it is the only nontrivial process that satisfies these\\nthree conditions, up to allowing linear transformations of the space and time\\nvariables.^[1] Over time, the process tends to drift towards its mean\\nfunction: such a process is called mean-reverting.\\n\\nThe process can be considered to be a modification of the random walk in\\ncontinuous time, or Wiener process, in which the properties of the process\\nhave been changed so that there is a tendency of the walk to move back towards\\na central location, with a greater attraction when the process is further away\\nfrom the center. The Ornstein\\u2013Uhlenbeck process can also be considered as the\\ncontinuous-time analogue of the discrete-time AR(1) process.\\n\\n## Definition[edit]\\n\\nSimplified formula for the Ornstein\\u2013Uhlenbeck process from the mural shown\\nbelow.Dutch artist collective De Strakke Hand: Leonard Ornstein mural, showing\\nOrnstein as a cofounder of the Dutch Physical Society (Netherlands Physical\\nSociety) at his desk in 1921, and illustrating twice the random walk of a\\ndrunkard with a simplified formula for the Ornstein\\u2013Uhlenbeck process.\\nOosterkade, Utrecht, The Netherlands, not far from Ornstein's laboratory.\\nTranslated text: Prof. Ornstein researches random motion 1930.\\n\\nThe Ornstein\\u2013Uhlenbeck process is defined by the following stochastic\\ndifferential equation:\\n\\nwhere and are parameters and denotes the Wiener process.^[2]^[3]^[4]\\n\\nAn additional drift term is sometimes added:\\n\\nwhere is a constant. The Ornstein\\u2013Uhlenbeck process is sometimes also written\\nas a Langevin equation of the form\\n\\nwhere , also known as white noise, stands in for the supposed derivative of\\nthe Wiener process.^[5] However, does not exist because the Wiener process is\\nnowhere differentiable, and so the Langevin equation is, strictly speaking,\\nonly heuristic.^[6] In physics and engineering disciplines, it is a common\\nrepresentation for the Ornstein\\u2013Uhlenbeck process and similar stochastic\\ndifferential equations by tacitly assuming that the noise term is a derivative\\nof a differentiable (e.g. Fourier) interpolation of the Wiener process.\\n\\n## Fokker\\u2013Planck equation representation[edit]\\n\\nThe Ornstein\\u2013Uhlenbeck process can also be described in terms of a probability\\ndensity function, , which specifies the probability of finding the process in\\nthe state at time .^[5] This function satisfies the Fokker\\u2013Planck equation\\n\\nwhere . This is a linear parabolic partial differential equation which can be\\nsolved by a variety of techniques. The transition probability, also known as\\nthe Green's function, is a Gaussian with mean and variance :\\n\\nThis gives the probability of the state occurring at time given initial state\\nat time . Equivalently, is the solution of the Fokker\\u2013Planck equation with\\ninitial condition .\\n\\n## Mathematical properties[edit]\\n\\nConditioned on a particular value of , the mean is\\n\\nand the covariance is\\n\\nFor the stationary (unconditioned) process, the mean of is , and the\\ncovariance of and is .\\n\\nThe Ornstein\\u2013Uhlenbeck process is an example of a Gaussian process that has a\\nbounded variance and admits a stationary probability distribution, in contrast\\nto the Wiener process; the difference between the two is in their \\\"drift\\\"\\nterm. For the Wiener process the drift term is constant, whereas for the\\nOrnstein\\u2013Uhlenbeck process it is dependent on the current value of the\\nprocess: if the current value of the process is less than the (long-term)\\nmean, the drift will be positive; if the current value of the process is\\ngreater than the (long-term) mean, the drift will be negative. In other words,\\nthe mean acts as an equilibrium level for the process. This gives the process\\nits informative name, \\\"mean-reverting.\\\"\\n\\n### Properties of sample paths[edit]\\n\\nA temporally homogeneous Ornstein\\u2013Uhlenbeck process can be represented as a\\nscaled, time-transformed Wiener process:\\n\\nwhere is the standard Wiener process. This is roughly Theorem 1.2 in Doob\\n1942. Equivalently, with the change of variable this becomes\\n\\nUsing this mapping, one can translate known properties of into corresponding\\nstatements for . For instance, the law of the iterated logarithm for\\nbecomes^[1]\\n\\n### Formal solution[edit]\\n\\nThe stochastic differential equation for can be formally solved by variation\\nof parameters.^[7] Writing\\n\\nwe get\\n\\nIntegrating from to we get\\n\\nwhereupon we see\\n\\nFrom this representation, the first moment (i.e. the mean) is shown to be\\n\\nassuming is constant. Moreover, the It\\u014d isometry can be used to calculate the\\ncovariance function by\\n\\nSince the It\\u00f4 integral of deterministic integrand is normally distributed, it\\nfollows that^[citation needed]\\n\\n### Kolmogorov equations[edit]\\n\\nThe infinitesimal generator of the process is^[8]\\n\\nIf we let , then the eigenvalue equation simplifies to:\\n\\nwhich is the defining equation for Hermite polynomials. Its solutions are ,\\nwith , which implies that the mean first passage time for a particle to hit a\\npoint on the boundary is on the order of .\\n\\n## Numerical simulation[edit]\\n\\nBy using discretely sampled data at time intervals of width , the maximum\\nlikelihood estimators for the parameters of the Ornstein\\u2013Uhlenbeck process are\\nasymptotically normal to their true values.^[9] More precisely,^[failed\\nverification]\\n\\nFour sample paths of different OU-processes with \\u03b8 = 1, \\u03c3 = : blue: initial\\nvalue a = 10, \\u03bc = 0 orange: initial value a = 0, \\u03bc = 0 green: initial value a\\n= \\u221210, \\u03bc = 0 red: initial value a = 0, \\u03bc = \\u221210\\n\\nTo simulate an OU process numerically with standard deviation and correlation\\ntime , one method is to apply the finite-difference formula\\n\\nwhere is a normally distributed random number with zero mean and unit\\nvariance, sampled independently at every time-step .^[10]\\n\\n## Scaling limit interpretation[edit]\\n\\nThe Ornstein\\u2013Uhlenbeck process can be interpreted as a scaling limit of a\\ndiscrete process, in the same way that Brownian motion is a scaling limit of\\nrandom walks. Consider an urn containing blue and yellow balls. At each step a\\nball is chosen at random and replaced by a ball of the opposite colour. Let be\\nthe number of blue balls in the urn after steps. Then converges in law to an\\nOrnstein\\u2013Uhlenbeck process as tends to infinity. This was obtained by Mark\\nKac.^[11]\\n\\nHeuristically one may obtain this as follows.\\n\\nLet , and we will obtain the stochastic differential equation at the limit.\\nFirst deduce\\n\\nWith this, we can calculate the mean and variance of , which turns out to be\\nand . Thus at the limit, we have , with solution (assuming distribution is\\nstandard normal) .\\n\\n## Applications[edit]\\n\\n### Noisy relaxation[edit]\\n\\nThe Ornstein\\u2013Uhlenbeck process is a prototype of a noisy relaxation process. A\\ncanonical example is a Hookean spring (harmonic oscillator) with spring\\nconstant whose dynamics is overdamped with friction coefficient . In the\\npresence of thermal fluctuations with temperature , the length of the spring\\nfluctuates around the spring rest length ; its stochastic dynamics is\\ndescribed by an Ornstein\\u2013Uhlenbeck process with\\n\\nwhere is derived from the Stokes\\u2013Einstein equation for the effective diffusion\\nconstant.^[12]^[13] This model has been used to characterize the motion of a\\nBrownian particle in an optical trap.^[13]^[14]\\n\\nAt equilibrium, the spring stores an average energy in accordance with the\\nequipartition theorem.^[15]\\n\\n### In financial mathematics[edit]\\n\\nThe Ornstein\\u2013Uhlenbeck process is used in the Vasicek model of the interest\\nrate.^[16] The Ornstein\\u2013Uhlenbeck process is one of several approaches used to\\nmodel (with modifications) interest rates, currency exchange rates, and\\ncommodity prices stochastically. The parameter represents the equilibrium or\\nmean value supported by fundamentals; the degree of volatility around it\\ncaused by shocks, and the rate by which these shocks dissipate and the\\nvariable reverts towards the mean. One application of the process is a trading\\nstrategy known as pairs trade.^[17]^[18]^[19]\\n\\nA further implementation of the Ornstein\\u2013Uhlenbeck process is derived by\\nMarcello Minenna in order to model the stock return under a lognormal\\ndistribution dynamics. This modeling aims at the determination of confidence\\ninterval to predict market abuse phenomena.^[20]^[21]\\n\\n### In evolutionary biology[edit]\\n\\nThe Ornstein\\u2013Uhlenbeck process has been proposed as an improvement over a\\nBrownian motion model for modeling the change in organismal phenotypes over\\ntime.^[22] A Brownian motion model implies that the phenotype can move without\\nlimit, whereas for most phenotypes natural selection imposes a cost for moving\\ntoo far in either direction. A meta-analysis of 250 fossil phenotype time-\\nseries showed that an Ornstein\\u2013Uhlenbeck model was the best fit for 115 (46%)\\nof the examined time series, supporting stasis as a common evolutionary\\npattern.^[23] This said, there are certain challenges to its use: model\\nselection mechanisms are often biased towards preferring an OU process without\\nsufficient support, and misinterpretation is easy to the unsuspecting data\\nscientist.^[24]\\n\\n## Generalizations[edit]\\n\\nIt is possible to define a L\\u00e9vy-driven Ornstein\\u2013Uhlenbeck process, in which\\nthe background driving process is a L\\u00e9vy process instead of a Wiener\\nprocess:^[25]^[26]\\n\\nHere, the differential of the Wiener process has been replaced with the\\ndifferential of a L\\u00e9vy process .\\n\\nIn addition, in finance, stochastic processes are used where the volatility\\nincreases for larger values of . In particular, the CKLS process\\n(Chan\\u2013Karolyi\\u2013Longstaff\\u2013Sanders)^[27] with the volatility term replaced by can\\nbe solved in closed form for , as well as for , which corresponds to the\\nconventional OU process. Another special case is , which corresponds to the\\nCox\\u2013Ingersoll\\u2013Ross model (CIR-model).\\n\\n### Higher dimensions[edit]\\n\\nA multi-dimensional version of the Ornstein\\u2013Uhlenbeck process, denoted by the\\nN-dimensional vector , can be defined from\\n\\nwhere is an N-dimensional Wiener process, and and are constant N\\u00d7N\\nmatrices.^[28] The solution is\\n\\nand the mean is\\n\\nThese expressions make use of the matrix exponential.\\n\\nThe process can also be described in terms of the probability density function\\n, which satisfies the Fokker\\u2013Planck equation^[29]\\n\\nwhere the matrix with components is defined by . As for the 1d case, the\\nprocess is a linear transformation of Gaussian random variables, and therefore\\nitself must be Gaussian. Because of this, the transition probability is a\\nGaussian which can be written down explicitly. If the real parts of the\\neigenvalues of are larger than zero, a stationary solution moreover exists,\\ngiven by\\n\\nwhere the matrix is determined from the Lyapunov equation .^[5]\\n\\n## See also[edit]\\n\\n  * Stochastic calculus\\n  * Wiener process\\n  * Gaussian process\\n  * Mathematical finance\\n  * The Vasicek model of interest rates\\n  * Short-rate model\\n  * Diffusion\\n  * Fluctuation-dissipation theorem\\n  * Klein\\u2013Kramers equation\\n\\n## Notes[edit]\\n\\n  1. ^ Jump up to: ^a ^b Doob 1942.\\n  2. ^ Karatzas & Shreve 1991, p. 358.\\n  3. ^ Gard 1988, p. 115.\\n  4. ^ Gardiner 1985.\\n  5. ^ Jump up to: ^a ^b ^c Risken 1989.\\n  6. ^ Lawler 2006.\\n  7. ^ Gardiner 1985, p. 106.\\n  8. ^ Holmes-Cerfon, Miranda (2022). \\\"Lecture 12: Detailed balance and Eigenfunction methods\\\" (PDF).\\n  9. ^ A\\u00eft-Sahalia 2002, pp. 223\\u2013262.\\n  10. ^ Kloeden, Platen & Schurz 1994.\\n  11. ^ Iglehart 1968.\\n  12. ^ N\\u00f8rrelykke & Flyvbjerg 2011.\\n  13. ^ Jump up to: ^a ^b Goerlich et al. 2021.\\n  14. ^ Li et al. 2019.\\n  15. ^ Nelson 1967.\\n  16. ^ Bj\\u00f6rk 2009, pp. 375, 381.\\n  17. ^ Leung & Li 2016.\\n  18. ^ Advantages of Pair Trading: Market Neutrality\\n  19. ^ An Ornstein\\u2013Uhlenbeck Framework for Pairs Trading\\n  20. ^ \\\"Detecting Market Abuse\\\". Risk Magazine. 2 November 2004.\\n  21. ^ \\\"The detection of Market Abuse on financial markets: a quantitative approach\\\". Consob \\u2013 The Italian Securities and Exchange Commission.\\n  22. ^ Martins 1994, pp. 193\\u2013209.\\n  23. ^ Hunt 2007.\\n  24. ^ Cornuault 2022.\\n  25. ^ Jespersen, Metzler & Fogedby 1999.\\n  26. ^ Fink & Kl\\u00fcppelberg 2011.\\n  27. ^ Chan et al. 1992.\\n  28. ^ Gardiner 1985, p. 109.\\n  29. ^ Gardiner 1985, p. 97.\\n\\n## References[edit]\\n\\n  * A\\u00eft-Sahalia, Y. (April 2002). \\\"Maximum Likelihood Estimation of Discretely Sampled Diffusion: A Closed-Form Approximation Approach\\\". Econometrica. 70 (1): 223\\u2013262. doi:10.1111/1468-0262.00274.\\n  * Bibbona, E.; Panfilo, G.; Tavella, P. (2008). \\\"The Ornstein\\u2013Uhlenbeck process as a model of a low pass filtered white noise\\\". Metrologia. 45 (6): S117\\u2013S126. Bibcode:2008Metro..45S.117B. doi:10.1088/0026-1394/45/6/S17. hdl:2318/58227. S2CID 56160285.\\n  * Bj\\u00f6rk, Tomas (2009). Arbitrage Theory in Continuous Time (3rd ed.). Oxford University Press. ISBN 978-0-19-957474-2.\\n  * Chan, K. C.; Karolyi, G. A.; Longstaff, F. A.; Sanders, A. B. (1992). \\\"An empirical comparison of alternative models of the short-term interest rate\\\". Journal of Finance. 47 (3): 1209\\u20131227. doi:10.1111/j.1540-6261.1992.tb04011.x.\\n  * Cornuault, Josselin (2022). \\\"Bayesian Analyses of Comparative Data with the Ornstein\\u2013Uhlenbeck Model: Potential Pitfalls\\\". Systematic Biology. 71 (6): 1524\\u20131540. doi:10.1093/sysbio/syac036. PMC 9558839. PMID 35583306.\\n  * Doob, J.L. (April 1942). \\\"The Brownian Movement and Stochastic Equations\\\". Annals of Mathematics. 43 (2): 351\\u2013369. doi:10.2307/1968873. ISSN 0003-486X. JSTOR 1968873.\\n  * Fink, Holger; Kl\\u00fcppelberg, Claudia (2011-02-01). \\\"Fractional L\\u00e9vy-driven Ornstein\\u2013Uhlenbeck processes and stochastic differential equations\\\". Bernoulli. 17 (1). arXiv:1102.1830. doi:10.3150/10-bej281. ISSN 1350-7265. S2CID 9269536.\\n  * Hunt, G. (2007-11-14). \\\"The relative importance of directional change, random walks, and stasis in the evolution of fossil lineages\\\". Proceedings of the National Academy of Sciences. 104 (47): 18404\\u201318408. doi:10.1073/pnas.0704088104. ISSN 0027-8424. PMC 2141789. PMID 18003931.\\n  * Gard, Thomas C. (1988), Introduction to Stochastic Differential Equations, Marcel Dekker, ISBN 978-0-8247-7776-0\\n  * Gardiner, Crispin W. (1985), Handbook of Stochastic Methods (2nd ed.), Springer-Verlag, ISBN 978-0-387-15607-1\\n  * Gillespie, D. T. (1996). \\\"Exact numerical simulation of the Ornstein\\u2013Uhlenbeck process and its integral\\\". Phys. Rev. E. 54 (2): 2084\\u20132091. Bibcode:1996PhRvE..54.2084G. doi:10.1103/PhysRevE.54.2084. PMID 9965289.\\n  * Iglehart, Donald L. (June 1968). \\\"Limit Theorems for the Multi-urn Ehrenfest Model\\\". The Annals of Mathematical Statistics. 39 (3): 864\\u2013876. doi:10.1214/aoms/1177698318. ISSN 0003-4851.\\n  * Karatzas, Ioannis; Shreve, Steven E. (1991), Brownian Motion and Stochastic Calculus (2nd ed.), Springer-Verlag, ISBN 978-0-387-97655-6\\n  * Goerlich, R\\u00e9mi; Li, Minghao; Albert, Samuel; Manfredi, Giovanni; Hervieux, Paul-Antoine; Genet, Cyriaque (2021-03-19). \\\"Noise and ergodic properties of Brownian motion in an optical tweezer: Looking at regime crossovers in an Ornstein-Uhlenbeck process\\\". Physical Review E. 103 (3): 032132. arXiv:2007.12246. Bibcode:2021PhRvE.103c2132G. doi:10.1103/physreve.103.032132. ISSN 2470-0045. PMID 33862817. S2CID 220768666.\\n  * Jespersen, Sune; Metzler, Ralf; Fogedby, Hans C. (1999-03-01). \\\"L\\u00e9vy flights in external force fields: Langevin and fractional Fokker-Planck equations and their solutions\\\". Physical Review E. 59 (3): 2736\\u20132745. arXiv:cond-mat/9810176. Bibcode:1999PhRvE..59.2736J. doi:10.1103/physreve.59.2736. ISSN 1063-651X. S2CID 51944991.\\n  * Kloeden, Peter E.; Platen, Eckhard; Schurz, Henri (1994). Numerical solution of SDE through computer experiments. Berlin: Springer-Verlag. ISBN 3-540-57074-8. OCLC 29788831.\\n  * Lawler, Gregory F. (2006). Introduction to Stochastic Processes (2nd ed.). Chapman & Hall/CRC. ISBN 978-1584886518.\\n  * Leung, Tim; Li, Xin (2016). Optimal Mean-Reversion Trading: Mathematical Analysis and Practical Applications. World Scientific Publishing Co. ISBN 978-9814725910.\\n  * Leung, Tim; Li, Xin (2015). \\\"Optimal Mean Reversion Trading with Transaction Costs and Stop-Loss Exit\\\". International Journal of Theoretical and Applied Finance. 18 (3): 1550020. arXiv:1411.5062. doi:10.1142/S021902491550020X.\\n  * Li, Minghao; Sentissi, Oussama; Azzini, Stefano; Schnoering, Gabriel; Canaguier-Durand, Antoine; Genet, Cyriaque (2019-12-10). \\\"Subfemtonewton force fields measured with ergodic Brownian ensembles\\\". Physical Review A. 100 (6): 063816. arXiv:1908.00610. Bibcode:2019PhRvA.100f3816L. doi:10.1103/physreva.100.063816. ISSN 2469-9926. S2CID 199405409.\\n  * Martins, Emilia P. (1994). \\\"Estimating the Rate of Phenotypic Evolution from Comparative Data\\\". The American Naturalist. 144 (2): 193\\u2013209. doi:10.1086/285670. ISSN 0003-0147. S2CID 85300707.\\n  * N\\u00f8rrelykke, Simon F.; Flyvbjerg, Henrik (2011-04-04). \\\"Harmonic oscillator in heat bath: Exact simulation of time-lapse-recorded data and exact analytical benchmark statistics\\\". Physical Review E. 83 (4): 041103. arXiv:1102.0524. Bibcode:2011PhRvE..83d1103N. doi:10.1103/physreve.83.041103. ISSN 1539-3755. PMID 21599111. S2CID 18518657.\\n  * Risken, H. (1989). The Fokker\\u2013Planck Equation: Methods of Solution and Applications. New York: Springer-Verlag. ISBN 978-0387504988.\\n  * Nelson, Edward (1967). Dynamical theories of Brownian motion (PDF). Princeton, N.J.: Princeton University Press. ISBN 0-691-07950-1. OCLC 769464.\\n  * Uhlenbeck, G. E.; Ornstein, L. S. (1930). \\\"On the theory of Brownian Motion\\\". Phys. Rev. 36 (5): 823\\u2013841. Bibcode:1930PhRv...36..823U. doi:10.1103/PhysRev.36.823.\\n\\n## External links[edit]\\n\\n  * A Stochastic Processes Toolkit for Risk Management, Damiano Brigo, Antonio Dalessandro, Matthias Neugebauer and Fares Triki\\n  * Simulating and Calibrating the Ornstein\\u2013Uhlenbeck process, M. A. van den Berg\\n  * Maximum likelihood estimation of mean reverting processes, Jose Carlos Garcia Franco\\n  * \\\"Interactive Web Application: Stochastic Processes used in Quantitative Finance\\\". Archived from the original on 2015-09-20. Retrieved 2015-07-03.\\n\\n  * v\\n  * t\\n  * e\\n\\nStochastic processes  \\n---  \\nDiscrete time|\\n\\n  * Bernoulli process\\n  * Branching process\\n  * Chinese restaurant process\\n  * Galton\\u2013Watson process\\n  * Independent and identically distributed random variables\\n  * Markov chain\\n  * Moran process\\n  * Random walk\\n    * Loop-erased\\n    * Self-avoiding\\n    * Biased\\n    * Maximal entropy\\n\\n  \\nContinuous time|\\n\\n  * Additive process\\n  * Bessel process\\n  * Birth\\u2013death process\\n    * pure birth\\n  * Brownian motion\\n    * Bridge\\n    * Excursion\\n    * Fractional\\n    * Geometric\\n    * Meander\\n  * Cauchy process\\n  * Contact process\\n  * Continuous-time random walk\\n  * Cox process\\n  * Diffusion process\\n  * Dyson Brownian motion\\n  * Empirical process\\n  * Feller process\\n  * Fleming\\u2013Viot process\\n  * Gamma process\\n  * Geometric process\\n  * Hawkes process\\n  * Hunt process\\n  * Interacting particle systems\\n  * It\\u00f4 diffusion\\n  * It\\u00f4 process\\n  * Jump diffusion\\n  * Jump process\\n  * L\\u00e9vy process\\n  * Local time\\n  * Markov additive process\\n  * McKean\\u2013Vlasov process\\n  * Ornstein\\u2013Uhlenbeck process\\n  * Poisson process\\n    * Compound\\n    * Non-homogeneous\\n  * Schramm\\u2013Loewner evolution\\n  * Semimartingale\\n  * Sigma-martingale\\n  * Stable process\\n  * Superprocess\\n  * Telegraph process\\n  * Variance gamma process\\n  * Wiener process\\n  * Wiener sausage\\n\\n  \\nBoth|\\n\\n  * Branching process\\n  * Galves\\u2013L\\u00f6cherbach model\\n  * Gaussian process\\n  * Hidden Markov model (HMM)\\n  * Markov process\\n  * Martingale\\n    * Differences\\n    * Local\\n    * Sub-\\n    * Super-\\n  * Random dynamical system\\n  * Regenerative process\\n  * Renewal process\\n  * Stochastic chains with memory of variable length\\n  * White noise\\n\\n  \\nFields and other|\\n\\n  * Dirichlet process\\n  * Gaussian random field\\n  * Gibbs measure\\n  * Hopfield model\\n  * Ising model\\n    * Potts model\\n    * Boolean network\\n  * Markov random field\\n  * Percolation\\n  * Pitman\\u2013Yor process\\n  * Point process\\n    * Cox\\n    * Poisson\\n  * Random field\\n  * Random graph\\n\\n  \\nTime series models|\\n\\n  * Autoregressive conditional heteroskedasticity (ARCH) model\\n  * Autoregressive integrated moving average (ARIMA) model\\n  * Autoregressive (AR) model\\n  * Autoregressive\\u2013moving-average (ARMA) model\\n  * Generalized autoregressive conditional heteroskedasticity (GARCH) model\\n  * Moving-average (MA) model\\n\\n  \\nFinancial models|\\n\\n  * Binomial options pricing model\\n  * Black\\u2013Derman\\u2013Toy\\n  * Black\\u2013Karasinski\\n  * Black\\u2013Scholes\\n  * Chan\\u2013Karolyi\\u2013Longstaff\\u2013Sanders (CKLS)\\n  * Chen\\n  * Constant elasticity of variance (CEV)\\n  * Cox\\u2013Ingersoll\\u2013Ross (CIR)\\n  * Garman\\u2013Kohlhagen\\n  * Heath\\u2013Jarrow\\u2013Morton (HJM)\\n  * Heston\\n  * Ho\\u2013Lee\\n  * Hull\\u2013White\\n  * Korn-Kreer-Lenssen\\n  * LIBOR market\\n  * Rendleman\\u2013Bartter\\n  * SABR volatility\\n  * Va\\u0161\\u00ed\\u010dek\\n  * Wilkie\\n\\n  \\nActuarial models|\\n\\n  * B\\u00fchlmann\\n  * Cram\\u00e9r\\u2013Lundberg\\n  * Risk process\\n  * Sparre\\u2013Anderson\\n\\n  \\nQueueing models|\\n\\n  * Bulk\\n  * Fluid\\n  * Generalized queueing network\\n  * M/G/1\\n  * M/M/1\\n  * M/M/c\\n\\n  \\nProperties|\\n\\n  * C\\u00e0dl\\u00e0g paths\\n  * Continuous\\n  * Continuous paths\\n  * Ergodic\\n  * Exchangeable\\n  * Feller-continuous\\n  * Gauss\\u2013Markov\\n  * Markov\\n  * Mixing\\n  * Piecewise-deterministic\\n  * Predictable\\n  * Progressively measurable\\n  * Self-similar\\n  * Stationary\\n  * Time-reversible\\n\\n  \\nLimit theorems|\\n\\n  * Central limit theorem\\n  * Donsker's theorem\\n  * Doob's martingale convergence theorems\\n  * Ergodic theorem\\n  * Fisher\\u2013Tippett\\u2013Gnedenko theorem\\n  * Large deviation principle\\n  * Law of large numbers (weak/strong)\\n  * Law of the iterated logarithm\\n  * Maximal ergodic theorem\\n  * Sanov's theorem\\n  * Zero\\u2013one laws (Blumenthal, Borel\\u2013Cantelli, Engelbert\\u2013Schmidt, Hewitt\\u2013Savage, Kolmogorov, L\\u00e9vy)\\n\\n  \\nInequalities|\\n\\n  * Burkholder\\u2013Davis\\u2013Gundy\\n  * Doob's martingale\\n  * Doob's upcrossing\\n  * Kunita\\u2013Watanabe\\n  * Marcinkiewicz\\u2013Zygmund\\n\\n  \\nTools|\\n\\n  * Cameron\\u2013Martin formula\\n  * Convergence of random variables\\n  * Dol\\u00e9ans-Dade exponential\\n  * Doob decomposition theorem\\n  * Doob\\u2013Meyer decomposition theorem\\n  * Doob's optional stopping theorem\\n  * Dynkin's formula\\n  * Feynman\\u2013Kac formula\\n  * Filtration\\n  * Girsanov theorem\\n  * Infinitesimal generator\\n  * It\\u00f4 integral\\n  * It\\u00f4's lemma\\n  * Karhunen\\u2013Lo\\u00e8ve theorem\\n  * Kolmogorov continuity theorem\\n  * Kolmogorov extension theorem\\n  * L\\u00e9vy\\u2013Prokhorov metric\\n  * Malliavin calculus\\n  * Martingale representation theorem\\n  * Optional stopping theorem\\n  * Prokhorov's theorem\\n  * Quadratic variation\\n  * Reflection principle\\n  * Skorokhod integral\\n  * Skorokhod's representation theorem\\n  * Skorokhod space\\n  * Snell envelope\\n  * Stochastic differential equation\\n    * Tanaka\\n  * Stopping time\\n  * Stratonovich integral\\n  * Uniform integrability\\n  * Usual hypotheses\\n  * Wiener space\\n    * Classical\\n    * Abstract\\n\\n  \\nDisciplines|\\n\\n  * Actuarial mathematics\\n  * Control theory\\n  * Econometrics\\n  * Ergodic theory\\n  * Extreme value theory (EVT)\\n  * Large deviations theory\\n  * Mathematical finance\\n  * Mathematical statistics\\n  * Probability theory\\n  * Queueing theory\\n  * Renewal theory\\n  * Ruin theory\\n  * Signal processing\\n  * Statistics\\n  * Stochastic analysis\\n  * Time series analysis\\n  * Machine learning\\n\\n  \\n  \\n  * List of topics\\n  * Category\\n\\n  \\n  \\nRetrieved from\\n\\\"https://en.wikipedia.org/w/index.php?title=Ornstein\\u2013Uhlenbeck_process&oldid=1220859887\\\"\\n\\nCategories:\\n\\n  * Stochastic differential equations\\n  * Markov processes\\n  * Variants of random walks\\n\\nHidden categories:\\n\\n  * Articles with short description\\n  * Short description is different from Wikidata\\n  * All articles with unsourced statements\\n  * Articles with unsourced statements from February 2023\\n  * All articles with failed verification\\n  * Articles with failed verification from March 2019\\n\\n  * This page was last edited on 26 April 2024, at 10:47 (UTC).\\n  * Text is available under the Creative Commons Attribution-ShareAlike License 4.0; additional terms may apply. By using this site, you agree to the Terms of Use and Privacy Policy. Wikipedia\\u00ae is a registered trademark of the Wikimedia Foundation, Inc., a non-profit organization.\\n\\n  * Privacy policy\\n  * About Wikipedia\\n  * Disclaimers\\n  * Contact Wikipedia\\n  * Code of Conduct\\n  * Developers\\n  * Statistics\\n  * Cookie statement\\n  * Mobile view\\n  * Edit preview settings\\n\\n\", \"frontpage\": false}"}
