{"value":"{\"aid\": \"40228473\", \"title\": \"Ratchet and Phi 3\", \"url\": \"https://huggingface.co/spaces/FL33TW00D-HF/ratchet-phi\", \"domain\": \"huggingface.co\", \"votes\": 1, \"user\": \"tosh\", \"posted_at\": \"2024-05-01 19:50:59\", \"comments\": 0, \"source_title\": \"Ratchet + Phi - a Hugging Face Space by FL33TW00D-HF\", \"source_text\": \"Ratchet + Phi - a Hugging Face Space by FL33TW00D-HF\\n\\n#\\n\\nSpaces\\n\\nFL33TW00D-HF\\n\\n/\\n\\nratchet-phi\\n\\nRunning\\n\\nApp Files Files Community\\n\\nRefreshing\\n\\n\", \"frontpage\": false}"}
