{"value":"{\"aid\": \"40229190\", \"title\": \"How to Fix Cultural Drift?\", \"url\": \"https://www.overcomingbias.com/p/how-fix-cultural-drift\", \"domain\": \"overcomingbias.com\", \"votes\": 2, \"user\": \"paulpauper\", \"posted_at\": \"2024-05-01 20:47:31\", \"comments\": 0, \"source_title\": \"How Fix Cultural Drift?\", \"source_text\": \"How Fix Cultural Drift? - by Robin Hanson - Overcoming Bias\\n\\n# Overcoming Bias\\n\\nShare this post\\n\\n#### How Fix Cultural Drift?\\n\\nwww.overcomingbias.com\\n\\n#### Discover more from Overcoming Bias\\n\\nThis is a blog on why we believe and do what we do, why we pretend otherwise,\\nhow we might do better, and what our descendants might do, if they don't all\\ndie.\\n\\nOver 17,000 subscribers\\n\\nContinue reading\\n\\nSign in\\n\\n# How Fix Cultural Drift?\\n\\nRobin Hanson\\n\\nMay 01, 2024\\n\\nShare this post\\n\\n#### How Fix Cultural Drift?\\n\\nwww.overcomingbias.com\\n\\nShare\\n\\nMany are optimists or pessimists by temperament; they tend to look for the\\nbright side, or the dark, in most everything. (Except for us/them stuff, of\\ncourse, where us seems bright and them dark no matter what.) In these terms,\\nI\\u2019ve long leaned bright, especially re reforms and the future.\\n\\nSo it is painful for me to focus now on a big way our future looks dark. I\\nspent five recent months thinking about fertility fall, but at least there I\\ncould see plausible concrete fixes. Then I came to see that problem as caused\\nby a deeper one, cultural drift, which seems much harder to fix.\\n\\nIn my main essay on the subject to date, I had a very brief outline of\\npossible fixes. In this post, I want to face my pain, and go through our\\noptions more carefully.\\n\\nThe key problem is that cultures today change quite rapidly. This isn\\u2019t a\\nproblem for changes driven by good outcome metrics. For example, when people\\ncopy the fishing practices of the most productive fishers, they we all get\\nbetter at fishing. But it is a problem when we copy the values, norms, and\\nstatus markers of the high status folks around us. Since compared to centuries\\nago, we now have far less cultural diversity, and far weaker (really, slower)\\ncultural selection, such changes are likely to be more maladaptive than\\nadaptive, causing our cultures to drift \\u201coff the rails\\u201d.\\n\\nIf nothing is done, this drift will cause many dysfunctions, including\\nfertility fall. And that alone should lead to a several centuries long decline\\nin population, innovation, and civility. Plausibly ending when the descendants\\nof today\\u2019s insular fertile subcultures, like Amish or Haredim, who double\\nevery two decades, come to dominate world population. Much like the once\\nChristians grew to take over the Roman Empire.\\n\\nRegarding fertility fall, the obvious fix here is to try to move the vast ship\\nof world culture toward higher fertility. But accept that you will probably\\nfail, and our civ will decline. To the extent that you care about what happens\\nnext, look for contributions you could make that might survive such a fall,\\nand which might be accepted by successor civs.\\n\\nThe bit-less-obvious fix here is to jump ship for lifeboats. That is, join one\\nof those insular fertile subcultures, or start a new one. Except existing ones\\naren\\u2019t at all looking for new members, and it looks crazy hard to start a new\\none. Out of many thousands of cults over centuries, only a handful have\\nsucceeded longterm. But if you feel inclined to try, I support you; the world\\ncould use more cults.\\n\\nBut both of these solutions fail to address the underlying problem of cultural\\ndrift. So even if a civ fall produces sufficient cultural variety and\\nselection to temporarily fix prior cultural problems, a new rising civ would\\nlikely reintroduce the key problem. Furthermore, two other solutions I\\nmentioned, cheap human level AI and colonizing the stars, also need not fix\\nthis key problem. After all, AIs modeled after humans may also suffer cultural\\ndrift, and the civ at each star would suffer relative to other stars if it\\ndoes not manage to fix its local cultural drift problem.\\n\\nObviously, one option is to \\u201cturn back the clock.\\u201d If we somehow bombed our\\nworld back to very low tech, with bad travel and comm tech, and much poverty,\\ndisease, and war, that would probably soon ensure sufficient cultural\\ndiversity and selection. But only until tech rose again to our level.\\n\\nAn ideal would be to somehow achieve great cultural diversity and selection in\\na one-planet hi-tech civ with great wealth, health, and peace. Get people to\\nsomehow be inclined to create, sustain, and accept great diversity in deep\\nvalues among those who they can easily travel and talk to, and with who they\\nshare business relations and governance structures. This is the \\u201cdeep\\nmulticulturalism\\u201d option to which I gave the most space in my essay.\\n\\nA complement to this option would be to slow down the rate of cultural drift,\\nvia widespread embrace of traditional \\u201cconservative\\u201d wariness of cultural\\nchange. We\\u2019d need to look more down on, instead of up to, cultural change\\nactivists. For any given level of cultural diversity, slower rates of change\\nallow cultures to be better disciplined by any given level of cultural\\nselection pressures.\\n\\nAlas, in our world, we mainly see people, when possible, use shared business\\nor governance relations as a lever to try to force their favored deep values\\non those who disagree. For example, the US started out allowing a pretty wide\\ndivergence of local law, but over time repeated moral crusades induced\\nnational law to force shared national morals on locals. I wish I knew how to\\npromote deep multiculturalism, and wariness of cultural change, but at the\\nmoment I\\u2019m all out of ideas.\\n\\nHowever, if we can\\u2019t ensure that the world encompasses sufficient cultural\\nvariety and selection pressures for cultural evolution to function\\neffectively, then the only other option I can see is to find a way to\\nselectively restrain and control cultural evolution. To somehow distinguish\\nadaptive from maladaptive cultural changes, and organize to sufficiently\\nencourage the former while discouraging the latter.\\n\\nOne approach would be strong culture-wide agreement on an explicit clear\\nexpression of our deepest cultural values. We usually express our values\\nvaguely, and in relative shallow context-dependent terms, so that we need to\\nrevise such value descriptions as our contexts change. This creates\\nopportunities to in effect actually change our values as we switch to new\\nvague shallow value descriptions.\\n\\nIf we could instead agree on a clear and general statement of what it is we\\nwant, a statement that should still remain understandable and valid in most\\nall contexts that we may encounter, then we might never need to change that\\nstatement with changing social context. And thus we wouldn\\u2019t need to let\\ncultural change our values. Of course it seems quite hard to agree on explicit\\nexpressions of our deep values, and our future might go badly if we choose\\nsuch expressions badly. Or if we hypocritically espouse one set of clear\\nstable values, while actually following other values that we allow to drift in\\nfamiliar ways.\\n\\nA related option is to instead change our status markers, tying them better to\\nwhat cultural evolution is selecting for, and then better limit changes to\\nsuch markers. For example, we might reduce the weight we put on personal\\nwealth and professional success, and put more weight on number of children and\\ngrandchildren. Maybe include more robust measure of fertility, like number of\\ngrandkids averaged over one\\u2019s grandparents. Though again, what if we\\nhypocritically pretend to use such improved status markers, but actually use\\nother less adaptive ones?\\n\\nOne way to ensure that we actually use particular expressed values is via a\\ngovernance mechanism tied directly to formalized expressions. I speak of\\ncourse of futarchy, my proposed governance mechanism in which traders approve\\npolicies that they expect to increase some ex-post-measurable value. A large\\nregion might authorize a futarchy government based on some particular value\\nthat is in conflict with allowing great culture drift and dysfunction, and\\nthen resist making changes to this officially declared value. In which case we\\nhave good reason to expect that such a region would in fact avoid drift,\\ndysfunction, and collapse. (At least if we can evolve futarchy into a version\\nthat passes many tests, showing that it functions effectively.)\\n\\nUsing a declared value that is a time-integral over future aggregate\\npopulation, economic activity, or energy usage seems sufficiently in conflict\\nwith cultural collapse. However, such simple materialistic values may fail to\\ninspire sufficient respect and allegiance to get people to resist changing\\nthem in response to disliked policy choices or outcomes. Taking a cue from my\\nwork on the sacred, we might want to choose a value that people can more\\neasily treat as sacred, but which also seems incompatible with great culture\\ndrift and decline. After all, people are willing and even eager to sacrifice\\nquite a lot for values they see as sacred.\\n\\nFor example, the ex-post-measurable value might be as early as possible a date\\nfor our descendants to *reach the stars. For concreteness, it might be the\\ndate when there are colonies around at least ten other stars, where the local\\ncapital of each colony is at least one hundred times larger than the capital\\ninitially deposited by its founding colony ship. Preventing cultural drift and\\ncollapse seems instrumental in achieving this goal sooner, and so a futarchy\\ngovernance tied to this goal would do what it took to prevent such collapse.\\nYes, our descendants would have to choose some new goals once they achieved\\nthis one, but that doesn\\u2019t seem crazy hard.\\n\\nOf course there are many other possibilities here, such as a time integral\\nover future knowledge, the date of learning some particular thing, or an\\nintegral over respect of us by the alien civilizations we expect to eventually\\nmeet. I\\u2019m not trying to solve all these problems in this post, but just to\\nmove this ball down a bit further down the field.\\n\\n### Subscribe to Overcoming Bias\\n\\nBy Robin Hanson \\u00b7 Hundreds of paid subscribers\\n\\nThis is a blog on why we believe and do what we do, why we pretend otherwise,\\nhow we might do better, and what our descendants might do, if they don't all\\ndie.\\n\\n3 Likes\\n\\nShare this post\\n\\n#### How Fix Cultural Drift?\\n\\nwww.overcomingbias.com\\n\\nShare\\n\\nComments\\n\\nA Fertility Reckoning\\n\\nThose who consume too much alcohol or other recreational drugs often make\\nexcuses. Like \\u201cI\\u2019m no worse than many others\\u201d, \\u201cI still manage to get to\\nwork...\\n\\nOct 3, 2023 \\u2022\\n\\nRobin Hanson\\n\\n117\\n\\nShare this post\\n\\n#### A Fertility Reckoning\\n\\nwww.overcomingbias.com\\n\\n250\\n\\nVisiting Death\\n\\nI haven\\u2019t posted as much lately as it is summer, and I\\u2019ve been doing a lot of\\nfamily trips. Including an Alaskan cruise the last two weeks. Such periods...\\n\\nJul 22, 2023 \\u2022\\n\\nRobin Hanson\\n\\n95\\n\\nShare this post\\n\\n#### Visiting Death\\n\\nwww.overcomingbias.com\\n\\n59\\n\\nWomen As Worriers Who Exclude\\n\\nThis is an excellent 2014 book on how men differ from women: In Warriors and\\nWorriers, psychologist Joyce Benenson presents a new theory of sex...\\n\\nMar 22, 2023 \\u2022\\n\\nRobin Hanson\\n\\n117\\n\\nShare this post\\n\\n#### Women As Worriers Who Exclude\\n\\nwww.overcomingbias.com\\n\\n63\\n\\nReady for more?\\n\\n\\u00a9 2024 Robin Hanson\\n\\nPrivacy \\u2219 Terms \\u2219 Collection notice\\n\\nStart WritingGet the app\\n\\nSubstack is the home for great culture\\n\\nShare\\n\\n## Create your profile\\n\\n## Only paid subscribers can comment on this post\\n\\nAlready a paid subscriber? Sign in\\n\\n#### Check your email\\n\\nFor your security, we need to re-authenticate you.\\n\\nClick the link we sent to , or click here to sign in.\\n\\n\", \"frontpage\": false}"}
