{"value":"{\"aid\": \"40229855\", \"title\": \"Kolmogorov-Arnold Networks (Kan)\", \"url\": \"https://twitter.com/ZimingLiu11/status/1785483967719981538\", \"domain\": \"twitter.com/zimingliu11\", \"votes\": 1, \"user\": \"georgehill\", \"posted_at\": \"2024-05-01 21:39:19\", \"comments\": 0, \"source_title\": \"X\", \"source_text\": \"X\\n\\nDon\\u2019t miss what\\u2019s happening\\n\\nPeople on X are the first to know.\\n\\nLog in\\n\\nSign up\\n\\nDid someone say ... cookies?\\n\\nX and its partners use cookies to provide you with a better, safer and faster\\nservice and to support our business. Some cookies are necessary to use our\\nservices, improve our services, and make sure they work properly. Show more\\nabout your choices.\\n\\nAccept all cookies\\n\\nRefuse non-essential cookies\\n\\nSee new posts\\n\\n\", \"frontpage\": false}"}
