{"value":"{\"aid\": \"40229305\", \"title\": \"Show HN: I created a selfhostable steam-like platform for loose game files\", \"url\": \"https://gamevau.lt/\", \"domain\": \"gamevau.lt\", \"votes\": 2, \"user\": \"Alfagun74\", \"posted_at\": \"2024-05-01 20:55:49\", \"comments\": 0, \"source_title\": \"GameVault | GameVault\", \"source_text\": \"GameVault | GameVault\\n\\nSkip to main content\\n\\nthe self-hosted gaming platform for drm-free games\\n\\nIntroductionDownload Client\\n\\n## Create your own gaming platform\\n\\n### Do you have games on your server and need an application to download,\\ninstall, share, launch and track them?\\n\\n### Then you have come to the right place!\\n\\n### \\ud83c\\udfae Browse Your Games\\n\\nBrowse your server's beautifully organized library to download, install and\\nplay your collection of video games of all kinds!\\n\\n### \\ud83d\\udc6f Build Your Community\\n\\nShare your platform with your friends and family so they can enjoy your\\nlibrary, too. Administrate your users and games.\\n\\n### \\u23f1\\ufe0f Track Your Progress\\n\\nSee how long you or your friends have been playing a game, find out what they\\nare and keep track of what you've already completed or abandoned.\\n\\n### \\ud83d\\udd0e Automatic Metadata Enrichment\\n\\nGameVault automatically enriches your game with all the juicy information and\\nand images from the largest video game database.\\n\\n### \\ud83d\\udce6 Easy To Install\\n\\nThere's no need to compile anything. Our application is officially available\\nin the Microsoft Store. Setting up a server using our Docker image is just as\\neasy!\\n\\n### \\ud83d\\udc65 Join The Movement\\n\\nJoin our growing community , star us on GitHub, or even contribute to our\\nsource-available project! Everyone can help!\\n\\n*depicted games are mockup placeholders.\\n\\nShortcuts\\n\\n  * Introduction\\n  * Blog\\n  * Server Setup\\n  * Troubleshooting\\n\\nDevelopment\\n\\n  * Roadmap\\n  * Repositories\\n\\nSocials\\n\\n  * Reddit\\n  * Lemmy\\n  * Discord\\n\\nSupport us\\n\\n  * Get GameVault+\\n  * GitHub Sponsors\\n  * Ko-Fi\\n  * Liberapay\\n  * PayPal\\n\\nLegals\\n\\n  * License\\n  * Legal Notice\\n  * Privacy Policy\\n  * Terms of Service\\n\\nCopyright \\u00a9 2024 Phalcode - All Rights Reserved\\n\\n\", \"frontpage\": false}"}
