{"value":"{\"aid\": \"40228481\", \"title\": \"NASA's Webb maps weather on planet 280 light-years away\", \"url\": \"https://www.sciencedaily.com/releases/2024/04/240430131829.htm\", \"domain\": \"sciencedaily.com\", \"votes\": 1, \"user\": \"ozdave\", \"posted_at\": \"2024-05-01 19:51:40\", \"comments\": 0, \"source_title\": \"www.sciencedaily.com\", \"source_text\": \"www.sciencedaily.com\\n\\n# Access to www.sciencedaily.com was denied\\n\\nYou don't have authorization to view this page.\\n\\nHTTP ERROR 403\\n\\nnull\\n\\nYou don't have authorization to view this page.\\n\\n\", \"frontpage\": false}"}
