{"value":"{\"aid\": \"40231487\", \"title\": \"A Woman Who Showed President Biden ChatGPT, Helped Set the Course for AI\", \"url\": \"https://www.wired.com/story/arati-prabhakar-ostp-biden-science-tech-adviser/\", \"domain\": \"wired.com\", \"votes\": 1, \"user\": \"srameshc\", \"posted_at\": \"2024-05-02 00:46:24\", \"comments\": 0, \"source_title\": \"Meet the Woman Who Showed President Biden ChatGPT\\u2014and Helped Set the Course for AI\", \"source_text\": \"Meet the Woman Who Showed President Biden ChatGPT\\u2014and Helped Set the Course for AI | WIRED\\n\\nSkip to main content\\n\\nTo revisit this article, visit My Profile, then View saved stories.\\n\\nMeet the Woman Who Showed President Biden ChatGPT\\u2014and Helped Set the Course\\nfor AI\\n\\nTo revisit this article, visit My Profile, then View saved stories.\\n\\nSign In\\n\\nSearch\\n\\n  * Security\\n  * Politics\\n  * Gear\\n  * Backchannel\\n  * Business\\n  * Science\\n  * Culture\\n  * Ideas\\n  * Merch\\n\\n  * Podcasts\\n  * Video\\n  * Newsletters\\n  * Magazine\\n  * Events\\n  * WIRED Insider\\n  * WIRED Consulting\\n  * Jobs\\n  * Coupons\\n\\nBy Steven Levy\\n\\nBackchannel\\n\\nMay 1, 2024 6:00 AM\\n\\n# Meet the Woman Who Showed President Biden ChatGPT\\u2014and Helped Set the Course\\nfor AI\\n\\nArati Prabhakar has the ear of the US president and a massive mission: help\\nmanage AI, revive the semiconductor industry, and pull off a cancer moonshot.\\n\\nTo revisit this article, visit My Profile, then View saved stories.\\n\\nArati Prabhakar photographed at the Eisenhower Executive Building on the White\\nHouse campus.Photograph: Susana Raab\\n\\none day in March 2023, Arati Prabhakar brought a laptop into the Oval Office\\nand showed the future to Joe Biden. Six months later, the president issued a\\nsweeping executive order that set a regulatory course for AI.\\n\\nThis all happened because ChatGPT had stunned the world. In an instant it\\nbecame very, very obvious that the United States needed to speed up its\\nefforts to regulate the AI industry\\u2014and adopt policies to take advantage of\\nit. While the potential benefits were unlimited (Social Security customer\\nservice that works!), so were the potential downsides, like floods of\\ndisinformation or even, in the view of some, human extinction. Someone had to\\ndemonstrate that to the president.\\n\\nThe job fell to Prabhakar, because she is the director of the White House\\nOffice of Science and Technology Policy and holds cabinet status as the\\npresident\\u2019s chief science and technology adviser; she\\u2019d already been\\nmethodically educating top officials about the transformative power of AI. But\\nshe also has the experience and bureaucratic savvy to make an impact with the\\nmost powerful person in the world.\\n\\nThe Big Interview\\n\\nRead more deep, weird, smart conversations with the most important people in\\nour world.\\n\\nBorn in India and raised in Texas, Prabhakar has a PhD in applied physics from\\nCaltech and previously ran two US agencies: the National Institute of\\nStandards and Technology and the Department of Defense\\u2019s Advanced Research\\nProjects Agency. She also spent 15 years in Silicon Valley as a venture\\ncapitalist, including as president of Interval Research, Paul Allen\\u2019s\\nlegendary tech incubator, and has served as vice president or chief technology\\nofficer at several companies.\\n\\nPrabhakar assumed her current job in October 2022\\u2014just in time to have AI\\ndominate the agenda\\u2014and helped to push out that 20,000-word executive order,\\nwhich mandates safety standards, boosts innovation, promotes AI in government\\nand education, and even tries to mitigate job losses. She replaced biologist\\nEric Lander, who had resigned after an investigation concluded that he ran a\\ntoxic workplace. Prabhakar is the first person of color and first woman to be\\nappointed director of the office.\\n\\nWe spoke at the kitchen table of Prabhakar\\u2019s Silicon Valley condo\\u2014a simply\\ndecorated space that, if my recollection is correct, is very unlike the OSTP\\noffices in the ghostly, intimidating Eisenhower Executive Office Building in\\nDC. Happily, the California vibes prevailed, and our conversation felt very\\nunintimidating\\u2014even at ease. We talked about how Bruce Springsteen figured\\ninto Biden\\u2019s first ChatGPT demo, her hopes for a semiconductor renaissance in\\nthe US, and why Biden\\u2019s war on cancer is different from every other\\npresident\\u2019s war on cancer. I also asked her about the status of the unfilled\\nrole of chief technology officer for the nation\\u2014a single person, ideally kind\\nof geeky, whose entire job revolves around the technology issues driving the\\n21st century.\\n\\nSteven Levy: Why did you sign up for this job?\\n\\nArati Prabhakar: Because President Biden asked. He sees science and technology\\nas enabling us to do big things, which is exactly how I think about their\\npurpose.\\n\\nWhat kinds of big things?\\n\\nThe mission of OSTP is to advance the entire science and technology ecosystem.\\nWe have a system that follows a set of priorities. We spend an enormous amount\\non R&D in health. But both public and corporate funding are largely focused on\\npharmaceuticals and medical devices, and very little on prevention or clinical\\ncare practices\\u2014the things that could change health as opposed to dealing with\\ndisease. We also have to meet the climate crisis. For technologies like clean\\nenergy, we don\\u2019t do a great job of getting things out of research and turning\\nthem into impact for Americans. It\\u2019s the unfinished business of this country.\\n\\nMost Popular\\n\\n  * Gear\\n\\nAs Questions Swirl Around Tesla\\u2019s Superchargers, the Race Is On to Fill the\\nPower Gap\\n\\nAarian Marshall\\n\\n  * Culture\\n\\nHow Sidechat Fanned the Flames of University Campus Protests\\n\\nSofia Barnett\\n\\n  * Business\\n\\nA Lawsuit Argues Meta Is Required by Law to Let You Control Your Own Feed\\n\\nVittoria Elliott\\n\\n  * Security\\n\\nThe US Government Is Asking Big Tech to Promise Better Cybersecurity\\n\\nEric Geller\\n\\nIt\\u2019s almost predestined that you\\u2019d be in this job. As soon as you got your\\nphysics degree at Caltech, you went to DC and got enmeshed in policy.\\n\\nYeah, I left the track I was supposed to be on. My family came here from India\\nwhen I was 3, and I was raised in a household where my mom started sentences\\nwith, \\u201cWhen you get your PhD and become an academic ...\\u201d It wasn\\u2019t a joke.\\nCaltech, especially when I finished my degree in 1984, was extremely ivory\\ntower, a place of worship for science. I learned a tremendous amount, but I\\nalso learned that my joy did not come from being in a lab at 2 in the morning\\nand having that eureka moment. Just on a lark, I came to Washington for,\\nquote-unquote, one year on a congressional fellowship. The big change was in\\n1986, when I went to Darpa as a young program manager. The mission of the\\norganization was to use science and technology to change the arc of the\\nfuture. I had found my home.\\n\\nArati Prabhakar took over as director of the OSTP in 2022.\\n\\nPhotograph: Susana Raab\\n\\nHow did you wind up at Darpa?\\n\\nI had written a study on microelectronics R&D. We were just starting to figure\\nout that the semiconductor industry wasn\\u2019t always going to be dominated by the\\nUS. We worked on a bunch of stuff that didn\\u2019t pan out but also laid the\\ngroundwork for things that did. I was there for seven years, left for 19, and\\ncame back as director. Two decades later the portfolio was quite different, as\\nit should be. I got to christen the first self-driving ship that could leave a\\nport and navigate across open oceans without a single sailor on board. The\\nother classic Darpa thing is to figure out what might be the foundation for\\nnew capabilities. I ended up starting a Biological Technologies Office. One of\\nthe many things that came out of that was the rapid development and\\ndistribution of mRNA vaccines, which never would have happened without the\\nDarpa investment.\\n\\nMost Popular\\n\\n  * Gear\\n\\nAs Questions Swirl Around Tesla\\u2019s Superchargers, the Race Is On to Fill the\\nPower Gap\\n\\nAarian Marshall\\n\\n  * Culture\\n\\nHow Sidechat Fanned the Flames of University Campus Protests\\n\\nSofia Barnett\\n\\n  * Business\\n\\nA Lawsuit Argues Meta Is Required by Law to Let You Control Your Own Feed\\n\\nVittoria Elliott\\n\\n  * Security\\n\\nThe US Government Is Asking Big Tech to Promise Better Cybersecurity\\n\\nEric Geller\\n\\nOne difference today is that tech giants are doing a lot of their own R&D,\\nthough not necessarily for the big leaps Darpa was built for.\\n\\nEvery developed economy has this pattern. First there\\u2019s public investment in\\nR&D. That\\u2019s part of how you germinate new industries and boost your economy.\\nAs those industries grow, so does their investment in R&D, and that ends up\\nbeing dominant. There was a time when it was sort of 50-50 public-private. Now\\nit\\u2019s much more private investment. For Darpa, of course, the mission is\\nbreakthrough technologies and capabilities for national security.\\n\\nAre you worried about that shift?\\n\\nIt\\u2019s not a competition! Absolutely there\\u2019s been a huge shift. That private\\ntech companies are building the leading edge LLMs today has huge implications.\\nIt\\u2019s a tremendous American advantage, but it has implications for how the\\ntechnology is developed and used. We have to make sure we get what we need for\\npublic purposes.\\n\\nIs the US government investing enough to make that happen?\\n\\nI don\\u2019t think we are. We need to increase the funding. One component of the AI\\nexecutive order is a National AI Research Resource. Researchers don\\u2019t have the\\naccess to data and computation that companies have. An initiative that\\nCongress is considering, that the administration is very supportive of, would\\nplace something like $3 billion of resources with the National Science\\nFoundation.\\n\\nThat\\u2019s a tiny percentage of the funds going into a company like OpenAI.\\n\\nIt costs a lot to build these leading-edge models. The question is, how do we\\nhave governance of advanced AI and how do we make sure we can use it for\\npublic purposes? The government has got to do more. We need help from\\nCongress. But we also have to chart a different kind of relationship with\\nindustry than we\\u2019ve had in the past.\\n\\nWhat might that look like?\\n\\nLook at semiconductor manufacturing and the CHIPS Act.\\n\\nWe\\u2019ll get to that later. First let\\u2019s talk about the president. How deep is his\\nunderstanding of things like AI?\\n\\nSome of the most fun I\\u2019ve gotten on the job was working with the president and\\nhelping him understand where the technology is, like when we got to do the\\nchatbot demonstrations for the president in the Oval Office.\\n\\nWhat was that like?\\n\\nUsing a laptop with ChatGPT, we picked a topic that was of particular\\ninterest. The president had just been at a ceremony where he gave Bruce\\nSpringsteen the National Medal of Arts. He had joked about how Springsteen was\\nfrom New Jersey, just across the river from his state, Delaware, and then he\\nmade reference to a lawsuit between those two states. I had never heard of it.\\nWe thought it would be fun to make use of this legal case. For the first\\nprompt, we asked ChatGPT to explain the case to a first grader. Immediately\\nthese words start coming out like, \\u201cOK, kiddo, let me tell you, if you had a\\nfight with someone ...\\u201d Then we asked the bot to write a legal brief for a\\nSupreme Court case. And out comes this very formal legal analysis. Then we\\nwrote a song in the style of Bruce Springsteen about the case. We also did\\nimage demonstrations. We generated one of his dog Commander sitting behind the\\nResolute desk in the Oval Office.\\n\\nMost Popular\\n\\n  * Gear\\n\\nAs Questions Swirl Around Tesla\\u2019s Superchargers, the Race Is On to Fill the\\nPower Gap\\n\\nAarian Marshall\\n\\n  * Culture\\n\\nHow Sidechat Fanned the Flames of University Campus Protests\\n\\nSofia Barnett\\n\\n  * Business\\n\\nA Lawsuit Argues Meta Is Required by Law to Let You Control Your Own Feed\\n\\nVittoria Elliott\\n\\n  * Security\\n\\nThe US Government Is Asking Big Tech to Promise Better Cybersecurity\\n\\nEric Geller\\n\\nPrabhakar says the government is in \\u201cthe deep, wonky part\\u201d of figuring out how\\nit will use AI tools.\\n\\nPhotograph: Susana Raab\\n\\nSo what was the president\\u2019s reaction?\\n\\nHe was like, \\u201cWow, I can\\u2019t believe it could do that.\\u201d It wasn\\u2019t the first time\\nhe was aware of AI, but it gave him direct experience. It allowed us to dive\\ninto what was really going on. It seems like a crazy magical thing, but you\\nneed to get under the hood and understand that these models are computer\\nsystems that people train on data and then use to make startlingly good\\nstatistical predictions.\\n\\nThere are a ton of issues covered in the executive order. Which are the ones\\nthat you sense engaged the president most after he saw the demo?\\n\\nThe main thing that changed in that period was his sense of urgency. The task\\nthat he put out for all of us was to manage the risks so that we can see the\\nbenefits. We deliberately took the approach of dealing with a broad set of\\ncategories. That\\u2019s why you saw an extremely broad, bulky, large executive\\norder. The risks to the integrity of information from deception and fraud,\\nrisks to safety and security, risks to civil rights and civil liberties,\\ndiscrimination and privacy issues, and then risks to workers and the economy\\nand IP\\u2014they\\u2019re all going to manifest in different ways for different people\\nover different timelines. Sometimes we have laws that already address those\\nrisks\\u2014turns out it\\u2019s illegal to commit fraud! But other things, like the IP\\nquestions, don\\u2019t have clean answers.\\n\\nThere are a lot of provisions in the order that must meet set deadlines. How\\nare you doing on those?\\n\\nThey are being met. We just rolled out all the 90-day milestones that were\\nmet. One part of the order I\\u2019m really getting a kick out of is the AI Council,\\nwhich includes cabinet secretaries and heads of various regulatory agencies.\\nWhen they come together, it\\u2019s not like most senior meetings where all the work\\nhas been done. These are meetings with rich discussion, where people engage\\nwith enthusiasm, because they know that we\\u2019ve got to get AI right.\\n\\nMost Popular\\n\\n  * Gear\\n\\nAs Questions Swirl Around Tesla\\u2019s Superchargers, the Race Is On to Fill the\\nPower Gap\\n\\nAarian Marshall\\n\\n  * Culture\\n\\nHow Sidechat Fanned the Flames of University Campus Protests\\n\\nSofia Barnett\\n\\n  * Business\\n\\nA Lawsuit Argues Meta Is Required by Law to Let You Control Your Own Feed\\n\\nVittoria Elliott\\n\\n  * Security\\n\\nThe US Government Is Asking Big Tech to Promise Better Cybersecurity\\n\\nEric Geller\\n\\nThere\\u2019s a fear that the technology will be concentrated among a few big\\ncompanies. Microsoft essentially subsumed one leading startup, Inflection. Are\\nyou concerned about this centralization?\\n\\nCompetition is absolutely part of this discussion. The executive order talks\\nspecifically about that. One of the many dimensions of this issue is the\\nextent to which power will reside only with those who are able to build these\\nmassive models.\\n\\nThe order calls for AI technology to embody equity and not include biases. A\\nlot of people in DC are devoted to fighting diversity mandates. Others are\\nuncomfortable with the government determining what constitutes bias. How does\\nthe government legally and morally put its finger on the scale?\\n\\nHere\\u2019s what we\\u2019re doing. The president signed the executive order at the end\\nof October. A couple of days later, the Office of Management and Budget came\\nout with a memo\\u2014a draft of guidance about how all of government will use AI.\\nNow we\\u2019re in the deep, wonky part, but this is where the rubber meets the\\nroad. It\\u2019s that guidance that will build in processes to make sure that when\\nthe government uses AI tools it\\u2019s not embedding bias.\\n\\nThat\\u2019s the strategy? You won\\u2019t mandate rules for the private sector but will\\nimpose them on the government, and because the government is such a big\\ncustomer, companies will adopt them for everyone?\\n\\nThat can be helpful for setting a way that things work broadly. But there are\\nalso laws and regulations in place that ban discrimination in employment and\\nlending decisions. So you can feel free to use AI, but it doesn\\u2019t get you off\\nthe hook.\\n\\nHave you read Marc Andreessen\\u2019s techno-optimist manifesto?\\n\\nNo. I\\u2019ve heard of it.\\n\\nThere\\u2019s a line in there that basically says that if you\\u2019re slowing down the\\nprogress of AI, you are the equivalent of a murderer, because going forward\\nwithout restraints will save lives.\\n\\nThat\\u2019s such an oversimplified view of the world. All of human history tells us\\nthat powerful technologies get used for good and for ill. The reason I love\\nwhat I\\u2019ve gotten to do across four or five decades now is because I see over\\nand over again that after a lot of work we end up making forward progress.\\nThat doesn\\u2019t happen automatically because of some cool new technology. It\\nhappens because of a lot of very human choices about how we use it, how we\\ndon\\u2019t use it, how we make sure people have access to it, and how we manage the\\ndownsides.\\n\\n\\u201cI\\u2019m trying to figure out if you're going to write a bunch of nice research\\npapers, or you're gonna move the needle on cancer.\\u201d\\n\\nHow are you encouraging the use of AI in government?\\n\\nRight now AI is being used in government in more modest ways. Veterans Affairs\\nis using it to get feedback from veterans to improve their services. The\\nSocial Security Administration is using it to accelerate the processing of\\ndisability claims.\\n\\nThose are older programs. What\\u2019s next? Government bureaucrats spend a lot of\\ntime drafting documents. Will AI be part of that process?\\n\\nThat\\u2019s one place where you can see generative AI being used. Like in a\\ncorporation, we have to sort out how to use it responsibly, to make sure that\\nsensitive data aren\\u2019t being leaked, and also that it\\u2019s not embedding bias. One\\nof the things I\\u2019m really excited about in the executive order is an AI talent\\nsurge, saying to people who are experts in AI, \\u201cIf you want to move the world,\\nthis is a great time to bring your skills to the government.\\u201d We published\\nthat on AI.gov.\\n\\nMost Popular\\n\\n  * Gear\\n\\nAs Questions Swirl Around Tesla\\u2019s Superchargers, the Race Is On to Fill the\\nPower Gap\\n\\nAarian Marshall\\n\\n  * Culture\\n\\nHow Sidechat Fanned the Flames of University Campus Protests\\n\\nSofia Barnett\\n\\n  * Business\\n\\nA Lawsuit Argues Meta Is Required by Law to Let You Control Your Own Feed\\n\\nVittoria Elliott\\n\\n  * Security\\n\\nThe US Government Is Asking Big Tech to Promise Better Cybersecurity\\n\\nEric Geller\\n\\nHow far along are you in that process?\\n\\nWe\\u2019re in the matchmaking process. We have great people coming in.\\n\\nOK, let\\u2019s turn to the CHIPS Act, which is the Biden administration\\u2019s\\ncenterpiece for reviving the semiconductor industry in the US. The legislation\\nprovides more than $50 billion to grow the US-based chip industry, but it was\\ndesigned to spur even more private investment, right?\\n\\nThat story starts decades ago with US dominance in semiconductor\\nmanufacturing. Over a few decades the industry got globalized, then it got\\nvery dangerously concentrated in one geopolitically fragile part of the world.\\nA year and a half ago the president got Congress to act on a bipartisan basis,\\nand we are crafting a completely different way to work with the semiconductor\\nindustry in the US.\\n\\nDifferent in what sense?\\n\\nIt won\\u2019t work if the government goes off and builds its own fabs. So our\\npartnership is one where companies decide what products are the right ones to\\nbuild and where we will build them, and government incentives come on the\\nbasis of that. It\\u2019s the first time the US has done that with this industry,\\nbut it\\u2019s how it was done elsewhere around the world.\\n\\nArati Prabhakar walks through the Eisenhower Executive Building on The White\\nHouse campus.\\n\\nPhotograph: Susana Raab\\n\\nSome people say it\\u2019s a fantasy to think we can return to the day when the US\\nhad a significant share of chip and electronics manufacturing. Obviously, you\\nfeel differently.\\n\\nWe\\u2019re not trying to turn the clock back to the 1980s and saying, \\u201cBring\\neverything to the US.\\u201d Our strategy is to make sure that we have the\\nrobustness we need for the US and to make sure we\\u2019re meeting our national\\nsecurity needs.\\n\\nThe biggest grant recipient was Intel, which got $8 billion. Its CEO, Pat\\nGelsinger, said that the CHIPS Act wasn\\u2019t enough to make the US competitive,\\nand we\\u2019d need a CHIPS 2. Is he right?\\n\\nMost Popular\\n\\n  * Gear\\n\\nAs Questions Swirl Around Tesla\\u2019s Superchargers, the Race Is On to Fill the\\nPower Gap\\n\\nAarian Marshall\\n\\n  * Culture\\n\\nHow Sidechat Fanned the Flames of University Campus Protests\\n\\nSofia Barnett\\n\\n  * Business\\n\\nA Lawsuit Argues Meta Is Required by Law to Let You Control Your Own Feed\\n\\nVittoria Elliott\\n\\n  * Security\\n\\nThe US Government Is Asking Big Tech to Promise Better Cybersecurity\\n\\nEric Geller\\n\\nI don\\u2019t think anyone knows the answer yet. There\\u2019s so many factors. The job\\nright now is to build the fabs.\\n\\nAs the former head of Darpa, you were part of the military establishment. How\\ndo you view the sentiment among employees of some companies, like Google, that\\nthey should not take on military contracts?\\n\\nIt\\u2019s great for people in companies to be asking hard questions about how their\\nwork is used. I respect that. My personal view is that our national security\\nis essential for all of us. Here in Silicon Valley, we completely take for\\ngranted that you get up every morning and try to build and fund businesses.\\nThat doesn\\u2019t happen by accident. It\\u2019s shaped by the work that we do in\\nnational security.\\n\\nYour office is spearheading what the president calls a Cancer Moonshot. It\\nseems every president in my lifetime had some project to cure cancer. I\\nremember President Nixon talking about a war on cancer. Why should we believe\\nthis one?\\n\\nWe\\u2019ve made real progress. The president and the first lady set two goals. One\\nis to cut the age-adjusted cancer death rate in half over 25 years. The other\\nis to change the experience of people going through cancer. We\\u2019ve come to\\nunderstand that cancer is a very complex disease with many different aspects.\\nAmerican health outcomes are not acceptable for the most wealthy country in\\nthe world. When I spoke to Danielle Carnival, who leads the Cancer Moonshot\\nfor us\\u2014she worked for the vice president in the Obama administration\\u2014I said to\\nher, \\u201cI\\u2019m trying to figure out if you\\u2019re going to write a bunch of nice\\nresearch papers or you\\u2019re gonna move the needle on cancer.\\u201d She talked about\\nnew therapies but also critically important work to expand access to early\\nscreening, because if you catch some of them early, it changes the whole\\nstory. When I heard that I said, \\u201cGood, we\\u2019re actually going to move the\\nneedle.\\u201d\\n\\nDon\\u2019t you think there\\u2019s a hostility to science in much of the population?\\n\\nPeople are more skeptical about everything. I do think that there has been a\\nshift that is specific to some hot-button issues, like climate and vaccines or\\nother infectious disease measures. Scientists want to explain more, but they\\nshould be humble. I don\\u2019t think it\\u2019s very effective to treat science as a\\nreligion. In year two of the pandemic, people kept saying that the guidance\\nkeeps changing, and all I could think was, \\u201cOf course the guidance is\\nchanging, our understanding is changing.\\u201d The moment called for a little\\nhumility from the research community rather than saying, \\u201cWe\\u2019re the know-it-\\nalls.\\u201d\\n\\nIs it awkward to be in charge of science policy at a time when many people\\ndon\\u2019t believe in empiricism?\\n\\nI don\\u2019t think it\\u2019s as extreme as that. People have always made choices not\\njust based on hard facts but also on the factors in their lives and the\\nnetwork of thought that they are enmeshed in. We have to accept that people\\nare complex.\\n\\nMost Popular\\n\\n  * Gear\\n\\nAs Questions Swirl Around Tesla\\u2019s Superchargers, the Race Is On to Fill the\\nPower Gap\\n\\nAarian Marshall\\n\\n  * Culture\\n\\nHow Sidechat Fanned the Flames of University Campus Protests\\n\\nSofia Barnett\\n\\n  * Business\\n\\nA Lawsuit Argues Meta Is Required by Law to Let You Control Your Own Feed\\n\\nVittoria Elliott\\n\\n  * Security\\n\\nThe US Government Is Asking Big Tech to Promise Better Cybersecurity\\n\\nEric Geller\\n\\nPart of your job is to hire and oversee the nation\\u2019s chief technology officer.\\nBut we don\\u2019t have one. Why not?\\n\\nThat had already been a long endeavor when I came on board. That\\u2019s been a huge\\nchallenge. It\\u2019s very difficult to recruit, because those working in tech\\nalmost always have financial entanglements.\\n\\nI find it hard to believe that in a country full of great talent there isn\\u2019t\\nsomeone qualified for that job who doesn\\u2019t own stock or can\\u2019t get rid of their\\nholdings. Is this just a low priority for you?\\n\\nWe spent a lot of time working on that and haven\\u2019t succeeded.\\n\\nAre we going to go through the whole term without a CTO?\\n\\nI have no predictions. I\\u2019ve got nothing more than that.\\n\\nThere are only a few months left in the current term of this administration.\\nPresident Biden has given your role cabinet status. Have science and\\ntechnology found their appropriate influence in government?\\n\\nYes, I see it very clearly. Look at some of the biggest changes\\u2014for example,\\nthe first really meaningful advances on climate, deploying solutions at a\\nscale that the climate actually notices. I see these changes in every area and\\nI\\u2019m delighted.\\n\\nLet us know what you think about this article. Submit a letter to the editor\\nat mail@wired.com.\\n\\n## You Might Also Like ...\\n\\n  * In your inbox: Will Knight's Fast Forward explores advances in AI\\n\\n  * He emptied a crypto exchange onto a thumb drive\\u2014then disappeared\\n\\n  * The real-time deepfake romance scams have arrived\\n\\n  * Boomergasms are booming\\n\\n  * Heading outdoors? Here are the best sleeping bags for every adventure\\n\\nSteven Levy covers the gamut of tech subjects for WIRED, in print and online,\\nand has been contributing to the magazine since its inception. His weekly\\ncolumn, Plaintext, is exclusive to subscribers online but the newsletter\\nversion is open to all\\u2014sign up here. He has been writing about technology\\nfor... Read more\\n\\nEditor at Large\\n\\nTopicslongreadsBig InterviewPolicyartificial intelligencepolitics\\n\\nRead More\\n\\nThe Showdown Over Who Gets to Build the Next DeLorean\\n\\nDecades after her dad\\u2019s iconic sports car time-traveled into movie history,\\nKat DeLorean wants to build a modern remake. There\\u2019s just one problem: Someone\\nelse owns the trademark on her name.\\n\\nKathy Gilsinan\\n\\nHe Emptied an Entire Crypto Exchange Onto a Thumb Drive. Then He Disappeared\\n\\nFaruk \\u00d6zer just started a 11,196-year prison sentence. Did he almost get away\\nwith the biggest heist in Turkey\\u2019s history, or was it all just a big\\nmisunderstanding?\\n\\nJenna Scatena\\n\\nThese Women Came to Antarctica for Science. Then the Predators Emerged\\n\\nJane Willenbring was the first to blow the whistle on sexual harassment and\\nassault in Antarctica. Years later, women are still coming forward with tales\\nof horror as a government investigation unfolds.\\n\\nDavid Kushner\\n\\nThey Experimented on Themselves in Secret. What They Discovered Helped Win a\\nWar\\n\\nThe untold, top-secret story of the British researchers who found the key to\\nkeeping humans alive underwater\\u2014and helped make D-Day a success.\\n\\nRachel Lance\\n\\nWIRED is where tomorrow is realized. It is the essential source of information\\nand ideas that make sense of a world in constant transformation. The WIRED\\nconversation illuminates how technology is changing every aspect of our\\nlives\\u2014from culture to business, science to design. The breakthroughs and\\ninnovations that we uncover lead to new ways of thinking, new connections, and\\nnew industries.\\n\\n\\u00a9 2024 Cond\\u00e9 Nast. All rights reserved. WIRED may earn a portion of sales from\\nproducts that are purchased through our site as part of our Affiliate\\nPartnerships with retailers. The material on this site may not be reproduced,\\ndistributed, transmitted, cached or otherwise used, except with the prior\\nwritten permission of Cond\\u00e9 Nast. Ad Choices\\n\\n###### Select international site\\n\\n  * Italia\\n  * Jap\\u00f3n\\n  * Czech Republic & Slovakia\\n\\n## We Care About Your Privacy\\n\\nWe and our 166 partners store and/or access information on a device, such as\\nunique IDs in cookies to process personal data. You may accept or manage your\\nchoices by clicking below or at any time in the privacy policy page. These\\nchoices will be signaled to our partners and will not affect browsing\\ndata.More Information\\n\\n### We and our partners process data to provide:\\n\\nUse precise geolocation data. Actively scan device characteristics for\\nidentification. Store and/or access information on a device. Personalised\\nadvertising and content, advertising and content measurement, audience\\nresearch and services development.\\n\\n\", \"frontpage\": false}"}
