{"value":"{\"aid\": \"40230196\", \"title\": \"Monitor Postgres replication slot growth via Slack\", \"url\": \"https://github.com/PeerDB-io/pgslot-notify-bot\", \"domain\": \"github.com/peerdb-io\", \"votes\": 2, \"user\": \"saisrirampur\", \"posted_at\": \"2024-05-01 22:10:38\", \"comments\": 0, \"source_title\": \"GitHub - PeerDB-io/pgslot-notify-bot: Notify PostgreSQL slot growth to a Slack channel.\", \"source_text\": \"GitHub - PeerDB-io/pgslot-notify-bot: Notify PostgreSQL slot growth to a Slack\\nchannel.\\n\\nSkip to content\\n\\n## Navigation Menu\\n\\nSign in\\n\\n# Search code, repositories, users, issues, pull requests...\\n\\nSearch syntax tips\\n\\nSign in\\n\\nSign up\\n\\nYou signed in with another tab or window. Reload to refresh your session. You\\nsigned out in another tab or window. Reload to refresh your session. You\\nswitched accounts on another tab or window. Reload to refresh your session.\\nDismiss alert\\n\\nPeerDB-io / pgslot-notify-bot Public\\n\\n  * Notifications\\n  * Fork 2\\n  * Star 16\\n\\nNotify PostgreSQL slot growth to a Slack channel.\\n\\n### License\\n\\nApache-2.0 license\\n\\n16 stars 2 forks Branches Tags Activity\\n\\nStar\\n\\nNotifications\\n\\n# PeerDB-io/pgslot-notify-bot\\n\\nThis commit does not belong to any branch on this repository, and may belong\\nto a fork outside of the repository.\\n\\n9 Branches\\n\\n0 Tags\\n\\n## Folders and files\\n\\nName| Name| Last commit message| Last commit date  \\n---|---|---|---  \\n  \\n## Latest commit\\n\\niskakaushikfix silly error (#8)Dec 18, 2023a258149 \\u00b7 Dec 18, 2023Dec 18, 2023\\n\\n## History\\n\\n18 Commits  \\n  \\n### .github/workflows\\n\\n|\\n\\n### .github/workflows\\n\\n| add GH ci builds (#1)| Dec 14, 2023  \\n  \\n### img\\n\\n|\\n\\n### img\\n\\n| add img and fix query| Dec 13, 2023  \\n  \\n### .dockerignore\\n\\n|\\n\\n### .dockerignore\\n\\n| add apache 2 license| Dec 14, 2023  \\n  \\n### .env.template\\n\\n|\\n\\n### .env.template\\n\\n| add a better readme| Dec 13, 2023  \\n  \\n### .gitignore\\n\\n|\\n\\n### .gitignore\\n\\n| Initial commit| Dec 7, 2023  \\n  \\n### Dockerfile\\n\\n|\\n\\n### Dockerfile\\n\\n| make one minor change (#5)| Dec 18, 2023  \\n  \\n### LICENSE\\n\\n|\\n\\n### LICENSE\\n\\n| add apache 2 license| Dec 14, 2023  \\n  \\n### README.md\\n\\n|\\n\\n### README.md\\n\\n| Update README.md (#2)| Dec 14, 2023  \\n  \\n### docker-compose.yaml\\n\\n|\\n\\n### docker-compose.yaml\\n\\n| add docker support| Dec 14, 2023  \\n  \\n### main.py\\n\\n|\\n\\n### main.py\\n\\n| fix silly error (#8)| Dec 18, 2023  \\n  \\n### requirements.txt\\n\\n|\\n\\n### requirements.txt\\n\\n| initial commit| Dec 7, 2023  \\n  \\n### run.sh\\n\\n|\\n\\n### run.sh\\n\\n| Add a regexp to filter slot (#7)| Dec 18, 2023  \\n  \\n### run_docker.sh\\n\\n|\\n\\n### run_docker.sh\\n\\n| Add a regexp to filter slot (#7)| Dec 18, 2023  \\n  \\n## Repository files navigation\\n\\n# PG Slot Notify Bot\\n\\n## Introduction\\n\\npgslot-notify-bot is a tool designed to monitor PostgreSQL replication slots.\\nIt provides notifications if a replication slot grows beyond a specified size.\\nThis is particularly useful for database administrators and teams who need to\\nkeep an eye on replication slot sizes to prevent issues related to disk space\\nand replication lag.\\n\\n## Screenshot\\n\\n## Prerequisites\\n\\nBefore setting up pgslot-notify-bot, ensure you have:\\n\\n  * A PostgreSQL database\\n  * A Slack workspace for notifications\\n\\n## Installation\\n\\n  1. Clone the repository:\\n    \\n        git clone git@github.com:PeerDB-io/pgslot-notify-bot.git cd pgslot-notify-bot\\n\\n  2. Set up the environment:\\n\\n     * Copy the .env.template file to a new file named .env.\\n        \\n                cp .env.template .env\\n\\n     * Fill in the values in the .env file with your specific settings.\\n\\n  3. Running the bot:\\n\\n     * Use the provided script to start the bot.\\n        \\n                ./run.sh\\n\\n## Configuration\\n\\n### Environment Variables\\n\\nYou need to set the following environment variables in the .env file:\\n\\n  * DEPLOYMENT_NAME: The name of the postgres deployment to monitor.\\n  * SLACK_BOT_TOKEN: Your Slack bot token.\\n  * SLACK_CHANNEL: The Slack channel where notifications will be sent.\\n  * DB_HOST: The host of the PostgreSQL database.\\n  * DB_PORT: The port of the PostgreSQL database.\\n  * DB_USER: The user for the PostgreSQL database.\\n  * DB_PASSWORD: The password for the PostgreSQL database.\\n  * DB_NAME: The name of the PostgreSQL database.\\n  * INTERVAL_SECONDS: The interval in seconds for the bot to check the replication slot size.\\n  * SIZE_THRESHOLD_MB: The size threshold in MB for the replication slot. Notifications are sent if this size is exceeded.\\n\\n## Usage\\n\\nOnce the bot is running, it will automatically check the size of the\\nPostgreSQL replication slots at the defined interval. If a replication slot\\nsize exceeds the specified threshold, a notification will be sent to the\\nconfigured Slack channel.\\n\\n## Contributing\\n\\nContributions to pgslot-notify-bot are welcome. Please feel free to submit\\npull requests or open issues to discuss proposed changes or enhancements.\\n\\n## Contact\\n\\nFor support or queries, contact contact@peerdb.io.\\n\\n## About\\n\\nNotify PostgreSQL slot growth to a Slack channel.\\n\\n### Topics\\n\\npostgresql slack-bot logical-replication\\n\\n### Resources\\n\\nReadme\\n\\n### License\\n\\nApache-2.0 license\\n\\nActivity\\n\\nCustom properties\\n\\n### Stars\\n\\n16 stars\\n\\n### Watchers\\n\\n2 watching\\n\\n### Forks\\n\\n2 forks\\n\\nReport repository\\n\\n## Releases\\n\\nNo releases published\\n\\n## Packages 1\\n\\n  * pgslot-notify-bot\\n\\n## Contributors 2\\n\\n  * iskakaushik Kaushik Iska\\n  * serprex Philip Dub\\u00e9\\n\\n## Languages\\n\\n  * Python 79.0%\\n  * Shell 15.9%\\n  * Dockerfile 5.1%\\n\\n## Footer\\n\\n\\u00a9 2024 GitHub, Inc.\\n\\nYou can\\u2019t perform that action at this time.\\n\\n\", \"frontpage\": false}"}
