{"value":"{\"aid\": \"40230387\", \"title\": \"Semi-Scripted Conversational Applications\", \"url\": \"https://resonance.distantmagic.com/tutorials/semi-scripted-conversational-applications/\", \"domain\": \"distantmagic.com\", \"votes\": 2, \"user\": \"hu3\", \"posted_at\": \"2024-05-01 22:27:20\", \"comments\": 0, \"source_title\": \"Semi-Scripted Conversational Applications\", \"source_text\": \"Semi-Scripted Conversational Applications\\n\\n\\ud83d\\ude80 Build Conversational Apps with Intentt\\n\\n# Semi-Scripted Conversational Applications\\n\\n## Large Language Models, when used as a user interface, enable users to\\ncreate advanced applications that can replace most traditional interfaces.\\n\\nLast updated on May 1, 2024\\n\\n## What Are Conversational Applications?\\n\\nConversational applications are more than just chatbots. Large Language\\nModels, when used as a user interface, enables users to create advanced\\napplications that can replace most of the traditional interfaces.\\n\\nThey can use LLM (Large Language Models) or other means of processing human\\ninput as a front-end. The simplest example is a custom GPT that can use your\\nAPI to interact with your application.\\n\\nIs it a silver bullet to solve all the problems? Of course not. Currently most\\nof AI integrations act as copilots or assistants. What if we try to inverse\\nthat dynamic where CUI (Conversational User Interface) is an add-on to the\\nGraphical User Interface and make GUI components a complimentary feature\\ninstead?\\n\\n### How It Started\\n\\nOk, maybe Zork is not really a conversational application, but it is really\\nsymbolic for me.\\n\\nAll the interactions with the game are done through a series of specific\\ncommands. That kind of interface is rigorous in its usage because although it\\ntheoretically allows us to input any text, we still have to guess our options.\\n\\nIt is strict both on input and output data with no room for interpretation -\\nlike using some scripting programming language.\\n\\nimage source: lemon64\\n\\n### How Is It Going\\n\\nSeveral observations:\\n\\n  1. We have an AI that can recreate the Zork experience in seconds without requiring almost any human labor.\\n  2. AI understands any input that we can throw at it.\\n  3. AI responds in the style and tone we asked, making the experience uniquely personalized.\\n\\nNow, we can create a conversational application that can understand any input\\nand provide a unique experience for each user. It is, however, very general in\\nits use cases - which is both a blessing and a curse in disguise (see:\\ninfamous Chevrolet chatbot incident).\\n\\nimage source: ChatGPT\\n\\n### Where Is It Going?\\n\\nWhat if we could mold a general-use AI to fit our specific applications and\\nuse cases while benefiting from its reasoning and language capabilities? To be\\nflexible when accepting inputs and simultaneously avoiding hallucinations. How\\nabout building the applications themselves without writing code?\\n\\n## Semi-Scripted Dialogues\\n\\nLet us meet the AI halfway. We will create a semi-scripted dialogue to list\\npredefined dialogue nodes and potential responses. The system will accept any\\ninput and try to match it with one of the predefined responses. This allows us\\nflexibility when accepting inputs and be strict and predictable about our\\noutputs.\\n\\n### Ingredients\\n\\n  1. Swoole\\n  2. Extractors (to interpret the user's input and allow the AI to make further decisions based on it)\\n  3. Dialogue Nodes (to create a conversational flow)\\n  4. WebSockets (to actually serve the application)\\n\\n### What Are We Going to Build?\\n\\nWe will create a simple CRUD task management system. User will be able to name\\na new task, add a description, and list available tasks through a\\nconversational interface.\\n\\nWe are going to use an LLM (through llama.cpp) to match user inputs with\\nspecific conversational nodes.\\n\\nThe application itself will alternate between handling potential responses\\nfrom the user and executing side effects.\\n\\nWe will model the following conversation in a semi-scripted way so it will be\\ncapable of handling pretty much any user input:\\n\\n    \\n    \\n    System: Message: Hello! How can I help you with your tasks? Potential Responses: - I want to create a task - I want to list all my tasks.\\n\\nYou can serve it in any way, either as a standalone application, a Telegram\\nbot or a web application. We will focus on the core of the conversational\\napplication and skip the delivery method for now.\\n\\n### Dialogue Controllers\\n\\nWe are all familiar with HTTP Controllers who mediate between the user and the\\napplication. Why don't we reuse a similar concept and create a dialogue\\ncontroller?\\n\\nIt should keep the general state of the conversation and be able to react to\\nuser requests.\\n\\nFirst, let us define the initial dialogue node and all the potential\\nresponses:\\n\\n    \\n    \\n    app/DialogueCOntroller/TaskConversationController.php\\n    \\n    php\\n    \\n    #[Singleton] readonly class TaskConversationController extends DialogueController { private DialogueNodeInterface $rootNode; public function __construct( private DoctrineEntityManagerRepository $doctrineEntityManagerRepository, private HelpfulAssistant $helpfulAssistantPersona, private LlamaCppClientInterface $llamaCppClient, LlamaCppExtractWhenInterface $llamaCppExtractWhen, private LlamaCppExtractSubject $llamaCppExtractSubject, ) { $this->rootNode = DialogueNode::withMessage('Hello! How can I help you with your tasks?'); $this->rootNode->addPotentialResponse(new CatchAllResponse( followUp: $this->welcomeNode, )); $this->welcomeNode->addPotentialResponse(new LlamaCppExtractWhenResponse( llamaCppExtractWhen: $llamaCppExtractWhen, condition: 'User wants to create a new task', persona: $helpfulAssistantPersona, whenProvided: $this->whenUserWantsToCreateTask(...) )); $this->welcomeNode->addPotentialResponse(new LlamaCppExtractWhenResponse( llamaCppExtractWhen: $llamaCppExtractWhen, condition: 'User wants to list all their tasks', persona: $helpfulAssistantPersona, whenProvided: $this->whenUserWantsToListAllTasks(...) )); } public function getRootDialogueNode(): DialogueNodeInterface { return $this->rootNode; } // (...)\\n\\nNow, we need to handle all the predefined responses. Let's start with the one\\nto create a new task. Let us try to extract the task name. If that is\\nsuccessful, let us move forward and add the task; in any other case, ask the\\nuser to specify further:\\n\\n    \\n    \\n    app/DialogueCOntroller/TaskConversationController.php\\n    \\n    php\\n    \\n    // (...) private function whenUserWantsToCreateTask(LlamaCppExtractWhenResult $response): Generator { if ($response->result->isNo()) { return DialogueResponseResolution::cannotRespond(); } $result = $this->llamaCppExtractSubject->extract( input: $response->input, topic: 'task name', ); //user provided a name of the task if ($result->content) { $followUp->addSideEffect(new CreateTask( taskName: $result->content, )); $followUp = new DialogueNode(new LlamaCppPromptMessageProducer( llamaCppClient: $this->llamaCppClient, request: new LlamaCppCompletionRequest( llmChatHistory: new LlmChatHistory([ new LlmChatMessage( actor: 'system', message: 'Let user know that their task is added', ), ]), ), )); } else { $followUp = new DialogueNode(new LlamaCppPromptMessageProducer( llamaCppClient: $this->llamaCppClient, request: new LlamaCppCompletionRequest( llmChatHistory: new LlmChatHistory([ new LlmChatMessage( actor: 'system', message: 'Ask user to specify the name of the task', ), ]), ), )); } // Go back to the primary dialogue node in any case $followUp->copyResponsesFrom($this->rootNode); return DialogueResponseResolution::canRespond($followUp); } // (...)\\n\\nWhen a user wants to list all tasks, just produce a response in a similar way\\nyou would produce an HTML view:\\n\\n    \\n    \\n    app/DialogueCOntroller/TaskConversationController.php\\n    \\n    php\\n    \\n    // (...) private function whenUserWantsToCreateTask(LlamaCppExtractWhenResult $response): Generator { if ($response->result->isNo()) { return DialogueResponseResolution::cannotRespond(); } $responseMessage = \\\"Your tasks:\\\\n%s\\\"; $tasks = $this ->doctrineEntityManagerRepository ->withEntityManager(function (EntityManagerInterface $entityManager) { // ...obtain user tasks somehow }) ; foreach ($tasks as $task) { $responseMessage .= \\\"- {$task->name}\\\\n\\\"; } $followUp = DialogueNode::withMessage($responseMessage); // Go back to the primary dialogue node in any case $followUp->copyResponsesFrom($this->rootNode); return DialogueResponseResolution::canRespond($followUp); } }\\n\\n## Summary\\n\\nIt was a simple example of a conversational application; it's like writing a\\nbasic \\\"Hello, world!\\\". I hope it inspires you to create something incredible!\\n\\n### Comments\\n\\nIf you want to leave a comment Start a discussion on GitHub or join our\\nCommunity\\n\\nCopyright \\u00a9 2024 Distantmagic. Built with Resonance.\\n\\nEdit on GitHub\\n\\n\", \"frontpage\": false}"}
