{"value":"{\"aid\": \"40229642\", \"title\": \"Fourier Kolmogorov-Arnold Networks\", \"url\": \"https://github.com/GistNoesis/FourierKAN\", \"domain\": \"github.com/gistnoesis\", \"votes\": 1, \"user\": \"fofoz\", \"posted_at\": \"2024-05-01 21:22:38\", \"comments\": 0, \"source_title\": \"GitHub - GistNoesis/FourierKAN\", \"source_text\": \"GitHub - GistNoesis/FourierKAN\\n\\nSkip to content\\n\\n## Navigation Menu\\n\\nSign in\\n\\n# Search code, repositories, users, issues, pull requests...\\n\\nSearch syntax tips\\n\\nSign in\\n\\nSign up\\n\\nYou signed in with another tab or window. Reload to refresh your session. You\\nsigned out in another tab or window. Reload to refresh your session. You\\nswitched accounts on another tab or window. Reload to refresh your session.\\nDismiss alert\\n\\nGistNoesis / FourierKAN Public\\n\\n  * Notifications\\n  * Fork 2\\n  * Star 29\\n\\n### License\\n\\nMIT license\\n\\n29 stars 2 forks Branches Tags Activity\\n\\nStar\\n\\nNotifications\\n\\n# GistNoesis/FourierKAN\\n\\nThis commit does not belong to any branch on this repository, and may belong\\nto a fork outside of the repository.\\n\\n1 Branch\\n\\n0 Tags\\n\\n## Folders and files\\n\\nName| Name| Last commit message| Last commit date  \\n---|---|---|---  \\n  \\n## Latest commit\\n\\nunrealwillUpdate README.mdMay 1, 20248115c14 \\u00b7 May 1, 2024May 1, 2024\\n\\n## History\\n\\n13 Commits  \\n  \\n### LICENSE\\n\\n|\\n\\n### LICENSE\\n\\n| Initial commit| May 1, 2024  \\n  \\n### README.md\\n\\n|\\n\\n### README.md\\n\\n| Update README.md| May 1, 2024  \\n  \\n### fftKAN.py\\n\\n|\\n\\n### fftKAN.py\\n\\n| showing how to use einsum to reduce memory usage| May 1, 2024  \\n  \\n## Repository files navigation\\n\\n# FourierKAN\\n\\nPytorch Layer for FourierKAN\\n\\nIt is a layer intended to be a substitution for Linear + non-linear activation\\n\\nThis is inspired by Kolmogorov-Arnold Networks but using 1d fourier\\ncoefficients instead of splines coefficients It should be easier to optimize\\nas fourier are more dense than spline (global vs local) Once convergence is\\nreached you can replace the 1d function with spline approximation for faster\\nevaluation giving almost the same result The other advantage of using fourier\\nover spline is that the function are periodic, and therefore more numerically\\nbounded Avoiding the issues of going out of grid\\n\\n# Usage\\n\\nput the file in the same directory then\\n\\nfrom fftKAN import NaiveFourierKANLayer\\n\\nalternatively you can run python fftKAN.py\\n\\nto see the demo.\\n\\nCode runs, cpu and gpu, but is untested.\\n\\nThis is a naive version that use memory proportional to the gridsize, where as\\na fused version doesn't require temporary memory\\n\\n# Highlight of the core :\\n\\nYou can either do the simple thing of materializing the product and then do\\nthe sum, or you can use einsum to do the reduction. Einsum should use less\\nmemory but be slower\\n\\nFourierKAN/fftKAN.py\\n\\nLines 28 to 58 in 9a8c753\\n\\ndef forward(self,x):  \\n---  \\nxshp = x.shape  \\noutshape = xshp[0:-1]+(self.outdim,)  \\nx = th.reshape(x,(-1,self.inputdim))  \\n#Starting at 1 because constant terms are in the bias  \\nk = th.reshape(\\nth.arange(1,self.gridsize+1,device=x.device),(1,1,1,self.gridsize))  \\nxrshp = th.reshape(x,(x.shape[0],1,x.shape[1],1) )  \\n#This should be fused to avoid materializing memory  \\nc = th.cos( k*xrshp )  \\ns = th.sin( k*xrshp )  \\n#We compute the interpolation of the various functions defined by their\\nfourier coefficient for each input coordinates and we sum them  \\ny = th.sum( c*self.fouriercoeffs[0:1],(-2,-1))  \\ny += th.sum( s*self.fouriercoeffs[1:2],(-2,-1))  \\nif( self.addbias):  \\ny += self.bias  \\n#End fuse  \\n'''  \\n#You can use einsum instead to reduce memory usage  \\n#It stills not as good as fully fused but it should help  \\n#einsum is usually slower though  \\nc = th.reshape(c,(1,x.shape[0],x.shape[1],self.gridsize))  \\ns = th.reshape(s,(1,x.shape[0],x.shape[1],self.gridsize))  \\ny2 = th.einsum( \\\"dbik,djik->bj\\\", th.concat([c,s],axis=0) ,self.fouriercoeffs )  \\nif( self.addbias):  \\ny2 += self.bias  \\ndiff = th.sum((y2-y)**2)  \\nprint(\\\"diff\\\")  \\nprint(diff) #should be ~0  \\n'''  \\ny = th.reshape( y, outshape)  \\nreturn y  \\n  \\n# License\\n\\nLicense is MIT, but future evolutions (including fused kernels ) will be\\nproprietary.\\n\\n## About\\n\\nNo description, website, or topics provided.\\n\\n### Resources\\n\\nReadme\\n\\n### License\\n\\nMIT license\\n\\nActivity\\n\\n### Stars\\n\\n29 stars\\n\\n### Watchers\\n\\n3 watching\\n\\n### Forks\\n\\n2 forks\\n\\nReport repository\\n\\n## Releases\\n\\nNo releases published\\n\\n## Packages 0\\n\\nNo packages published\\n\\n## Contributors 2\\n\\n  * unrealwill\\n  * GistNoesis Gist Noesis\\n\\n## Languages\\n\\n  * Python 100.0%\\n\\n## Footer\\n\\n\\u00a9 2024 GitHub, Inc.\\n\\nYou can\\u2019t perform that action at this time.\\n\\n\", \"frontpage\": false}"}
