{"value":"{\"aid\": \"40228953\", \"title\": \"The Copenhagen Book\", \"url\": \"https://thecopenhagenbook.com\", \"domain\": \"thecopenhagenbook.com\", \"votes\": 2, \"user\": \"tie-in\", \"posted_at\": \"2024-05-01 20:29:31\", \"comments\": 0, \"source_title\": \"The Copenhagen Book\", \"source_text\": \"The Copenhagen Book\\n\\nThe Copenhagen Book\\n\\nThe Copenhagen Book\\n\\n# The Copenhagen Book\\n\\nThe Copenhagen Book provides a general guideline on implementing auth in web\\napplications. It is free, open-source, and community-maintained. It may be\\nopinionated or incomplete at times but we hope this fills a certain void in\\nonline resources. We recommend using this alongside the OWASP Cheat Sheet\\nSeries.\\n\\nIf you have any suggestions or concerns, consider opening a new issue.\\n\\nCreated by Pilcrow\\n\\n\", \"frontpage\": false}"}
