{"value":"{\"aid\": \"40228248\", \"title\": \"GitHub error causes some passkeys to be removed from user accounts\", \"url\": \"https://www.githubstatus.com/incidents/84bxn520qg2m\", \"domain\": \"githubstatus.com\", \"votes\": 1, \"user\": \"CmdSft\", \"posted_at\": \"2024-05-01 19:35:13\", \"comments\": 0, \"source_title\": \"We are investigating reports of degraded performance.\", \"source_text\": \"GitHub Status - We are investigating reports of degraded performance.\\n\\nWe are investigating reports of degraded performance.\\n\\nIncident Report for GitHub\\n\\nResolved\\n\\nOn April 26th, 2024, we received several internal reports of GitHub staff\\nbeing unable to login using their Passkeys. Out of an abundance of caution, we\\nupdated our public status to yellow. Further investigation discovered that a\\nbackground job intended to clean up stale authenticated device records was\\nmistakenly removing associated passkeys. As a result, some passkey\\nregistrations were incorrectly removed from some user accounts. The impact\\nfrom the bug in the background job was limited to a small number of passkey\\nusers (<0.5%). We have since resolved the bug in question and are working to\\nnotify all affected users.\\n\\nPosted 5 days ago. Apr 26, 2024 - 16:49 UTC\\n\\nUpdate\\n\\nThe issue appears to be limited in scope to a few internal users, without any\\nreports of issues from outside GitHub. We are adding additional logging to our\\nWebAuthn flow to detect this in the future. If you cannot use your mobile\\npasskey to sign in, please contact support or reach out to us in\\nhttps://github.com/orgs/community/discussions/67791\\n\\nPosted 5 days ago. Apr 26, 2024 - 16:49 UTC\\n\\nUpdate\\n\\nSign in to GitHub.com using a passkey from a mobile device is currently\\nfailing. Users may see an error message saying that passkey sign in failed, or\\nmay not see any passkeys available after signing in with their password. This\\nissue impacts both GitHub.com on mobile devices as well as cross-device\\nauthentication where the phone's passkey is used to authenticate on a desktop\\nbrowser. To workaround this issue, use your password and the 2FA method you\\nsetup prior to setting up your passkey, either TOTP or SMS.\\n\\nPosted 5 days ago. Apr 26, 2024 - 15:10 UTC\\n\\nInvestigating\\n\\nWe are currently investigating this issue.\\n\\nPosted 5 days ago. Apr 26, 2024 - 15:10 UTC\\n\\n\\u2190 Current Status Powered by Atlassian Statuspage\\n\\n#### Product\\n\\n  * Features\\n  * Security\\n  * Business\\n  * Case studies\\n  * Pricing\\n  * Resources\\n\\n#### Platform\\n\\n  * Developer API\\n  * Partners\\n  * Atom\\n  * Electron\\n  * GitHub Desktop\\n\\n#### Support\\n\\n  * Help\\n  * Community Forum\\n  * Training\\n  * Status\\n  * Contact\\n\\n#### Company\\n\\n  * About\\n  * Blog\\n  * Careers\\n  * Press\\n  * Shop\\n\\n  * \\u00a9 2024 GitHub, Inc.\\n  * Terms\\n  * Privacy\\n\\n\", \"frontpage\": false}"}
