{"value":"{\"aid\": \"40230812\", \"title\": \"Google's Payments to Apple Reached $20B in 2022, Antitrust Court Documents Show\", \"url\": \"https://www.bloomberg.com/news/articles/2024-05-01/google-s-payments-to-apple-reached-20-billion-in-2022-cue-says\", \"domain\": \"bloomberg.com\", \"votes\": 24, \"user\": \"mobilio\", \"posted_at\": \"2024-05-01 23:19:55\", \"comments\": 2, \"source_title\": \"Bloomberg\", \"source_text\": \"Bloomberg - Are you a robot?\\n\\n# Bloomberg\\n\\nNeed help? Contact us\\n\\n## We've detected unusual activity from your computer network\\n\\nTo continue, please click the box below to let us know you're not a robot.\\n\\n### Why did this happen?\\n\\nPlease make sure your browser supports JavaScript and cookies and that you are\\nnot blocking them from loading. For more information you can review our Terms\\nof Service and Cookie Policy.\\n\\n### Need Help?\\n\\nFor inquiries related to this message please contact our support team and\\nprovide the reference ID below.\\n\\nBlock reference ID: a265547a-0819-11ef-bd4b-2830459dd9d8\\n\\n\", \"frontpage\": true}"}
