{"value":"{\"aid\": \"40231740\", \"title\": \"SecOps Alert Enrichment: Tor Exit Nodes\", \"url\": \"https://akatz.org/alert-enrichment-part-two-tor-exit-nodes/\", \"domain\": \"akatz.org\", \"votes\": 1, \"user\": \"ackatz\", \"posted_at\": \"2024-05-02 01:22:29\", \"comments\": 0, \"source_title\": \"SecOps Alert Enrichment: Part 2 - Tor Exit Nodes\", \"source_text\": \"SecOps Alert Enrichment: Part 2 - Tor Exit Nodes\\n\\nSkip to Navigation Skip to Posts Skip to Content\\n\\nSubscribe\\n\\nSecOps Alert Enrichment: Part 2 - Tor Exit Nodes\\n\\nsecurity\\n\\n# SecOps Alert Enrichment: Part 2 - Tor Exit Nodes\\n\\nAndrew Katz April 29, 2024 3 min read\\n\\nA hackerman going through the Tor network\\n\\nThis is the second post in a series on SecOps Alert Enrichment. You can find\\nthe first post here:\\n\\nSecOps Alert Enrichment: Part 1 - Recent Related Alerts\\n\\nThe idea behind this enrichment is that you take various IOCs from the alert\\nand then make an API call to your alert platform to return the last 5 alerts\\nwhere those IOCs were mentioned.\\n\\nSecEng Newsletter by Andrew KatzAndrew Katz\\n\\nThe premise of this series is that, although many SecOps teams have\\nimplemented basic alert enrichment, I submit that there are a lot of other\\nniche, high-value enrichment use cases that teams out there may have not\\nconsidered yet.\\n\\nI am not saying any of these ideas are novel, but if you look at any blog post\\nor canned SOAR playbooks related to alert enrichment, there is a very good\\nchance it is just another re-hashed example of looking up an IP or a hash from\\nan alert in VirusTotal.\\n\\n## Tor Exit Nodes\\n\\nThe concept behind this enrichment is to correlate IP addresses in alerts with\\nan up-to-date list of Tor exit node IP addresses.\\n\\nThreat actors use Tor for anonymity. Tor is not only useful for a specific\\nactivity like performing reconnaissance \\u2013 it can be used throughout the entire\\nlifecycle of an attack. Okta recently reported unprecedented amounts of\\ncredential stuffing attacks on its customers. In all attacks that Okta\\nobserved, the requests came through Tor and various residential proxies (e.g.\\nNSOCKS, Luminati, and DataImpulse).\\n\\nSince a Tor exit node is where traffic exits the Tor network and interacts\\nwith services on the open internet, exit node IPs are the ones you're actually\\ngoing to see in your logs.\\n\\nHere is a reliable list of Tor exit nodes you can use:\\nhttps://www.dan.me.uk/torlist/?exit.\\n\\n\\ud83d\\udca1\\n\\nIf memory serves correctly, the dan.me.uk list is rate-limited to one call per\\n24 hours.\\n\\nIn the example below, alerts are being enriched post-creation by an alert\\nenrichment pipeline (e.g., within a SOAR):\\n\\nBonus: update the alert priority if a Tor Exit node is matched\\n\\n## Scenario\\n\\nLet's say that we received an Okta New API Token Created alert. Without\\nenrichment in place, the associated source IP address for the alert may seem\\nnon-descript. Even if you have some geoip information, if the source IP is\\nlocated where your headquarters are, you may incorrectly assume that it is\\nyour IT team legitimately creating a token and de-prioritize this alert in\\nplace of another one.\\n\\nIf you were enriching IP addresses in alerts against Tor exit nodes, it would\\nraise this alert to the top of the stack and instantly get the response it\\nneeds. \\ud83c\\udfc6\\n\\nAs I mentioned in the caption above, you might consider dynamically updating\\nalert prioritizes from your pipeline based on enrichment outcomes.\\n\\n## Summary\\n\\nCorrelating IP addresses against Tor exit nodes is a useful enrichment to add\\nto your alerts because it is such a high fidelity indicator. It is especially\\nhigh fidelity if your company enforces a list of approved browsers and you\\ndon't have people using Brave's built-in Tor browser, for example.\\n\\n## Discussion\\n\\n\\u00a9 2024 Andrew Katz\\n\\nBlog\\n\\nsecurity\\n\\n### SecOps Alert Enrichment: Part 2 - Tor Exit Nodes\\n\\nApr 29, 2024 3 min read\\n\\nseceng\\n\\n### SecEng Newsletter #3\\n\\nApr 24, 2024 8 min read\\n\\nmac\\n\\n### Scheduled Scripts on macOS: cron or launchd?\\n\\nApr 20, 2024 5 min read\\n\\nseceng\\n\\n### SecEng Newsletter #2\\n\\nApr 18, 2024 9 min read\\n\\nsecurity\\n\\n### Python Security Engineering Example\\n\\nApr 17, 2024 4 min read\\n\\nseceng\\n\\n### SecEng Newsletter #1\\n\\nApr 13, 2024 6 min read\\n\\nsecurity\\n\\n### SecOps Alert Enrichment: Part 1 - Recent Related Alerts\\n\\nApr 13, 2024 3 min read\\n\\nmac\\n\\n### Fixing macOS zsh Terminal History Settings\\n\\nOct 12, 2022 1 min read\\n\\ndev\\n\\n### Running Syncthing on Fly.io with Tailscale\\n\\nSep 12, 2022 8 min read\\n\\n\", \"frontpage\": false}"}
