{"value":"{\"aid\": \"40230593\", \"title\": \"The Anti-Fragile Brendan Eich \\u2013 Andrew Beck \\u2013 First Things\", \"url\": \"https://www.firstthings.com/web-exclusives/2024/04/the-anti-fragile-brendan-eich\", \"domain\": \"firstthings.com\", \"votes\": 2, \"user\": \"hui-zheng\", \"posted_at\": \"2024-05-01 22:48:23\", \"comments\": 0, \"source_title\": \"The Anti-Fragile Brendan Eich\", \"source_text\": \"The Anti-Fragile Brendan Eich | Andrew Beck | First Things\\n\\nSupport First Things by turning your adblocker off or by making a donation.\\nThanks!\\n\\nMENU\\n\\nLogin / Activate\\n\\n  1. # The Anti-Fragile Brendan Eich\\n\\nby Andrew Beck 4 . 12 . 24\\n\\nTen years ago this week, Brendan Eich was forced to resign as CEO of Mozilla,\\nthe company he co-founded, because of ginned-up outrage over small donations\\nhe made to groups opposed to legalization of same-sex marriage in California.\\nA visionary technologist whose work had made the web a more accessible, free,\\nand enjoyable experience for everyone was condemned as a hateful bigot and\\ntreated as a pariah by his company, the press, and on the internet that he was\\nso instrumental in building.\\n\\nRather than fighting for the position he had earned through years of work as\\nlead architect and chief technology officer, Brendan parted ways with Mozilla.\\nAfter laying low for over a year, he co-founded Brave Software, where he\\nremains CEO. Brave, a browser that prioritizes user privacy and security, has\\nexploded in popularity since 2020.\\n\\nA just society would esteem and elevate Eich for proving to be so effective\\nand generous in everything, from his ten-day sprint to produce the first\\nspecification of JavaScript, to his stewardship of the Netscape codebase and\\nhis leadership at Mozilla and now Brave.\\n\\nJavaScript is one of the three fundamental technologies on which 99 percent of\\nuser-facing websites are coded. Free and open-source, meaning anyone can\\nimplement the technology without licensing, JavaScript unlocked a universe of\\npossibilities in function and aesthetics for websites and browser-based\\napplications.\\n\\nEich\\u2019s career is often defined by JavaScript, but it is his work on free\\nbrowsers for the people that the true theme emerges. Eich is a student of the\\nAmerican spirit, which, from the Founding to today, he takes to be\\ncharacteristically pragmatic and productive. It is not \\u201chard revolutionary,\\nit\\u2019s not trying to burn the past and destroy everything,\\u201d Eich told Lex\\nFridman in an interview. \\u201cWe have these rights and we have duties, too.\\u201d\\nAmericans will only tolerate so much oligarchy and incompetence until a small\\nband of overachievers will take it upon themselves to disrupt the system and\\nrestore the balance so they can once again fulfill their duties.\\n\\nMuch of Eich\\u2019s work revolves around the empowerment of the principled few who\\ncan benefit the many. A small group of people built the simple but brilliant\\ntools that we all use in our daily lives, and they did so utilizing\\ntechnologies designed by an even smaller cohort\\u2014composed of people like\\nEich\\u2014for the purpose of constant creation and iteration.\\n\\nThe World Wide Web held promise for freedom and prosperity, and Eich\\ncontributed to the fulfillment of that potential. He is also intimately aware\\nof the risk one takes when a life is lived, and society is run, in constant\\nconnection to that web. When companies such as Google, Microsoft, Apple, and\\nFacebook know everything you view, say, buy, and sell, even where you live and\\ngo, you cannot meaningfully exercise sovereignty. The exercise of true\\npersonal sovereignty\\u2014and thus collective political sovereignty as The\\nPeople\\u2014is impossible without possessing control over your own data.\\n\\nIt is poetic, then, that ten years ago Eich\\u2019s cancellation was the first event\\nto demonstrate the awesome danger we now face.\\n\\nI was working in New York's \\u201cSilicon Alley\\u201d when it happened, and I\\nimmediately recognized it as a major escalation in the culture war. It was a\\nwarning that the Leviathan of technocracy did not care how well I did, how\\nhard I worked, or how well I treated others. Ideological conformity to the\\ntop-down, programmatic transformation of the country that was rapidly taking\\nplace was all that mattered. If I was unwilling to affirm the current thing\\ndictated according to the whims of \\u201cprogress,\\u201d I was an enemy of humanity and\\nan enemy of America. And my beliefs, no matter how ancient, innocent, and\\nvalid, must bow to the will of Leviathan, or the digital swarm would descend\\nupon me. In fact, the higher I rose, the harder opponents would hunt for an\\nexcuse to throw me, like Belteshazzar, to the lions.\\n\\nThe attack on Eich has been replayed hundreds of times in the last decade in\\nthe ritual scapegoating of successful men and women who run afoul of the\\nregime. And, being totalitarians, the cancellers aren\\u2019t satisfied with mere\\nprofessional or reputation harm but seek a comprehensive and permanent\\ndestruction of their victims that includes even ostracism by friends and\\nfamily. This is what they sought in Eich\\u2019s case. Mercifully, they failed.\\n\\nI am not here to complain about cancel culture. Brendan Eich does not. He is\\ntoo busy. He refuses to be defined by the evil done to him, or by the\\npurported heterodoxy of his beliefs, but by the work he does and by his\\ncharacter, as known by those closest to him.\\n\\nRather than taking to the airwaves and leaning into the role of martyr, as\\nhave so many others who have endured similar abuse, Eich never speaks publicly\\nabout the wrong done to him\\u2014not once even in private to me. Instead, he\\ndiligently pursues his vocation.\\n\\nIn this, he is emulating Christ, who, when his disciples were worried that he\\nhad not been provided anything to eat, replied that his sustenance was \\u201cto do\\nthe will of Him that sent me, and to finish His work.\\u201d Finding work to do that\\nmakes you fearless will make you unstoppable. Setbacks will become stepping\\nstones to a more refined vision of one\\u2019s vocation. The wrongs done to you will\\nbecome opportunities for cultivating wisdom necessary for your next iteration,\\nmaking you stronger, more resilient, less fragile.\\n\\nIn 2014 I was worried that what happened to Brendan Eich might happen to me.\\nHow much could I stand to lose? My reputation? A position? A business?\\nFriends? Family? I remember fearing that anything I built could be snatched\\naway, that the Eye of Sauron might fix upon me and unleash a legion of woke\\norcs against me and those I loved.\\n\\nNow, a decade later, I have more reasons to be afraid. I have built things I\\nlove with people I love: a family, a business, a circle of friends and\\nassociates. All the while, the enemies of the Good have grown even more\\ntotalitarian. And yet I do not fear, in good part due to Eich\\u2019s example. The\\ndarkness stole things from him, but it failed to stop him from doing the work\\nhe believes transcends his own life.\\n\\nIn the same Fridman interview, Eich was asked whether, after all his world-\\nchanging accomplishments, he fears death. Brendan said he did not, citing his\\nCatholic faith, and observed that those who do fear death often feel like\\nthey\\u2019ve \\u201cmissed out on opportunities to do something that will endure.\\u201d\\n\\nThe dangers of ten years ago are greater now for faithful Christians. But if\\nwe diligently perform the work that God has called us to, we can suffer delay,\\nand even death, without fear. The work will endure, because it is His work.\\n\\nAndrew Beck is partner at Beck & Stone.\\n\\nFirst Things depends on its subscribers and supporters. Join the conversation\\nand make a contribution today.\\n\\nClick here to make a donation.\\n\\nClick here to subscribe to First Things.\\n\\nImage by Sam Barnes/Web Summit via Sportsfile licensed via Creative Commons.\\nImage filtered and cropped.\\n\\n3\\n\\nPost\\n\\n0Like\\n\\n0Vote\\n\\nPrint\\n\\nEmail\\n\\nMore on: Religion, Public Life, Technology, LGBTQ\\n\\nPrev Article\\n\\nNext Article\\n\\n### Articles by Andrew Beck\\n\\nComments are visible to subscribers only. Log in or subscribe to join the\\nconversation.\\n\\nAmerica's most influential journal of religion and public life\\n\\nSubscribe Latest Issue Support First Things\\n\\n### Tags\\n\\n#\\n\\n2016 ELECTION 2020 ELECTION 9/11 1960S 2024 ELECTION\\n\\nA\\n\\nABORTION AMERICA AMORIS LAETITIA AMERICAN CATHOLICISM ART ADVENT ACADEMIA\\nARCHITECTURE ASSISTED SUICIDE ANGLICANISM AUSTRALIA\\n\\nB\\n\\nBOOKS BOOK REVIEW BISHOPS BIBLE BIOETHICS BENEDICT XVI BASEBALL BOOK\\nRECOMMENDATIONS BREXIT BEAUTY BAPTISM\\n\\nC\\n\\nCATHOLICISM CULTURE CHRISTIANITY CHRISTMAS COVID-19 CONSERVATISM CHINA CHURCH\\nCOMMUNISM CATHOLIC CANADA\\n\\nD\\n\\nDONALD TRUMP DONATE DEATH DOBBS DEMOCRACY DIVORCE DEMOCRATIC PARTY DEMOCRATS\\nDOCTRINE DISABILITY DOWN SYNDROME\\n\\nE\\n\\nEDUCATION EUTHANASIA EVANGELICALISM EUCHARIST EUROPE EASTER EVANGELICALS\\nENGLAND ELECTION ECUMENISM ECONOMICS\\n\\nF\\n\\nFIRST THINGS FILM FAITH FAMILY FRANCE FEMINISM FREEDOM OF SPEECH FREEDOM\\nFAMILY AND MARRIAGE FICTION FOOD\\n\\nG\\n\\nGAY MARRIAGE GEORGE PELL GERMANY GENDER IDENTITY GENOCIDE GENDER GERMAN\\nCATHOLICISM GENESIS GOD GOVERNMENT GOP\\n\\nH\\n\\nHISTORY HIGHER EDUCATION HOMOSEXUALITY HIGH CULTURE HEALTHCARE HOPE HUMANAE\\nVITAE HOLOCAUST HUMANITIES HILLARY CLINTON HUMAN DIGNITY\\n\\nI\\n\\nISLAM IRELAND IMMIGRATION ISRAEL IDENTITY POLITICS ISIS INCARNATION INTERNET\\nILLNESS IDEOLOGY ISLAMIC VIOLENCE\\n\\nJ\\n\\nJUDAISM JOE BIDEN JOHN PAUL II JOURNALISM JESUS JUSTICE JOHN HENRY NEWMAN\\nJOSEPH RATZINGER JESUITS JESUS CHRIST JEWISH\\n\\nK\\n\\nKIRILL KASPER KRAKOW KARL BARTH KIM DAVIS KING CHARLES KARL MARX KARL RAHNER\\nKEVIN FARRELL KEVIN WILLIAMSON KING LEAR\\n\\nL\\n\\nLITERATURE LGBTQ LIBERALISM LAW LENT LITURGY LOVE LUTHERANISM LATIN MASS\\nLUTHER LANGUAGE\\n\\nM\\n\\nMARRIAGE MUSIC MOVIES MEDIA MODERNITY MARY MARTYRDOM MORALITY MARTIN LUTHER\\nMEDICINE MIDDLE EAST\\n\\nN\\n\\nNOVELS NATIONALISM NEW YORK NATURE NEW TESTAMENT NOTRE DAME NATIVITY NAZI NEW\\nYEAR'S NATIVE AMERICANS NEW YORK CITY\\n\\nO\\n\\nOLD TESTAMENT ORTHODOXY OBERGEFELL V. HODGES OBITUARY OBAMA ORTHODOX\\nORIGINALISM OBAMACARE ORLANDO SHOOTING OSCARS ORGAN DONATION\\n\\nP\\n\\nPUBLIC LIFE POPE FRANCIS POLITICS PRO-LIFE POETRY POLAND PROTESTANTISM POPE\\nJOHN PAUL II PHILOSOPHY PRAYER PRIESTHOOD\\n\\nQ\\n\\nQUEEN ELIZABETH QU'RAN QUEERING SOMETHING\\n\\nR\\n\\nRELIGION RUSSIA RELIGIOUS FREEDOM ROE V. WADE REPUBLICAN PARTY REFORMATION\\nRESURRECTION REVIEWS RACISM RELIGIOUS LIBERTY ROMAN CATHOLICISM\\n\\nS\\n\\nSUPREME COURT SEXUAL ABUSE CRISIS SCRIPTURE SEXUAL ABUSE SEXUALITY SCIENCE\\nSAINTS SEXUAL REVOLUTION SAME-SEX MARRIAGE SEX SYNOD ON YOUTH\\n\\nT\\n\\nTHEOLOGY TECHNOLOGY TRANSGENDERISM TRANSGENDER TELEVISION TRUMP TRADITION\\nTRUTH TERRORISM TWITTER THE COMMON GOOD\\n\\nU\\n\\nUKRAINE UNITED KINGDOM UNIVERSITY UNITED STATES UNIVERSITIES UKRAINE; RUSSIA\\nUNITED NATIONS UNITED METHODIST CHURCH UNITY UNIVERSALISM URBANISM\\n\\nV\\n\\nVATICAN II VATICAN VATICAN POLITICS VIRTUE VIOLENCE VLADIMIR PUTIN VIRGIN MARY\\nVOCATION VOTING VACCINATION VLADIMIR LENIN\\n\\nW\\n\\nWOMEN WRITING WORLD WAR II WAR WHAT WE'VE BEEN READING WORSHIP WORKING-CLASS\\nWESTERN TRADITION WORK WASHINGTON DC WEDDINGS\\n\\nX\\n\\nXI JINPING\\n\\nY\\n\\nYOUTH YALE YMCA YOM KIPPUR YOUTH MINISTRY YUVAL LEVIN\\n\\nZ\\n\\nZIONISM ZOMBIES ZELENSKY ZWINGLI ZYGMUNT BAUMAN\\n\\n### Filter Web Exclusive Articles\\n\\n### Related Articles\\n\\nChick-fil-A Chickens Out November 21, 2019Catholics and Inclusion Statements\\nFebruary 3, 2020To Parents: Keep Reading Out Loud January 20, 2015A Memo\\nLeaked on White House Christmas Creche! December 11, 2009The Hartford Appeal\\nand the Synod on Synodality October 11, 2023\\n\\nSign up for the First Things newsletter\\n\\nRead all of First Things. Subscribe Today!\\n\\nIncludes one year of print issues & unlimited web access. Subscribe\\n\\nReceive our free newsletter\\n\\nRelevant articles delivered to your inbox every week.\\n\\nWant more articles like this one delivered directly to your inbox?\\n\\nSign up for our email newsletter now!\\n\\n2024 First Things. All rights reserved. View our privacy policy here.\\n\\n212.627.1985 ft@firstthings.com\\n\\nLogin / Sign Up\\n\\nLearn More\\n\\n\", \"frontpage\": false}"}
