{"value":"{\"aid\": \"40230259\", \"title\": \"Unity announces another new CEO: ex-Zynga exec Matthew Bromberg\", \"url\": \"https://venturebeat.com/games/unity-appoints-ex-zynga-exec-matthew-bromberg-as-ceo/\", \"domain\": \"venturebeat.com\", \"votes\": 2, \"user\": \"doomlaser\", \"posted_at\": \"2024-05-01 22:16:07\", \"comments\": 0, \"source_title\": \"Just a moment...\", \"source_text\": \"Just a moment...\\n\\n# venturebeat.com\\n\\n## Verifying you are human. This may take a few seconds.\\n\\nventurebeat.com needs to review the security of your connection before\\nproceeding.\\n\\nVerification successful\\n\\nWaiting for venturebeat.com to respond...\\n\\nRay ID: 87d3d659eb255c14\\n\\nPerformance & security by Cloudflare\\n\\n\", \"frontpage\": false}"}
