{"value":"{\"aid\": \"40231348\", \"title\": \"An Intuitive Look at LLMs\", \"url\": \"https://satisologie.substack.com/p/ways-to-understand-the-operation\", \"domain\": \"satisologie.substack.com\", \"votes\": 1, \"user\": \"sova\", \"posted_at\": \"2024-05-02 00:27:24\", \"comments\": 0, \"source_title\": \"Ways to Understand the Operation of LLMs Intuitively.\", \"source_text\": \"Ways to Understand the Operation of LLMs Intuitively.\\n\\n# Satisologie: Systems//Creativity\\n\\nShare this post\\n\\n#### Ways to Understand the Operation of LLMs Intuitively.\\n\\nsatisologie.substack.com\\n\\n#### Discover more from Satisologie: Systems//Creativity\\n\\nProgramming, Economics, Philosophy, Geopolitics, Tribalism, Supply and Demand,\\nthe Limited and Limitless, Creativity.\\n\\nContinue reading\\n\\nSign in\\n\\n# Ways to Understand the Operation of LLMs Intuitively.\\n\\n### Embeddings -- (Latent) Embedded Space of (Semantic and) Conceptual\\nIslands/Clusters/Geological features and the game of hopskotch that unites\\nthem.\\n\\nv\\u1d27so\\n\\nApr 13, 2024\\n\\nShare this post\\n\\n#### Ways to Understand the Operation of LLMs Intuitively.\\n\\nsatisologie.substack.com\\n\\nShare\\n\\nLarge Language Models are currently all the rage and they are quite helpful in\\ngetting research accomplished. How do they work?\\n\\nTerms are grouped according to their similarity, forming clustered islands of\\nconcepts and semantic comprehensions. These clusters are then situated within\\nan atmosphere, creating what is known as an embedding space.\\n\\nTo unleash and fully utilize the power of the LLM, we engage in a statistical\\ngame of hopscotch, swiftly moving from island-to-island, grouping-to-grouping.\\n\\nSatisologie: Systems//Creativity is a reader-supported publication. To receive\\nnew posts and support my work, consider becoming a free or paid subscriber.\\n\\nIntroduction\\n\\nLarge Language Models (LLMs) like GPT and BERT have revolutionized how\\nmachines understand human language. By breaking down the operation of these\\nmodels into intuitive concepts, we can better appreciate their capabilities\\nand applications.\\n\\n####\\n\\nConceptual Foundations\\n\\nLatent Embeddings as Conceptual Groupings: Latent embeddings simplify the\\ncomplexity of language by grouping similar words or phrases into conceptual\\nclusters. These clusters form conceptual islands in a vast sea of data, making\\nit easier for the model to process and understand language by reducing it to\\nmanageable, related groups.\\n\\nToken Complexity and Conceptual Reasoning: Instead of dealing with the\\noverwhelming variety of individual words (tokens), LLMs manage complexity by\\nfocusing on higher-level concepts. This approach groups tokens that share\\nmeanings, contexts, or functions, thereby creating a simplified conceptual\\nmap.\\n\\n####\\n\\nVisual Metaphors and Analogies\\n\\nIslands of Concepts: Visualize each concept as an island. These islands are\\nnot random; they are formed by the gravitational pull of semantic similarity,\\nwhere closer islands are more closely related in meaning.\\n\\nThe Atmosphere of Embedding Space: The embedding space where these islands\\nexist can be thought of as the atmosphere encompassing them. It's a dynamic,\\nmultidimensional space where each dimension can represent linguistic features\\nlike tense, sentiment, or formality.\\n\\nGeological Features: These islands might have various features\\u2014peaks\\nrepresenting common or core terms, valleys for rarer synonyms, and plateaus\\nfor terms used in similar contexts. Understanding these features helps in\\nnavigating the language model's understanding of text.\\n\\n####\\n\\nConnecting Concepts: The Game of Hopscotch\\n\\nIn this metaphorical landscape, making connections between concepts (islands)\\ninvolves a game of hopscotch. The model 'hops' from one island to another\\nusing links formed by contextual relationships or transitional phrases,\\neffectively traversing the embedding space to generate coherent and\\ncontextually appropriate responses.\\n\\n###\\n\\nConclusion\\n\\nUnderstanding LLMs through these intuitive visual metaphors simplifies their\\ncomplex operations, making it clear how these models manage to interpret and\\ngenerate human-like text. By viewing concepts as islands in an embedding\\nspace, we can appreciate the intricate yet orderly nature of language\\nprocessing in AI.\\n\\nSatisologie: Systems//Creativity is a reader-supported publication. To receive\\nnew posts and support my work, consider becoming a free or paid subscriber.\\n\\nShare this post\\n\\n#### Ways to Understand the Operation of LLMs Intuitively.\\n\\nsatisologie.substack.com\\n\\nShare\\n\\nComments\\n\\nCasinos as a Business Model\\n\\nApplied Satisologie: Casinos, Social Networks, and Insurance Companies.\\n\\nDec 23, 2020 \\u2022\\n\\nv\\u1d27so\\n\\n3\\n\\nShare this post\\n\\n#### Casinos as a Business Model\\n\\nsatisologie.substack.com\\n\\nRocketshipping: Book Excerpts\\n\\nAn Accelerated Guide to Thinking Just Like a Successful Startup\\n\\nDec 20, 2020 \\u2022\\n\\nv\\u1d27so\\n\\n1\\n\\nShare this post\\n\\n#### Rocketshipping: Book Excerpts\\n\\nsatisologie.substack.com\\n\\nLimitation and Unlimitation\\n\\n\\\"The limited and the limitless are negotiated by creativity\\\"\\n\\nMay 1, 2020 \\u2022\\n\\nv\\u1d27so\\n\\nShare this post\\n\\n#### Limitation and Unlimitation\\n\\nsatisologie.substack.com\\n\\nReady for more?\\n\\n\\u00a9 2024 v\\u1d27s\\n\\nPrivacy \\u2219 Terms \\u2219 Collection notice\\n\\nStart WritingGet the app\\n\\nSubstack is the home for great culture\\n\\nShare\\n\\n## Create your profile\\n\\n## Only paid subscribers can comment on this post\\n\\nAlready a paid subscriber? Sign in\\n\\n#### Check your email\\n\\nFor your security, we need to re-authenticate you.\\n\\nClick the link we sent to , or click here to sign in.\\n\\n\", \"frontpage\": false}"}
