{"value":"{\"aid\": \"40230808\", \"title\": \"Mario Andretti Just Got the Feds Involved in the Whole F1 Thing\", \"url\": \"https://www.thedrive.com/news/mario-andretti-just-got-the-feds-involved-in-this-whole-f1-thing\", \"domain\": \"thedrive.com\", \"votes\": 1, \"user\": \"peutetre\", \"posted_at\": \"2024-05-01 23:19:35\", \"comments\": 0, \"source_title\": \"Mario Andretti Just Got the Feds Involved in the Whole F1 Thing\", \"source_text\": \"Mario Andretti Just Got the Feds Involved in the Whole F1 Thing\\n\\n# Mario Andretti Just Got the Feds Involved in the Whole F1 Thing\\n\\nThe former Indy 500 winner and F1 champ took to Capitol Hill to send a clear\\nmessage to Liberty Media: He ain\\u2019t happy.\\n\\nbyJerry Perez| PUBLISHED May 1, 2024 5:15 PM EDT\\n\\nNews\\n\\nGetty\\n\\nShare\\n\\n4\\n\\nJerry PerezView jerry perez's Articles\\n\\nDrivesWGirls\\n\\nDrivesWGirls\\n\\nAs a longtime racing icon, motorsport ambassador, businessman, and all-around\\ncool guy, Mario Andretti is used to giving speeches and talking to crowds.\\nToday was a bit different, however, as the former Indy 500 winner and Formula\\n1 champion took to Capitol Hill to fight the good fight. Which fight? The one\\nagainst Liberty Media, who back in January rejected Andretti's application to\\njoin F1.\\n\\nJoined by Rep. John James (R-Mich.) and other politicians from Michigan and\\nIndiana, Andretti highlighted how Formula 1's owner, Liberty Media, has been\\naggressively developing the sport in the U.S. over the last decade, yet shut\\nthe door to a new American team. He mentioned how F1 now hosts three races in\\nthe States, and how Red Bull even hosted a demo run on Pennsylvania Avenue in\\nD.C. last weekend, making it more than clear that the company and its\\nsubsidiaries want American fans.\\n\\n\\\"I'm here to strengthen our resolve to be in Formula 1. We have done\\neverything that's been asked of us and now it's time for a decision,' said\\nAndretti on Rep. John James' Facebook livestream from Capitol Hill.\\n\\nMario Andretti listens during a news conference alongside Rep. John James\\n(R-MI) and Rep. Victoria Spartz (R-IN) on May 01, 2024 in Washington, D.C.\\nJames hosted Andretti on Capitol Hill to respond to the F1 management denying\\nhis family and General Motors the opportunity to join the global motorsports\\nseries. Anna Moneymaker/Getty Images\\n\\nJames is part of a bipartisan group of lawmakers citing the Sherman Antitrust\\nAct of 1890 and are questioning Liberty Media over Andretti's exclusion from\\nthe world championship. Furthermore, the 12 members of this group sent a\\nletter to Liberty Media Greg Maffei demanding answers.\\n\\n\\\"This venture is bringing the first-ever American-made engine to Formula 1\\u2014a\\nGM-built engine specifically,\\\" said Rep. John James. \\\"This is a big\\nopportunity for Formula 1. If they want access to the American market, a free\\nmarket, then they have to play fair. American autos should have the\\nopportunity to compete against other autos across the world fairly. That's why\\nwe're here: fairness.\\n\\n\\\"F1 just held a race [Ed. note: it was an exhibition] on Pennsylvania Avenue\\nlast weekend\\u2014they wanted America's attention. Well, they have it. We're here\\nto say that America demands its dues. If you want access to our markets, if\\nyou want access to our fans, then you must grant access to our companies, our\\nautomotive workers, to Americans themselves.\\\"\\n\\nWhile Formula 1's decision to deny Andretti access to the sport in 2025 or\\n2026, the jury is still out on 2028. It's known that the series' biggest\\nobjection to an earlier start for Andretti had to do with the lack of a\\ncompetitive engine supplier. It's believed that this issue won't exist in four\\nyears, once GM's own F1 power unit is ready and Andretti can access it.\\n\\n\\u201cWe\\u2019re ready with everything that\\u2019s needed. Give us a green light and let us\\ndo our thing,\\u201d added Andretti. \\u201cOur team, Andretti Global, is part of every\\nmajor racing discipline in the world\\u2014F1 is the one that\\u2019s left. And we want to\\nbe part of that.\\u201d\\n\\nRep. Victoria Spartz (R-IN) and Rep. Greg Pence (R-IN)\\u2014yes, former U.S. Vice\\nPresident Mike Pence's brother\\u2014joined Andretti at the Capitol and spoke about\\nthe importance of fair competition and giving Americans a shot in foreign\\nmarkets.\\n\\n\\u201cThey should ask us\\u2014actually, they should beg us to participate [in Formula\\n1],\\\" said Spartz. \\\"Good ol' boys from Europe who don\\u2019t want competition,\\nthat's what this is. I hope you [Andretti] send the right message. They are\\nafraid of competition and American ingenuity. Competition makes us stronger.\\\"\\n\\nGetty\\n\\nAndretti skillfully added a touch of patriotism to his closing speech, which\\ndidn't wander into other subjects and stuck to the recent facts between the\\nAndretti and Liberty Media interaction. It wasn't the same case for the\\npoliticians present, however, who got a few things wrong during their\\nspeeches\\u2014such as last weekend's F1 \\\"race\\\" on Pennsylvania Avenue\\u2014and hammered\\naway on the same couple of facts they knew about racing.\\n\\nThey also cited Liberty Media's other lawsuits regarding monopolistic\\nbehavior, specifically an ongoing case involving one of its subsidiaries, Live\\nNation. The event ticket giant is being accused of unlawful behavior to\\ncontrol ticket prices, venue capacities, and violating antitrust laws.\\n\\n\\\"Formula 1, in particular, culminated my career representing the U.S.\\nproudly\\u2014I won at least one race on five continents, and the proudest moment\\nfor me was to step on the top step with the American national anthem,\\\" said\\nAndretti. \\\"We want the opportunity to be part of F1 again\\u2014and as far as\\nAmericans are concerned, I was the last American to win an F1 race in 1978 and\\nmy son Michael was the last American podium at the Italian Grand Prix in 1993.\\n\\n\\\"We want to resume that. F1 has become so prominent in the U.S. with three\\nevents and we want to be part of it. We have fantastic partners on our side,\\nwhich obviously are needed to accommodate our dream\\u2014and again, we have all the\\ntools available. All we need is access.\\\"\\n\\nAs of the time of writing, Liberty Media nor Formula 1 have responded to the\\nletter sent by lawmakers. Meanwhile, Andretti Global released the following\\nstatement:\\n\\n''We are grateful to the bipartisan members of Congress for their support in\\nchallenging this anti-competitive behavior. We remain committed to bringing\\nthe first U.S. works team and power unit to F1 and to giving American fans a\\nhome team to root for. It is our hope that this can be resolved swiftly so\\nthat Andretti Cadillac can take its rightfully approved place on the grid in\\n2026. Our work continues at pace.\\\"\\n\\nGot a tip? Email us at tips@thedrive.com\\n\\nF1Racing\\n\\nSign Up For Our Newsletters\\n\\nThe chronicle of car culture, delivered to your inbox.\\n\\nSign Up\\n\\n\\u00a9 2024 Recurrent Ventures. All Rights Reserved.\\n\\nArticles may contain affiliate links which enable us to share in the revenue\\nof any purchases made.\\n\\nSome benefits of our Car Shopping program may not be available in your area.\\nPlease see terms for details.\\n\\n  * Social\\n\\nNewsletter Signup\\n\\n\", \"frontpage\": false}"}
