{"value":"{\"aid\": \"40230949\", \"title\": \"Elon Musk is throwing his weight around Tesla, comes in like a wrecking ball\", \"url\": \"https://electrek.co/2024/05/01/elon-musk-throwing-weight-tesla-wrecking-ball/\", \"domain\": \"electrek.co\", \"votes\": 2, \"user\": \"peutetre\", \"posted_at\": \"2024-05-01 23:36:53\", \"comments\": 0, \"source_title\": \"Elon Musk is throwing his weight around Tesla, comes in like a wrecking ball\", \"source_text\": \"Elon Musk is throwing his weight around Tesla, comes in like a wrecking ball | Electrek\\n\\nSkip to main content\\n\\nGo to the Electrek home page\\n\\n  * Tesla\\n\\n# Elon Musk is throwing his weight around Tesla, comes in like a wrecking ball\\n\\nFred Lambert | May 1 2024 - 8:59 am PT\\n\\n261 Comments\\n\\nWe are getting more information on the ongoing layoffs at Tesla. Several\\nemployees describe the situation as Elon Musk \\u201cthrowing his weight around\\u201d to\\nsolidify his status after being mostly absent over the last year.\\n\\nBut he is coming in like a dangerous wrecking ball.\\n\\nSources familiar with the matter told Electrek that Musk was not as frequently\\npresent at Tesla as he used to be over the last year and since his acquisition\\nof Twitter.\\n\\nThat has changed over the last few weeks.\\n\\nMusk is now all over Tesla or at least, his presence is being felt everywhere\\nat Tesla.\\n\\nIt started with the first wave of layoffs two weeks ago. Musk announced that\\nTesla would be laying off about 10% of its workforce and used his usual excuse\\nof growing the headcount too fast, resulting in hiring inefficiencies with\\nduplicate jobs.\\n\\nHowever, when we first heard about those plans a day prior, we heard that the\\nlayoffs could be closer to 20% of the workforce.\\n\\nSure enough, the layoffs are still ongoing.\\n\\nTesla started another wave of layoffs this week \\u2013 including the entire\\ncharging organization.\\n\\nNow, Electrek has learned that Musk also gutted Tesla\\u2019s cathode material\\nmanufacturing team in Texas.\\n\\nIt started with Anthony Thurston, Senior Manager, Cathode Materials &\\nManufacturing at Tesla, earlier this month, but Electrek has learned that Musk\\nhas now let go of most of the team.\\n\\nSources familiar with the matter describe a difficult situation at Tesla right\\nnow. Uncertainty, confusion, and frustration are the main feelings going\\naround the offices.\\n\\n> What I'm hearing within Tesla right now is uncertainty, confusion, and\\n> frustration.\\n>\\n> Restructuring is never easy, and there's a good argument that Tesla, like\\n> many companies, needs to restructure to face the imminent impact of AI.\\n>\\n> However, there's also the argument that this...\\n>\\n> \\u2014 Fred Lambert (@FredericLambert) April 30, 2024\\n\\nSeveral sources confirmed that there are rumors around Tesla that the vehicle\\nengineering and design departments are next.\\n\\nDuring Tesla\\u2019s earnings call last week, Musk commented a bit more on the\\nlayoffs. This time, he said it was about \\u201creorganizing\\u201d the company:\\n\\n> We\\u2019ve made some corrections along the way. But it is time to reorganize the\\n> company for the next phase of growth and you really need to reorganize it.\\n\\nAnalysts and Tesla fans are trying to understand the logic behind some of\\nthese moves and the firing of almost the entire charging organization, around\\n500 people, has been hard to understand for most people.\\n\\nMusk said that Tesla still plans to grow the Supercharger network but with a\\nfocus on existing stations:\\n\\n> Tesla still plans to grow the Supercharger network, just at a slower pace\\n> for new locations and more focus on 100% uptime and expansion of existing\\n> locations\\n>\\n> \\u2014 Elon Musk (@elonmusk) April 30, 2024\\n\\nWe reported that Tesla has already backed out of leases for new Supercharger\\nstations.\\n\\nSources say that Tesla will have issues continuing to grow the network without\\nthe organization of Rebecca Tinucci, Tesla\\u2019s former head of charging.\\n\\nIn the past, Tesla rehired people it fired after realizing that it couldn\\u2019t\\nget the work done without them.\\n\\nThis is raising questions about the logic behind some of the layoffs and their\\nefficacy.\\n\\nSources familiar with the matter believe that some of the layoffs have nothing\\nto do with hiring inefficiencies or restructuring, but rather with Musk\\nthrowing his weight around Tesla.\\n\\nTwo sources told Electrek that Tinucci was fighting back pressure from Musk to\\nfire a bigger percentage of her team, and the CEO decided to let go of the\\nentire team as an example.\\n\\nMusk wrote in an email to executives on Sunday:\\n\\n> \\u201cHopefully, these actions are making it clear that we need to be absolutely\\n> hard-core about headcount and cost reduction. While some on exec staff are\\n> taking this seriously, most are not yet doing so.\\u201d\\n\\nThe message is clear: fire people as many people as I\\u2019m asking, or you and\\nyour entire team will be gone.\\n\\n## Electrek\\u2019s Take\\n\\nThis is clearly about more than hiring inefficiency and restructuring. Musk is\\ncleaning house. It could be that he has serious concerns about the economy and\\nlack of reversal for Tesla\\u2019s sales in the short term, but he didn\\u2019t go into\\nthat in the earnings call last week.\\n\\nIt could be about more than that. I don\\u2019t know if I completely agree with the\\ntheory that Musk is securing his leadership position at Tesla, but it is a\\nviable theory.\\n\\nAs I previously presented, the vote on his compensation package is turning\\ninto a vote of confidence in the CEO.\\n\\nThese layoffs are useful for him on that front. A lot of the leadership is\\ngone. With every leader leaving, Musk becomes more needed at Tesla. Also, it\\ndoesn\\u2019t hurt that all these leaders are unloading their stocks, which won\\u2019t be\\nvoted against him.\\n\\nHowever, it raises the question: is it actually good for Tesla?\\n\\nThe Supercharger team did something incredible: build the only successful and\\nliked fast-charging network in North America, which is critical to EV\\nadoption.\\n\\nFiring the entire team because the head was pushing back on the number of\\nlayoffs is ridiculous, especially if the plan is still to grow the network.\\nTesla needs to grow the network since it is currently onboarding other\\nautomakers on it. Even if Tesla sees its own sales slowing down, the\\nSupercharger network will need a capacity increase.\\n\\nEveryone I talked to at Tesla says that it is a complete mess. Contractors for\\nmost ongoing Supercharger projects lost their point of contact at Tesla.\\nAgain, many suspect Tesla will try to rehire some of the workers fired.\\n\\nTesla has hiring inefficiencies leading to layoffs and layoffs inefficiencies\\nleading to new hires.\\n\\nIt\\u2019s not a good look.\\n\\n## Top comment by Grant\\n\\nLiked by 43 people\\n\\nI don't know exactly what is going on at Tesla or with Elon right now. But I\\ndo know they are going to lose a ton of dedicated and talented people because\\nof this behavior. And that will hurt Tesla in the long run. It is a shame and\\nis not the way a leader should treat hard working employees or anyone else for\\nthat matter.\\n\\nView all comments\\n\\nThe only way I can get behind Musk on this is if Tesla\\u2019s financials are really\\nin the dumpster. It doesn\\u2019t look that bad right now based on the financial\\nstatements, but it\\u2019s not impossible that Tesla has internal numbers, like\\norders coming in, that look awful.\\n\\nSome of this reminds me of Tesla in 2019. Things were looking pretty good, but\\nTesla launched a huge cost-cutting effort. We later learned that Tesla was on\\nthe verge of bankruptcy because it didn\\u2019t anticipate how costly it would be to\\nlaunch Model 3 in high volume in Europe.\\n\\nThe long transit time put a lot of financial pressure on Tesla, and the cost-\\ncutting effort was intended to compensate for that \\u2013 Musk didn\\u2019t communicate\\nto shareholders until later.\\n\\nMaybe there\\u2019s something similar going on that we don\\u2019t know about, but at the\\nsame time, Tesla is in a completely different situation right now, sitting on\\n$27 billion in cash.\\n\\nAdd Electrek to your Google News feed.\\n\\nFTC: We use income earning auto affiliate links. More.\\n\\nStay up to date with the latest content by subscribing to Electrek on Google\\nNews. You\\u2019re reading Electrek\\u2014 experts who break news about Tesla, electric\\nvehicles, and green energy, day after day. Be sure to check out our homepage\\nfor all the latest news, and follow Electrek on Twitter, Facebook, and\\nLinkedIn to stay in the loop. Don\\u2019t know where to start? Check out our YouTube\\nchannel for the latest reviews.\\n\\n## Featured\\n\\n### from Electrek\\n\\nslide 1 to 3 of 4\\n\\n### Tesla conducting more layoffs, including entire Supercharger team\\n\\nJameson Dow Apr 29 2024\\n\\n### Mercedes-Benz\\u2019s Q1 2024 report shows revenues are down, but its share of\\nEV sales is growing\\n\\nScooter Doll Apr 30 2024\\n\\n### Tesla Megapack to power new massive record-breaking 1.3 GWh battery system\\n\\nFred Lambert Apr 30 2024\\n\\n### Tesla (TSLA) surges on reports China is approving Full Self-Driving\\ndeployment\\n\\nFred Lambert Apr 29 2024\\n\\nSubscribe to Electrek on YouTube for exclusive videos and subscribe to the\\npodcast.\\n\\n## Comments\\n\\n## Guides\\n\\n### Tesla\\n\\nTesla is a transportation and energy company. It...\\n\\n## Author\\n\\nFred Lambert fredericlambert\\n\\nFred is the Editor in Chief and Main Writer at Electrek.\\n\\nYou can send tips on Twitter (DMs open) or via email: fred@9to5mac.com\\n\\nThrough Zalkon.com, you can check out Fred\\u2019s portfolio and get monthly green\\nstock investment ideas.\\n\\n### Fred Lambert's favorite gear\\n\\n#### Zalkon Green Stock Ideas\\n\\nGet interesting investment ideas by Fred Lambert\\n\\n#### ChargePoint Home charger\\n\\nChargePoint Home WiFi Enabled Electric Vehicle (EV) Charger\\n\\nManage push notifications\\n\\nWe would like to show you notifications for the latest news and updates.\\n\\nPlease wait...processing\\n\\nWe would like to show you notifications for the latest news and updates.\\n\\nPlease wait...processing\\n\\n# Electrek asks for your consent to use your personal data to:\\n\\n  * perm_identity\\n\\nPersonalised advertising and content, advertising and content measurement,\\naudience research and services development\\n\\n  * devices\\n\\nStore and/or access information on a device\\n\\n  * How can I change my choice?\\n\\n  * What if I don't consent?\\n\\n  * How does legitimate interest work?\\n\\n  * Do I have to consent to everything?\\n\\nYour personal data will be processed and information from your device\\n(cookies, unique identifiers, and other device data) may be stored by,\\naccessed by and shared with 136 TCF vendor(s) and 62 ad partner(s), or used\\nspecifically by this site or app.\\n\\nSome vendors may process your personal data on the basis of legitimate\\ninterest, which you can object to by managing your options below. Look for a\\nlink at the bottom of this page to manage or withdraw consent in privacy and\\ncookie settings.\\n\\nData preferences\\n\\n# Manage your data\\n\\nYou can choose how your personal data is used. Vendors want your permission to\\ndo the following:\\n\\nTCF vendors\\n\\n## Store and/or access information on a device\\n\\nCookies, device or similar online identifiers (e.g. login-based identifiers,\\nrandomly assigned identifiers, network based identifiers) together with other\\ninformation (e.g. browser type and information, language, screen size,\\nsupported technologies etc.) can be stored or read on your device to recognise\\nit each time it connects to an app or to a website, for one or several of the\\npurposes presented here.\\n\\nView details\\n\\n## Use limited data to select advertising\\n\\nAdvertising presented to you on this service can be based on limited data,\\nsuch as the website or app you are using, your non-precise location, your\\ndevice type or which content you are (or have been) interacting with (for\\nexample, to limit the number of times an ad is presented to you).\\n\\nView details\\n\\n## Create profiles for personalised advertising\\n\\nInformation about your activity on this service (such as forms you submit,\\ncontent you look at) can be stored and combined with other information about\\nyou (for example, information from your previous activity on this service and\\nother websites or apps) or similar users. This is then used to build or\\nimprove a profile about you (that might include possible interests and\\npersonal aspects). Your profile can be used (also later) to present\\nadvertising that appears more relevant based on your possible interests by\\nthis and other entities.\\n\\nView details\\n\\n## Use profiles to select personalised advertising\\n\\nAdvertising presented to you on this service can be based on your advertising\\nprofiles, which can reflect your activity on this service or other websites or\\napps (like the forms you submit, content you look at), possible interests and\\npersonal aspects.\\n\\nView details\\n\\n## Create profiles to personalise content\\n\\nInformation about your activity on this service (for instance, forms you\\nsubmit, non-advertising content you look at) can be stored and combined with\\nother information about you (such as your previous activity on this service or\\nother websites or apps) or similar users. This is then used to build or\\nimprove a profile about you (which might for example include possible\\ninterests and personal aspects). Your profile can be used (also later) to\\npresent content that appears more relevant based on your possible interests,\\nsuch as by adapting the order in which content is shown to you, so that it is\\neven easier for you to find content that matches your interests.\\n\\nView details\\n\\n## Use profiles to select personalised content\\n\\nContent presented to you on this service can be based on your content\\npersonalisation profiles, which can reflect your activity on this or other\\nservices (for instance, the forms you submit, content you look at), possible\\ninterests and personal aspects. This can for example be used to adapt the\\norder in which content is shown to you, so that it is even easier for you to\\nfind (non-advertising) content that matches your interests.\\n\\nView details\\n\\n## Measure advertising performance\\n\\nInformation regarding which advertising is presented to you and how you\\ninteract with it can be used to determine how well an advert has worked for\\nyou or other users and whether the goals of the advertising were reached. For\\ninstance, whether you saw an ad, whether you clicked on it, whether it led you\\nto buy a product or visit a website, etc. This is very helpful to understand\\nthe relevance of advertising campaigns.\\n\\nView details\\n\\n## Measure content performance\\n\\nInformation regarding which content is presented to you and how you interact\\nwith it can be used to determine whether the (non-advertising) content e.g.\\nreached its intended audience and matched your interests. For instance,\\nwhether you read an article, watch a video, listen to a podcast or look at a\\nproduct description, how long you spent on this service and the web pages you\\nvisit etc. This is very helpful to understand the relevance of (non-\\nadvertising) content that is shown to you.\\n\\nView details\\n\\n## Understand audiences through statistics or combinations of data from\\ndifferent sources\\n\\nReports can be generated based on the combination of data sets (like user\\nprofiles, statistics, market research, analytics data) regarding your\\ninteractions and those of other users with advertising or (non-advertising)\\ncontent to identify common characteristics (for instance, to determine which\\ntarget audiences are more receptive to an ad campaign or to certain contents).\\n\\nView details\\n\\n## Develop and improve services\\n\\nInformation about your activity on this service, such as your interaction with\\nads or content, can be very helpful to improve products and services and to\\nbuild new products and services based on user interactions, the type of\\naudience, etc. This specific purpose does not include the development or\\nimprovement of user profiles and identifiers.\\n\\nView details\\n\\n## Use limited data to select content\\n\\nContent presented to you on this service can be based on limited data, such as\\nthe website or app you are using, your non-precise location, your device type,\\nor which content you are (or have been) interacting with (for example, to\\nlimit the number of times a video or an article is presented to you).\\n\\nView details\\n\\n## Ensure security, prevent and detect fraud, and fix errors\\n\\nYour data can be used to monitor for and prevent unusual and possibly\\nfraudulent activity (for example, regarding advertising, ad clicks by bots),\\nand ensure systems and processes work properly and securely. It can also be\\nused to correct any problems you, the publisher or the advertiser may\\nencounter in the delivery of content and ads and in your interaction with\\nthem.\\n\\nView details\\n\\n## Deliver and present advertising and content\\n\\nCertain information (like an IP address or device capabilities) is used to\\nensure the technical compatibility of the content or advertising, and to\\nfacilitate the transmission of the content or ad to your device.\\n\\nView details\\n\\n## Match and combine data from other data sources\\n\\nInformation about your activity on this service may be matched and combined\\nwith other information relating to you and originating from various sources\\n(for instance your activity on a separate online service, your use of a\\nloyalty card in-store, or your answers to a survey), in support of the\\npurposes explained in this notice.\\n\\nView details\\n\\n## Link different devices\\n\\nIn support of the purposes explained in this notice, your device might be\\nconsidered as likely linked to other devices that belong to you or your\\nhousehold (for instance because you are logged in to the same service on both\\nyour phone and your computer, or because you may use the same Internet\\nconnection on both devices).\\n\\nView details\\n\\n## Identify devices based on information transmitted automatically\\n\\nYour device might be distinguished from other devices based on information it\\nautomatically sends when accessing the Internet (for instance, the IP address\\nof your Internet connection or the type of browser you are using) in support\\nof the purposes exposed in this notice.\\n\\nView details\\n\\n## Use precise geolocation data\\n\\nWith your acceptance, your precise location (within a radius of less than 500\\nmetres) may be used in support of the purposes explained in this notice.\\n\\nView details\\n\\nVendor preferences\\n\\n# Confirm our vendors\\n\\nVendors can use your data to provide services. Declining a vendor can stop\\nthem from using the data you shared.\\n\\nTCF vendors\\n\\n## Exponential Interactive, Inc d/b/a VDX.tv\\n\\nCookie duration: 90 (days).\\n\\nData collected and processed: Users\\u2019 profiles, Privacy choices, Probabilistic\\nidentifiers, Browsing and interaction data, Non-precise location data, IP\\naddresses, Device identifiers\\n\\nmore\\n\\nCookie duration resets each session.\\n\\nView details | Storage details | Privacy policylaunch\\n\\n## Roq.ad GmbH\\n\\nCookie duration: 365 (days).\\n\\nData collected and processed: Privacy choices, Probabilistic identifiers,\\nBrowsing and interaction data, Non-precise location data, Authentication-\\nderived identifiers, IP addresses, Precise location data, Device\\ncharacteristics, Device identifiers\\n\\nmore\\n\\nCookie duration resets each session.\\n\\nView details | Storage details | Privacy policylaunch\\n\\n## Index Exchange Inc.\\n\\nCookie duration: 395 (days).\\n\\nData collected and processed: Privacy choices, Non-precise location data, IP\\naddresses, Precise location data, Device characteristics, Device identifiers\\n\\nmore\\n\\nCookie duration resets each session. Uses other forms of storage.\\n\\nView details | Storage details | Privacy policylaunch\\n\\n## Quantcast\\n\\nCookie duration: 396 (days).\\n\\nData collected and processed: User-provided data, Users\\u2019 profiles, Privacy\\nchoices, Probabilistic identifiers, Browsing and interaction data, Non-precise\\nlocation data, Authentication-derived identifiers, IP addresses, Device\\ncharacteristics, Device identifiers\\n\\nmore\\n\\nCookie duration resets each session. Uses other forms of storage.\\n\\nView details | Storage details | Privacy policylaunch\\n\\n## BeeswaxIO Corporation\\n\\nCookie duration: 395 (days).\\n\\nData collected and processed: Privacy choices, Probabilistic identifiers,\\nBrowsing and interaction data, Non-precise location data, IP addresses,\\nPrecise location data, Device characteristics, Device identifiers\\n\\nmore\\n\\nCookie duration resets each session. Uses other forms of storage.\\n\\nView details | Storage details | Privacy policylaunch\\n\\n## Sovrn, Inc.\\n\\nCookie duration: 365 (days).\\n\\nData collected and processed: Users\\u2019 profiles, Privacy choices, Browsing and\\ninteraction data, Non-precise location data, IP addresses, Device\\ncharacteristics\\n\\nmore\\n\\nCookie duration resets each session. Uses other forms of storage.\\n\\nView details | Privacy policylaunch\\n\\n## Adikteev\\n\\nDoesn't use cookies.\\n\\nData collected and processed: Users\\u2019 profiles, Probabilistic identifiers, Non-\\nprecise location data, Authentication-derived identifiers, IP addresses,\\nDevice characteristics, Device identifiers\\n\\nmore\\n\\nUses other forms of storage.\\n\\nView details | Privacy policylaunch\\n\\n## RTB House S.A.\\n\\nCookie duration: 365 (days).\\n\\nData collected and processed: Users\\u2019 profiles, Privacy choices, Browsing and\\ninteraction data, Non-precise location data, IP addresses, Device\\ncharacteristics, Device identifiers\\n\\nmore\\n\\nCookie duration resets each session. Uses other forms of storage.\\n\\nView details | Storage details | Privacy policylaunch\\n\\n## The UK Trade Desk Ltd\\n\\nCookie duration: 3629 (days).\\n\\nData collected and processed: Users\\u2019 profiles, Privacy choices, Probabilistic\\nidentifiers, Browsing and interaction data, Non-precise location data,\\nAuthentication-derived identifiers, IP addresses, Precise location data,\\nDevice characteristics, Device identifiers\\n\\nmore\\n\\nCookie duration resets each session. Uses other forms of storage.\\n\\nView details | Storage details | Privacy policylaunch\\n\\n## admetrics GmbH\\n\\nDoesn't use cookies.\\n\\nData collected and processed: Privacy choices, Browsing and interaction data,\\nIP addresses, Device characteristics\\n\\nmore\\n\\nView details | Privacy policylaunch\\n\\n## Nexxen Inc.\\n\\nCookie duration: 180 (days).\\n\\nData collected and processed: Users\\u2019 profiles, Privacy choices, Probabilistic\\nidentifiers, Browsing and interaction data, Non-precise location data, IP\\naddresses, Device characteristics, Device identifiers\\n\\nmore\\n\\nCookie duration resets each session. Uses other forms of storage.\\n\\nView details | Storage details | Privacy policylaunch\\n\\n## Epsilon\\n\\nCookie duration: 184 (days).\\n\\nData collected and processed: User-provided data, Users\\u2019 profiles, Privacy\\nchoices, Probabilistic identifiers, Browsing and interaction data, Non-precise\\nlocation data, Authentication-derived identifiers, IP addresses, Device\\ncharacteristics, Device identifiers\\n\\nmore\\n\\nCookie duration resets each session. Uses other forms of storage.\\n\\nView details | Privacy policylaunch\\n\\n## Yahoo EMEA Limited\\n\\nCookie duration: 397 (days).\\n\\nData collected and processed: Users\\u2019 profiles, Privacy choices, Probabilistic\\nidentifiers, Browsing and interaction data, Non-precise location data, IP\\naddresses, Precise location data, Device characteristics, Device identifiers\\n\\nmore\\n\\nCookie duration resets each session.\\n\\nView details | Storage details | Privacy policylaunch\\n\\n## ADventori SAS\\n\\nCookie duration: 90 (days).\\n\\nData collected and processed: User-provided data, Probabilistic identifiers,\\nBrowsing and interaction data, Non-precise location data, IP addresses, Device\\nidentifiers\\n\\nmore\\n\\nCookie duration resets each session. Uses other forms of storage.\\n\\nView details | Privacy policylaunch\\n\\n## TripleLift, Inc.\\n\\nCookie duration: 90 (days).\\n\\nData collected and processed: Users\\u2019 profiles, Privacy choices, Browsing and\\ninteraction data, Non-precise location data, Authentication-derived\\nidentifiers, IP addresses, Precise location data, Device characteristics,\\nDevice identifiers\\n\\nmore\\n\\nCookie duration resets each session. Uses other forms of storage.\\n\\nView details | Privacy policylaunch\\n\\n## Xandr, Inc.\\n\\nCookie duration: 90 (days).\\n\\nData collected and processed: Users\\u2019 profiles, Privacy choices, Browsing and\\ninteraction data, Non-precise location data, Authentication-derived\\nidentifiers, IP addresses, Precise location data, Device characteristics,\\nDevice identifiers\\n\\nmore\\n\\nCookie duration resets each session. Uses other forms of storage.\\n\\nView details | Storage details | Privacy policylaunch\\n\\n## NEORY GmbH\\n\\nCookie duration: 90 (days).\\n\\nData collected and processed: User-provided data, Users\\u2019 profiles, Privacy\\nchoices, Probabilistic identifiers, Browsing and interaction data, Non-precise\\nlocation data, Authentication-derived identifiers, IP addresses, Device\\ncharacteristics, Device identifiers\\n\\nmore\\n\\nCookie duration resets each session.\\n\\nView details | Privacy policylaunch\\n\\n## Nexxen Group LLC\\n\\nCookie duration: 365 (days).\\n\\nData collected and processed: Users\\u2019 profiles, Privacy choices, Probabilistic\\nidentifiers, Non-precise location data, IP addresses, Device characteristics,\\nDevice identifiers\\n\\nmore\\n\\nCookie duration resets each session.\\n\\nView details | Privacy policylaunch\\n\\n## NEURAL.ONE\\n\\nCookie duration: 365 (days).\\n\\nData collected and processed: Privacy choices, Probabilistic identifiers,\\nBrowsing and interaction data, Non-precise location data, IP addresses, Device\\ncharacteristics\\n\\nmore\\n\\nCookie duration resets each session. Uses other forms of storage.\\n\\nView details | Storage details | Privacy policylaunch\\n\\n## ADITION (Virtual Minds GmbH)\\n\\nCookie duration: 365 (days).\\n\\nData collected and processed: User-provided data, Users\\u2019 profiles, Privacy\\nchoices, Probabilistic identifiers, Browsing and interaction data, Non-precise\\nlocation data, IP addresses, Precise location data, Device characteristics,\\nDevice identifiers\\n\\nmore\\n\\nCookie duration resets each session.\\n\\nView details | Storage details | Privacy policylaunch\\n\\n## Active Agent (Virtual Minds GmbH)\\n\\nCookie duration: 365 (days).\\n\\nData collected and processed: User-provided data, Users\\u2019 profiles, Privacy\\nchoices, Probabilistic identifiers, Browsing and interaction data, Non-precise\\nlocation data, IP addresses, Precise location data, Device characteristics,\\nDevice identifiers\\n\\nmore\\n\\nCookie duration resets each session.\\n\\nView details | Storage details | Privacy policylaunch\\n\\n## Taboola Europe Limited\\n\\nCookie duration: 366 (days).\\n\\nData collected and processed: Users\\u2019 profiles, Privacy choices, Probabilistic\\nidentifiers, Browsing and interaction data, Non-precise location data, IP\\naddresses, Device characteristics, Device identifiers\\n\\nmore\\n\\nCookie duration resets each session. Uses other forms of storage.\\n\\nView details | Storage details | Privacy policylaunch\\n\\n## Equativ\\n\\nCookie duration: 396 (days).\\n\\nData collected and processed: Users\\u2019 profiles, Privacy choices, Probabilistic\\nidentifiers, Browsing and interaction data, Non-precise location data,\\nAuthentication-derived identifiers, IP addresses, Precise location data,\\nDevice characteristics, Device identifiers\\n\\nmore\\n\\nUses other forms of storage.\\n\\nView details | Storage details | Privacy policylaunch\\n\\n## Adform A/S\\n\\nCookie duration: 3650 (days).\\n\\nData collected and processed: User-provided data, Users\\u2019 profiles, Privacy\\nchoices, Probabilistic identifiers, Browsing and interaction data, Non-precise\\nlocation data, Authentication-derived identifiers, IP addresses, Device\\ncharacteristics, Device identifiers\\n\\nmore\\n\\nCookie duration resets each session.\\n\\nView details | Storage details | Privacy policylaunch\\n\\n## Magnite, Inc.\\n\\nCookie duration: 365 (days).\\n\\nData collected and processed: Privacy choices, Probabilistic identifiers,\\nBrowsing and interaction data, Non-precise location data, IP addresses,\\nPrecise location data, Device characteristics, Device identifiers\\n\\nmore\\n\\nUses other forms of storage.\\n\\nView details | Storage details | Privacy policylaunch\\n\\n## RATEGAIN ADARA INC\\n\\nCookie duration: 730 (days).\\n\\nData collected and processed: User-provided data, Users\\u2019 profiles, Privacy\\nchoices, Browsing and interaction data, Non-precise location data,\\nAuthentication-derived identifiers, IP addresses, Device characteristics,\\nDevice identifiers\\n\\nmore\\n\\nView details | Storage details | Privacy policylaunch\\n\\n## Sift Media, Inc\\n\\nDoesn't use cookies.\\n\\nData collected and processed: Non-precise location data, IP addresses, Precise\\nlocation data, Device characteristics, Device identifiers\\n\\nmore\\n\\nView details | Privacy policylaunch\\n\\n## Rakuten Marketing LLC\\n\\nCookie duration: 730 (days).\\n\\nData collected and processed: User-provided data, Users\\u2019 profiles, Privacy\\nchoices, Probabilistic identifiers, Browsing and interaction data, Non-precise\\nlocation data, Authentication-derived identifiers, IP addresses, Device\\ncharacteristics, Device identifiers\\n\\nmore\\n\\nCookie duration resets each session. Uses other forms of storage.\\n\\nView details | Privacy policylaunch\\n\\n## Lumen Research Limited\\n\\nDoesn't use cookies.\\n\\nData collected and processed: Browsing and interaction data, Non-precise\\nlocation data, IP addresses, Device characteristics\\n\\nmore\\n\\nView details | Privacy policylaunch\\n\\n## Amazon Ad Server\\n\\nCookie duration: 396 (days).\\n\\nData collected and processed: Users\\u2019 profiles, Privacy choices, Browsing and\\ninteraction data, Non-precise location data, Authentication-derived\\nidentifiers, IP addresses, Device characteristics, Device identifiers\\n\\nmore\\n\\nCookie duration resets each session. Uses other forms of storage.\\n\\nView details | Storage details | Privacy policylaunch\\n\\n## OpenX\\n\\nCookie duration: 365 (days).\\n\\nData collected and processed: Privacy choices, Browsing and interaction data,\\nNon-precise location data, IP addresses, Device characteristics, Device\\nidentifiers\\n\\nmore\\n\\nCookie duration resets each session.\\n\\nView details | Storage details | Privacy policylaunch\\n\\n## Yieldlab (Virtual Minds GmbH)\\n\\nCookie duration: 365 (days).\\n\\nData collected and processed: User-provided data, Users\\u2019 profiles, Privacy\\nchoices, Browsing and interaction data, Non-precise location data, IP\\naddresses, Precise location data, Device characteristics, Device identifiers\\n\\nmore\\n\\nCookie duration resets each session.\\n\\nView details | Storage details | Privacy policylaunch\\n\\n## Roku Advertising Services\\n\\nCookie duration: 396 (days).\\n\\nData collected and processed: User-provided data, Users\\u2019 profiles, Privacy\\nchoices, Probabilistic identifiers, Browsing and interaction data, Non-precise\\nlocation data, Authentication-derived identifiers, IP addresses, Precise\\nlocation data, Device characteristics, Device identifiers\\n\\nmore\\n\\nCookie duration resets each session. Uses other forms of storage.\\n\\nView details | Storage details | Privacy policylaunch\\n\\n## Nano Interactive Group Ltd.\\n\\nDoesn't use cookies.\\n\\nData collected and processed: Browsing and interaction data, Non-precise\\nlocation data, Device characteristics\\n\\nmore\\n\\nView details | Privacy policylaunch\\n\\n## Simplifi Holdings LLC\\n\\nCookie duration: 366 (days).\\n\\nData collected and processed: IP addresses, Precise location data, Device\\nidentifiers\\n\\nmore\\n\\nUses other forms of storage.\\n\\nView details | Privacy policylaunch\\n\\n## PubMatic, Inc\\n\\nCookie duration: 365 (days).\\n\\nData collected and processed: User-provided data, Users\\u2019 profiles, Privacy\\nchoices, Probabilistic identifiers, Browsing and interaction data, Non-precise\\nlocation data, Authentication-derived identifiers, IP addresses, Precise\\nlocation data, Device characteristics, Device identifiers\\n\\nmore\\n\\nUses other forms of storage.\\n\\nView details | Storage details | Privacy policylaunch\\n\\n## Comscore B.V.\\n\\nCookie duration: 720 (days).\\n\\nData collected and processed: User-provided data, Privacy choices,\\nProbabilistic identifiers, Browsing and interaction data, Authentication-\\nderived identifiers, IP addresses, Device characteristics, Device identifiers\\n\\nmore\\n\\nCookie duration resets each session. Uses other forms of storage.\\n\\nView details | Privacy policylaunch\\n\\n## Flashtalking\\n\\nCookie duration: 730 (days).\\n\\nData collected and processed: Users\\u2019 profiles, Privacy choices, Probabilistic\\nidentifiers, Browsing and interaction data, Non-precise location data,\\nAuthentication-derived identifiers, IP addresses, Device characteristics,\\nDevice identifiers\\n\\nmore\\n\\nView details | Privacy policylaunch\\n\\n## PulsePoint, Inc.\\n\\nCookie duration: 365 (days).\\n\\nData collected and processed: IP addresses, Device characteristics, Device\\nidentifiers\\n\\nmore\\n\\nCookie duration resets each session. Uses other forms of storage.\\n\\nView details | Privacy policylaunch\\n\\n## Smaato, Inc.\\n\\nCookie duration: 21 (days).\\n\\nData collected and processed: User-provided data, Users\\u2019 profiles, Privacy\\nchoices, Browsing and interaction data, Non-precise location data,\\nAuthentication-derived identifiers, IP addresses, Precise location data,\\nDevice characteristics, Device identifiers\\n\\nmore\\n\\nCookie duration resets each session. Uses other forms of storage.\\n\\nView details | Storage details | Privacy policylaunch\\n\\n## Semasio GmbH\\n\\nCookie duration: 366 (days).\\n\\nData collected and processed: Privacy choices, Browsing and interaction data,\\nIP addresses, Device identifiers\\n\\nmore\\n\\nCookie duration resets each session.\\n\\nView details | Storage details | Privacy policylaunch\\n\\n## Crimtan Holdings Limited\\n\\nCookie duration: 365 (days).\\n\\nData collected and processed: User-provided data, Users\\u2019 profiles, Privacy\\nchoices, Probabilistic identifiers, Browsing and interaction data, Non-precise\\nlocation data, Authentication-derived identifiers, IP addresses, Precise\\nlocation data, Device characteristics, Device identifiers\\n\\nmore\\n\\nCookie duration resets each session.\\n\\nView details | Privacy policylaunch\\n\\n## Genius Sports UK Limited\\n\\nCookie duration: 365 (days).\\n\\nData collected and processed: Users\\u2019 profiles, Privacy choices, Probabilistic\\nidentifiers, Browsing and interaction data, Non-precise location data,\\nAuthentication-derived identifiers, IP addresses, Device characteristics,\\nDevice identifiers\\n\\nmore\\n\\nCookie duration resets each session.\\n\\nView details | Storage details | Privacy policylaunch\\n\\n## Criteo SA\\n\\nCookie duration: 390 (days).\\n\\nData collected and processed: Users\\u2019 profiles, Privacy choices, Probabilistic\\nidentifiers, Browsing and interaction data, Non-precise location data,\\nAuthentication-derived identifiers, IP addresses, Device characteristics,\\nDevice identifiers\\n\\nmore\\n\\nUses other forms of storage.\\n\\nView details | Storage details | Privacy policylaunch\\n\\n## Adloox SA\\n\\nDoesn't use cookies.\\n\\nData collected and processed: Probabilistic identifiers, Browsing and\\ninteraction data, Non-precise location data, IP addresses, Device\\ncharacteristics, Device identifiers\\n\\nmore\\n\\nUses other forms of storage.\\n\\nView details | Privacy policylaunch\\n\\n## Blis Global Limited\\n\\nCookie duration: 400 (days).\\n\\nData collected and processed: User-provided data, Users\\u2019 profiles, Privacy\\nchoices, Probabilistic identifiers, Browsing and interaction data, Non-precise\\nlocation data, Authentication-derived identifiers, IP addresses, Precise\\nlocation data, Device characteristics, Device identifiers\\n\\nmore\\n\\nCookie duration resets each session. Uses other forms of storage.\\n\\nView details | Storage details | Privacy policylaunch\\n\\n## Lotame Solutions, Inc\\n\\nCookie duration: 274 (days).\\n\\nData collected and processed: User-provided data, Users\\u2019 profiles, Privacy\\nchoices, Probabilistic identifiers, Browsing and interaction data,\\nAuthentication-derived identifiers, IP addresses, Device characteristics,\\nDevice identifiers\\n\\nmore\\n\\nCookie duration resets each session. Uses other forms of storage.\\n\\nView details | Privacy policylaunch\\n\\n## LiveRamp\\n\\nCookie duration: 365 (days).\\n\\nData collected and processed: Privacy choices, Browsing and interaction data,\\nNon-precise location data, Authentication-derived identifiers, IP addresses,\\nDevice characteristics, Device identifiers\\n\\nmore\\n\\nCookie duration resets each session. Uses other forms of storage.\\n\\nView details | Storage details | Privacy policylaunch\\n\\n## GroupM UK Limited\\n\\nCookie duration: 395 (days).\\n\\nData collected and processed: Privacy choices, Probabilistic identifiers,\\nBrowsing and interaction data, Non-precise location data, Authentication-\\nderived identifiers, IP addresses, Precise location data, Device\\ncharacteristics, Device identifiers\\n\\nmore\\n\\nCookie duration resets each session.\\n\\nView details | Storage details | Privacy policylaunch\\n\\n## LoopMe Limited\\n\\nCookie duration: 90 (days).\\n\\nData collected and processed: User-provided data, Users\\u2019 profiles, Privacy\\nchoices, Probabilistic identifiers, Browsing and interaction data, Non-precise\\nlocation data, IP addresses, Precise location data, Device characteristics,\\nDevice identifiers\\n\\nmore\\n\\nCookie duration resets each session. Uses other forms of storage.\\n\\nView details | Storage details | Privacy policylaunch\\n\\n## Dynata LLC\\n\\nCookie duration: 365 (days).\\n\\nData collected and processed: User-provided data, Users\\u2019 profiles, Privacy\\nchoices, Browsing and interaction data, Non-precise location data,\\nAuthentication-derived identifiers, IP addresses, Device characteristics,\\nDevice identifiers\\n\\nmore\\n\\nCookie duration resets each session.\\n\\nView details | Storage details | Privacy policylaunch\\n\\n## Ask Locala\\n\\nDoesn't use cookies.\\n\\nData collected and processed: Privacy choices, Non-precise location data, IP\\naddresses, Precise location data, Device characteristics, Device identifiers\\n\\nmore\\n\\nUses other forms of storage.\\n\\nView details | Privacy policylaunch\\n\\n## Azira\\n\\nDoesn't use cookies.\\n\\nData collected and processed: Users\\u2019 profiles, Privacy choices, Browsing and\\ninteraction data, Non-precise location data, IP addresses, Precise location\\ndata, Device characteristics, Device identifiers\\n\\nmore\\n\\nUses other forms of storage.\\n\\nView details | Privacy policylaunch\\n\\n## DoubleVerify Inc.\\n\\nDoesn't use cookies.\\n\\nData collected and processed: Privacy choices, Probabilistic identifiers,\\nBrowsing and interaction data, Non-precise location data, IP addresses, Device\\ncharacteristics\\n\\nmore\\n\\nView details | Privacy policylaunch\\n\\n## BIDSWITCH GmbH\\n\\nCookie duration: 365 (days).\\n\\nData collected and processed: Privacy choices, Probabilistic identifiers,\\nBrowsing and interaction data, Non-precise location data, Authentication-\\nderived identifiers, IP addresses, Precise location data, Device\\ncharacteristics, Device identifiers\\n\\nmore\\n\\nCookie duration resets each session. Uses other forms of storage.\\n\\nView details | Storage details | Privacy policylaunch\\n\\n## IPONWEB GmbH\\n\\nCookie duration: 365 (days).\\n\\nData collected and processed: User-provided data, Privacy choices, Browsing\\nand interaction data, Non-precise location data, Authentication-derived\\nidentifiers, IP addresses, Device characteristics, Device identifiers\\n\\nmore\\n\\nCookie duration resets each session. Uses other forms of storage.\\n\\nView details | Storage details | Privacy policylaunch\\n\\n## NextRoll, Inc.\\n\\nCookie duration: 183 (days).\\n\\nData collected and processed: User-provided data, Users\\u2019 profiles, Privacy\\nchoices, Browsing and interaction data, Non-precise location data, IP\\naddresses, Device characteristics, Device identifiers\\n\\nmore\\n\\nCookie duration resets each session.\\n\\nView details | Privacy policylaunch\\n\\n## Teads France SAS\\n\\nCookie duration: 365 (days).\\n\\nData collected and processed: Users\\u2019 profiles, Privacy choices, Probabilistic\\nidentifiers, Browsing and interaction data, Non-precise location data, IP\\naddresses, Device characteristics, Device identifiers\\n\\nmore\\n\\nUses other forms of storage.\\n\\nView details | Storage details | Privacy policylaunch\\n\\n## Str\\u00f6er SSP GmbH (SSP)\\n\\nCookie duration: 365 (days).\\n\\nData collected and processed: Users\\u2019 profiles, Privacy choices, Probabilistic\\nidentifiers, Browsing and interaction data, Non-precise location data, IP\\naddresses, Device characteristics, Device identifiers\\n\\nmore\\n\\nUses other forms of storage.\\n\\nView details | Storage details | Privacy policylaunch\\n\\n## OS Data Solutions GmbH &amp; Co. KG\\n\\nCookie duration: 90 (days).\\n\\nData collected and processed: User-provided data, Users\\u2019 profiles, Privacy\\nchoices, Probabilistic identifiers, Browsing and interaction data, Non-precise\\nlocation data, IP addresses, Device characteristics, Device identifiers\\n\\nmore\\n\\nUses other forms of storage.\\n\\nView details | Storage details | Privacy policylaunch\\n\\n## Permodo GmbH\\n\\nDoesn't use cookies.\\n\\nData collected and processed: Users\\u2019 profiles, Privacy choices, Browsing and\\ninteraction data, Non-precise location data, IP addresses, Device\\ncharacteristics, Device identifiers\\n\\nmore\\n\\nUses other forms of storage.\\n\\nView details | Privacy policylaunch\\n\\n## Platform161 B.V.\\n\\nCookie duration: 396 (days).\\n\\nData collected and processed: Users\\u2019 profiles, Privacy choices, Probabilistic\\nidentifiers, Browsing and interaction data, Non-precise location data, IP\\naddresses, Precise location data, Device characteristics, Device identifiers\\n\\nmore\\n\\nCookie duration resets each session. Uses other forms of storage.\\n\\nView details | Storage details | Privacy policylaunch\\n\\n## Adacado Technologies Inc. (DBA Adacado)\\n\\nCookie duration: 365 (days).\\n\\nData collected and processed: Privacy choices, Browsing and interaction data,\\nNon-precise location data, IP addresses\\n\\nmore\\n\\nCookie duration resets each session.\\n\\nView details | Storage details | Privacy policylaunch\\n\\n## Basis Global Technologies, Inc.\\n\\nCookie duration: 365 (days).\\n\\nData collected and processed: Users\\u2019 profiles, Privacy choices, Browsing and\\ninteraction data, Non-precise location data, Authentication-derived\\nidentifiers, IP addresses, Precise location data, Device characteristics,\\nDevice identifiers\\n\\nmore\\n\\nCookie duration resets each session.\\n\\nView details | Privacy policylaunch\\n\\n## SMADEX, S.L.U.\\n\\nCookie duration: 365 (days).\\n\\nData collected and processed: User-provided data, Users\\u2019 profiles, Privacy\\nchoices, Probabilistic identifiers, Non-precise location data, IP addresses,\\nDevice characteristics, Device identifiers\\n\\nmore\\n\\nCookie duration resets each session.\\n\\nView details | Storage details | Privacy policylaunch\\n\\n## Bombora Inc.\\n\\nCookie duration: 365 (days).\\n\\nData collected and processed: Users\\u2019 profiles, Browsing and interaction data,\\nNon-precise location data, Authentication-derived identifiers, IP addresses,\\nDevice characteristics, Device identifiers\\n\\nmore\\n\\nCookie duration resets each session. Uses other forms of storage.\\n\\nView details | Storage details | Privacy policylaunch\\n\\n## EASYmedia GmbH\\n\\nCookie duration: 365 (days).\\n\\nData collected and processed: Users\\u2019 profiles, Privacy choices, Probabilistic\\nidentifiers, Browsing and interaction data, Non-precise location data, IP\\naddresses, Precise location data, Device characteristics, Device identifiers\\n\\nmore\\n\\nCookie duration resets each session.\\n\\nView details | Storage details | Privacy policylaunch\\n\\n## Remerge GmbH\\n\\nDoesn't use cookies.\\n\\nData collected and processed: Browsing and interaction data, Non-precise\\nlocation data, IP addresses, Device characteristics, Device identifiers\\n\\nmore\\n\\nUses other forms of storage.\\n\\nView details | Privacy policylaunch\\n\\n## advanced store GmbH\\n\\nCookie duration: 365 (days).\\n\\nData collected and processed: Device identifiers\\n\\nmore\\n\\nCookie duration resets each session. Uses other forms of storage.\\n\\nView details | Storage details | Privacy policylaunch\\n\\n## Magnite CTV, Inc.\\n\\nCookie duration: 366 (days).\\n\\nData collected and processed: Privacy choices, Probabilistic identifiers,\\nBrowsing and interaction data, Non-precise location data, IP addresses,\\nPrecise location data, Device characteristics, Device identifiers\\n\\nmore\\n\\nView details | Storage details | Privacy policylaunch\\n\\n## Delta Projects AB\\n\\nCookie duration: 365 (days).\\n\\nData collected and processed: User-provided data, Users\\u2019 profiles, Privacy\\nchoices, Probabilistic identifiers, Browsing and interaction data, Non-precise\\nlocation data, Authentication-derived identifiers, IP addresses, Precise\\nlocation data, Device characteristics, Device identifiers\\n\\nmore\\n\\nView details | Storage details | Privacy policylaunch\\n\\n## usemax advertisement (Emego GmbH)\\n\\nCookie duration: 365 (days).\\n\\nData collected and processed: Users\\u2019 profiles\\n\\nmore\\n\\nCookie duration resets each session.\\n\\nView details | Storage details | Privacy policylaunch\\n\\n## emetriq GmbH\\n\\nCookie duration: 365 (days).\\n\\nData collected and processed: User-provided data, Users\\u2019 profiles, Privacy\\nchoices, Probabilistic identifiers, Browsing and interaction data, Non-precise\\nlocation data, Authentication-derived identifiers, IP addresses, Device\\ncharacteristics, Device identifiers\\n\\nmore\\n\\nCookie duration resets each session. Uses other forms of storage.\\n\\nView details | Storage details | Privacy policylaunch\\n\\n## Publicis Media GmbH\\n\\nCookie duration: 1825 (days).\\n\\nData collected and processed: User-provided data, Users\\u2019 profiles, Privacy\\nchoices, Probabilistic identifiers, Browsing and interaction data, Non-precise\\nlocation data, Authentication-derived identifiers, IP addresses, Device\\ncharacteristics, Device identifiers\\n\\nmore\\n\\nCookie duration resets each session. Uses other forms of storage.\\n\\nView details | Privacy policylaunch\\n\\n## M.D. Primis Technologies Ltd.\\n\\nCookie duration: 25 (days).\\n\\nData collected and processed: User-provided data, Privacy choices,\\nProbabilistic identifiers, Browsing and interaction data, Non-precise location\\ndata, IP addresses, Device characteristics, Device identifiers\\n\\nmore\\n\\nView details | Storage details | Privacy policylaunch\\n\\n## OneTag Limited\\n\\nCookie duration: 396 (days).\\n\\nData collected and processed: Privacy choices, Browsing and interaction data,\\nNon-precise location data, IP addresses, Device characteristics, Device\\nidentifiers\\n\\nmore\\n\\nCookie duration resets each session. Uses other forms of storage.\\n\\nView details | Storage details | Privacy policylaunch\\n\\n## Cloud Technologies S.A.\\n\\nCookie duration: 365 (days).\\n\\nData collected and processed: Users\\u2019 profiles, Privacy choices, Browsing and\\ninteraction data, Non-precise location data, Authentication-derived\\nidentifiers, IP addresses, Device characteristics, Device identifiers\\n\\nmore\\n\\nCookie duration resets each session.\\n\\nView details | Privacy policylaunch\\n\\n## Smartology Limited\\n\\nDoesn't use cookies.\\n\\nData collected and processed: IP addresses\\n\\nmore\\n\\nUses other forms of storage.\\n\\nView details | Privacy policylaunch\\n\\n## Improve Digital\\n\\nCookie duration: 90 (days).\\n\\nData collected and processed: User-provided data, Users\\u2019 profiles, Privacy\\nchoices, Probabilistic identifiers, Browsing and interaction data, Non-precise\\nlocation data, Authentication-derived identifiers, IP addresses, Precise\\nlocation data, Device characteristics, Device identifiers\\n\\nmore\\n\\nCookie duration resets each session.\\n\\nView details | Storage details | Privacy policylaunch\\n\\n## Adobe Advertising Cloud\\n\\nCookie duration: 365 (days).\\n\\nData collected and processed: Privacy choices, Authentication-derived\\nidentifiers, IP addresses, Device identifiers\\n\\nmore\\n\\nView details | Storage details | Privacy policylaunch\\n\\n## Bannerflow AB\\n\\nCookie duration: 366 (days).\\n\\nData collected and processed: Privacy choices, Non-precise location data, IP\\naddresses, Device characteristics\\n\\nmore\\n\\nView details | Storage details | Privacy policylaunch\\n\\n## TabMo SAS\\n\\nDoesn't use cookies.\\n\\nData collected and processed: User-provided data, Users\\u2019 profiles, Privacy\\nchoices, Probabilistic identifiers, Browsing and interaction data, Non-precise\\nlocation data, IP addresses, Precise location data, Device characteristics,\\nDevice identifiers\\n\\nmore\\n\\nUses other forms of storage.\\n\\nView details | Privacy policylaunch\\n\\n## Integral Ad Science (incorporating ADmantX)\\n\\nDoesn't use cookies.\\n\\nData collected and processed: Privacy choices, Browsing and interaction data,\\nNon-precise location data, IP addresses, Device characteristics\\n\\nmore\\n\\nView details | Privacy policylaunch\\n\\n## Wizaly\\n\\nCookie duration: 365 (days).\\n\\nData collected and processed: Privacy choices, Browsing and interaction data,\\nNon-precise location data, Authentication-derived identifiers, IP addresses,\\nDevice characteristics\\n\\nmore\\n\\nCookie duration resets each session. Uses other forms of storage.\\n\\nView details | Storage details | Privacy policylaunch\\n\\n## Weborama\\n\\nCookie duration: 393 (days).\\n\\nData collected and processed: User-provided data, Users\\u2019 profiles, Privacy\\nchoices, Probabilistic identifiers, Browsing and interaction data, Non-precise\\nlocation data, Authentication-derived identifiers, IP addresses, Device\\ncharacteristics, Device identifiers\\n\\nmore\\n\\nUses other forms of storage.\\n\\nView details | Storage details | Privacy policylaunch\\n\\n## Jivox Corporation\\n\\nCookie duration: 30 (days).\\n\\nData collected and processed: Users\\u2019 profiles, Privacy choices, Browsing and\\ninteraction data, Non-precise location data, IP addresses, Precise location\\ndata, Device identifiers\\n\\nmore\\n\\nCookie duration resets each session.\\n\\nView details | Storage details | Privacy policylaunch\\n\\n## Sage&#43;Archer BV\\n\\nDoesn't use cookies.\\n\\nData collected and processed: Non-precise location data\\n\\nmore\\n\\nView details | Privacy policylaunch\\n\\n## On Device Research Limited\\n\\nCookie duration: 30 (days).\\n\\nData collected and processed: User-provided data, Browsing and interaction\\ndata, Non-precise location data, IP addresses, Precise location data, Device\\ncharacteristics, Device identifiers\\n\\nmore\\n\\nView details | Storage details | Privacy policylaunch\\n\\n## Rockabox Media Ltd\\n\\nDoesn't use cookies.\\n\\nData collected and processed: Browsing and interaction data, Non-precise\\nlocation data, IP addresses, Device characteristics\\n\\nmore\\n\\nView details | Storage details | Privacy policylaunch\\n\\n## Exactag GmbH\\n\\nCookie duration: 180 (days).\\n\\nData collected and processed: Privacy choices, Browsing and interaction data,\\nAuthentication-derived identifiers, IP addresses, Device characteristics,\\nDevice identifiers\\n\\nmore\\n\\nCookie duration resets each session.\\n\\nView details | Storage details | Privacy policylaunch\\n\\n## Celtra Inc.\\n\\nDoesn't use cookies.\\n\\nData collected and processed: IP addresses, Precise location data, Device\\ncharacteristics, Device identifiers\\n\\nmore\\n\\nUses other forms of storage.\\n\\nView details | Storage details | Privacy policylaunch\\n\\n## mainADV Srl\\n\\nCookie duration: 30 (days).\\n\\nData collected and processed: User-provided data, Privacy choices, Browsing\\nand interaction data, Non-precise location data, IP addresses, Device\\ncharacteristics, Device identifiers\\n\\nmore\\n\\nUses other forms of storage.\\n\\nView details | Privacy policylaunch\\n\\n## Gemius SA\\n\\nCookie duration: 1825 (days).\\n\\nData collected and processed: Users\\u2019 profiles, Privacy choices, Browsing and\\ninteraction data, Device characteristics, Device identifiers\\n\\nmore\\n\\nCookie duration resets each session. Uses other forms of storage.\\n\\nView details | Storage details | Privacy policylaunch\\n\\n## The Kantar Group Limited\\n\\nCookie duration: 914 (days).\\n\\nData collected and processed: Privacy choices, Browsing and interaction data,\\nNon-precise location data, IP addresses, Device characteristics, Device\\nidentifiers\\n\\nmore\\n\\nCookie duration resets each session. Uses other forms of storage.\\n\\nView details | Privacy policylaunch\\n\\n## Nielsen Media Research Ltd.\\n\\nCookie duration: 120 (days).\\n\\nData collected and processed: Privacy choices, Browsing and interaction data,\\nIP addresses, Device characteristics, Device identifiers\\n\\nmore\\n\\nCookie duration resets each session. Uses other forms of storage.\\n\\nView details | Storage details | Privacy policylaunch\\n\\n## Solocal SA\\n\\nCookie duration: 396 (days).\\n\\nData collected and processed: User-provided data, Users\\u2019 profiles, Privacy\\nchoices, Browsing and interaction data, Non-precise location data, IP\\naddresses, Precise location data, Device characteristics, Device identifiers\\n\\nmore\\n\\nCookie duration resets each session. Uses other forms of storage.\\n\\nView details | Storage details | Privacy policylaunch\\n\\n## Pixalate, Inc.\\n\\nDoesn't use cookies.\\n\\nData collected and processed: Browsing and interaction data, Non-precise\\nlocation data, IP addresses, Device characteristics, Device identifiers\\n\\nmore\\n\\nView details | Storage details | Privacy policylaunch\\n\\n## Oracle Advertising\\n\\nCookie duration: 180 (days).\\n\\nData collected and processed: User-provided data, Users\\u2019 profiles, Privacy\\nchoices, Browsing and interaction data, Non-precise location data,\\nAuthentication-derived identifiers, IP addresses, Device characteristics,\\nDevice identifiers\\n\\nmore\\n\\nUses other forms of storage.\\n\\nView details | Storage details | Privacy policylaunch\\n\\n## Numberly\\n\\nCookie duration: 180 (days).\\n\\nData collected and processed: User-provided data, Users\\u2019 profiles, Privacy\\nchoices, Browsing and interaction data, Non-precise location data,\\nAuthentication-derived identifiers, IP addresses, Device characteristics,\\nDevice identifiers\\n\\nmore\\n\\nCookie duration resets each session.\\n\\nView details | Storage details | Privacy policylaunch\\n\\n## AudienceProject A/S\\n\\nCookie duration: 365 (days).\\n\\nData collected and processed: User-provided data, Users\\u2019 profiles, Privacy\\nchoices, Probabilistic identifiers, Browsing and interaction data, Non-precise\\nlocation data, Authentication-derived identifiers, IP addresses, Device\\ncharacteristics, Device identifiers\\n\\nmore\\n\\nCookie duration resets each session. Uses other forms of storage.\\n\\nView details | Storage details | Privacy policylaunch\\n\\n## Demandbase, Inc.\\n\\nCookie duration: 730 (days).\\n\\nData collected and processed: User-provided data, Users\\u2019 profiles, Privacy\\nchoices, Probabilistic identifiers, Browsing and interaction data, Non-precise\\nlocation data, IP addresses, Precise location data, Device characteristics,\\nDevice identifiers\\n\\nmore\\n\\nCookie duration resets each session. Uses other forms of storage.\\n\\nView details | Storage details | Privacy policylaunch\\n\\n## Effiliation / Effinity\\n\\nCookie duration: 30 (days).\\n\\nData collected and processed: Device characteristics\\n\\nmore\\n\\nCookie duration resets each session.\\n\\nView details | Storage details | Privacy policylaunch\\n\\n## Arrivalist Co.\\n\\nCookie duration: 365 (days).\\n\\nData collected and processed: Non-precise location data, IP addresses\\n\\nmore\\n\\nCookie duration resets each session.\\n\\nView details | Storage details | Privacy policylaunch\\n\\n## Seenthis AB\\n\\nDoesn't use cookies.\\n\\nData collected and processed: IP addresses, Device characteristics\\n\\nmore\\n\\nView details | Privacy policylaunch\\n\\n## Commanders Act\\n\\nCookie duration: 365 (days).\\n\\nData collected and processed: IP addresses, Device identifiers\\n\\nmore\\n\\nView details | Storage details | Privacy policylaunch\\n\\n## travel audience GmbH\\n\\nCookie duration: 397 (days).\\n\\nData collected and processed: Users\\u2019 profiles, Probabilistic identifiers,\\nBrowsing and interaction data, Non-precise location data, Authentication-\\nderived identifiers, IP addresses, Precise location data, Device\\ncharacteristics, Device identifiers\\n\\nmore\\n\\nCookie duration resets each session. Uses other forms of storage.\\n\\nView details | Privacy policylaunch\\n\\n## HUMAN\\n\\nDoesn't use cookies.\\n\\nData collected and processed: Probabilistic identifiers, Non-precise location\\ndata, IP addresses, Device characteristics, Device identifiers\\n\\nmore\\n\\nView details | Privacy policylaunch\\n\\n## Adludio Ltd.\\n\\nDoesn't use cookies.\\n\\nData collected and processed: Device characteristics\\n\\nmore\\n\\nView details | Privacy policylaunch\\n\\n## Blendee srl\\n\\nCookie duration: 366 (days).\\n\\nData collected and processed: User-provided data, Users\\u2019 profiles, Privacy\\nchoices, Browsing and interaction data, Non-precise location data,\\nAuthentication-derived identifiers, IP addresses, Device characteristics,\\nDevice identifiers\\n\\nmore\\n\\nCookie duration resets each session. Uses other forms of storage.\\n\\nView details | Storage details | Privacy policylaunch\\n\\n## Innovid LLC\\n\\nCookie duration: 90 (days).\\n\\nData collected and processed: Privacy choices, Browsing and interaction data,\\nNon-precise location data, IP addresses, Device characteristics, Device\\nidentifiers\\n\\nmore\\n\\nCookie duration resets each session.\\n\\nView details | Storage details | Privacy policylaunch\\n\\n## Papirfly AS\\n\\nDoesn't use cookies.\\n\\nData collected and processed: Device characteristics\\n\\nmore\\n\\nView details | Privacy policylaunch\\n\\n## Neustar, Inc., a TransUnion company\\n\\nCookie duration: 365 (days).\\n\\nData collected and processed: User-provided data, Users\\u2019 profiles, Privacy\\nchoices, Probabilistic identifiers, Browsing and interaction data, Non-precise\\nlocation data, Authentication-derived identifiers, IP addresses, Device\\ncharacteristics, Device identifiers\\n\\nmore\\n\\nCookie duration resets each session. Uses other forms of storage.\\n\\nView details | Privacy policylaunch\\n\\n## Verve Group Europe GmbH\\n\\nDoesn't use cookies.\\n\\nData collected and processed: User-provided data, Users\\u2019 profiles, Privacy\\nchoices, Browsing and interaction data, Non-precise location data,\\nAuthentication-derived identifiers, IP addresses, Precise location data,\\nDevice characteristics, Device identifiers\\n\\nmore\\n\\nUses other forms of storage.\\n\\nView details | Privacy policylaunch\\n\\n## Otto (GmbH &amp; Co KG)\\n\\nCookie duration: 365 (days).\\n\\nData collected and processed: User-provided data, Users\\u2019 profiles, Privacy\\nchoices, Browsing and interaction data, IP addresses, Device identifiers\\n\\nmore\\n\\nCookie duration resets each session. Uses other forms of storage.\\n\\nView details | Storage details | Privacy policylaunch\\n\\n## Adobe Audience Manager, Adobe Experience Platform\\n\\nCookie duration: 180 (days).\\n\\nData collected and processed: User-provided data, Users\\u2019 profiles, Privacy\\nchoices, Probabilistic identifiers, Browsing and interaction data, Non-precise\\nlocation data, Authentication-derived identifiers, IP addresses, Precise\\nlocation data, Device characteristics, Device identifiers\\n\\nmore\\n\\nCookie duration resets each session.\\n\\nView details | Storage details | Privacy policylaunch\\n\\n## Localsensor B.V.\\n\\nDoesn't use cookies.\\n\\nData collected and processed: Privacy choices, Non-precise location data, IP\\naddresses, Precise location data, Device characteristics, Device identifiers\\n\\nmore\\n\\nUses other forms of storage.\\n\\nView details | Privacy policylaunch\\n\\n## Online Solution\\n\\nCookie duration: 365 (days).\\n\\nData collected and processed: User-provided data, Users\\u2019 profiles, Privacy\\nchoices, Probabilistic identifiers, Browsing and interaction data, Non-precise\\nlocation data, IP addresses, Precise location data, Device characteristics,\\nDevice identifiers\\n\\nmore\\n\\nCookie duration resets each session. Uses other forms of storage.\\n\\nView details | Privacy policylaunch\\n\\n## Relay42 Netherlands B.V.\\n\\nCookie duration: 730 (days).\\n\\nData collected and processed: User-provided data, Users\\u2019 profiles, Privacy\\nchoices, Probabilistic identifiers, Browsing and interaction data, IP\\naddresses, Device characteristics, Device identifiers\\n\\nmore\\n\\nView details | Storage details | Privacy policylaunch\\n\\n## GP One GmbH\\n\\nCookie duration: Uses session cookies.\\n\\nData collected and processed: User-provided data, Privacy choices, Browsing\\nand interaction data, Non-precise location data, IP addresses, Device\\ncharacteristics\\n\\nmore\\n\\nUses other forms of storage.\\n\\nView details | Storage details | Privacy policylaunch\\n\\n## The MediaGrid Inc.\\n\\nCookie duration: 365 (days).\\n\\nData collected and processed: Privacy choices, Probabilistic identifiers,\\nBrowsing and interaction data, Non-precise location data, IP addresses,\\nPrecise location data, Device characteristics, Device identifiers\\n\\nmore\\n\\nCookie duration resets each session. Uses other forms of storage.\\n\\nView details | Storage details | Privacy policylaunch\\n\\n## MindTake Research GmbH\\n\\nCookie duration: 180 (days).\\n\\nData collected and processed: Users\\u2019 profiles, Probabilistic identifiers,\\nBrowsing and interaction data, IP addresses, Device characteristics, Device\\nidentifiers\\n\\nmore\\n\\nUses other forms of storage.\\n\\nView details | Privacy policylaunch\\n\\n## Cint AB\\n\\nCookie duration: 730 (days).\\n\\nData collected and processed: Privacy choices, Browsing and interaction data,\\nIP addresses, Device characteristics, Device identifiers\\n\\nmore\\n\\nUses other forms of storage.\\n\\nView details | Privacy policylaunch\\n\\n## Google Advertising Products\\n\\nCookie duration: 396 (days).\\n\\nData collected and processed: User-provided data, Users\\u2019 profiles, Privacy\\nchoices, Browsing and interaction data, Non-precise location data,\\nAuthentication-derived identifiers, IP addresses, Device characteristics,\\nDevice identifiers\\n\\nmore\\n\\nUses other forms of storage.\\n\\nView details | Privacy policylaunch\\n\\n## GfK GmbH\\n\\nCookie duration: 730 (days).\\n\\nData collected and processed: User-provided data, Users\\u2019 profiles, Privacy\\nchoices, Browsing and interaction data, Non-precise location data,\\nAuthentication-derived identifiers, IP addresses, Device characteristics,\\nDevice identifiers\\n\\nmore\\n\\nUses other forms of storage.\\n\\nView details | Storage details | Privacy policylaunch\\n\\n## RevJet\\n\\nCookie duration: 730 (days).\\n\\nData collected and processed: Users\\u2019 profiles, Privacy choices, Non-precise\\nlocation data, IP addresses, Device identifiers\\n\\nmore\\n\\nCookie duration resets each session.\\n\\nView details | Storage details | Privacy policylaunch\\n\\n## Protected Media LTD\\n\\nDoesn't use cookies.\\n\\nData collected and processed: Probabilistic identifiers, Browsing and\\ninteraction data, IP addresses, Device characteristics, Device identifiers\\n\\nmore\\n\\nView details | Privacy policylaunch\\n\\n## Clinch Labs LTD\\n\\nCookie duration: 730 (days).\\n\\nData collected and processed: Users\\u2019 profiles, Privacy choices, Probabilistic\\nidentifiers, Browsing and interaction data, Non-precise location data, IP\\naddresses, Device characteristics, Device identifiers\\n\\nmore\\n\\nCookie duration resets each session.\\n\\nView details | Storage details | Privacy policylaunch\\n\\n## Oracle Data Cloud - Moat\\n\\nDoesn't use cookies.\\n\\nData collected and processed: Non-precise location data, IP addresses\\n\\nmore\\n\\nView details | Privacy policylaunch\\n\\n## Hearts and Science M\\u00fcnchen GmbH\\n\\nCookie duration: 60 (days).\\n\\nData collected and processed: IP addresses\\n\\nmore\\n\\nCookie duration resets each session.\\n\\nView details | Privacy policylaunch\\n\\n## Amazon Advertising\\n\\nCookie duration: 396 (days).\\n\\nData collected and processed: Users\\u2019 profiles, Privacy choices, Browsing and\\ninteraction data, Non-precise location data, Authentication-derived\\nidentifiers, IP addresses, Device characteristics, Device identifiers\\n\\nmore\\n\\nCookie duration resets each session. Uses other forms of storage.\\n\\nView details | Storage details | Privacy policylaunch\\n\\n## Moloco, Inc.\\n\\nCookie duration: 730 (days).\\n\\nData collected and processed: Non-precise location data, IP addresses, Device\\ncharacteristics, Device identifiers\\n\\nmore\\n\\nCookie duration resets each session. Uses other forms of storage.\\n\\nView details | Privacy policylaunch\\n\\n## Adtriba GmbH\\n\\nCookie duration: 730 (days).\\n\\nData collected and processed: Privacy choices, Browsing and interaction data,\\nNon-precise location data, Authentication-derived identifiers, IP addresses,\\nDevice characteristics, Device identifiers\\n\\nmore\\n\\nCookie duration resets each session.\\n\\nView details | Storage details | Privacy policylaunch\\n\\n## Objective Partners BV\\n\\nCookie duration: 90 (days).\\n\\nData collected and processed: Device identifiers\\n\\nmore\\n\\nCookie duration resets each session.\\n\\nView details | Storage details | Privacy policylaunch\\n\\n## Ensighten\\n\\nCookie duration: 1825 (days).\\n\\nData collected and processed: Privacy choices, Browsing and interaction data,\\nIP addresses, Device characteristics, Device identifiers\\n\\nmore\\n\\nCookie duration resets each session.\\n\\nView details | Storage details | Privacy policylaunch\\n\\n## eBay Inc\\n\\nCookie duration: 90 (days).\\n\\nData collected and processed: Privacy choices, IP addresses, Device\\ncharacteristics\\n\\nmore\\n\\nView details | Storage details | Privacy policylaunch\\n\\n## Hurra Communications GmbH\\n\\nCookie duration: 366 (days).\\n\\nData collected and processed: Probabilistic identifiers, Browsing and\\ninteraction data, Non-precise location data, Authentication-derived\\nidentifiers, IP addresses, Precise location data, Device characteristics,\\nDevice identifiers\\n\\nmore\\n\\nCookie duration resets each session.\\n\\nView details | Storage details | Privacy policylaunch\\n\\nAd partners\\n\\n## gskinner\\n\\nPrivacy policylaunch\\n\\n## Akamai\\n\\nPrivacy policylaunch\\n\\n## Meta\\n\\nPrivacy policylaunch\\n\\n## Aunica\\n\\nPrivacy policylaunch\\n\\n## Booking.com\\n\\nPrivacy policylaunch\\n\\n## C3 Metrics\\n\\nPrivacy policylaunch\\n\\n## IBM\\n\\nPrivacy policylaunch\\n\\n## Evidon\\n\\nPrivacy policylaunch\\n\\n## CUBED\\n\\nPrivacy policylaunch\\n\\n## Optomaton\\n\\nPrivacy policylaunch\\n\\n## intelliAd\\n\\nPrivacy policylaunch\\n\\n## Analights\\n\\nPrivacy policylaunch\\n\\n## Dstillery\\n\\nPrivacy policylaunch\\n\\n## MediaMath\\n\\nPrivacy policylaunch\\n\\n## ZMS\\n\\nPrivacy policylaunch\\n\\n## Dentsu Aegis Network\\n\\nPrivacy policylaunch\\n\\n## Omnicom Media Group\\n\\nPrivacy policylaunch\\n\\n## Digiseg\\n\\nPrivacy policylaunch\\n\\n## Resonate\\n\\nPrivacy policylaunch\\n\\n## Sojern\\n\\nPrivacy policylaunch\\n\\n## Haensel AMS\\n\\nPrivacy policylaunch\\n\\n## BDSK Handels GmbH & Co. KG\\n\\nPrivacy policylaunch\\n\\n## Tradedoubler AB\\n\\nPrivacy policylaunch\\n\\n## TrustArc\\n\\nPrivacy policylaunch\\n\\n## TruEffect\\n\\nPrivacy policylaunch\\n\\n## Marketing Science Consulting Group, Inc.\\n\\nPrivacy policylaunch\\n\\n## DENTSU\\n\\nPrivacy policylaunch\\n\\n## Kobler\\n\\nPrivacy policylaunch\\n\\n## Travel Data Collective\\n\\nPrivacy policylaunch\\n\\n## advolution.control\\n\\nPrivacy policylaunch\\n\\n## Widespace\\n\\nPrivacy policylaunch\\n\\n## LifeStreet\\n\\nPrivacy policylaunch\\n\\n## Vimeo\\n\\nPrivacy policylaunch\\n\\n## AdMaxim\\n\\nPrivacy policylaunch\\n\\n## Batch Media\\n\\nPrivacy policylaunch\\n\\n## Vodafone GmbH\\n\\nPrivacy policylaunch\\n\\n## Magnite\\n\\nPrivacy policylaunch\\n\\n## Scenestealer\\n\\nPrivacy policylaunch\\n\\n## Netquest\\n\\nPrivacy policylaunch\\n\\n## Manage.com\\n\\nPrivacy policylaunch\\n\\n## Cloudflare\\n\\nPrivacy policylaunch\\n\\n## Salesforce DMP\\n\\nPrivacy policylaunch\\n\\n## Netflix\\n\\nPrivacy policylaunch\\n\\n## Macromill group\\n\\nPrivacy policylaunch\\n\\n## ebuilders\\n\\nPrivacy policylaunch\\n\\n## AppLovin Corp.\\n\\nPrivacy policylaunch\\n\\n## Fractional Media\\n\\nPrivacy policylaunch\\n\\n## Rackspace\\n\\nPrivacy policylaunch\\n\\n## Liftoff\\n\\nPrivacy policylaunch\\n\\n## MSI-ACI\\n\\nPrivacy policylaunch\\n\\n## Navegg\\n\\nPrivacy policylaunch\\n\\n## Admedo\\n\\nPrivacy policylaunch\\n\\n## Kochava\\n\\nPrivacy policylaunch\\n\\n## Mobitrans\\n\\nPrivacy policylaunch\\n\\n## ADEX\\n\\nPrivacy policylaunch\\n\\n## Impact\\n\\nPrivacy policylaunch\\n\\n## Spotad\\n\\nPrivacy policylaunch\\n\\n## Aarki\\n\\nPrivacy policylaunch\\n\\n## SFR\\n\\nPrivacy policylaunch\\n\\n## Cablato\\n\\nPrivacy policylaunch\\n\\n## Waystack\\n\\nPrivacy policylaunch\\n\\n## TreSensa\\n\\nPrivacy policylaunch\\n\\n\", \"frontpage\": false}"}
