{"value":"{\"aid\": \"40229425\", \"title\": \"Tesla Laid Off Its 500-Person Supercharger Team Overnight\", \"url\": \"https://www.entrepreneur.com/business-news/tesla-laid-off-its-500-person-supercharger-team-overnight/\", \"domain\": \"entrepreneur.com\", \"votes\": 1, \"user\": \"MilnerRoute\", \"posted_at\": \"2024-05-01 21:06:54\", \"comments\": 0, \"source_title\": \"404 | Not Found\", \"source_text\": \"404 | Not Found\\n\\n404 Error\\n\\n# This page does not exist.\\n\\nThe page you are looking for could not be found.\\n\\nBack to Home Contact Support\\n\\nTerms of Use Privacy Policy Cookies Policy Accessibility Statement Contact\\nSupport\\n\\nCopyright \\u00a9 2024 Entrepreneur Media, LLC All rights reserved. Entrepreneur\\u00ae\\nand its related marks are registered trademarks of Entrepreneur Media LLC\\n\\n\", \"frontpage\": false}"}
