{"value":"{\"aid\": \"40231010\", \"title\": \"Meteorologists awed by rare type of tornado (anti-cyclonic)\", \"url\": \"https://www.cnn.com/2024/05/01/weather/oklahoma-tornado-rare-climate/index.html\", \"domain\": \"cnn.com\", \"votes\": 11, \"user\": \"lsllc\", \"posted_at\": \"2024-05-01 23:44:23\", \"comments\": 0, \"source_title\": \"edition.cnn.com\", \"source_text\": \"edition.cnn.com\\n\\n# This edition.cnn.com page can\\u2019t be found\\n\\nNo webpage was found for the web address:\\nhttps://edition.cnn.com/2024/05/01/weather/oklahoma-tornado-rare-\\nclimate/index.html\\n\\nHTTP ERROR 404\\n\\nnull\\n\\nNo webpage was found for the web address:\\nhttps://edition.cnn.com/2024/05/01/weather/oklahoma-tornado-rare-\\nclimate/index.html\\n\\n\", \"frontpage\": true}"}
