{"value":"{\"aid\": \"40231658\", \"title\": \"What is the prevalence of bad social science?\", \"url\": \"https://statmodeling.stat.columbia.edu/2024/04/06/what-is-the-prevalence-of-bad-social-science/\", \"domain\": \"columbia.edu\", \"votes\": 2, \"user\": \"paulpauper\", \"posted_at\": \"2024-05-02 01:09:58\", \"comments\": 0, \"source_title\": \"Just a moment...\", \"source_text\": \"Just a moment...\\n\\n# statmodeling.stat.columbia.edu\\n\\n## Verifying you are human. This may take a few seconds.\\n\\nstatmodeling.stat.columbia.edu needs to review the security of your connection\\nbefore proceeding.\\n\\nVerification successful\\n\\nWaiting for statmodeling.stat.columbia.edu to respond...\\n\\nRay ID: 87d492332c455c3e\\n\\nPerformance & security by Cloudflare\\n\\n\", \"frontpage\": false}"}
