{"value":"{\"aid\": \"40228703\", \"title\": \"A billionaire dinner party points to a political realignment in Silicon Valley\", \"url\": \"https://puck.news/elon-musk-david-sacks-host-anti-biden-dinner-party/\", \"domain\": \"puck.news\", \"votes\": 4, \"user\": \"anigbrowl\", \"posted_at\": \"2024-05-01 20:09:38\", \"comments\": 3, \"source_title\": \"Guess Who\\u2019s Coming to Elon\\u2019s Dinner\", \"source_text\": \"Elon Musk, David Sacks Host Anti-Biden Dinner Party - Puck\\n\\nGet 1 free article\\n\\nAlready a member? Log In\\n\\n# Guess Who\\u2019s Coming to Elon\\u2019s Dinner\\n\\nA secret billionaire dinner party in Hollywood, convened by Elon Musk and\\nDavid Sacks, presages a major political realignment as Silicon Valley money\\nturns against Biden and begins flowing to Donald Trump.\\n\\nThe get-together is the latest evidence of Elon Musk\\u2019s growing power beyond\\nSilicon Valley, as he\\u2019s evolved from political hobbyist to media owner and\\nconservative icon. Photo: Dimitrios Kambouris/Getty Images for The Met\\nMuseum/Vogue\\n\\nTheodore Schleifer\\n\\nApril 30, 2024\\n\\nSHARE\\n\\nOn a brisk Friday evening earlier this month, David Sacks and Elon Musk\\nconvened a dozen or so of America\\u2019s most powerful business leaders for dinner\\nat Sacks\\u2019 $23 million, 11,000-square-foot home in the Hollywood Hills. The\\ndinner party, according to people familiar with the intimate gathering,\\ncomprised a veritable living room Milken conference: Michael Milken himself\\nwas there, in fact, as were billionaires Rupert Murdoch and Peter Thiel. A few\\ngovernment types, including Steven Mnuchin, scored invites. There were also\\nsome less politically active titans of industry, such as Uber co-founder and\\nformer C.E.O. Travis Kalanick. But all were there as members of a burgeoning\\nanti-Biden brain trust, united by a shared sense of grievance.\\n\\nThe get-together, which hasn\\u2019t been previously reported, is the latest\\nevidence of Musk\\u2019s growing power beyond Silicon Valley, as he\\u2019s evolved from\\npolitical hobbyist to media owner and conservative icon. As I wrote last week,\\nMusk has told associates that he\\u2019s interested in formalizing his running\\npolitical commentary on Twitter/X into an official endorsement of some\\nsort\\u2014either a statement against President Biden, or even something supporting\\nDonald Trump. He has been encouraged to go deeper into politics this cycle by\\nhis friends Joe Lonsdale, the venture capitalist, and Steve Wynn, the casino\\nmagnate and Trump emissary. Both in public and in private, Musk has expressed\\nfeeling deeply unnerved by America\\u2019s migrant crisis\\u2014a fear that has driven his\\nrush into Republican politics\\u2014and the issue was a key topic of discussion at\\nthe dinner. (Spokespeople for Musk, Sacks, and the other attendees either\\ndeclined to comment or didn\\u2019t respond.)\\n\\nTheodore Schleifer \\u2022 April 23, 2024\\n\\n###### \\u2018All-In\\u2019 for Trump\\n\\nBaratunde Thurston \\u2022 April 21, 2024\\n\\n###### The D.E.I. Blame Game\\n\\nTheodore Schleifer \\u2022 April 16, 2024\\n\\n###### The Shanahan Persuasion Campaign\\n\\n##### Try Puck for free\\n\\nSign up today to join the inside conversation at the nexus of Wall Street,\\nWashington, Silicon Valley, Hollywood, and more.\\n\\nAlready a member? Log In\\n\\n  * Daily articles and breaking news\\n  * Personal emails directly from our authors\\n  * Premium podcast content\\n  * Gift subscriber-only stories to friends & family\\n  * Unlimited access to archives\\n  * Bookmark articles to create a Reading List\\n\\n  * Off the record conference calls with authors and staff\\n  * Invites to exclusive in-person events\\n  * Early access to new editorial and product features\\n  * Exclusive access to Puck merch\\n\\nExclusive to Inner Circle only\\n\\n### Latest Articles from Silicon Valley\\n\\nEriq Gardner \\u2022 April 15, 2024\\n\\n###### Billionaire Boies Club\\n\\nThe plaintiffs who sued Google aren\\u2019t receiving a penny, but the law firms who\\nrepresented them are looking at a historic billion-dollar bonanza over the\\ncompany\\u2019s \\u201cincognito\\u201d mode scandal. David Boies, one of the lead attorneys,\\nsays more 10-figure paydays are coming.\\n\\nTheodore Schleifer \\u2022 April 9, 2024\\n\\n###### Tim Scott\\u2019s V.P. Edge & Trump\\u2019s Big Money Push\\n\\nNews and murmurs from the Mar-a-Lago money circuit: Larry Ellison\\u2019s\\ninvolvement in the Trump veepstakes, John Paulson\\u2019s billionaire donor bash,\\nand the anti-Biden progressive group trying to get serious.\\n\\nBaratunde Thurston \\u2022 April 7, 2024\\n\\n###### Altered Carbon\\n\\nAn urgent dispatch from the 35th annual Bioneers conference, where the\\nscientific community underscored a series of novel, and deceptively simple,\\nframeworks for reorienting our societies to address our carbon problem.\\n\\nTheodore Schleifer \\u2022 April 2, 2024\\n\\n###### Barbarians at the Gates\\n\\nThe hottest commodity in the world of megadonors is Rory Gates, the spotlight-\\naverse, socially awkward 24-year-old scion of Bill and Melinda\\u2014an overnight\\nsensation among Democratic donor-hustlers desperate for the next big thing.\\n\\nEriq Gardner \\u2022 April 1, 2024\\n\\n###### S.B.F.\\u2019s Appeal Chances & The New Crypto Frontiers\\n\\nNews and notes on the quarter-century sentencing heard round the world, plus\\nthe legal and regulatory jiu-jitsu of a new breed of finance frontiersmen.\\n\\nTheodore Schleifer \\u2022 March 26, 2024\\n\\n###### Nicole in Wonderland\\n\\nJust a few years ago, Nicole Shanahan was being courted by everyone in Silicon\\nValley as the next great hope for the Democratic Party. Then her life went\\ntopsy-turvy, and she fell down the rabbit hole for R.F.K., Jr.\\n\\nBaratunde Thurston \\u2022 March 24, 2024\\n\\n###### How to Survive the \\u201924 Info Wars\\n\\nAn illuminating and often terrifying conversation with Jiore Craig, a\\nmisinformation specialist, about the unexpected ramifications of a TikTok ban,\\nhow bad actors prey on anxious populations, and how we can protect ourselves\\nfrom manipulation.\\n\\n##### Get access to this story\\n\\nEnter your email for a free preview of Puck\\u2019s full offering, including\\nexclusive articles, private emails from authors, and more.\\n\\nVerify your email and sign in by clicking the link we just sent.\\n\\nAlready a member? Log In\\n\\nStart 14 Day Free Trial for Unlimited Access Instead \\u2192\\n\\n### Latest Articles from Silicon Valley\\n\\nTheodore Schleifer \\u2022 March 19, 2024\\n\\n###### DustinBucks\\n\\nThe Facebook co-founder and effective altruist Dustin Moskovitz spent up to\\n$100 million to defeat Donald Trump last cycle. This time around, with an eye\\non beating back the Andreessens and Musks of the world, he is finally leaning\\ninto his power... and his checkbook.\\n\\nTheodore Schleifer \\u2022 March 6, 2024\\n\\n###### The Rise and Fall of Jack and Bobby\\n\\nThe bizarre and totally unsurprising story of how Jack Dorsey\\u2019s advocacy for\\nRobert F. Kennedy Jr. unnerved some members of the Block board.\\n\\nEriq Gardner \\u2022 March 5, 2024\\n\\n###### S.B.F.\\u2019s Sentencing Game Theory\\n\\nBankman-Fried\\u2019s lawyers appear to be setting the stage to appeal his\\nsentence\\u2014and potentially redefine the definition of fraud, itself.\\n\\nEriq Gardner \\u2022 March 4, 2024\\n\\n###### Bezos\\u2019s \\u201cSuperstar\\u201d Nightmare & Ari\\u2019s Legal Headaches\\n\\nThe surreal legal drama around how Musk\\u2019s $55 billion clawback could ricochet\\nonto Jeff Bezos in their aerospace rivalry. Plus, notes on Ari Emanuel\\u2019s\\nongoing headaches with Vince McMahon.\\n\\nTheodore Schleifer \\u2022 February 22, 2024\\n\\n###### Marc Andreessen Eats Washington\\n\\nAfter a long political \\u201cspirit walk,\\u201d Silicon Valley\\u2019s most famous V.C. is\\nstarting PACs, hiring elite political consultants, messaging with his favorite\\nright-wingers and once again spreading capital across D.C.\\u2014all to pump up his\\ninvestments and spread the gospel of Marc.\\n\\nTheodore Schleifer \\u2022 February 13, 2024\\n\\n###### The Biden Donor Dilemma\\n\\nAs the president heads to the West Coast to raise money on the heels of the\\nHur Report, the big-money crowd is asking existential questions and finding\\nfamiliar answers. Plus: the inside story of why the R.F.K. super PAC refunded\\n$10 million to Bezos\\u2019 security guy.\\n\\nBaratunde Thurston \\u2022 February 12, 2024\\n\\n###### Do or D.E.I.\\n\\nAn inside look at a revolution in retreat: when and where our collective\\nattention faded, the corporations and well-meaning practitioners who dropped\\nthe ball, and how we can still change the culture.\\n\\nYou have 1 free article Left\\n\\nTo read this full story and more, start your 14 day free trial today \\u2192\\n\\nAlready a member? Log In\\n\\n\\u00a9 2024 Heat Media All rights reserved.\\n\\n##### Become a member\\n\\nAll of the insider knowledge from our top tier authors, in your inbox.\\n\\n###### Create an account\\n\\nAlready a member? Log In\\n\\n# Verify your email!\\n\\nYou should receive a link to log in at .\\n\\nI DID NOT RECEIVE A LINK\\n\\nDidn't get an email? Check your spam folder and confirm the spelling of your\\nemail, and try again. If you continue to have trouble, reach out to\\nfritz@puck.news.\\n\\n###### Log In\\n\\nNot a member yet? Sign up today\\n\\n###### Verify Account\\n\\n# Verify your email!\\n\\nYou should receive a link to log in at .\\n\\nI DID NOT RECEIVE A LINK\\n\\nDidn't get an email? Check your spam folder and confirm the spelling of your\\nemail, and try again. If you continue to have trouble, reach out to\\nfritz@puck.news.\\n\\nMember Exclusive\\n\\n###### Try Puck for free\\n\\n  * Daily articles and breaking news\\n  * Personal emails directly from our authors\\n  * Premium podcast content\\n\\n##### Welcome to Puck!\\n\\nYou are logged into a free account as unknown@example.com\\n\\nAlready a member? Log in with your paid account\\n\\n##### Directly Supporting Authors\\n\\nA new economic model in which writers are also partners in the business.\\n\\n##### Personalized Subscriptions\\n\\nCustomize your settings to receive the newsletters you want from the authors\\nyou follow.\\n\\n##### Stay in the Know\\n\\nConnect directly with Puck talent through email and exclusive events.\\n\\n##### Free article unlocked!\\n\\nYou are logged into a free account as unknown@example.com\\n\\nENJOY 1 FREE ARTICLE EACH MONTH\\n\\nSubscribe today to join the inside conversation at the nexus of Wall Street,\\nWashington, Silicon Valley, Hollywood, and more.\\n\\n  * Daily articles and breaking news\\n  * Personal emails directly from our authors\\n  * Premium podcast content\\n  * Gift subscriber-only stories to friends & family\\n  * Unlimited access to archives\\n  * Bookmark articles to create a Reading List\\n\\n\", \"frontpage\": true}"}
