{"value":"{\"aid\": \"40231582\", \"title\": \"Who's afraid of East Asian management culture?\", \"url\": \"https://www.noahpinion.blog/p/whos-afraid-of-east-asian-management\", \"domain\": \"noahpinion.blog\", \"votes\": 11, \"user\": \"paulpauper\", \"posted_at\": \"2024-05-02 01:00:39\", \"comments\": 0, \"source_title\": \"Who's afraid of East Asian management culture?\", \"source_text\": \"Who's afraid of East Asian management culture?\\n\\n# Noahpinion\\n\\nShare this post\\n\\n#### Who's afraid of East Asian management culture?\\n\\nwww.noahpinion.blog\\n\\n#### Discover more from Noahpinion\\n\\nEconomics and other interesting stuff\\n\\nOver 202,000 subscribers\\n\\nContinue reading\\n\\nSign in\\n\\n# Who's afraid of East Asian management culture?\\n\\n### TSMC's difficulties in Arizona aren't due to the mystical superiority of\\nConfucian values.\\n\\nNoah Smith\\n\\nMay 02, 2024\\n\\n59\\n\\nShare this post\\n\\n#### Who's afraid of East Asian management culture?\\n\\nwww.noahpinion.blog\\n\\n21\\n\\nShare\\n\\nSource: Honda Alabama\\n\\nViola Zhou has written an excellent investigative report into the culture\\nclashes and growing pains at the TSMC factory in Phoenix, Arizona. Before I\\ndive in, however, I should note that in my opinion, the headline that the\\nmagazine gave to this article was not very representative of what\\u2019s actually\\ngoing on. The headline is \\u201cTSMC\\u2019s debacle in the American desert,\\u201d but the\\nplant so far does not look like a debacle.\\n\\nThe TSMC fab was originally scheduled to begin production in mid 2024. Most\\nsources \\u2014 including Zhou\\u2019s article \\u2014 say that date has been delayed until\\n2025. But some recent reports say that the factory is now ahead of that\\nschedule, and will start production in late 2024:\\n\\n> Now, according to a report from the Chinese news outlet money.udn, TSMC is\\n> expecting to begin pilot production operations by mid-April, with the\\n> preparations for mass production to be completed by the end of the year. It\\n> is unclear whether both fabs or just the 4nm facility are now due to be in\\n> production ahead of schedule.\\n\\nIt\\u2019s possible that TSMC was simply sandbagging in order to make sure they got\\ntheir CHIPS Act money; the more positive reports came out shortly after the\\nexpected subsidy was awarded. It\\u2019s still not quite clear which dates are\\ncorrect, and the company itself may not know. But it\\u2019s helpful to remember\\nthat there was a huge amount of hubbub about a dispute between TSMC and\\nArizona construction unions back in mid-2023, and that a few months later a\\nsettlement was reached and the dispute evaporated.\\n\\nSo while declaring TSMC\\u2019s Arizona project a \\u201cdebacle\\u201d might get a lot of\\nattention from people who are ideologically invested in either the failure or\\nthe success of U.S. industrial policy, there\\u2019s a very high chance that this\\nheadline turns out in retrospect to be panicky and premature.\\n\\nThat having been said, however, the actual reporting in the article is\\nexcellent. There are numerous anecdotes that illustrate the clash in workplace\\nculture and management style between TSMC and the American workforce. Here are\\njust a few excerpts:\\n\\n> The American engineers complained of rigid, counterproductive hierarchies at\\n> the company; Taiwanese TSMC veterans described their American counterparts\\n> as lacking the kind of dedication and obedience they believe to be the\\n> foundation of their company\\u2019s world-leading success...\\u201c[The company] tried\\n> to make Arizona Taiwanese,\\u201d [said] G. Dan Hutcheson, a semiconductor\\n> industry analyst...\\n>\\n> TSMC insiders told Rest of World the key to the company\\u2019s success is an\\n> intense, military-style work environment. Engineers work 12-hour days, and\\n> sometimes weekends too. Taiwanese commentators joke that the company runs on\\n> engineers with \\u201cslave mentalities\\u201d who \\u201csell their livers\\u201d \\u2014 local slang\\n> that underscores the intensity of the work...TSMC\\u2019s work culture is\\n> notoriously rigorous, even by Taiwanese standards. Former executives have\\n> hailed the Confucian culture, which promotes diligence and respect for\\n> authority, as well as Taiwan\\u2019s strict work ethic as key to the company\\u2019s\\n> success...\\n>\\n> Managers shamed American workers in front of their peers, sometimes by\\n> suggesting they quit engineering...Some Taiwanese workers attended a class\\n> on U.S. culture, where they learned that Americans responded better to\\n> encouragement rather than criticism...The Taiwanese workers described their\\n> Phoenix colleagues as arrogant, carefree, and more willing to challenge\\n> orders. \\u201cIt\\u2019s hard to get them to do things,\\u201d a Taiwanese engineer in\\n> Phoenix [said].\\n\\nStories like these naturally feed into stereotypes \\u2014 hard-working respectful\\nEast Asians vs. lazy Americans who want to be coddled and complimented. And\\nthis in turn feeds into the fear that the U.S. just can\\u2019t compete with East\\nAsian countries in chip manufacturing, or perhaps in any high-tech\\nmanufacturing.\\n\\nBut there are many reasons to doubt this conclusion. First, many of the things\\nAmericans fear about Taiwanese chip producers are very similar to the things\\nthey feared about Japanese manufacturers in general back in the 1980s and\\nearly 1990s. But Japanese management turned out to be clunky and inefficient,\\neven in many manufacturing industries.\\n\\n####\\n\\nEast Asian management culture doesn\\u2019t always succeed\\n\\nFrom the late 1970s through the early 1990s, U.S. companies found it hard to\\ncompete with Japanese companies in many manufacturing industries, such as cars\\nand electronics. A number of scholars, like W. Edwards Deming and Richard T.\\nPascale, attempted to analyze Japanese management techniques for insights that\\nAmerican companies could apply. But many observers, like Ezra Vogel, Robert\\nChristopher, and even Akio Morita of Sony, claimed that Japan\\u2019s performance on\\nmanufacturing stemmed from deep-rooted cultural values of hard work, respect\\nfor authority, etc. \\u2014 very similar to the Taiwanese cultural values attributed\\nto TSMC by Viola Zhou\\u2019s interviewees.\\n\\nIt didn\\u2019t turn out that way. Starting in the 90s, Japan\\u2019s labor productivity\\nstarted to lag significantly behind that of many other rich countries. In\\n2007, economists Dale Jorgenson and Koji Nomura did a detailed industry-by-\\nindustry accounting of productivity differences, taking differences in capital\\ninvestment into account (when you do this, it\\u2019s called Total Factor\\nProductivity). They found that Japan\\u2019s manufacturing productivity almost\\ncaught up with America\\u2019s around 1990, and then fell behind again:\\n\\nSource: Jorgenson & Nomura (2007)\\n\\nWhen they broke things down by industry, they found that although Japan did\\nbeat the U.S. in some industries, this outperformance sometimes reversed\\nitself over time:\\n\\nSource: Jorgenson & Nomura (2007)\\n\\nJapan had an enduring advantage in motor vehicle manufacturing, and opened up\\na lead in communications equipment in the 90s. But it fell behind in computers\\nand electronic components, and in machinery its advantage evaporated in the\\n90s.\\n\\nThere are many things that go into TFP \\u2014 technology, resource costs,\\nregulation, clustering effects, trade, and so on. So we can\\u2019t just say \\u201cOh,\\nJapanese management culture wasn\\u2019t so good after all.\\u201d But it\\u2019s notable that\\nmany analyses of Japan\\u2019s lagging productivity now explicitly blame\\nunproductive office culture for part of its poor performance! Working for a\\nJapanese company means long, unproductive hours at the office, trying to look\\nproductive for elderly, entrenched managers. Useless busy-work \\u2014 sometimes\\ncalled \\u201cpresenteeism\\u201d \\u2014 deprives employees of sleep and makes them slow and\\nunmotivated. Anecdotally, I have seen examples of this myself in Japanese\\nuniversities, and my Japanese friends have many similar stories from their\\ncompanies.\\n\\nThis doesn\\u2019t mean the cultural essentialists of the 1980s were necessarily\\nwrong. In fact, it\\u2019s possible that the same values of work-for-work\\u2019s-sake and\\nrespect for corporate hierarchy that were once credited with Japan\\u2019s\\nmanufacturing competitiveness now make it harder to get work done in a white-\\ncollar setting.\\n\\nNow, Taiwanese management culture is different than Japanese management\\nculture, and we can\\u2019t simply apply the lessons from one country to the other.\\nBut here\\u2019s another interesting example. In 2010, Stan Shih, the founder of the\\nTaiwanese computer manufacturing giant Acer, predicted that U.S. PC brands\\nwould be gone in 20 years:\\n\\n> \\\"The trend for low-priced computers will last for the coming years,\\\" said\\n> Stan Shih, high tech entrepreneur and founder of the island's leading\\n> personal computer brand according to the Taipei-based Commercial Times\\n> newspaper.\\n>\\n> \\\"But US computer makers just don't know how to put such products on the\\n> market... US computer brands may disappear over the next 20 years, just like\\n> what happened to US television brands.\\\"\\n\\nWell, it\\u2019s only been 14 years, so I suppose Shih still has 6 years left to be\\nright. But as of late 2023, the top three U.S. PC makers still commanded a\\nmarket share of 45.4%, compared to 37% for China and Taiwan\\u2019s top three brands\\ncombined, with Acer at only 6.4%:\\n\\nSource: Wikipedia\\n\\nThe East Asian electronics cluster is formidable, but not invincible.\\n\\nIn fact, Viola Zhou\\u2019s story about TSMC dropped some hints that the company\\u2019s\\nmanagement culture isn\\u2019t quite as efficient as you might think:\\n\\n> Several former American employees said they were not against working longer\\n> hours, but only if the tasks were meaningful. \\u201cI\\u2019d ask my manager \\u2018What\\u2019s\\n> your top priority,\\u2019 he\\u2019d always say \\u2018Everything is a priority,\\u2019\\u201d said\\n> another ex-TSMC engineer. \\u201cSo, so, so, many times I would work overtime\\n> getting stuff done only to find out it wasn\\u2019t needed.\\u201d...\\n>\\n> The Americans also resented that Taiwanese colleagues stayed late at the\\n> office for no good reason. \\u201cThat pisses me off,\\u201d [former TSMC engineer]\\n> Bruce said. \\u201cThey were just doing it for show.\\u201d...\\n>\\n> Five former employees from the U.S. told Rest of World that TSMC engineers\\n> sometimes falsified or cherry-picked data for customers and managers.\\n> Sometimes, the engineers said, staff would manipulate data from testing\\n> tools or wafers to please managers who had seemingly impossible\\n> expectations. Other times, one engineer said, \\u201cbecause the workers were\\n> spread so thin, anything they could do to get work off their plate they\\n> would do.\\u201d Four American employees described TSMC culture as \\u201csave face\\u201d:\\n> Workers would strive to make a team, a department, or the company look good\\n> at the expense of efficiency and employee wellbeing.\\n\\nPointless busy-work just to please the boss? Hmm, I\\u2019ve heard that story\\nbefore.\\n\\nKyle Chan, writer of the blog High Capacity, had some interesting thoughts on\\nthe matter:\\n\\n> [Viola Zhou\\u2019s] story provides a much-needed counterpoint to the narrative\\n> that \\\"Asians simply work harder. Everyone else is just lazy.\\\" While I have\\n> no doubt that TSMC owes much of its success to its exceptionally hardworking\\n> employees, it's easy to conflate a set of cultural practices that look like\\n> \\\"hard work\\\" with actual performance.\\n>\\n> Publicly shaming your employees, restricting contact with family and\\n> listening to music, churning out endless PowerPoints and weekly work\\n> reports, forcing American staff to somehow understand instructions in\\n> Mandarin. These might sound like impressively tough business practices, but\\n> do they really make the company run better?\\n>\\n> During my consulting days, we all knew the good managers were not the ones\\n> who kept their teams in the office late every night. The good managers\\n> didn't have junior staff put in \\\"face time\\\" and pull all-nighters to make\\n> slides that ended up getting deleted. The good managers knew when to sprint\\n> and how to make the team feel like their work mattered...\\n>\\n> [A]n important reason for why people in Taiwan are so eager to work for TSMC\\n> is that they pay very well relative to local wages[.]\\n\\nWhich brings me to my next point.\\n\\n####\\n\\nManagement, or macroeconomics?\\n\\nTSMC is certainly one of the world\\u2019s most successful companies \\u2014 a true\\nnational champion, and a major victory for industrial policy. But there are a\\nnumber of reasons why its success relative to American chipmakers, as well as\\nits struggles in the U.S. market, might depend on economic factors outside the\\ncompany and unrelated to Taiwanese culture.\\n\\nFirst of all, much has been made of how TSMC took chip manufacturing market\\nshare from Intel, Samsung, and other companies that design and build their own\\nchips in-house. In addition to whatever Taiwanese cultural factors might be at\\nplay, this success is generally attributed to TSMC\\u2019s \\u201cfoundry\\u201d model \\u2014 instead\\nof making its own chips, it makes everyone else\\u2019s chips, allowing it to\\nspecialize in the manufacturing process and cross-apply techniques and lessons\\nfrom one type of product to another.\\n\\nBut you know who else can\\u2019t make chips as well as TSMC? Any other Taiwanese\\ncompany in existence. If you look at a chart of revenue for chipmakers in\\nTaiwan, it\\u2019s just TSMC towering over all the rest:\\n\\nSource: Taiwan Semiconductor Industry Association\\n\\nAll together, TSMC\\u2019s competitors have only 30% of its revenue. This is why no\\none is talking about building Winbond factories in Arizona, or discussing\\nwhether the U.S. would go to war to protect Nuvoton from a Chinese invasion.\\nUnlike Japanese auto companies in the 80s, or even Taiwanese PC makers in the\\n2010s, there is precisely one top chipmaker in Taiwan.\\n\\nThis is why TSMC pretty much gets its pick of Taiwanese talent, in terms of\\nboth skill and work ethic. Other companies don\\u2019t get this benefit; if you\\u2019re a\\ntop Taiwanese chip engineer, TSMC is just where you go work. So the engineers\\nat TSMC aren\\u2019t representative of Taiwanese skills and work ethic as a whole;\\nthey\\u2019re a special, hyper-selected elite.\\n\\nAnd what\\u2019s more, TSMC doesn\\u2019t have to pay very much for these top performers.\\nIn 2021, the median salary at TSMC was $64,874 in U.S. dollars, with a bonus\\nof about $40k, for a total of about $105,000. In the tech world, that\\u2019s\\nnothing. That\\u2019s less than an entry-level American software engineer makes\\nright out of college working for Visa, the credit card company.\\n\\nWhy does TSMC get top workers for such low pay? Well, one big reason is that\\nTaiwanese workers just don\\u2019t make very much in general. The average salary for\\nfull-time employees in Taiwan is $22,242. That\\u2019s less than a minimum-wage\\nworker makes in Missouri or South Dakota. So in Taiwan, a TSMC salary is\\nfairly big bucks.\\n\\nWhy are wages so low in Taiwan? One reason is that Taiwan is poorer than the\\nUnited States. Another reason is that Taiwan makes sure to keep its currency\\nvery cheap relative to the U.S. dollar, probably in order to improve the\\ncompetitive position of companies like TSMC.\\n\\nMeanwhile, TSMC\\u2019s Arizona fabs have to compete for talent against other\\nAmerican tech companies. A typical hardware engineer at Apple gets paid\\nsomewhere around $200,000 to $300,000; chip companies tend to pay a bit less,\\nbut still more than what TSMC workers get in Taiwan. But it\\u2019s not just the\\nhardware industry TSMC has to compete with in America; it\\u2019s the software\\nindustry too.\\n\\nA smart young American can choose to learn how to build chips or how to write\\ncode; the talent required is not very different. And if they choose to write\\ncode, they will generally get paid more. A typical software engineer at Google\\nwill get paid around $300k-$400k; for Facebook it\\u2019s more like $300k-$500k.\\n(Meanwhile, try naming a Taiwanese software company.)\\n\\nAnd make no mistake: Top American performers often work very, very hard. High\\nearners in America work hard in general, and many top people are putting in\\nthose 70-hour workweeks. Many young lawyers and doctors do this, as do\\nemployees at some tech companies like Tesla, and many company founders and\\nstartup employees. In its heyday under Andy Grove, Intel had an intense,\\npunishing work culture not unlike TSMC. But they have to have some special\\nmotivation in order to do this \\u2014 either the promise of a very high salary, or\\nthe promise of a big exit for their startup, or at least the pride of working\\nas a doctor or for a prestigious company like Tesla. TSMC gets a lot of\\nheadlines, but it\\u2019s not prestigious in America the way it is in Taiwan.\\n\\nEven Taiwanese workers in the U.S. are tempted by the lure of better jobs\\nelsewhere, as Zhou\\u2019s article notes:\\n\\n> An engineer, who has worked at both Intel and TSMC, said Taiwanese\\n> colleagues had also asked him about vacancies at Intel, where they expected\\n> a better work-and-life balance.\\n\\nThat\\u2019s what TSMC is really competing with at its Arizona fabs. It\\u2019s having to\\npay a multiple of what it would pay in Taiwan, for workers who are less elite\\nand less passionately committed to the company. This is not an advantage of\\nTaiwanese management or Taiwanese culture \\u2014 it\\u2019s a function of the fact that\\nTaiwan is a less wealthy country than America, and one that has chosen to\\nthrow many of its best people into a single national champion company.\\nCompared to that, of course making chips in Arizona is going to be more\\nexpensive.\\n\\n####\\n\\nAmericans can learn East Asian manufacturing methods just fine\\n\\nSo far, I\\u2019ve argued that:\\n\\n  1. East Asian management culture is not necessarily the best, even if it looks very intense and hard-working, and\\n\\n  2. TSMC\\u2019s cost disadvantages in Arizona depend on macro factors, not just on cultural differences (or perhaps not on cultural differences at all).\\n\\nBut it\\u2019s also the case that sometimes, East Asian companies come up with\\nimportant management innovations that really do raise productivity a lot. But\\nwhen they do, American workers can learn and apply those innovations in\\nAmerica.\\n\\nThe prime example here is the Japanese car industry. In the 1980s, Japanese\\ncarmakers started exporting a lot fewer cars from Japan to the U.S., and\\nstarted making a lot more cars in the U.S.:\\n\\nSource: JAMA\\n\\nEvery Japanese carmaker has huge auto plants in the U.S., and many of the most\\nAmerican-made cars are built by workers working for Japanese brands.\\n\\nThis was an absolutely massive experiment in foreign direct investment by an\\nEast Asian country into the U.S. At the time, Japanese auto manufacturing\\nproductivity was much higher than American productivity, so the Japanese\\ncompanies had much to teach their American workers.\\n\\nAnd teach them they did. American car plants adopted practices such as the\\nkanban scheduling system, the kaizen system of continuous improvement\\n(originally conceived of in the U.S. but put into practice in Japan), and many\\nothers. These practices mostly came from the famous Toyota Production System,\\nbut they form the basis of what we now know as lean manufacturing. Japanese\\ncar companies implemented these techniques at their factories in America, but\\nthey\\u2019ve diffused widely since then \\u2014 not just to American car companies, but\\nto many other industries throughout corporate America.\\n\\nAmerican factories were successfully able to learn these Japanese management\\ntechniques. Detailed comparisons between vehicles built in Japan and those\\nbuilt in the U.S. show only very small differences. And the cars that Japanese\\nbrands build in America are internationally competitive, even in spite of\\nAmerica\\u2019s uncompetitive exchange rate. Consumers in Korea are buying Nissan\\nAltimas made in Tennessee and Honda Accords made in Ohio. Australians are\\nbuying Toyota Highlanders made in Indiana.\\n\\nIf American workers can learn how to build cars like Japan, it seems like a\\ngood bet that they can learn to build chips like Taiwan. But Japanese\\ncarmakers started trying to teach American workers their tricks in the late\\n1980s; TSMC has barely started trying. Viola Zhou\\u2019s article indicates that\\nTSMC isn\\u2019t even to the stage of being able to talk to American workers:\\n\\n> At Fab 18 [in Arizona], nearly all communication took place in Taiwanese and\\n> Mandarin Chinese...Many trainees, including Bruce, relied on Google\\n> Translate to get through the day, with mixed results. Technical terms and\\n> images were hard to decipher. One American engineer said that because staff\\n> were not allowed to upload work materials to Google, he tried to translate\\n> documents by copying Chinese text into a handwriting recognition program. It\\n> didn\\u2019t work very well...Managers excluded Americans from higher-level\\n> meetings conducted in Mandarin...Just like in Taiwan, language barriers\\n> contributed to tension in Phoenix.\\n\\nLanguage barriers are the very earliest thing that companies have to overcome\\nwhen they build factories overseas. The fact that TSMC still can\\u2019t even\\ncommunicate in English means that it\\u2019s still very early days.\\n\\nThat\\u2019s why it\\u2019s so unhelpful to declare that TSMC\\u2019s factories in America are a\\n\\u201cdebacle\\u201d, just because of a modest delay at the outset. Foreign direct\\ninvestment is a long, winding, arduous journey. It\\u2019s not the kind of thing\\nwhere we should expect everything to run perfectly smoothly on the first try.\\n\\nMeanwhile, the mystique of East Asian culture is just not a good lens through\\nwhich to view challenges like this one. Cross-country cultural differences are\\nreal, but they aren\\u2019t as impactful on business as people like to think. Humans\\nare humans, and they can learn.\\n\\nShare\\n\\n59\\n\\nShare this post\\n\\n#### Who's afraid of East Asian management culture?\\n\\nwww.noahpinion.blog\\n\\n21\\n\\nShare\\n\\n21 Comments\\n\\nNotes from the peripheryMinor observations1 hr agoLiked by Noah SmithIt\\u2019s when\\nEast Asian management gets enamoured with McKinsey style MBA-drone management\\nby numbers and offshoring that you get the truly toxic messes.Expand full\\ncommentLike (5)ReplyShare  \\n---  \\n  \\nMark McEnearney1 hr agoLiked by Noah SmithJust re-subscribed after reading\\nthis. The clarity!Expand full commentLike (4)ReplyShare  \\n---  \\n  \\n1 reply by Noah Smith\\n\\n19 more comments...\\n\\nPalestine is the end of the line for the New Left\\n\\nWhatever you think of Israel, there's just no future in \\\"global intifada\\\" and\\n\\\"Death to America\\\".\\n\\nApr 23 \\u2022\\n\\nNoah Smith\\n\\n551\\n\\nShare this post\\n\\n#### Palestine is the end of the line for the New Left\\n\\nwww.noahpinion.blog\\n\\n351\\n\\nYou're not going to like what comes after Pax Americana\\n\\nWelcome to the jungle.\\n\\nOct 7, 2023 \\u2022\\n\\nNoah Smith\\n\\n957\\n\\nShare this post\\n\\n#### You're not going to like what comes after Pax Americana\\n\\nwww.noahpinion.blog\\n\\n334\\n\\nWestern leftists have lost the plot\\n\\nGleeful support for the massacre of innocents is simply inhumane.\\n\\nOct 10, 2023 \\u2022\\n\\nNoah Smith\\n\\n1,172\\n\\nShare this post\\n\\n#### Western leftists have lost the plot\\n\\nwww.noahpinion.blog\\n\\n197\\n\\nReady for more?\\n\\n\\u00a9 2024 Noah Smith\\n\\nPrivacy \\u2219 Terms \\u2219 Collection notice\\n\\nStart WritingGet the app\\n\\nSubstack is the home for great culture\\n\\nShare\\n\\n## Create your profile\\n\\n## Only paid subscribers can comment on this post\\n\\nAlready a paid subscriber? Sign in\\n\\n#### Check your email\\n\\nFor your security, we need to re-authenticate you.\\n\\nClick the link we sent to , or click here to sign in.\\n\\n\", \"frontpage\": true}"}
