{"value":"{\"aid\": \"40228803\", \"title\": \"1000s of homes may be left without heat if remote control firm ceases trading\", \"url\": \"https://www.irishexaminer.com/news/courtandcrime/arid-41386330.html\", \"domain\": \"irishexaminer.com\", \"votes\": 1, \"user\": \"mywacaday\", \"posted_at\": \"2024-05-01 20:18:09\", \"comments\": 0, \"source_title\": \"Thousands of homes may be left without heat if remote control firm ceases trading\", \"source_text\": \"Thousands of homes may be left without heat if remote control firm ceases\\ntrading\\n\\nX\\n\\nSign in My Account Sign out\\n\\n  * Homepage\\n  * news\\n  * Court & Crime\\n\\n# Thousands of homes may be left without heat if remote control firm ceases\\ntrading\\n\\nThe court heard that should a provisional liquidator be appointed, Hub\\nControls Global Inc has agreed to continue the service to Irish customers for\\n28 days (until May 24)\\n\\nWed, 01 May, 2024 - 17:00\\n\\nAnn O\\u2019Loughlin\\n\\nSome 10,000 households using heating systems operated by remote control could\\nbe left without heating if a buyer is not found to take over the controller\\nsystem, the High Court heard.\\n\\nHub Controls Ltd, which installed the \\\"Hub Controller\\\" system in 12,000 homes,\\nis insolvent and unable to pay its debts, the court heard. Another home\\nheating controls firm, Climote, was wound up last December.\\n\\nOn Tuesday, following an application from Sally O\\u2019Neill BL, for the company,\\nMr Justice Mark Sanfey appointed a provisional liquidator so that efforts can\\nbe made to find a buyer for the Hub subscription service and the protection of\\n10,000 users. Some 4,000 users pay for a subscription service and 6,000 are on\\nthe basic non-subscription service.\\n\\nIn the event of the company ceasing operations, it says these services would\\n\\\"immediately stop\\\" and up to 10,000 homes left without heating. Householders\\nwould have to call in an electrician to bypass the system and install a new\\ndevice before the heating system could be used again, Hub Controls says.\\n\\nMr Justice Sanfey appointed Declan De Lacy of Azets Ireland as provisional\\nliquidator with liberty to apply for additional powers if necessary before the\\ncase returns next month.\\n\\nOliver Hynes, who along with Barry Gavin is one of the two directors of the\\nfirm, said in an affidavit that at a meeting on April 22 he told the board\\nthat in the interest of creditors it was resolved to recommend that the\\ncompany be wound up. It currently employs six staff and is based in Tallaght,\\nDublin.\\n\\nEnergy credits\\n\\nIn the petition, the company says that since 2019 it was able to offer the Hub\\nController free to consumers because the product qualified for energy credits\\nunder the \\\"energy efficiency obligation scheme\\\" operated by the Sustainable\\nEnergy Authority of Ireland (SEAI). It also developed an expertise in\\nprocessing similar energy credits for electric vehicle charging companies.\\n\\nThose energy credits in Ireland generated some \\u20ac5m in revenue between 2019 and\\n2023. The company said it was anticipated they would continue until 2030 but\\nin 2022 they were dropped under a new SEAI policy.\\n\\nIn December 2022, the company wrote to all users inviting them to sign up for\\na subscription service to continue using its full facilities while those who\\ndidn't could continue to use the basic service. A total of 4,000 signed up but\\nin order to break even, the company needed 5,750 subscribers.\\n\\nAlso in 2022, the electric vehicle credits were discontinued.\\n\\nRescue efforts\\n\\nInitiatives to rescue the business were taken including seeking to grow the\\nnumber of paying subscribers, seeking a partnership with the Climote firm,\\nrestructuring loans and cost reductions.\\n\\nIt was also proposed to raise fresh equity, and to facilitate a fundraiser in\\nthe US, Hub Controls Global Inc was set up in Delaware.\\n\\nHowever, by early 2024, despite the implementation of cost reductions and loan\\nrestructuring, it failed to add any customers and, in fact, lost a number. The\\ndeal with Climote did not materialise and Climote itself went into liquidation\\nlast December.\\n\\nThe company also realised that a \\u20ac606,000 debt it says is owed to it by Bord\\nGais Energy would not be realised in the short term given the debt was being\\ncontested and that lawyers had said it would cost \\u20ac100,000-plus to bring a\\ncase to recover it.\\n\\nIt was also accepted there was no appetite from US investors to fund the Irish\\nbusiness.\\n\\nHowever, it said that should a provisional liquidator be appointed, Hub\\nControls Global Inc has agreed to continue the service to Irish customers for\\n28 days (until May 24) to facilitate the sale of the subscription service and\\nto protect the overall 10,000 users. It is also hoped some of the six\\nemployees could be retained.\\n\\nAs well as directing the advertising of the appointment of the provisional\\nliquidator, the judge said Revenue, which is the largest creditor and owed\\nsome \\u20ac927,000 in a warehoused tax liability, is also to be put on notice.\\n\\nIrish Examiner\\u2019s WhatsApp channel\\n\\nFollow and share the latest news and stories\\n\\nMore in this section\\n\\nTwo men arrested following \\u20ac1.7m drug seizure\\n\\nCorkman pretended to be father of baby born to foreign-national to obtain\\nbirth cert and passport\\n\\nCork City gang 'took advantage of vulnerable Spanish teenager' to transport\\ndrugs into West Cork\\n\\n#CourtsOrganisation: Hub Controls Ltd\\n\\n## Former scout leader in Limerick jailed for indecently assaulting five young\\nboys\\n\\nREAD NOW\\n\\nSubscribe Now\\n\\n## Lunchtime News\\n\\nSign up to the best reads of the week from irishexaminer.com selected just for\\nyou.\\n\\nPlease click here for our privacy statement.\\n\\n## Latest\\n\\n  * Kerry's terrific toilers set the tone \\u00d3 S\\u00e9 wants\\n\\none minute ago\\n\\n  * Some asylum seekers still without beds after Dublin 'shantytown' dismantled\\n\\none minute ago\\n\\n  * Tyrone beat Derry on penalties to win Ulster U20 final thriller\\n\\n10 minutes ago\\n\\n  * Dublin and Louth through to Leinster MFC semi-finals\\n\\n20 minutes ago\\n\\n###### FOLLOW IRISH EXAMINER\\n\\nSelect your favourite newsletters and get the best of Irish Examiner delivered\\nto your inbox\\n\\nSign Up\\n\\n## Most Read\\n\\n  * Thousands of homes may be left without heat if remote control firm ceases trading\\n\\nWednesday, May 1, 2024 - 8:00 PM\\n\\n  * Cork farmer wins appeal preventing \\u20ac6.3m Polish judgment being enforced\\n\\nWednesday, May 1, 2024 - 9:00 AM\\n\\n  * Locations of new static speed cameras at nine accident black spots revealed\\n\\nWednesday, May 1, 2024 - 8:00 PM\\n\\n### Family Notices\\n\\nnews\\n\\n  * Ireland\\n  * Munster\\n  * Court & Crime\\n  * Spotlight\\n  * World\\n\\nsport\\n\\n  * GAA\\n  * Soccer\\n  * Rugby\\n  * Racing\\n  * Golf\\n  * Other Sports\\n  * Podcasts\\n\\nbusiness\\n\\n  * Economy\\n  * Companies\\n  * Munster Business\\n  * Farming\\n  * Technology\\n\\nopinion\\n\\n  * Columnists\\n  * Comment & Analysis\\n  * Our View\\n  * Your View\\n\\nHelp\\n\\n  * FAQ\\n  * Contact Us\\n  * Privacy Policy\\n  * Brand Safety\\n  * Cookie Policy\\n  * Cookie Settings\\n  * Push Notification Preferences\\n  * Mobile\\n  * Subscriptions\\n\\nInfo\\n\\n  * Terms and Conditions\\n  * Home delivery\\n  * RSS\\n  * Newsletters\\n  * Place ad\\n  * Who We Are\\n  * Sitemap\\n\\n\\u00a9 Examiner Echo Group Limited, Linn Dubh, Assumption Road, Blackpool, Cork.\\nRegistered in Ireland: 523712.\\n\\nCookie Policy Privacy Policy Brand Safety FAQ Help Contact Us Terms and\\nConditions\\n\\n\\u00a9 Examiner Echo Group Limited\\n\\n\", \"frontpage\": false}"}
