{"value":"{\"aid\": \"40228779\", \"title\": \"Show HN: Zen Your VS Code\", \"url\": \"https://marketplace.visualstudio.com/items?itemName=AleksaGavric.zencomprint\", \"domain\": \"visualstudio.com\", \"votes\": 1, \"user\": \"AleksaGAVRIC\", \"posted_at\": \"2024-05-01 20:15:37\", \"comments\": 0, \"source_title\": \"ZenComPrint - Visual Studio Marketplace\", \"source_text\": \"ZenComPrint - Visual Studio Marketplace\\n\\nSkip to content\\n\\n| Marketplace\\n\\nSign in\\n\\nVisual Studio Code>Programming Languages>ZenComPrintNew to Visual Studio Code?\\nGet it now.\\n\\n# ZenComPrint\\n\\n## Aleksa Gavric\\n\\n|12 installs| (3) | FreeHide your prints & comments. Focus on the logic.InstallationLaunch VS Code Quick Open (Ctrl+P), paste the following command, and press enter.Copied to clipboardMore Info  \\n---  \\n  \\n# ZenComPrint \\ud83e\\uddd8\\u2642\\ufe0f\\n\\nHides comments & prints in your code with a single click. Cut down on the\\nnoise and focus on the code.Currenlty supports Python, JavaScript and\\nTypeScript. Want to add support for more languages? Feel free to open an issue\\nor a pull request.\\n\\n## Usage\\n\\nTo toggle comments and print statements:\\n\\n  * Press Cmd+H to toggle off/on.\\n\\nor\\n\\n  * Use the command > Hide Comments & Prints from the command palette by pressing Cmd+Shift+P.\\n\\n## Contributing\\n\\nI'd love to hear your feedback and suggestions. Feel free to open an issue or\\na pull request.  \\n---  \\n  \\n  * Contact us\\n  * Jobs\\n  * Privacy\\n  * Manage cookies\\n  * Terms of use\\n  * Trademarks\\n\\n\\u00a9 2024 Microsoft\\n\\n\", \"frontpage\": false}"}
