{"value":"{\"aid\": \"40230563\", \"title\": \"We reviewed your report and determined that it does not present a security risk [video]\", \"url\": \"https://www.youtube.com/watch?v=yhCwK8PaoHg\", \"domain\": \"youtube.com\", \"votes\": 4, \"user\": \"davidfiala\", \"posted_at\": \"2024-05-01 22:44:42\", \"comments\": 0, \"source_title\": \"GitHub REJECTS Critical Vulnerability Report \\u2014 Hijacking files in plain sight! 0day\", \"source_text\": \"GitHub REJECTS Critical Vulnerability Report \\u2014 Hijacking files in plain sight!\\n0day - YouTube\\n\\nGitHub REJECTS Critical Vulnerability Report \\u2014 Hijacking files in plain sight!\\n0day\\n\\n2x\\n\\nIf playback doesn't begin shortly, try restarting your device.\\n\\n\\u2022\\n\\nYou're signed out\\n\\nVideos you watch may be added to the TV's watch history and influence TV\\nrecommendations. To avoid this, cancel and sign in to YouTube on your\\ncomputer.\\n\\nUp next\\n\\nLive\\n\\nUpcoming\\n\\nPlay Now\\n\\nShare\\n\\nAn error occurred while retrieving sharing information. Please try again\\nlater.\\n\\n0:00\\n\\n0:00 / 21:05\\u2022Watch full video\\n\\n\\u2022\\n\\nNaN / NaN\\n\\nBack\\n\\n\", \"frontpage\": false}"}
