{"value":"{\"aid\": \"40229816\", \"title\": \"AlabugaLeaks Part 2: Kaspersky Lab & neural networks for Russian military drones\", \"url\": \"https://informnapalm.org/en/alabugaleaks-part-2-kaspersky-lab-and-neural-networks-for-russian-military-drones/\", \"domain\": \"informnapalm.org\", \"votes\": 1, \"user\": \"mlv-\", \"posted_at\": \"2024-05-01 21:36:29\", \"comments\": 0, \"source_title\": \"Just a moment...\", \"source_text\": \"Just a moment...\\n\\n# informnapalm.org\\n\\n## Verifying you are human. This may take a few seconds.\\n\\ninformnapalm.org needs to review the security of your connection before\\nproceeding.\\n\\nVerification successful\\n\\nWaiting for informnapalm.org to respond...\\n\\nRay ID: 87d3797a6ed14d8d\\n\\nPerformance & security by Cloudflare\\n\\n\", \"frontpage\": false}"}
