{"value":"{\"aid\": \"40229109\", \"title\": \"Emulation of Nintendo Game Boy (DMG-01) (2016) [pdf]\", \"url\": \"https://github.com/Baekalfen/PyBoy/blob/master/extras/PyBoy.pdf\", \"domain\": \"github.com/baekalfen\", \"votes\": 1, \"user\": \"hggh\", \"posted_at\": \"2024-05-01 20:41:17\", \"comments\": 0, \"source_title\": \"PyBoy/extras/PyBoy.pdf at master \\u00b7 Baekalfen/PyBoy\", \"source_text\": \"PyBoy/extras/PyBoy.pdf at master \\u00b7 Baekalfen/PyBoy \\u00b7 GitHub\\n\\nSkip to content\\n\\n## Navigation Menu\\n\\nSign in\\n\\n# Search code, repositories, users, issues, pull requests...\\n\\nSearch syntax tips\\n\\nSign in\\n\\nSign up\\n\\nYou signed in with another tab or window. Reload to refresh your session. You\\nsigned out in another tab or window. Reload to refresh your session. You\\nswitched accounts on another tab or window. Reload to refresh your session.\\nDismiss alert\\n\\nBaekalfen / PyBoy Public\\n\\n  * Notifications\\n  * Fork 462\\n  * Star 4.4k\\n\\n/\\n\\n# PyBoy.pdf\\n\\n## Latest commit\\n\\nBaekalfen\\n\\nClean up repo\\n\\nOct 25, 2023\\n\\n0d8bd37 \\u00b7 Oct 25, 2023Oct 25, 2023\\n\\n## History\\n\\nHistory\\n\\n3.26 MB\\n\\n/\\n\\n# PyBoy.pdf\\n\\n## File metadata and controls\\n\\n3.26 MB\\n\\n## Footer\\n\\n\\u00a9 2024 GitHub, Inc.\\n\\nYou can\\u2019t perform that action at this time.\\n\\n\", \"frontpage\": false}"}
