{"value":"{\"aid\": \"40231084\", \"title\": \"Ukraine rolls out domestic PARASOL system against Russian drones\", \"url\": \"https://euromaidanpress.com/2024/05/01/ukraine-rolls-out-domestic-parasol-system-against-russian-drones/\", \"domain\": \"euromaidanpress.com\", \"votes\": 2, \"user\": \"jdmark\", \"posted_at\": \"2024-05-01 23:51:50\", \"comments\": 0, \"source_title\": \"Ukraine rolls out domestic PARASOL system against Russian drones\", \"source_text\": \"Ukraine rolls out domestic PARASOL system against Russian drones - Euromaidan\\nPress\\n\\n## We value your privacy\\n\\nWe and our store and/or access information on a device, such as cookies and\\nprocess personal data, such as unique identifiers and standard information\\nsent by a device for personalised advertising and content, advertising and\\ncontent measurement, audience research and services development. With your\\npermission we and our partners may use precise geolocation data and\\nidentification through device scanning. You may click to consent to our and\\nour 1423 partners\\u2019 processing as described above. Alternatively you may click\\nto refuse to consent or access more detailed information and change your\\npreferences before consenting. Please note that some processing of your\\npersonal data may not require your consent, but you have a right to object to\\nsuch processing. Your preferences will apply to this website only. You can\\nchange your preferences or withdraw your consent at any time by returning to\\nthis site and clicking the \\\"Privacy\\\" button at the bottom of the webpage.\\n\\n  * Ukraine\\n\\n    * Ukrainian politics\\n    * Ukrainian reforms\\n    * History of Ukraine\\n    * Culture of Ukraine\\n    * Political prisoners\\n    * Civil Society\\n    * People of Ukraine\\n    * Crimea\\n  * International\\n  * Russian Aggression\\n\\n    * Russo-Ukrainian war 2022-2024\\n    * Donbas\\n    * Crimea\\n    * Hybrid War\\n    * Peace to Ukraine\\n  * More\\n\\n    * Opinion\\n    * Special projects\\n\\n      * Plus1\\n  * About Us\\n\\n    * About Us\\n    * Contribute\\n    * Job opportunities\\n  * Donate\\n\\n    * Support us\\n    * Patrons, donors, and partners\\n\\nEng\\n\\nEsp\\n\\nEng\\n\\nEsp\\n\\nCopyright \\u00a9 2024 Euromaidanpress.com\\n\\nThe work of Euromaidan Press is supported by the International Renaissance\\nFoundation\\n\\nWhen referencing our materials, please include an active hyperlink to the\\nEuromaidan Press material and a maximum 500-character extract of the story. To\\nreprint anything longer, written permission must be acquired from\\neuromaidanpress@gmail.com.\\n\\nPrivacy and Cookie Policies.\\n\\n  * Latest news Ukraine\\n\\n# Ukraine rolls out domestic PARASOL system against Russian drones\\n\\nUkraine had no domestically-developed short-range electronic countermeasures\\ncapabilities prior to Russia\\u2019s full-scale invasion.\\n\\nbyEuheniia Martyniuk\\n\\n01/05/2024\\n\\n1 minute read\\n\\nUkraine\\u2019s domestically-developed trench Radio Electronic Countermeasures (REC)\\nsystem called PARASOL. Photo: screenshot\\n\\nUkraine rolls out domestic PARASOL system against Russian drones\\n\\nUkraine\\u2019s Minister of Digital Transformation, Mykhailo Fedorov, unveiled\\nUkraine\\u2019s domestically-developed trench Radio Electronic Countermeasures (REC)\\nsystem called PARASOL, designed to combat Russian drones. He also showed how\\ndevelopers \\u201cgrounded\\u201d drones during PARASOL testing.\\n\\n> Ukraine unveils PARASOL: a new anti-drone system developed domestically. The\\n> Radio Electronic Countermeasures (REC) device comes in 2 variants protecting\\n> positions and equipment from Russian drones. Key features:\\n>\\n> 200m range Invisible to enemy REC Training takes 15-min\\n> pic.twitter.com/fjzGCUtsou\\n>\\n> \\u2014 Euromaidan Press (@EuromaidanPress) May 1, 2024\\n\\nThe PARASOL has two variants:\\n\\n  * PARASOL 01 protects ground positions from drone attacks at up to 200 meters range.\\n  * PARASOL 02 safeguards vehicles against drones within 200 meters.\\n\\nA key advantage highlighted by Fedorov is that PARASOL remains undetectable by\\nRussian electronic countermeasures. Additionally, it is very user-friendly,\\nallowing soldiers to learn its operation within just 15 minutes.\\n\\nUkraine has signed state contracts with the developer, MIXSTEEL company, to\\nproduce PARASOL. The systems are already actively deployed by Ukrainian\\nmilitary forces on the frontlines.\\n\\nNotably, prior to Russia\\u2019s full-scale invasion, Ukraine lacked any\\ndomestically-developed short-range electronic countermeasures capabilities.\\n\\nRead more:\\n\\n  * Ukraine develops new electronic warfare system to disrupt Russian drones\\n  * Ukraine deploys new electronic warfare systems to counter Russian airstrike tactics\\n  * EW revolution: the US, China, and Europe closely observe Ukraine\\u2019s electronic warfare against Russian systems \\u2013 NYT\\n  * Frontline report: Ukraine\\u2019s electronic warfare thwarts Russian aerial and ground advances in Avdiivka\\n  * Ukrainian govt expedites production of electronic warfare equipment\\n\\nYou could close this page. Or you could join our community and help us produce\\nmore materials like this. We keep our reporting open and accessible to\\neveryone because we believe in the power of free information. This is why our\\nsmall, cost-effective team depends on the support of readers like you to bring\\ndeliver timely news, quality analysis, and on-the-ground reports about\\nRussia's war against Ukraine and Ukraine's struggle to build a democratic\\nsociety. A little bit goes a long way: for as little as the cost of one cup of\\ncoffee a month, you can help build bridges between Ukraine and the rest of the\\nworld, plus become a co-creator and vote for topics we should cover next.\\nBecome a patron or see other ways to support.\\n\\nTo suggest a correction or clarification, write to us here\\n\\nYou can also highlight the text and press Ctrl + Enter\\n\\nPlease leave your suggestions or corrections here\\n\\n  * EW\\n  * main\\n  * Russian invasion\\n\\n##### News Feed\\n\\n  * Russo-Ukrainian war, day 798: Russian missile strikes Nova Poshta depot in Odesa, injuring 13 as fire rages 02/05/2024\\n  * Russian missile strikes Nova Poshta, Ukraine\\u2019s top courier, in Odesa, injuring 13 amid blazing inferno 02/05/2024\\n  * Ukraine\\u2019s plan B: turning everyday citizens into defenders 02/05/2024\\n  * US accuses Russia of using banned chemical weapon in Ukraine 01/05/2024\\n  * New US sanctions slam Russia\\u2019s military-industrial base 01/05/2024\\n\\n##### Join our fundraiser\\n\\n##### Subscribe to our daily newsletter\\n\\nEuromaidan Press\\n\\n  * About Us\\n  * Contribute\\n  * Patrons, donors, and partners\\n  * Support us\\n  * Job opportunities\\n\\nWhen referencing our materials, please include an active hyperlink to the\\nEuromaidan Press material and a maximum 500-character extract of the story. To\\nreprint anything longer, written permission must be acquired from\\neuromaidanpress@gmail.com.\\n\\n\", \"frontpage\": false}"}
