{"value":"{\"aid\": \"40228981\", \"title\": \"Show HN: I made ComfyUI nodes for virtual try-on using IDM-VTON\", \"url\": \"https://github.com/TemryL/ComfyUI-IDM-VTON\", \"domain\": \"github.com/temryl\", \"votes\": 1, \"user\": \"TemryL\", \"posted_at\": \"2024-05-01 20:31:18\", \"comments\": 0, \"source_title\": \"GitHub - TemryL/ComfyUI-IDM-VTON: ComfyUI adaptation of IDM-VTON for virtual try-on.\", \"source_text\": \"GitHub - TemryL/ComfyUI-IDM-VTON: ComfyUI adaptation of IDM-VTON for virtual\\ntry-on.\\n\\nSkip to content\\n\\n## Navigation Menu\\n\\nSign in\\n\\n# Search code, repositories, users, issues, pull requests...\\n\\nSearch syntax tips\\n\\nSign in\\n\\nSign up\\n\\nYou signed in with another tab or window. Reload to refresh your session. You\\nsigned out in another tab or window. Reload to refresh your session. You\\nswitched accounts on another tab or window. Reload to refresh your session.\\nDismiss alert\\n\\nTemryL / ComfyUI-IDM-VTON Public\\n\\n  * Notifications\\n  * Fork 2\\n  * Star 18\\n\\nComfyUI adaptation of IDM-VTON for virtual try-on.\\n\\n### License\\n\\nGPL-3.0 license\\n\\n18 stars 2 forks Branches Tags Activity\\n\\nStar\\n\\nNotifications\\n\\n# TemryL/ComfyUI-IDM-VTON\\n\\nThis commit does not belong to any branch on this repository, and may belong\\nto a fork outside of the repository.\\n\\n1 Branch\\n\\n0 Tags\\n\\n## Folders and files\\n\\nName| Name| Last commit message| Last commit date  \\n---|---|---|---  \\n  \\n## Latest commit\\n\\nTemryLmodify exampleMay 1, 202402985b1 \\u00b7 May 1, 2024May 1, 2024\\n\\n## History\\n\\n32 Commits  \\n  \\n### assets\\n\\n|\\n\\n### assets\\n\\n| modify example| May 1, 2024  \\n  \\n### input\\n\\n|\\n\\n### input\\n\\n| modify example| May 1, 2024  \\n  \\n### src\\n\\n|\\n\\n### src\\n\\n| fix output type| May 1, 2024  \\n  \\n### .gitignore\\n\\n|\\n\\n### .gitignore\\n\\n| add gitignore| Apr 28, 2024  \\n  \\n### LICENSE\\n\\n|\\n\\n### LICENSE\\n\\n| create license| Apr 28, 2024  \\n  \\n### README.md\\n\\n|\\n\\n### README.md\\n\\n| update readme| May 1, 2024  \\n  \\n### __init__.py\\n\\n|\\n\\n### __init__.py\\n\\n| node map init| Apr 28, 2024  \\n  \\n### queue_wflow_api.py\\n\\n|\\n\\n### queue_wflow_api.py\\n\\n| add api for debug| May 1, 2024  \\n  \\n### requirements.txt\\n\\n|\\n\\n### requirements.txt\\n\\n| add requirements| Apr 29, 2024  \\n  \\n## Repository files navigation\\n\\n# ComfyUI-IDM-VTON\\n\\nComfyUI adaptation of IDM-VTON.\\n\\n\\u26a0\\ufe0f Work still in progress \\u26a0\\ufe0f\\n\\n# Installation\\n\\n\\u26a0\\ufe0f Current implementation requires GPU with at least 16GB of VRAM \\u26a0\\ufe0f\\n\\n### Using ComfyUI Manager:\\n\\n  * Look for ComfyUI-IDM-VTON, and be sure the author is TemryL. Install it.\\n\\n### Manually:\\n\\n  * Clone this repo into custom_nodes folder in ComfyUI and install the dependencies.\\n\\n    \\n    \\n    cd custom_nodes git clone https://github.com/TemryL/ComfyUI-IDM-VTON.git pip install -r requirements.txt\\n\\n# Credits\\n\\n  * ComfyUI\\n  * IDM-VTON\\n\\n# License\\n\\nUnder CC BY-NC-SA 4.0 license.\\n\\n## About\\n\\nComfyUI adaptation of IDM-VTON for virtual try-on.\\n\\n### Topics\\n\\ninpainting virtual-try-on virtual-tryon comfy stable-diffusion comfyui\\ncomfyui-nodes\\n\\n### Resources\\n\\nReadme\\n\\n### License\\n\\nGPL-3.0 license\\n\\nActivity\\n\\n### Stars\\n\\n18 stars\\n\\n### Watchers\\n\\n5 watching\\n\\n### Forks\\n\\n2 forks\\n\\nReport repository\\n\\n## Releases\\n\\nNo releases published\\n\\n## Packages 0\\n\\nNo packages published\\n\\n## Languages\\n\\n  * Python 100.0%\\n\\n## Footer\\n\\n\\u00a9 2024 GitHub, Inc.\\n\\nYou can\\u2019t perform that action at this time.\\n\\n\", \"frontpage\": false}"}
