{"value":"{\"aid\": \"40228713\", \"title\": \"How to Build Successful Business Cases as a Data Engineer\", \"url\": \"https://datagibberish.com/p/data-engineering-business-case\", \"domain\": \"datagibberish.com\", \"votes\": 2, \"user\": \"ivanovyordan\", \"posted_at\": \"2024-05-01 20:10:33\", \"comments\": 0, \"source_title\": \"How To Build Successful Business Cases as a Data Engineer\", \"source_text\": \"How To Build Successful Business Cases as a Data Engineer\\n\\n# Data Gibberish\\n\\nShare this post\\n\\n#### How To Build Successful Business Cases as a Data Engineer\\n\\ndatagibberish.com\\n\\n# How To Build Successful Business Cases as a Data Engineer\\n\\n### Your guide to crafting winning arguments for impactful data-driven\\ndecisions\\n\\nYordan Ivanov\\n\\nMay 01, 2024\\n\\n13\\n\\nShare this post\\n\\n#### How To Build Successful Business Cases as a Data Engineer\\n\\ndatagibberish.com\\n\\n2\\n\\nShare\\n\\nAre you tired of your brilliant project ideas getting lost in translation or\\nfalling on deaf ears? As a data engineer, you may often struggle to secure the\\nresources and support you need to bring your vision to life. Well, buckle up\\nbecause I'm about to share a game-changing secret with you: the art of\\nbuilding a rock-solid business case.\\n\\nIn this article, you will master the craft of creating winning business cases.\\nYou will explore why a strong business case is your secret weapon, break down\\nthe essential steps to build one, and arm you with tips and tricks to make\\nyour proposal irresistible.\\n\\nOh, I almost forgot! A completed business case template is available at the\\nend of the article.\\n\\nSo, let's dive in and unlock the power of persuasion! As you read the article,\\nfeel free to pause and reflect on how each step applies to your projects. This\\ninteractive approach will help you internalise and apply the concepts more\\neffectively.\\n\\nReading time: 12 minutes\\n\\nThanks for reading Data Gibberish! Subscribe for free to receive new posts and\\nsupport my work.\\n\\n##\\n\\n\\ud83d\\uddbc\\ufe0f Step #1: Background\\n\\nThis section is your chance to grab your stakeholders' attention. In a few\\nshort paragraphs, outline the purpose of your business case, the problem it\\nsolves, and the proposed solution. Show how your project fits with the\\ncompany's goals.\\n\\nSo, how do you craft a background section that leaves your stakeholders\\nwanting more? Start by putting yourself in their shoes. What are their pain\\npoints? What keeps them up at night? Use your insight to frame your project as\\nthe answer to their prayers.\\n\\nTo write an excellent overview, consider what's important to your\\nstakeholders. Frame your project as the answer to their needs. Be clear and\\nfocus on the value your project brings. If you do this well, your stakeholders\\nwill want to read more.\\n\\nCheck these two examples. Which one is better?\\n\\n> Our Pandas data pipelines suck. They are too slow. I propose to rebuild them\\n> using Spark\\n\\nor\\n\\n> By migrating our data to a scalable and efficient platform, we can reduce\\n> processing time by 30%, enabling faster decision-making and increasing\\n> customer satisfaction.\\n\\nSee the difference? In the second example, you outline the project and tie it\\nto a larger business objective.\\n\\nThe background section is your chance to make a stellar first impression. So,\\nmake it count! Be concise, compelling, and laser-focused on the value your\\nproject brings.\\n\\n##\\n\\n\\ud83d\\udd25 Step #2: Problem Statement\\n\\nNow that you've hooked your stakeholders with a killer overview, it's time to\\ndive into the problem statement. This is where you show your understanding of\\nthe challenges your company faces. It's your chance to position your data\\nengineering project as the solution.\\n\\nTo write a strong problem statement, clearly define the problem or opportunity\\nyour project addresses. Are there issues with your data systems? Are you\\nhaving trouble with data quality or scaling? Use specific examples to show the\\nreal impact of these challenges on the business.\\n\\nDon't just stop at a high-level description \\u2013 use specific examples to\\nillustrate the real-world impact of these challenges. Here\\u2019s a short example\\nof a problem statement:\\n\\n> Our current data pipeline takes 8 hours to complete, resulting in delayed\\n> reporting and missed opportunities for timely decision-making. This has led\\n> to a 15% drop in customer satisfaction scores and a 10% increase in customer\\n> churn.\\n\\nProviding concrete examples makes the problem tangible and relatable to your\\nstakeholders. They can see the direct link between the technical challenges\\nand the business outcomes they care about.\\n\\nBut don't just focus on the problem. Use the problem statement to introduce\\nyour proposed solution. Hint at how your project solves these issues and leads\\nto a better future.\\n\\nThe problem statement is your chance to create a sense of urgency. You must\\nconvince your stakeholders that maintaining the status quo is not an option.\\n\\nMake the problem clear and connect it to business outcomes. This will make\\nyour stakeholders eager to hear about your solution.\\n\\n##\\n\\n\\ud83d\\udcc5 Step #3: Project Description\\n\\nIn this section, you dive into the details of your proposed solution. Here,\\nyou need to show them exactly how you plan to solve the problems you outlined.\\n\\nStart by defining the scope of your project. What are the boundaries of your\\nsolution? What data systems and technologies do you plan to use? Be specific\\nso your stakeholders understand what's involved and what resources you'll\\nneed.\\n\\nNext, explain the technical approach. Describe the architecture of your\\nsolution, including data flows and critical processes. Use diagrams to make it\\neasy to understand.\\n\\nBut don't just focus on the technical details \\u2013 tie them back to the business\\nbenefits. For example, you could say\\n\\n> By implementing a distributed data processing framework, we can parallelise\\n> our data pipelines and reduce processing time from 8 to 2 hours. This will\\n> empower business users to make data-driven decisions faster.\\n\\nInclude the project timeline and milestones. Your stakeholders want to know\\nhow long this should take and what they can expect along the way.\\n\\nBreak your project into phases and highlight the deliverables at each stage.\\nThis will give stakeholders a sense of progress and help them plan.\\n\\n> Phase 1 will focus on data ingestion and storage and is targeted to be\\n> completed in 3 months. By the end of this phase, we will have a centralised\\n> data lake in place, ready to support the subsequent stages of the project.\\n\\nThe project description is your chance to showcase your expertise and excite\\nyour stakeholders about the possibilities. Use clear language, compelling\\nexamples, and visual aids to make your solution come to life. By the end of\\nthis section, your stakeholders should be excited to see your vision become\\nreality.\\n\\nThank you for reading Data Gibberish. This post is public so feel free to\\nshare it.\\n\\nShare\\n\\n##\\n\\n\\ud83e\\udded Step #4 Strategic Alignment\\n\\nIn this section, show your stakeholders how your project fits into the big\\npicture and demonstrate that you understand the company's broader goals.\\n\\nSo, how do you make strategic alignment crystal clear? Connect your data\\nengineering project to the company's key objectives. Are you supporting\\ndigital transformation? Improving customer experience? Boosting efficiency?\\n\\nStart by identifying the specific business objectives that your project\\nsupports. For example, you could say:\\n\\n> This project aligns with our strategic goal of becoming a data-driven\\n> organisation by modernising our data infrastructure. It will enable us to\\n> harness the power of our data assets, gain deeper insights into customer\\n> behaviour, and make informed decisions that drive business growth.\\n\\nBut don't just stop at a high-level statement \\u2013 dive into the details. Show\\nhow your project will drive progress on company objectives. Use metrics and\\nKPIs to quantify the expected impact and make it tangible for your\\nstakeholders.\\n\\nFeel free to think big and showcase how your project can give your\\norganisation a competitive advantage. Highlight how your solution\\ndifferentiates your company and position it for long-term success.\\n\\nTie your project to the company's strategic objectives and show its concrete\\nimpact. This makes a strong case for why your project deserves to be approved.\\n\\n##\\n\\n\\ud83e\\udd11 Step #5: Benefits and ROI\\n\\nIt's time to discuss the bottom line\\u2014your project's benefits and ROI. In this\\nsection, demonstrate the concrete value your project will deliver. Quantify\\nthe expected cost savings, revenue growth, and risk reduction benefits.\\n\\nBut how do you go about putting a number on those benefits? Use data and\\nanalytics to support your claims. Look at the metrics that matter most to your\\ncompany and show how your project can improve them.\\n\\nFor example, if you're proposing a data pipeline optimisation project, you\\ncould say:\\n\\n> By streamlining our data processing, we expect a 30% reduction in processing\\n> time, saving $50,000 per year in infrastructure and personnel costs.\\n\\nBut don't just focus on cost savings. Consider how your project would drive\\nrevenue growth, too. This will help stakeholders understand the financial\\nimpact and plan accordingly.\\n\\n> This project will empower our sales team to identify high-value leads and\\n> tailor their pitches accordingly. We estimate a 15% increase in conversion\\n> rates, resulting in an additional $200,000 in annual revenue.\\n\\nBy the end of this section, your stakeholders should be eager to give you the\\ngreen light and see those benefits come to life.\\n\\n##\\n\\n\\ud83d\\udcb8 Step #6: Cost Estimate\\n\\nIt's time to discuss the elephant in the room\\u2014the cost of your project. In\\nthis section, your cost estimates need to be clear, detailed, and justified.\\nYour stakeholders want to know precisely what they're signing up for and how\\nmuch it costs.\\n\\nProvide a full breakdown of all the costs for your project. Include hardware,\\nsoftware, personnel, and any other resources you need.\\n\\nJustify each cost by linking it to specific project activities and\\ndeliverables. Don't just list numbers. Explain why each cost is necessary.\\n\\nA bad example of a cost estimate is:\\n\\n> Data processing platform: $100,000.\\n\\nThis one is far better:\\n\\n> We need a scalable data processing platform to support the increased data\\n> volume. We recommend Platform X, which costs $100,000. This includes\\n> installation, configuration, and training for our team.\\n\\nThanks for reading Data Gibberish! Subscribe for free to receive new posts and\\nsupport my work.\\n\\nHere's a pro tip \\u2013 Consider using a phased approach to show how costs will be\\nspread over time. This helps stakeholders understand the financial impact and\\nallows them to plan accordingly.\\n\\nFor instance, you could say:\\n\\n> The total project cost is estimated at $50,000, broken into three phases.\\n> Phase 1, which focuses on data ingestion and storage, will require an\\n> investment of $20,000 in the first quarter. Phase 2, which involves data\\n> processing and analytics, will cost $15,000 and span the second and third\\n> quarters. Finally, Phase 3, which includes data visualisation and reporting,\\n> will require $15,000 in the fourth quarter.\\n\\nBy providing a phased breakdown, you give your stakeholders a clear picture of\\nthe financial commitments and help them allocate resources effectively.\\n\\nBe transparent and build trust with your stakeholders. Justify your expenses\\nand use a phased approach to make the financial impact manageable. By the end\\nof this section, your stakeholders should know what they're investing in and\\nwhy it's worth it.\\n\\n##\\n\\n\\u2602\\ufe0f Step #7: Risk Assessment and Mitigation\\n\\nIn this section, you'll address your project's potential risks. Identify risks\\nand present solid plans to handle them. This will show your stakeholders that\\nyou're realistic and ready to tackle challenges.\\n\\nPut on your risk management hat and think critically about the potential\\nobstacles that could derail your project. Consider technical challenges, data\\nsecurity concerns, and dependencies on external vendors.\\n\\nAssess the likelihood and impact of each risk and provide clear, actionable\\nsteps to mitigate it. For example, one of the risks you've identified is the\\npotential for data quality issues during the migration process.\\n\\nDon't just say:\\n\\n> Data quality issues may occur.\\n\\nInstead, dive into the specifics and present a plan. You could say something\\nlike:\\n\\n> Due to the complexity of the data sources, there is a medium risk of data\\n> quality issues arising during the migration process. To mitigate this risk,\\n> we will implement a robust data validation framework that includes automated\\n> data quality checks, data profiling, and manual spot checks. We will also\\n> allocate a dedicated data quality assurance team to monitor the migration\\n> process and address any issues promptly.\\n\\nAddress any assumptions or constraints that could affect your project's\\nsuccess. Be transparent about the factors you're relying on and the\\nlimitations you're working within.\\n\\n> This project assumes that the source systems will be available for data\\n> extraction during the designated migration window. Any unforeseen outages or\\n> delays could impact the project timeline. To mitigate this risk, we will\\n> work closely with the system owners to ensure proper communication and\\n> contingency plans are in place.\\n\\nBy acknowledging assumptions and constraints, you show your stakeholders that\\nyou've considered all angles of the project and are prepared to adapt as\\nneeded.\\n\\nBe thorough, specific, and ready to tackle any challenge. By the end of this\\nsection, your stakeholders should have confidence in your ability to handle\\nrisks and deliver success.\\n\\n##\\n\\n\\ud83d\\udea7 Step #8: Implementation Plan\\n\\nIn this section, create a clear plan demonstrating your project management\\nskills and covering all the bases.\\n\\nExplain the project management approach you'll use. Describe how it will help\\nyou deliver the project efficiently.\\n\\nDefine the project team structure. Outline each team member's roles and\\nresponsibilities. Show how their skills align with the project's needs.\\n\\nProvide a detailed timeline with key milestones and deliverables. Break the\\nproject into manageable phases. Assign clear owners and due dates for each\\ntask.\\n\\nDescribe your communication and reporting plan. Explain how you'll keep\\nstakeholders informed of progress and issues. Set expectations for regular\\nstatus updates and meetings.\\n\\nOutline your change management approach. Identify the groups impacted by your\\nproject. Describe how you'll prepare them for the changes and ensure a smooth\\ntransition.\\n\\nAnd that wraps up your business case. Now, let me give you some more tips and\\ntricks.\\n\\nLeave a comment\\n\\n##\\n\\n\\ud83e\\udd13 Tips and Tricks\\n\\n###\\n\\nSell Your Project Upfront \\ud83d\\udd5b\\n\\nYou can't just throw a business case at your boss and expect them to accept\\nit. You need to sell your work to them before presenting the document. Tell\\nthem about it long before the implementation time comes. The business case\\nshould be your last step in the \\u201cselling\\u201d process, not the first one. Make\\nsure what you want makes sense.\\n\\n###\\n\\nIt\\u2019s Not About You \\ud83d\\udc5e\\n\\nForget about all the fancy tech. Demonstrate how your project aligns with the\\nbroader strategic goals of the organisation. C-level executives are always\\nlooking for how specific projects can fit into the larger picture of the\\ncompany's future. Put yourself in decision makers\\u2019 shoes to craft a compelling\\nbusiness case.\\n\\n###\\n\\nKeep It Concise and Direct \\ud83d\\ude80\\n\\nWhile details are necessary, keep your document concise and to the point.\\nHigh-level managers often prefer high-level summaries with the option to delve\\ninto more information if required. I rarely have a document over 5 pages; most\\ndon\\u2019t exceed 3 pages.\\n\\n##\\n\\n\\ud83c\\udfc1 Summary\\n\\nBuilding a winning business case is crucial for getting your data engineering\\nprojects approved and funded. Following the critical sections outlined in this\\narticle can create compelling proposals that resonate with your stakeholders.\\n\\nRemember to start with a solid executive summary that grabs attention and\\nhighlights the value of your project. Clearly define your problem and how your\\nsolution aligns with business goals. Provide a detailed project description,\\ncost estimate, and implementation plan to show you've thought through every\\naspect. Remember to address risks and define success metrics to build trust\\nand confidence.\\n\\nSo, what's next? It's time to put your newfound knowledge into action. To help\\nyou get started, I've created a handy example that you can use as a guide for\\nyour next business case.\\n\\nGet Your Business Case Now\\n\\nBy mastering the art of business case development, you'll be able to secure\\nthe resources and support you need to drive impactful data engineering\\ninitiatives.\\n\\n##\\n\\n\\ud83d\\udcda Picks of the Week\\n\\n  * Your business case is great. Stakeholders agree you should work on it. But they want you to prioritise something you hate first. What do you do? Read this great piece by\\n\\nAmy Mitchell\\n\\n. (link)\\n\\n  * Julien Hurault\\n\\ncame up with a crazy idea to use Snowflake as an expensive supercharged\\nLambda. (link)\\n\\n  * Are you looking for a new BI tool? Olga from\\n\\nData Analysis Journal\\n\\nlisted some interesting data viz tools, and I personally would love to test\\nsome of the newer ones. (link)\\n\\n##\\n\\n\\ud83d\\ude0d How Am I Doing?\\n\\nI love hearing from readers and am always looking for feedback. How am I doing\\nwith Data Gibberish? Is there anything you\\u2019d like to see more or less of*?\\nWhich aspects of the newsletter do you enjoy the most?*\\n\\nHit the \\u2764\\ufe0f button or share it with a friend or coworker.\\n\\n### Subscribe to Data Gibberish\\n\\nBy Yordan Ivanov\\n\\nLearn valuable DataOps skills through actionable frameworks delivered to your\\ninbox every week.\\n\\n13 Likes\\n\\n13\\n\\nShare this post\\n\\n#### How To Build Successful Business Cases as a Data Engineer\\n\\ndatagibberish.com\\n\\n2\\n\\nShare\\n\\n2 Comments\\n\\nAmy MitchellProduct Management IRL9 hrs agoLiked by Yordan IvanovHere is a\\nlink to the article https://open.substack.com/pub/amycmitchell/p/rising-to-\\nthe-challenge-of-a-high?r=dzfx1&utm_medium=iosThere is an example 1-pager to\\nset up a business case.Thanks for the shout out!Expand full commentLike\\n(1)ReplyShare  \\n---  \\n  \\n1 reply by Yordan Ivanov\\n\\n1 more comment...\\n\\nHow I Interview Data Engineers\\n\\nHere\\u2019s what you want to do if you want to work with me\\n\\nDec 13, 2023 \\u2022\\n\\nYordan Ivanov\\n\\n15\\n\\nShare this post\\n\\n#### How I Interview Data Engineers\\n\\ndatagibberish.com\\n\\nAWS for Data Engineers: Conquer the Cloud in 90 Days\\n\\nA 30-60-90 plan to kickstart your cloud journey with key AWS tools\\n\\nApr 17 \\u2022\\n\\nYordan Ivanov\\n\\n36\\n\\nShare this post\\n\\n#### AWS for Data Engineers: Conquer the Cloud in 90 Days\\n\\ndatagibberish.com\\n\\n6\\n\\nSelf-Service BI Is a Lie: 3 Problems You Can Resolve Today And Improve It\\n\\nEnhancing collaboration between data teams and stakeholders\\n\\nApr 3 \\u2022\\n\\nYordan Ivanov\\n\\n22\\n\\nShare this post\\n\\n#### Self-Service BI Is a Lie: 3 Problems You Can Resolve Today And Improve It\\n\\ndatagibberish.com\\n\\nReady for more?\\n\\n\\u00a9 2024 Yordan Ivanov\\n\\nPrivacy \\u2219 Terms \\u2219 Collection notice\\n\\nStart WritingGet the app\\n\\nSubstack is the home for great culture\\n\\nShare\\n\\n## Create your profile\\n\\n## Only paid subscribers can comment on this post\\n\\nAlready a paid subscriber? Sign in\\n\\n#### Check your email\\n\\nFor your security, we need to re-authenticate you.\\n\\nClick the link we sent to , or click here to sign in.\\n\\n\", \"frontpage\": false}"}
