{"value":"{\"aid\": \"40231786\", \"title\": \"The wild rise of Zillow Gone Wild\", \"url\": \"https://www.washingtonpost.com/home/2024/04/29/wild-rise-zillow-gone-wild/\", \"domain\": \"washingtonpost.com\", \"votes\": 1, \"user\": \"racional\", \"posted_at\": \"2024-05-02 01:30:42\", \"comments\": 0, \"source_title\": \"The wild rise of Zillow Gone Wild\", \"source_text\": \"The wild rise of Zillow Gone Wild - The Washington Post\\n\\nThe Home You Own\\n\\n# The wild rise of Zillow Gone Wild\\n\\n## Samir Mezrahi posted his first outrageous house in 2020. Now he has 4\\nmillion followers and an HGTV show on the way.\\n\\nBy Rachel Kurzius\\n\\nApril 29, 2024 at 6:00 a.m. EDT\\n\\nSamir Mezrahi runs Zillow Gone Wild from a drab Long Island office that he\\nrefers to as his \\u201cbunker.\\u201d Each morning, he sifts through his inbox for wild-\\nenough houses, then gets to work building posts around them. (Kelly Marshall\\nfor The Washington Post)\\n\\nListen\\n\\n11 min\\n\\nShare\\n\\nComment\\n\\nSave\\n\\nOn a sunny Monday afternoon, Samir Mezrahi is in a windowless room, toggling\\nbetween his multiple inboxes, when he spots one particularly promising subject\\nline: \\u201cBoob home in Florida.\\u201d\\n\\nHe clicks on the real estate listing, which came from a follower. The geodesic\\ndomes that make up the $500,000 Melbourne, Fla., house do indeed resemble a\\nbosom. But is that enough for Mezrahi to post the home on Zillow Gone Wild?\\n\\n### More from The Home You Own\\n\\nThe Home You Own is here to help you make sense of the home you live in.\\n\\nDIYs you can actually do yourself: Don\\u2019t be intimidated by those home\\nprojects. Consider which renovations add the most value to your home\\n(including the kitchen and bathroom), what you can actually get done in a\\nweekend, and everything in between.\\n\\nYour home + climate change: Whether you\\u2019re trying to prepare your home for an\\nelectric vehicle or want to start composting, we\\u2019re here to help you live more\\nsustainably.\\n\\nPlants and pets: Your furry friends and greenery add more life to your spaces.\\nFor your green thumb, find tips for saving money on houseplants and how to\\nkeep your plants alive longer. Pets can make a house a home, but stopping your\\ncats from scratching the furniture isn\\u2019t always easy.\\n\\nKeeping your home clean and organized: We breakdown the essential cleaning\\nsupplies you need, and point out the 11 germy spots that are often overlooked.\\nPlus, hear hacks from professional organizers on maximizing counter space,\\n\\nMaintaining your home: Necessary home maintenance can save your thousands in\\nthe long run. From gutter cleaning and preparing your fireplace for winter, to\\nwhat to do if your basement floods.\\n\\nContact us: Looking to buy your first home? Do you have questions about home\\nimprovement or homeownership? We\\u2019re here to help with your next home project.\\n\\nShow more\\n\\nwashingtonpost.com \\u00a9 1996-2024 The Washington Post\\n\\n  * washingtonpost.com\\n  * \\u00a9 1996-2024 The Washington Post\\n\\n\", \"frontpage\": false}"}
