{"value":"{\"aid\": \"40231060\", \"title\": \"Boeing's deliberately defective fleet of flying sky-wreckage\", \"url\": \"https://pluralistic.net/2024/05/01/boeing-boeing/#mrsa\", \"domain\": \"pluralistic.net\", \"votes\": 5, \"user\": \"unclebucknasty\", \"posted_at\": \"2024-05-01 23:49:25\", \"comments\": 0, \"source_title\": \"Pluralistic: Boeing's deliberately defective fleet of flying sky-wreckage (01 May 2024)\", \"source_text\": \"Pluralistic: Boeing\\u2019s deliberately defective fleet of flying sky-wreckage (01\\nMay 2024) \\u2013 Pluralistic: Daily links from Cory Doctorow\\n\\nSkip to content\\n\\nPluralistic: Daily links from Cory Doctorow\\n\\nNo trackers, no ads. Black type, white background. Privacy policy: we don't\\ncollect or retain any data at all ever period.\\n\\n# Pluralistic: Boeing's deliberately defective fleet of flying sky-wreckage\\n(01 May 2024)\\n\\n# Today's links\\n\\n  * Boeing's deliberately defective fleet of flying sky-wreckage: Nothing good has the acronym 'MRSA.'\\n  * Hey look at this: Delights to delectate.\\n  * This day in history: 2004, 2009, 2014, 2019, 2023\\n  * Upcoming appearances: Where to find me.\\n  * Recent appearances: Where I've been.\\n  * Latest books: You keep readin' em, I'll keep writin' 'em.\\n  * Upcoming books: Like I said, I'll keep writin' 'em.\\n  * Colophon: All the rest.\\n\\n# Boeing's deliberately defective fleet of flying sky-wreckage (permalink)\\n\\nBoeing's 787 \\\"Dreamliner\\\" is manufactured far from the company's Seattle\\nfacility, in a non-union shop in Charleston, South Carolina. At that shop,\\nthere is a cage full of defective parts that have been pulled from production\\nbecause they are not airworthy.\\n\\nHundreds of parts from that Material Review Segregation Area (MRSA) were\\nsecretly pulled from that cage and installed on aircraft that are currently\\nplying the world's skies. Among them, sections 47/48 of a 787 \\u2013 the last four\\nrows of the plane, along with its galley and rear toilets. As Moe Tkacik\\nwrites in her excellent piece on Boeing's lethally corrupt culture of\\nfinancialization and whistleblower intimidation, this is a big ass chunk of an\\nairplane, and there's no way it could go missing from the MRSA cage without a\\nlot of people knowing about it:\\n\\nhttps://prospect.org/infrastructure/transportation/2024-04-30-whistleblower-\\nlaws-protect-lawbreakers/\\n\\nMore: MRSA parts are prominently emblazoned with red marks denoting them as\\ndefective and unsafe. For a plane to escape Boeing's production line and find\\nits way to a civilian airport near you with these defective parts installed,\\nmany people will have to see and ignore this literal red flag.\\n\\nThe MRSA cage was a special concern of John \\\"Swampy\\\" Barnett, the Boeing\\nwhistleblower who is alleged to have killed himself in March. Tkacik's earlier\\nprofile of Swampy paints a picture of a fearless, stubborn engineer who\\nrefused to go along to get along, refused to allow himself to become inured to\\nBoeing's growing culture of profits over safety:\\n\\nhttps://prospect.org/infrastructure/transportation/2024-03-28-suicide-mission-\\nboeing/\\n\\nBoeing is America's last aviation company and its single largest exporter.\\nAfter the company was allowed to merge with its rival McDonnell-Douglas in\\n1997, the combined company came under MDD's notoriously financially oriented\\nmanagement culture. MDD CEO Harry Stonecipher became Boeing's CEO in the early\\n2000s. Stonecipher was a protege of Jack Welch, the man who destroyed General\\nElectric with cuts to quality and workforce and aggressive union-busting, a\\nclassic Mafia-style \\\"bust-out\\\" that devoured the company's seed corn and left\\nit a barren wasteland:\\n\\nhttps://qz.com/1776080/how-the-mcdonnell-douglas-boeing-merger-led-to-\\nthe-737-max-crisis\\n\\nPost-merger, Boeing became increasingly infected with MDD's culture. The\\ncompany chased cheap, less-skilled labor to other countries and to America's\\ngreat onshore-offshore sacrifice zone, the \\\"right-to-work\\\" American south,\\nwhere bosses can fire uppity workers who balked at criminal orders, without\\nthe hassle of a union grievance.\\n\\nStonecipher was succeeded by Jim \\\"Prince Jim\\\" McNerney, ex-3M CEO, another\\nJack Welch protege (Welch spawned a botnet of sociopath looters who seized\\ncontrol of the country's largest, most successful firms, and drove them into\\nthe ground). McNerney had a cute name for the company's senior engineers:\\n\\\"phenomenally talented assholes.\\\" He created a program to help his managers\\nforce these skilled workers \\u2013 everyone a Boeing who knew how to build a plane\\n\\u2013 out of the company.\\n\\nMcNerney's big idea was to get rid of \\\"phenomenally talented assholes\\\" and\\noutsource the Dreamliner's design to Boeing's suppliers, who were utterly\\ndependent on the company and could easily be pushed around (McNerney didn't\\ncare that most of these companies lacked engineering departments). This\\nresulted in a $80b cost overrun, and a last-minute scramble to save the 787 by\\nshipping a \\\"cleanup crew\\\" from Seattle to South Carolina, in the hopes that\\nthose \\\"phenomenally talented assholes\\\" could save McNerney's ass.\\n\\nSwampy was part of the cleanup crew. He was terrified by what he saw there.\\nBoeing had convinced the FAA to let them company perform its own inspections,\\nreplacing independent government inspectors with Boeing employees. The company\\nwould mark its own homework, and it swore that it wouldn't cheat.\\n\\nBoeing cheated. Swampy dutifully reported the legion of safety violations he\\nwitnessed and was banished to babysit the MRSA, an assignment his managers\\nviewed as a punishment that would isolate Swampy from the criminality he\\nrefused to stop reporting. Instead, Swampy audited the MRSA, and discovered\\nthat at least 420 defective aviation components had gone missing from the\\ncage, presumably to be installed in planes that were behind schedule. Swampy\\nthen audited the keys to the MRSA and learned that hundreds of keys were\\n\\\"floating around\\\" the Charleston facility. Virtually anyone could liberate a\\ndefective part and install it into an airplane without any paper trail.\\n\\nSwampy's bosses had a plan for dealing with this. They ordered Swampy to\\n\\\"pencil whip\\\" the investigations of 420 missing defective components and close\\nthe cases without actually figuring out what happened to them. Swampy refused.\\n\\nInstead, Swampy took his concerns to a departmental meeting where 12 managers\\nwere present and announced that \\\"if we can\\u2019t find them, any that we can\\u2019t\\nfind, we need to report it to the FAA.\\\" The only response came from a\\nsupervisor, who said, \\\"We\\u2019re not going to report anything to the FAA.\\\"\\n\\nThe thing is, Swampy wasn't just protecting the lives of the passengers in\\nthose defective aircraft \\u2013 he was also protecting Boeing employees. Under Sec\\n38 of the US Criminal Code, it's a 15-year felony to make any \\\"materially\\nfalse writing, entry, certification, document, record, data plate, label, or\\nelectronic communication concerning any aircraft or space vehicle part.\\\"\\n\\n(When Swampy told a meeting that he took this seriously because \\\"the paperwork\\nis just as important as the aircraft\\\" the room erupted in laughter.)\\n\\nSwampy sent his own inspectors to the factory floor, and they discovered\\n\\\"dozens of red-painted defective parts installed on planes.\\\"\\n\\nSwampy blew the whistle. How did the 787 \\u2013 and the rest of Boeing's defective\\nflying turkeys \\u2013 escape the hangar and find their way into commercial\\nairlines' fleets? Tkacik blames a 2000 whistleblower law called AIR21 that:\\n\\n> creates such byzantine procedures, locates adjudication power in such an\\n> outgunned federal agency, and gives whistleblowers such a narrow chance of\\n> success that it effectively immunizes airplane manufacturers, of which there\\n> is one in the United States, from suffering any legal repercussions from the\\n> testimony of their own workers.\\n\\nBy his own estimation, Swampy was ordered to commit two felonies per week for\\nsix years. Tkacik explains that this kind of operation relies on a culture of\\nignorance \\u2013 managers must not document their orders, and workers must not be\\nmade aware of the law. Whistleblowers like Swampy, who spoke the unspeakable,\\nwere sidelined (an assessment by one of Swampy's managers called him \\\"one of\\nthe best\\\" and finished that \\\"leadership would give hugs and high fives all\\naround at his departure\\\").\\n\\nMultiple whistleblowers were singled out for retaliation and forced departure.\\nWilliam Hobek, a quality manager who refused to \\\"pencil whip\\\" the missing,\\nmassive 47-48 assembly that had wandered away from the MRSA cage, was given a\\n\\\"weak\\\" performance review and fired despite an HR manager admitting that it\\nwas bogus.\\n\\nAnother quality manager, Cynthia Kitchens, filed an ethics complaint against\\nmanager Elton Wright who responded to her persistent reporting of defects on\\nthe line by shoving her against a wall and shouting that Boeing was \\\"a good\\nol\\u2019 boys\\u2019 club and you need to get on board.\\\" Kitchens was fired in 2016. She\\nhad cancer at the time.\\n\\nJohn Woods, yet another quality engineer, was fired after he refused to sign\\noff on a corner-cutting process to repair a fuselage \\u2013 the FAA later backed up\\nhis judgment.\\n\\nThen there's Sam Salehpour, the 787 quality engineer whose tearful\\nCongressional testimony described more corner-cutting on fuselage repairs:\\n\\nhttps://www.youtube.com/watch?v=PP0xhIe1LFE\\n\\nSalehpour's boss followed the Boeing playbook to the letter: Salehpour was\\nconstantly harangued and bullied, and he was isolated from colleagues who\\nmight concur with his assessment. When Salehpour announced that he would give\\nCongressional testimony, his car was sabotaged under mysterious circumstances.\\n\\nIt's a playbook. Salehpour's experience isn't unusual at Boeing. Two other\\nengineers, working on the 787 Organization Designation Authorization, held up\\nproduction by insisting that the company fix the planes' onboard navigation\\ncomputers. Their boss gave them a terrible performance review, admitting that\\ntop management was furious at the delays and had ordered him to punish the\\nengineers. The engineers' union grievance failed, with Boeing concluding that\\nthis conduct \\u2013 which they admitted to \\u2013 didn't rise to the level of\\nretaliation.\\n\\nAs Tkacik points out, these engineers and managers that Boeing targeted for\\nintimidation and retaliation are the very same staff who are supposed to be\\nperforming inspections of behalf of the FAA. In other words, Boeing has spent\\nyears attacking its own regulator, with total impunity.\\n\\nBut it's not just the FAA who've failed to take action \\u2013 it's also the DOJ,\\nwho have consistently declined to bring prosecutions in most cases, and who\\nsettled the rare case they did bring with \\\"deferred prosecution agreements.\\\"\\nThis pattern was true under Trump's DOJ and continued under Biden's tenure.\\nBiden's prosecutors have been so lackluster that a federal judge \\\"publicly\\nrebuked the DOJ for failing to take seriously the reputational damage its\\nconduct throughout the Boeing case was inflicting on the agency.\\\"\\n\\nMeanwhile, there's the AIR21 rule, a \\\"whistleblower\\\" rule that actually\\nprotects Boeing from whistleblowers. Under AIR21, an aviation whistleblower\\nwho is retaliated against by their employer must first try to resolve their\\nproblem internally. If that fails, the whistleblower has only one course of\\naction: file an OSHA complaint within 90 days (if HR takes more than 90 days\\nto resolve your internal complaint, you can no have no further recourse). If\\nyou manage to raise a complaint with OSHA, it is heard by a secret tribunal\\nthat has no subpoena power and routinely takes five years to rule on cases,\\nand rules against whistleblowers 97% of the time.\\n\\nBoeing whistleblowers who missed the 90-day cutoff have filled the South\\nCarolina courts with last-ditch attempts to hold the company to account. When\\nthey lose these cases \\u2013 as is routine, given Boeing's enormous legal muscle\\nand AIR21's legal handcuffs \\u2013 they are often ordered to pay Boeing's legal\\ncosts.\\n\\nTkacik cites Swampy's lawyer, Rob Turkewitz, who says Swampy was the only one\\nof Boeing's whistleblowers who was \\\"savvy, meticulous, and fast-moving enough\\nto bring an AIR 21 case capable of jumping through all the hoops\\\" to file an\\nAIR21 case, which then took seven years. Turkewitz calls Boeing South Carolina\\n\\\"a criminal enterprise.\\\"\\n\\nThat's a conclusion that's hard to argue with. Take Boeing's excuse for not\\nproducing the documentation of its slapdash reinstallation of the Alaska Air\\ndoor plug that fell off its plane in flight: the company says it's not\\ncriminally liable for failing to provide the paperwork, because it never\\ndocumented the repair. Not documenting the repair is also a crime.\\n\\nYou might have heard that there's some accountability coming to the Boeing\\nboardroom, with the ouster of CEO David Calhoun. Calhoun's likely successor is\\nPatrick Shanahan, whom Tkacik describes as \\\"the architect of the ethos that\\ngoverned the 787 program\\\" and whom her source called \\\"a classic schoolyard\\nbully.\\\"\\n\\nIf Shanahan's name rings a bell, it might be because he was almost Trump's\\nSecretary of Defense, but that was derailed by the news that he had\\n\\\"emphatically defended\\\" his 17 year old son after the boy nearly beat his\\nmother to death with a baseball bat. Shanahan is presently CEO of Spirit\\nAerospace, who made the door-plug that fell out of the Alaska Airlines 737\\nMax.\\n\\nBoeing is a company where senior managers only fail up and where\\nwhistleblowers are terrorized in and out of the workplace. One of Tkacik's\\nsources noticed his car shimmying. The source, an ex-787 worker who'd been\\nfired after raising safety complaints, had tried to bring an AIR21 complaint,\\nbut withdrew it out of fear of being bankrupted if he was ordered to pay\\nBoeing's legal costs. When the whistleblower pulled over, he discovered that\\ntwo of the lug-nuts had been removed from one of his wheels.\\n\\nThe whistleblower texted Tkcacik to say (not for the first time): \\\"If anything\\nhappens, I'm not suicidal.\\\"\\n\\nBoeing is a primary aerospace contractor to the US government. It's clear that\\nits management \\u2013 and investors \\u2013 consider it too big to jail. It's also clear\\nthat they know it's too big to fail \\u2013 after all, the company did a $43b stock\\nbuyback, then got billions in a publicly funded buyback.\\n\\nBoeing is, effectively, a government agency that is run for the benefit of its\\ninvestors. It performs its own safety inspections. It investigates its own\\ncriminal violations of safety rules. It loots its own coffers and then refills\\nthem at public expense.\\n\\nMeanwhile, the company has filled our skies with at least 420 airplanes with\\ndefective, red-painted parts that were locked up in the MRSA cage, then snuck\\nout and fitted to an airplane that you or someone you love could fly on the\\nnext time you take your family on vacation or fly somewhere for work.\\n\\n(Image: Tom Axford 1, CC BY-SA 4.0; Clemens Vasters, CC BY 2.0; modified)\\n\\n# Hey look at this (permalink)\\n\\n  * When writers get stuck http://dreamcafe.com/2024/04/30/when-writers-get-stuck/\\n\\n  * Machines and tools https://crookedtimber.org/2024/05/01/52657/\\n\\n  * Fallout Cyberdeck https://hackaday.io/project/195667-fallout-cyberdeck (h/t JWZ)\\n\\n# This day in history (permalink)\\n\\n#20yrsago MIT Tech Review makes a fool out of Jack Valenti\\nhttps://web.archive.org/web/20040529210502/www-\\ntech.mit.edu/V124/N20/ValentiIntervie.20f.html\\n\\n#15yrsago Shatnerquake: bizarro novel about every Shatner character sucked\\ninto reality to hunt down William Shatner\\nhttps://www.toplessrobot.com/2009/04/william_shatner_william_shatner_william_shatner.php\\n\\n#15yrsago US Trade Rep lies about Canadian piracy\\nhttps://web.archive.org/web/20090503075121/http://www.michaelgeist.ca/content/view/3912/125/\\n\\n#15yrsago Why neutrality is more important than connection speeds\\nhttps://isen.com/blog/2009/04/broadband-without-internet-ain-worth.html\\n\\n#10yrsago Every 27 seconds, Canadian telcos hand over subscriber data to cops\\n(mostly without a warrant) https://www.michaelgeist.ca/2014/04/telco-\\ndisclosures/\\n\\n#10yrsago Smooth sales-patter from Union Square\\u2019s Gentleman Peeler\\nhttps://www.youtube.com/watch?v=HCUct4NlxE0\\n\\n#5yrsago Serpent profiteers: how a summer camp snakebite turned into a\\n$142,938 medical bill https://www.npr.org/sections/health-\\nshots/2019/04/29/717467217/summer-bummer-a-young-campers-142-938-snakebite\\n\\n#5yrsago The platforms suck at content moderation and demanding they do more\\nwon\\u2019t make them better at it \\u2014 but there ARE concrete ways to improve\\nmoderation https://www.eff.org/deeplinks/2019/04/content-moderation-broken-\\nlet-us-count-ways\\n\\n#5yrsago Big Tech\\u2019s addiction to illegal, overreaching NDAs protects wage\\ndiscrimination, sexual harassment, and other evils by \\u201cterrorizing\\u201d employees\\nhttps://fortune.com/2019/04/29/silicon-valley-nda/\\n\\n#5yrsago Chase\\u2019s stupid poverty-shaming \\u201cinspirational\\u201d tweet, and Twitter\\nusers\\u2019 magnificent responses thereto https://mashable.com/article/chase-bank-\\ntweet-backlash\\n\\n#5yrsago Duke University acquires the archives of Charles N Brown, founder of\\nLocus Magazine https://blogs.library.duke.edu/rubenstein/2019/01/11/locus-\\narchives-documents-the-history-of-sci-fi/\\n\\n#5yrsago Securepairs.org will send debullshitifying security researchers to\\nRight to Repair hearings to fight industry FUD\\nhttps://www.wired.com/story/right-to-repair-security-experts-california/\\n\\n#5yrsago Most US eighth graders have taken apart a gadget to fix it or see how\\nit works https://www.nationsreportcard.gov/tel/student-questionnaires/\\n\\n#1yrago Weak Institutions https://pluralistic.net/2023/04/30/weak-\\ninstitutions/\\n\\n# Upcoming appearances (permalink)\\n\\n  * Canadian Centre for Policy Alternatives (Winnipeg), May 2 https://www.eventbrite.ca/e/cory-doctorow-tickets-798820071337\\n\\n  * Wordfest (Calgary), May 3 https://wordfest.com/2024/event/wordfest-presents-cory-doctorow-2/\\n\\n  * Massy Arts (Vancouver), May 4 https://www.eventbrite.ca/e/solo-reading-cory-doctorow-the-bezzle-tickets-876989167207\\n\\n  * Tartu Prima Vista Literary Festival, May 5-11 https://tartu2024.ee/en/kirjandusfestival/\\n\\n  * Tim O\\u2019Reilly and Cory Doctorow on \\u201cEnshittification\\u201d and the Future of AI, May 14 https://www.oreilly.com/live-events/tim-oreilly-and-cory-doctorow-on-enshittification-and-the-future-of-ai/0642572001651/\\n\\n  * \\\"Finding the Money\\\" screening (LA), May 15 https://www.laemmle.com/film/finding-money?date=2024-05-15\\n\\n  * Media Ecology Association keynote (Amherst, NY), Jun 6-9 https://media-ecology.org/convention\\n\\n  * American Association of Law Libraries keynote (Chicago), Jul 21 https://www.aallnet.org/conference/agenda/keynote-speaker/\\n\\n# Recent appearances (permalink)\\n\\n  * Come sfuggire al \\u201cMerdocene\\u201d e costruire un Internet migliore (Torino Biennale Tecnologia) https://www.youtube.com/watch?v=Z5NC2EZCYBg\\n\\n  * Show Me The Money Club (The Rideshare Guy) https://www.youtube.com/watch?v=ZCETi3XqSds\\n\\n  * NUOVO BARETTO UTOPIA https://videoteca.kenobit.it/w/azRmQBCenVwjSRz9WCp8JS\\n\\n# Latest books (permalink)\\n\\n  * The Bezzle: a sequel to \\\"Red Team Blues,\\\" about prison-tech and other grifts, Tor Books (US), Head of Zeus (UK), February 2024 (the-bezzle.org). Signed, personalized copies at Dark Delicacies (https://www.darkdel.com/store/p3062/Available_Feb_20th%3A_The_Bezzle_HB.html#/).\\n\\n  * \\\"The Lost Cause:\\\" a solarpunk novel of hope in the climate emergency, Tor Books (US), Head of Zeus (UK), November 2023 (http://lost-cause.org). Signed, personalized copies at Dark Delicacies (https://www.darkdel.com/store/p3007/Pre-Order_Signed_Copies%3A_The_Lost_Cause_HB.html#/)\\n\\n  * \\\"The Internet Con\\\": A nonfiction book about interoperability and Big Tech (Verso) September 2023 (http://seizethemeansofcomputation.org). Signed copies at Book Soup (https://www.booksoup.com/book/9781804291245).\\n\\n  * \\\"Red Team Blues\\\": \\\"A grabby, compulsive thriller that will leave you knowing more about how the world works than you did before.\\\" Tor Books http://redteamblues.com. Signed copies at Dark Delicacies (US): and Forbidden Planet (UK): https://forbiddenplanet.com/385004-red-team-blues-signed-edition-hardcover/.\\n\\n  * \\\"Chokepoint Capitalism: How to Beat Big Tech, Tame Big Content, and Get Artists Paid, with Rebecca Giblin\\\", on how to unrig the markets for creative labor, Beacon Press/Scribe 2022 https://chokepointcapitalism.com\\n\\n  * \\\"Attack Surface\\\": The third Little Brother novel, a standalone technothriller for adults. The Washington Post called it \\\"a political cyberthriller, vigorous, bold and savvy about the limits of revolution and resistance.\\\" Order signed, personalized copies from Dark Delicacies https://www.darkdel.com/store/p1840/Available_Now%3A_Attack_Surface.html\\n\\n  * \\\"How to Destroy Surveillance Capitalism\\\": an anti-monopoly pamphlet analyzing the true harms of surveillance capitalism and proposing a solution. https://onezero.medium.com/how-to-destroy-surveillance-capitalism-8135e6744d59?sk=f6cd10e54e20a07d4c6d0f3ac011af6b) (signed copies: https://www.darkdel.com/store/p2024/Available_Now%3A__How_to_Destroy_Surveillance_Capitalism.html)\\n\\n  * \\\"Little Brother/Homeland\\\": A reissue omnibus edition with a new introduction by Edward Snowden: https://us.macmillan.com/books/9781250774583; personalized/signed copies here: https://www.darkdel.com/store/p1750/July%3A__Little_Brother_%26_Homeland.html\\n\\n  * \\\"Poesy the Monster Slayer\\\" a picture book about monsters, bedtime, gender, and kicking ass. Order here: https://us.macmillan.com/books/9781626723627. Get a personalized, signed copy here: https://www.darkdel.com/store/p2682/Corey_Doctorow%3A_Poesy_the_Monster_Slayer_HB.html#/.\\n\\n# Upcoming books (permalink)\\n\\n  * Picks and Shovels: a sequel to \\\"Red Team Blues,\\\" about the heroic era of the PC, Tor Books, February 2025\\n\\n  * Unauthorized Bread: a graphic novel adapted from my novella about refugees, toasters and DRM, FirstSecond, 2025\\n\\n# Colophon (permalink)\\n\\nToday's top sources:\\n\\nCurrently writing:\\n\\n  * A Little Brother short story about DIY insulin PLANNING\\n\\n  * Picks and Shovels, a Martin Hench noir thriller about the heroic era of the PC. FORTHCOMING TOR BOOKS JAN 2025\\n\\n  * Vigilant, Little Brother short story about remote invigilation. FORTHCOMING ON TOR.COM\\n\\n  * Spill, a Little Brother short story about pipeline protests. FORTHCOMING ON TOR.COM\\n\\nLatest podcast: Precaratize Bosses\\nhttps://craphound.com/news/2024/04/28/precaratize-bosses/\\n\\nThis work \\u2013 excluding any serialized fiction \\u2013 is licensed under a Creative\\nCommons Attribution 4.0 license. That means you can use it any way you like,\\nincluding commercially, provided that you attribute it to me, Cory Doctorow,\\nand include a link to pluralistic.net.\\n\\nhttps://creativecommons.org/licenses/by/4.0/\\n\\nQuotations and images are not included in this license; they are included\\neither under a limitation or exception to copyright, or on the basis of a\\nseparate license. Please exercise caution.\\n\\n# How to get Pluralistic:\\n\\nBlog (no ads, tracking, or data-collection):\\n\\nPluralistic.net\\n\\nNewsletter (no ads, tracking, or data-collection):\\n\\nhttps://pluralistic.net/plura-list\\n\\nMastodon (no ads, tracking, or data-collection):\\n\\nhttps://mamot.fr/@pluralistic\\n\\nMedium (no ads, paywalled):\\n\\nhttps://doctorow.medium.com/\\n\\nTwitter (mass-scale, unrestricted, third-party surveillance and advertising):\\n\\nhttps://twitter.com/doctorow\\n\\nTumblr (mass-scale, unrestricted, third-party surveillance and advertising):\\n\\nhttps://mostlysignssomeportents.tumblr.com/tagged/pluralistic\\n\\n\\\"When life gives you SARS, you make sarsaparilla\\\" -Joey \\\"Accordion Guy\\\"\\nDeVilla\\n\\n### Like this:\\n\\nLike Loading...\\n\\n#### Pluralistic: Boeing, Spirit and Jetblue, a monopoly horror-story (21 Jan\\n2024)\\n\\nToday's links Boeing, Spirit and Jetblue, a monopoly horror-story: 43 years\\nlater, Reagan's other shoe drops. Hey look at this: Delights to delectate.\\nThis day in history: 2004, 2009, 2014, 2019, 2023 Colophon: Recent\\npublications, upcoming/recent appearances, current writing projects, current\\nreading Boeing, Spirit and Jetblue, a monopoly horror-story (permalink)...\\n\\nJanuary 22, 2024\\n\\nIn \\\"air traffic controllers\\\"\\n\\n#### Pluralistic: Conspiratorialism and the epistemological crisis (25 Mar\\n2024)\\n\\nToday's links Conspiratorialism and the epistemological crisis: We may not\\nknow what's in the box, but we can tell if it's been damaged in transit. Hey\\nlook at this: Delights to delectate. This day in history: 2004, 2009, 2014,\\n2019, 2023 Upcoming appearances: Where to find me. Latest books: You...\\n\\nMarch 25, 2024\\n\\nIn \\\"apple\\\"\\n\\n#### Big Tech Can\\u2019t Stop Telling On Itself\\n\\nPREMEDITATED_MURDER_FINAL_FINAL_1.docx In July, the Federal Trade Commission\\nannounced a complaint against Amazon over the ways the company has tricked\\ncustomers into subscribing to its paid Prime service. The Commission argues\\nthat Amazon discovered that its customers were accidentally signing up for\\nPrime and were unhappy about it, and that the...\\n\\nSeptember 3, 2023\\n\\nIn \\\"Medium\\\"\\n\\nAuthor Cory DoctorowPosted on May 1, 2024May 1, 2024Categories\\nUncategorizedTags 737 MAX, 787, AS9100, aviation, boeing, Cynthia Kitchens,\\nDavid Calhoun, dreamliner, faa, John Barnett, marking your own homework,\\nMaterial Review Segregation Area, maureen Tkacik, monopolies, mrsa, ntsb,\\nPatrick Shanahan, safety, Sam Salehpour, swampy, whistleblowers\\n\\nJoin the Discussion at ChinWag\\n\\n## Archives\\n\\n## Categories\\n\\n## Meta\\n\\n## Previous editions\\n\\n## READ CAREFULLY\\n\\nBy reading this website, you agree, on behalf of your employer, to release me\\nfrom all obligations and waivers arising from any and all NON-NEGOTIATED\\nagreements, licenses, terms-of-service, shrinkwrap, clickwrap, browsewrap,\\nconfidentiality, non-disclosure, non-compete and acceptable use policies\\n(\\\"BOGUS AGREEMENTS\\\") that I have entered into with your employer, its\\npartners, licensors, agents and assigns, in perpetuity, without prejudice to\\nmy ongoing rights and privileges. You further represent that you have the\\nauthority to release me from any BOGUS AGREEMENTS on behalf of your employer.\\n\\nOptimized for Netscape Navigator.\\n\\nPluralistic: Daily links from Cory Doctorow Proudly powered by WordPress\\n\\nLoading Comments...\\n\\n%d\\n\\n\", \"frontpage\": true}"}
