{"value":"{\"aid\": \"40228208\", \"title\": \"You Are Not Blocked\", \"url\": \"https://www.zacsweers.dev/you-are-not-blocked/\", \"domain\": \"zacsweers.dev\", \"votes\": 1, \"user\": \"WillieCubed\", \"posted_at\": \"2024-05-01 19:32:03\", \"comments\": 0, \"source_title\": \"You Are Not Blocked\", \"source_text\": \"You Are Not Blocked\\n\\nMastodon\\n\\nZac Sweers\\n\\nSign in Subscribe\\n\\n# You Are Not Blocked\\n\\n#### Zac Sweers\\n\\nMay 23, 2022 \\u2022 1 min read\\n\\nA common complaint I see in the Kotlin/Java/Android community is that someone\\nis \\\"blocked\\\" waiting for an open source library release.\\n\\nThis is a bit of a red flag from a developer standpoint and a nuisance as an\\nOSS maintainer. It leads to folks making noise in the issue trackers of those\\nprojects, varying from demanding immediate release to complaining about the\\nlack of one.\\n\\nIt's easy to let your frustration boil over into impatience, I'm certainly not\\nperfect in this either. However, I've found there are solutions for this in\\nbasically every case. Not all of them are perfect and none of them are as\\nconvenient as a simple version bump, but there is always something else you\\ncan do to temporarily unblock yourself.\\n\\n  * Build from source, host on your own internal artifactory or GitHub packages. This is the ideal case and a worthwhile investment.\\n  * Use a source-based repository like jitpack.io.\\n  * Use a snapshot, many libraries publish them.\\n  * Build from source, check the jar/aar into your repo + a Gradle substitution rule.\\n\\nComplaints don't make maintainers release faster. It may be with intent to\\nimply urgency, but your urgency is not theirs. However well-intended, it is\\nmore likely than not going to come off as entitled and you are never entitled\\nto something that is free.\\n\\nThe most effective way to speed up a release is to test the bugfix or feature\\nahead of time through any of the means mentioned above and report that on the\\nissue tracker.\\n\\n> Circling back to confirm the fix resolves it for us! We tried out the new\\n> API and it works great!\\n\\nOr the most important of all:\\n\\n> We tried out the new change and found an issue, here are the details!\\n\\nConstructive actions like these water two plants with one hose: you build\\nrapport with the maintainer and you give them confidence that releasing the\\ndesired change is safe. Those are infinitely more valuable than a drive-by\\nrelease request or complaint.\\n\\nIf you're an OSS maintainer, feel free to link this post as a response to\\ncommenters that would benefit from this insight. I also highly recommend Tony\\nGeorge's Etiquette in open source projects post.\\n\\n*There are of course some projects very specific situations that waiting is their only option, such as an SDK that depends on a third party library in its public API.\\n\\nThanks Jesse for reviewing this.\\n\\n## Sign up for more like this.\\n\\nEnter your email\\n\\nSubscribe\\n\\nFeatured\\n\\n## Life in 2024\\n\\nHello, internet. Specifically maybe the Android/Kotlin community, or anyone\\nstill following me for tweeting my comp once in 2020. Some things changed over\\nthe last year or so, and I've taken a pretty significant step back from the\\nmore visible perches I used to hang out on\\n\\nJan 3, 2024 5 min read\\n\\n## Catching Up on CatchUp: 2023\\n\\nCatchUp turned 7 recently. This is a little overview of where it's been and\\nwhere it's going.\\n\\nJul 9, 2023 7 min read\\n\\n## Keeping Android and Kotlin Healthy in a Post-Twitter World\\n\\nAs the developer communities scatter from Twitter, let's learn from mistakes.\\n\\nJan 10, 2023 3 min read\\n\\nZac Sweers \\u00a9 2024\\n\\nPowered by Ghost\\n\\n\", \"frontpage\": false}"}
