{"value":"{\"aid\": \"40231366\", \"title\": \"The Guardian view on cost of a cashless society: the most vulnerable will pay\", \"url\": \"https://www.theguardian.com/commentisfree/2024/may/01/the-guardian-view-on-the-cost-of-a-cashless-society-the-most-vulnerable-will-pay\", \"domain\": \"theguardian.com\", \"votes\": 1, \"user\": \"pseudolus\", \"posted_at\": \"2024-05-02 00:29:44\", \"comments\": 0, \"source_title\": \"The Guardian view on the cost of a cashless society: the most vulnerable will pay | Editorial\", \"source_text\": \"The Guardian view on the cost of a cashless society: the most vulnerable will pay | Editorial | The Guardian\\n\\nSkip to main contentSkip to navigation\\n\\nSkip to navigation\\n\\nPrint subscriptions\\n\\nSign in\\n\\nSearch jobs\\n\\nSearch\\n\\n  * Europe edition\\n\\n  * UK edition\\n\\n  * US edition\\n\\n  * Australia edition\\n\\n  * International edition\\n\\nThe Guardian - Back to homeThe Guardian\\n\\n  * Business\\n  * Economics\\n  * Banking\\n  * Money\\n  * Markets\\n  * Project Syndicate\\n  * B2B\\n  * Retail\\n\\n\\u2018Businesses should think carefully before refusing cash payments. Governments\\nmust ensure that people reliant on cash can continue to use it.\\u2019 Photograph:\\nDominic Lipinski/PA\\n\\n\\u2018Businesses should think carefully before refusing cash payments. Governments\\nmust ensure that people reliant on cash can continue to use it.\\u2019 Photograph:\\nDominic Lipinski/PA\\n\\nOpinionMoney\\n\\n# The Guardian view on the cost of a cashless society: the most vulnerable\\nwill pay\\n\\nEditorial\\n\\nThe pandemic accelerated the shift away from notes and coins. But China and\\nothers are realising that transition has a price\\n\\nShare\\n\\nOne of the idiosyncrasies of China\\u2019s huge appetite for luxury goods has been\\nthe high sales of man bags \\u2013 a niche item in the west. Their popularity\\ninitially reflected not just the fondness of the newly rich for conspicuous\\nconsumption, but also the practical need to carry large wodges of banknotes in\\na country that hadn\\u2019t truly embraced credit cards. Early last decade, it was\\nunremarkable to pay a quarter\\u2019s rent or buy a car in cash.\\n\\nYet even vegetable sellers in small markets, or people begging on the streets,\\nnow use QR codes. By 2020, 98% of people in a survey said they most commonly\\npaid using smartphone apps. The advantage, for the consumer, is convenience.\\nFor the authorities it offers not only efficiency but oversight, in a country\\nwhich is battling corruption and which closely surveils its citizens. Beijing\\nhas also been promoting a \\u201cdigital yuan\\u201d developed by its central bank.\\n\\nNow, however, it has announced measures to support the use of cash, such as\\nordering local authorities to make sure that markets and stores accept\\nbanknotes, aware that the reliance on payment apps makes life harder for both\\nforeign tourists and for poorer, rural and elderly Chinese people struggling\\nto access or adapt to new technology.\\n\\nChina\\u2019s shift to cashless payment was particularly dramatic. But the\\ntransition is happening around the world, accelerated by the pandemic \\u2013 and is\\nraising similar concerns about exclusion. Last month, campaigners in Australia\\norganised a Draw Out Some Cash Day to show that people still care about\\naccess.\\n\\nIn 2021, only 15% of UK payments were in notes and coins, with the vast\\nmajority on credit or debit cards. A forecast the following year suggested\\nthat figure would drop to 6% by 2031. In fact, cash rebounded in 2022 to 19%\\nof transactions, reflecting people\\u2019s return to physical stores, but also the\\nimpact of the cost of living crisis. Cash can help with budgeting: you can\\u2019t\\nspend money you haven\\u2019t got.\\n\\nIt is also easy to use: cashless parking machines are easier for those\\ncollecting revenue, but can be infuriating and alienating for users\\nunaccustomed to them. Cutting out cash hits the vulnerable hardest: according\\nto a 2020 survey by the Financial Conduct Authority, 46% of the digitally\\nexcluded, 31% of those without educational qualifications, and 26% of those in\\npoor health rely on it to a \\u201cgreat or very great extent\\u201d. Mencap warned the\\nWelsh Senedd that people with learning disabilities can find it hard to manage\\nmoney without cash. And there are good, as well as nefarious, reasons to value\\nits anonymising quality: women whose abortion rights have been restricted\\nmight find it life-saving.\\n\\nBusinesses should think carefully before refusing cash payments. Governments\\nmust ensure that people reliant on cash can continue to use it: in the UK,\\nwhere thousands of bank branches and ATMs have vanished, the Financial Conduct\\nAuthority now has powers to protect access. But even if the supply of notes\\nand coins can be assured, authorities must also ensure that services accept\\nthem. The onward march of digital payments won\\u2019t stop, but cash still counts.\\n\\nExplore more on these topics\\n\\n  * Money\\n  * Opinion\\n  * China\\n  * Surveillance\\n  * UK cost of living crisis\\n  * Banking\\n  * Currencies\\n  * editorials\\n\\nShare\\n\\nReuse this content\\n\\n## Comments (...)\\n\\nSign in or create your Guardian account to join the discussion\\n\\n## Most viewed\\n\\n## Most viewed\\n\\n  * Business\\n  * Economics\\n  * Banking\\n  * Money\\n  * Markets\\n  * Project Syndicate\\n  * B2B\\n  * Retail\\n\\n  * News\\n  * Opinion\\n  * Sport\\n  * Culture\\n  * Lifestyle\\n\\nOriginal reporting and incisive analysis, direct from the Guardian every\\nmorning\\n\\nSign up for our email\\n\\n  * Help\\n  * Complaints & corrections\\n  * SecureDrop\\n  * Work for us\\n  * Privacy policy\\n  * Cookie policy\\n  * Terms & conditions\\n  * Contact us\\n\\n  * All topics\\n  * All writers\\n  * Digital newspaper archive\\n  * Facebook\\n  * YouTube\\n  * Instagram\\n  * LinkedIn\\n  * Twitter\\n  * Newsletters\\n\\n  * Advertise with us\\n  * Search UK jobs\\n\\nBack to top\\n\\n\\u00a9 2024 Guardian News & Media Limited or its affiliated companies. All rights\\nreserved. (dcr)\\n\\n\", \"frontpage\": false}"}
