{"value":"{\"aid\": \"40229784\", \"title\": \"Show HN: Kortex PHP Framework\", \"url\": \"https://github.com/sameer-manek/kortex\", \"domain\": \"github.com/sameer-manek\", \"votes\": 1, \"user\": \"sameer-manek\", \"posted_at\": \"2024-05-01 21:33:15\", \"comments\": 0, \"source_title\": \"GitHub - sameer-manek/kortex: Simple, fast and asynchronous PHP Framework\", \"source_text\": \"GitHub - sameer-manek/kortex: Simple, fast and asynchronous PHP Framework\\n\\nSkip to content\\n\\n## Navigation Menu\\n\\nSign in\\n\\n# Search code, repositories, users, issues, pull requests...\\n\\nSearch syntax tips\\n\\nSign in\\n\\nSign up\\n\\nYou signed in with another tab or window. Reload to refresh your session. You\\nsigned out in another tab or window. Reload to refresh your session. You\\nswitched accounts on another tab or window. Reload to refresh your session.\\nDismiss alert\\n\\nsameer-manek / kortex Public\\n\\n  * Notifications\\n  * Fork 0\\n  * Star 1\\n\\nSimple, fast and asynchronous PHP Framework\\n\\n### License\\n\\nMIT license\\n\\n1 star 0 forks Branches Tags Activity\\n\\nStar\\n\\nNotifications\\n\\n# sameer-manek/kortex\\n\\nThis commit does not belong to any branch on this repository, and may belong\\nto a fork outside of the repository.\\n\\n1 Branch\\n\\n0 Tags\\n\\n## Folders and files\\n\\nName| Name| Last commit message| Last commit date  \\n---|---|---|---  \\n  \\n## Latest commit\\n\\nsameer-manekremoved simple.css fileMay 1, 20241946c6e \\u00b7 May 1, 2024May 1, 2024\\n\\n## History\\n\\n8 Commits  \\n  \\n### controllers\\n\\n|\\n\\n### controllers\\n\\n| bugfix - fixed static file serving.| May 1, 2024  \\n  \\n### data\\n\\n|\\n\\n### data\\n\\n| database connections| May 1, 2024  \\n  \\n### static/css\\n\\n|\\n\\n### static/css\\n\\n| removed simple.css file| May 1, 2024  \\n  \\n### views\\n\\n|\\n\\n### views\\n\\n| init| Apr 27, 2024  \\n  \\n### .gitignore\\n\\n|\\n\\n### .gitignore\\n\\n| database connections| May 1, 2024  \\n  \\n### LICENSE\\n\\n|\\n\\n### LICENSE\\n\\n| init| Apr 27, 2024  \\n  \\n### app.php\\n\\n|\\n\\n### app.php\\n\\n| bugfix - fixed static file serving.| May 1, 2024  \\n  \\n### autoload.php\\n\\n|\\n\\n### autoload.php\\n\\n| init| Apr 27, 2024  \\n  \\n### composer.json\\n\\n|\\n\\n### composer.json\\n\\n| init| Apr 27, 2024  \\n  \\n### favicon.ico\\n\\n|\\n\\n### favicon.ico\\n\\n| bugfix - fixed static file serving.| May 1, 2024  \\n  \\n### index.php\\n\\n|\\n\\n### index.php\\n\\n| init| Apr 27, 2024  \\n  \\n### readme.md\\n\\n|\\n\\n### readme.md\\n\\n| bugfix - fixed static file serving.| May 1, 2024  \\n  \\n### routes.php\\n\\n|\\n\\n### routes.php\\n\\n| bugfix - fixed static file serving.| May 1, 2024  \\n  \\n## Repository files navigation\\n\\n# Kortex\\n\\nA PHP framework which is\\n\\n  * Simple to use.\\n  * Fast.\\n  * Asynchronous and built on top of Swoole.\\n  * Easy to extend and scale.\\n\\nI have been a long time Laravel user and while I have always been in awe of\\nit, I regularly feel it is slow. And it is bound to happen with all the\\nfeatures that laravel comes with, and very few other frameworks even come\\nclose to being as feature-rich as Laravel while being more performant. But, I\\nneed performance for simple web platforms; Hence I thought of building a\\nframework myself, this could be a fun learning experience and perhaps can also\\nhelp someone else.\\n\\n### Installation\\n\\nDependencies\\n\\nLocal\\n\\n  * PHP 8.x\\n  * Swoole\\n  * MySQL\\n  * [optional] Enable Zend OPcache\\n\\nExternal\\n\\n  * Twig (v3.x) - for rendering views.\\n\\nonce you have the project, just clone this repo, rename it as you will, use\\ndata/config.sample.php create a new config.php file in same dir. Run composer\\ninstallin the root directory and also create a data/logs directory to store\\nlogs.\\n\\nonce done, run php index.php to start the framework and off you go.\\n\\nNOTE To host your application, SSH access to the server will be necessary.\\n\\n### Todo\\n\\n  * Basic HTTP request handling\\n  * Extend Swoole\\\\Http\\\\Response\\n  * Extend Swoole\\\\Http\\\\Request\\n  * Basic Controllers\\n  * Basic Routing\\n  * Middleware support\\n  * Advanced routing with in-route params\\n  * Add twig templating engine\\n  * DB Connection (MySQL. Needs to be optimized)\\n  * Encryption & Hashing utils\\n  * HTTP utils (cookie managers, session managers, etc)\\n  * Socket utils\\n  * General utils (random number/string generator, and others)\\n  * Basic logging\\n  * Testing\\n  * Exceptions\\n  * Caching (actively looking for redis alternatives. boooo redis)\\n  * Global Configuration\\n  * Task/Job queue\\n  * SMTP Util\\n  * Documentation\\n  * Security (CSRF, google recaptcha v3)\\n  * Debug Utils (Debugbar, etc)\\n\\n## About\\n\\nSimple, fast and asynchronous PHP Framework\\n\\n### Resources\\n\\nReadme\\n\\n### License\\n\\nMIT license\\n\\nActivity\\n\\n### Stars\\n\\n1 star\\n\\n### Watchers\\n\\n1 watching\\n\\n### Forks\\n\\n0 forks\\n\\nReport repository\\n\\n## Releases\\n\\nNo releases published\\n\\n## Packages 0\\n\\nNo packages published\\n\\n## Languages\\n\\n  * PHP 94.5%\\n  * Twig 5.3%\\n  * CSS 0.2%\\n\\n## Footer\\n\\n\\u00a9 2024 GitHub, Inc.\\n\\nYou can\\u2019t perform that action at this time.\\n\\n\", \"frontpage\": false}"}
