{"value":"{\"aid\": \"40231600\", \"title\": \"Hard work is nothing without a bit of luck\", \"url\": \"https://www.harpersbazaar.com/uk/culture/culture-news/a39406843/success-hard-work-luck/\", \"domain\": \"harpersbazaar.com\", \"votes\": 2, \"user\": \"paulpauper\", \"posted_at\": \"2024-05-02 01:03:04\", \"comments\": 0, \"source_title\": \"Hard work isn't enough to be successful - you also need luck\", \"source_text\": \"Hard work is nothing without a bit of luck\\n\\nSkip to Content\\n\\n# Why we need to start acknowledging the role luck plays in all our lives\\n\\nHard work is not a guarantor of success - there are so many other factors at\\nplay\\n\\nBy Marie-Claire ChappetPublished: 17 March 2022\\n\\nCavan Images//Getty Images\\n\\nWhen I was at one of my first real jobs, I felt extremely disheartened.\\nNothing was quite working out as planned. I wasn\\u2019t as wildly successful as I\\nimagined I would be at that age. Was I working hard? Sure, I was working my\\nteeny-tiny-twenty-five-year-old socks off, but I wasn\\u2019t the sensation I\\nimagined I might be in my mid-twenties. On my lunch break one day, I was\\nbuying a birthday card for a friend when I noticed one of those embarrassing\\nmotivational quote postcards. But this one hit different. I bought it and\\nstuck it on my office desk. It read, \\u2018Without luck, hard work is incomplete\\u2019.\\n\\nLast week, Kim Kardashian\\u2019s advice for women in business - \\u201cGet your fucking\\nass up and work\\u201d - caused the internet to breathlessly fall over itself,\\npointing out that she had missed some rather vital factors in her own success\\n(although it should be noted that she wasn't directly referring to her own\\nsuccess). Yes, the woman has a famously exemplary work ethic, but she has also\\nhad a ton of luck. A rich family, a famous husband, a reality TV show. Had she\\nstarted her own business from scratch, she would undoubtedly have worked just\\nas hard as she genuinely seems to now. But would she have been as phenomenally\\nsuccessful? Most probably not.\\n\\nCourtesy\\n\\nKim Kardashian in the new Balenciaga campaign\\n\\nHer comments come hot on the heels of those of fast-fashion creative director\\nand influencer Molly Mae Hague and her bumper-sticker slogan take on success:\\n\\\"You have the same 24 hours as Beyonc\\u00e9.\\\" Thus, began an analogous online\\nmeltdown, wherein everyone screamed into the digital abyss that no, we do not\\nall have the same 24 hours. Not everyone has the leg up of a huge online\\nfollowing, a reality TV show, or even just the good luck of commercially\\nviable attractiveness.\\n\\nLuck is a tricky, evasive thing, yet it is intrinsically tangled up in\\neverything we do. It is often called privilege \\u2013 those who have the good luck\\nto be born into wealthy families, or even just happy, stable and supportive\\nones. Those who are lucky enough to be born with good looks that allow them to\\ngo far, those who are born white, cis and male in a world built in that mould.\\nThat is not to say that anyone who operates within these parameters does not\\ndeserve success that they may undoubtedly have worked extremely hard for. It\\nis also not to say that these people should feel guilty for their success. It\\njust means you must acknowledge that you didn\\u2019t get there on hard work alone \\u2013\\nyou had a secret ingredient on your side that many others do not have: luck.\\n\\n> > The circumstances of your life play a dominating part in your survival and\\n> your success\\n\\nThe same is true of what we are seeing on a horrific scale right now in the\\nworld. It is an oft-repeated phrase that the only difference between you and a\\nrefugee is luck, and nothing could be truer. The terrors of war are an unjust\\nbirth right of those unlucky enough to be born into a war zone; they are a\\ngruesome reality inflicted on those who get caught in the crossfire of\\npolitical upheaval. No one has the monopoly on this. Any one of us could be a\\nrefugee at any moment. It is simply a matter of luck. It is a horrible\\nreminder that the circumstances of your life play a dominating part in your\\nsurvival and your success.\\n\\nLuck can, of course, be more than the circumstances of your birth. It can be\\nbeing at the right place in the right time, investing in the right company at\\nthe right moment, taking a risk and having good fortune on your side. This is\\nhow luck plays a part in all of our lives \\u2013 from work to relationships.\\nEverything we do is a balancing act between hard work, timing, luck. Those who\\nnaval gaze and wonder why they are still single (or have irritating relatives\\nconstantly asking them this ridiculous question) should not be wondering why\\nthey haven\\u2019t met the right person, but why those who have, have. The answer?\\nLuck. I ran into my partner in a club. Others stumble upon theirs on apps, at\\nparties, both of them being at the right place at the right time \\u2013 both\\nemotionally and physically. No one is doing anything better than anyone else,\\nno one is worthier of love or success than anyone else. Luck is all it is.\\n\\n> > \\\"Everything we do is a balancing act between hard work, timing and luck\\\"\\n\\nPart of this is, of course, mindset. Those born into fortunate circumstances\\neasily inherit the outlook of a lucky person \\u2013 inhabiting the idea that doors\\nopen because they always have, or that things are possible because the\\nresources have always been available. Those in the opposite situation may be\\ninclined to think differently, that doors will never open, that things can\\nnever change. But this is not to say that a 'lucky' mindset is the preserve of\\nthe rich and famous. There is power to believing yourself more than your start\\nin life \\u2013 of course there is. Having a mindset which accepts the limitations\\nplaced on you, unjustly, by society or circumstance, can hold you back almost\\nas much as those actual limitations will.\\n\\n###### Related Story\\n\\n  * A beginner's guide to manifesting\\n\\nBecause, of course, the jarring nature of Kardashian\\u2019s comments to women in\\nbusiness\\u2013 however well meaning \\u2013 is that they come with a nasty side dish of\\nculpability. \\\"It seems like nobody wants to work these days\\\" was a biting and\\nill-judged remark, implying that anyone without the staggering success of the\\nKardashian scion is simply not working hard enough, not trying hard enough.\\nThis could not be further from the truth. I have worked hard my entire life\\nand success has been patchy, slow and often largely the result of good timing\\nand good luck. Because the sad reality of life is that success is not the\\nautomatic by-product of hard work. Context is key. Luck is everything. Without\\nluck, hard work is incomplete.\\n\\n###### Related Story\\n\\n  * How to successfully set boundaries at work\\n\\nAdvertisement - Continue Reading Below\\n\\n## Culture News\\n\\nHilary Swank: \\\"By nature, I don't really worry\\\"\\n\\nShop the Women's Prize for Fiction shortlist\\n\\nThe obsession with Sydney Sweeney's boobs\\n\\nKate photographs Prince Louis for his birthday\\n\\nAdvertisement - Continue Reading Below\\n\\nThe fashionable highlights at Milan Design Week\\n\\nSadiq Khan pledges to fight violence against women\\n\\nWho was Clara Bow?\\n\\nCara Delevingne on playing Sally Bowles\\n\\nWhat 'Baby Reindeer' teaches us about compassion\\n\\nEverything we know about 'Bridgerton' season three\\n\\nThe true story behind \\u2018Feud: Capote vs The Swans\\u2019\\n\\nMeghan Markle launches her own lifestyle brand\\n\\nAdvertisement - Continue Reading Below\\n\\nHARPER'S BAZAAR, PART OF THE HEARST UK FASHION & BEAUTY NETWORK\\n\\nWe earn a commission for products purchased through some links in this\\narticle.\\n\\n\\u00a92024 Hearst UK is the trading name of the National Magazine Company Ltd, 30\\nPanton Street, Leicester Square, London, SW1Y 4AJ. Registered in England. All\\nRights Reserved.\\n\\nTerms and conditionsPrivacy NoticeCookies PolicyComplaintsContact\\nusAdvertising\\n\\nCookies Choices\\n\\nHearst and third parties use cookies and similar technologies (\\u201cCookies\\u201d) on\\nthis site. Some Cookies are necessary to make this site and our content\\navailable to you; these Cookies fire automatically and are not subject to your\\npreference settings. If you click \\u201cAccept\\u201d, you consent to Hearst and our\\nadvertisers, ad-tech providers, including 137 IAB TCF Framework vendors, and\\nothers (collectively \\u201cVendors\\u201d) using additional Cookies and processing your\\npersonal data (such as unique identifiers) and other information stored and/or\\naccessed from your device or browser for the purposes described below. Click\\non \\u201cManage Settings\\u201d for more information about these purposes and where we\\nprocess your personal data based on legitimate interests. See also our Privacy\\nNotice and Cookies Policy. If you do not consent to these Cookies and the\\nprocessing of your personal data for these purposes, click \\u201cDecline\\u201d.\\n\\nYou can adjust your Cookies preferences, object to legitimate interests, or\\nrevoke your consent at any time by clicking on the \\u201cCookies Choices\\u201d link at\\nthe bottom of this site. Your preferences will apply to this site only and are\\nbrowser and device-specific.\\n\\n### We and our Vendors process data obtained through the use of Cookies for\\nthe following purposes:\\n\\nActively scan device characteristics for identification. Store and/or access\\ninformation on a device. Use limited data to select content. Create profiles\\nto personalise content. Use profiles to select personalised advertising.\\nCreate profiles for personalised advertising. Use profiles to select\\npersonalised content. Measure advertising performance. Understand audiences\\nthrough statistics or combinations of data from different sources. Develop and\\nimprove services. Use limited data to select advertising. Measure content\\nperformance.\\n\\n\", \"frontpage\": false}"}
