{"value":"{\"aid\": \"40229786\", \"title\": \"Apple working to fix alarming iPhone issue\", \"url\": \"https://www.bbc.com/news/articles/c0kl4glp547o\", \"domain\": \"bbc.com\", \"votes\": 1, \"user\": \"vinni2\", \"posted_at\": \"2024-05-01 21:33:24\", \"comments\": 0, \"source_title\": \"Apple working to fix alarming iPhone issue\", \"source_text\": \"Apple working to fix alarming iPhone issue\\n\\n# Apple working to fix alarming iPhone issue\\n\\n6 hours ago\\n\\nChris Vallance,Technology reporter\\n\\nGetty Images\\n\\nApple says it is working to quickly fix an issue that caused some iPhone\\nalarms not to play a sound, giving their slumbering users an unexpected lie-\\nin.\\n\\nFor many people, their phone is an indispensable alarm clock and some over-\\nsleepers turned to social media to vent.\\n\\nOne TikTokker complained that she had set \\\"like five alarms\\\" and they didn't\\ngo off.\\n\\nApple has confirmed it is aware of the issue - but is yet to spell out what it\\nbelieves is causing it, or what users can do to avoid a late start.\\n\\nIt is also unclear how many people are affected or whether the problem is\\nrestricted to particular models of iPhone.\\n\\nConcerns were initially raised by the early-risers on NBC's Today Show, which\\nbroke the news.\\n\\nIn the absence of an official fix, those losing sleep over the problem can try\\na few simple solutions.\\n\\nOne is to guard against human error - so double check the phone's alarm\\nsettings and ensure the volume is turned up.\\n\\nOthers though have pointed the finger at Apple designers, saying a quirk of\\nthe iPhones' \\\"attention aware features\\\" could be to blame.\\n\\nWhen active, these enable an iPhone to check whether a person is paying\\nattention to their device and take action automatically, such as lowering the\\nvolume sound of alerts, including alarms, if they are not.\\n\\nThey are available on iPhone X or later, and iPad Pro 11-inch or iPad Pro\\n12.9-inch, Applecsays.\\n\\nSome TikTokkers suggested that if a slumbering user's face were turned towards\\nthe screen of a bedside iPhone then, depending on the phone's settings, the\\nfeatures could be activated and alarms silenced.\\n\\nApple says it hopes to remedy the issue rapidly.\\n\\nBut, until then, its time zone-spanning customer base may need to dust off a\\nbit of retro tech, and swap TikTok for the more old-fashioned - but dependable\\n- tick-tock of an alarm clock.\\n\\n## Apple update addresses Jerusalem emoji controversy\\n\\nCopyright 2024 BBC. All rights reserved. The BBC is not responsible for the\\ncontent of external sites. Read about our approach to external linking.\\n\\n## Let us know you agree to cookies\\n\\nWe use cookies to give you the best online experience.\\n\\nPlease let us know if you agree to all of these cookies.\\n\\n  * No, take me to settings\\n\\n\", \"frontpage\": false}"}
