{"value":"{\"aid\": \"40229482\", \"title\": \"Stealing your Telegram account in 10 seconds flat\", \"url\": \"https://lyra.horse/blog/2024/05/stealing-your-telegram-account-in-10-seconds-flat/\", \"domain\": \"lyra.horse\", \"votes\": 4, \"user\": \"rebane2001\", \"posted_at\": \"2024-05-01 21:11:20\", \"comments\": 0, \"source_title\": \"Stealing your Telegram account in 10 seconds flat\", \"source_text\": \"Stealing your Telegram account in 10 seconds flat \\u01b1 lyra's epic blog\\n\\n# Stealing your Telegram account in 10 seconds flat\\n\\n2024-05-01\\n\\n  * \\u00a6 infosec\\n  * \\u00a6 telegram\\n\\nSay you handed me your phone, what\\u2019s the worst I could do in 10 seconds?\\n\\nWeb.telegram.orgedited 23:51\\n\\nClick that link and your browser will be logged into telegram without\\npasswords23:52\\n\\nThe other day I received an interesting message with a link to Telegram\\u2019s web\\nclient. Upon clicking on the link, I found myself already logged in. Curious,\\nI logged out, sent myself a message with the same link, clicked, and was\\nlogged in once again. There wasn\\u2019t anything special about the link I had been\\nsent, this is just Telegram\\u2019s default behavior.\\n\\nI wanted to look into how this works. The first step was to figure out how the\\nTelegram client was passing the session to the browser. As I clicked on the\\nlink, I noticed something flash on the URL bar for just a split second:\\n\\nweb.telegram.org/#tgWebAuthToken=dGhpcyB0b2tlbiBpcyByYW5kb20gYW5kIDEwMjQgYml0cyBsb25nLCBidXQgaW4gdGhlIGJsb2cgcG9zdCBpIHJlcGxhY2VkIGl0IHdpdGggdGhpcyBmdW4gZWFzdGVyIGVnZyBmb3IgdGhvc2Ugd2l0aCBhIGtlZW4gZXllIQ&tgWebAuthUserId=420493337&tgWebAuthDcId=4\\n\\nIt seems like Telegram just opens up a URL with your account\\u2019s token appended\\nto it. The token gets put in a hash fragment, and quickly disappears once the\\nweb client loads up and realizes there\\u2019s a token there. Although very\\nconvenient, this feature is pretty concerning because it can be used to\\nquickly gain access to your account even if you use 2FA and a locked-down\\ndevice (eg a non-rooted/jailbroken phone).\\n\\nSo where does this URL and its session come from? I searched tdesktop^1\\u2019s code\\nfor various keywords such as \\u201cweb.telegram.org\\u201d and \\u201ctgWebAuthToken\\u201d, but\\noddly enough I didn\\u2019t get any hits. After staring at the code and not finding\\nanything related to this feature for a while, I decided to build the app for\\nreal and attach a debugger to it.\\n\\nA couple hours of compiling later, I had my very own build of tdesktop up and\\nrunning. I set up a few breakpoints, clicked on some test links, and stepped\\nthrough the code looking for the relevant bits. And eventually, I got here:\\n\\nui_integration.cppbase_integration.cppurl_auth_box.cppscheme.hlocal_url_handlers.cppbasic_click_handlers.cpp\\n\\nTelegramCore::`anonymous-namespace'BotAutoLogin(const QString & url, const\\nQString & domain,\\n\\n79 80 [[nodiscard]] bool BotAutoLogin( 81 const QString &url, 82 const QString\\n&domain, 83 QVariant context) { 84 auto &account =\\nCore::App().activeAccount(); 85 const auto &config = account.appConfig(); 86\\nconst auto domains = config.get<std::vector<QString>>( 87 \\\"url_auth_domains\\\",\\n88 {}); 89 if (!account.sessionExists() 90 || domain.isEmpty() 91 ||\\n!ranges::contains(domains, domain)) { 92 return false; 93 } 94 const auto good\\n= url.startsWith(kBadPrefix, Qt::CaseInsensitive) 95 ? (kGoodPrefix +\\nurl.mid(kBadPrefix.size())) 96 : url; 97\\nUrlAuthBox::Activate(&account.session(), good, context); 98 return true; 99 }\\n100\\n\\nLocals\\n\\nName| Value| Type  \\n---|---|---  \\nMain::AppConfig::get<std::vector<QString,std::allocator<QString> > > returned|\\n{ size=5 }| std::vector<QString,std::allocator<QString>> &  \\naccount| {_domain={ptr_=0x000001b3822c5990 {_dataName={...} _local={...}\\n_accounts={...} ...} } _local=unique_ptr {_owner={ptr_=0x000001b3887a6dd0\\n{_domain={ptr_=0x000001b3822c5990 {_dataName=data _local=unique_ptr\\n{_owner={ptr_=0x000001b3822c5990 {_dataName=data _local=unique_ptr\\n{_owner={ptr_=0x000001b3822c5990 {_dataName=data _local=unique_ptr\\n{_owner={ptr_=0x000001b3822c5990 {_dataName=data _local=unique_ptr\\n{_owner={ptr_=0x000001b3822c5990 {_dataName=data _local=unique_ptr\\n{_owner={ptr_=0x000001b3822c5990 {_dataName=data _local=unique_ptr\\n{_owner={ptr_=0x000001b3822c5990 {_dataName=data _local=unique_ptr\\n{_owner={ptr_=0x000001b3822c5990 {_dataName=data _local=unique_ptr\\n{_owner={ptr_=0x000001b3822c5990 {_dataName=data _local=unique_ptr\\n{_owner={ptr_=0x000001b3822c5990 {_dataName=data _local=unique_ptr\\n{_owner={ptr_=0x000001b3822c5990 {_dataName=data _local=unique_ptr\\n{_owner={ptr_=0x000001b3822c5990 {_dataName=data _local=unique_ptr\\n{_owner={ptr_=0x000001b3822c5990 {_dataName=data _local=unique_ptr\\n{_owner={ptr_=0x000001b3822c5990 {_dataName=data _local=unique_ptr\\n{_owner={ptr_=0x000001b3822c5990 {_dataName=data _local=unique_ptr\\n{_owner={ptr_=0x000001b3822c5990 {_dataName=data _local=unique_ptr\\n{_owner={ptr_=0x000001b3822c5990 {_dataName=data _local=unique_ptr\\n{_owner={ptr_=0x000001b3822c5990 {_dataName=data _local=unique_ptr\\n{_owner={ptr_=0x000001b3822c5990 {_dataName=data _local=unique_ptr\\n{_owner={ptr_=0x000001b3822c5990 {_dataName=data _local=unique_ptr\\n{_owner={ptr_=0x000001b3822c5990 {_dataName=data _local=unique_ptr\\n{_owner={ptr_=0x000001b3822c5990 {_dataName=data _local=unique_ptr\\n{_owner={ptr_=0x000001b3822c5990 {_dataName=data _local=unique_ptr\\n{_owner={ptr_=0x000001b3822c5990 {_dataName=data _local=unique_ptr\\n{_owner={ptr_=0x000001b3822c5990 {_dataName=data _local=unique_ptr\\n{_owner={ptr_=0x000001b3822c5990 {_dataName=data _local=unique_ptr\\n{_owner={ptr_=0x000001b3822c5990 {_dataName=data _local=unique_ptr\\n{_owner={...} _dataName=data _localKey=shared_ptr [2 strong refs] [] ...} ...}\\n} ...} ...} } ...} ...} } ...} ...} } ...} ...} } ...} ...} } ...} ...} } ...}\\n...} } ...} ...} } ...} ...} } ...} ...} } ...} ...} } ...} ...} } ...} ...} }\\n...} ...} } ...} ...} } ...} ...} } ...} ...} } ...} ...} } ...} ...} } ...}\\n...} } ...} ...} } ...} ...} } ...} ...} } ...} ...} } ...} ...} } ...} ...} }\\n...} } ...} ...}| Main::Account &  \\nconfig| {_account={ptr_=0x000001b3887a6dd0 {_domain={...} _local={...}\\n_mtp={...} ...} } _api={_instance={ptr_=0x000001b3886a1b40\\n{_private=unique_ptr {_instance={ptr_=0x000001b3886a1b40 {_private=unique_ptr\\n{_instance={ptr_=0x000001b3886a1b40 {_private=unique_ptr\\n{_instance={ptr_=0x000001b3886a1b40 {_private=unique_ptr\\n{_instance={ptr_=0x000001b3886a1b40 {_private=unique_ptr\\n{_instance={ptr_=0x000001b3886a1b40 {_private=unique_ptr\\n{_instance={ptr_=0x000001b3886a1b40 {_private=unique_ptr\\n{_instance={ptr_=0x000001b3886a1b40 {_private=unique_ptr\\n{_instance={ptr_=0x000001b3886a1b40 {_private=unique_ptr\\n{_instance={ptr_=0x000001b3886a1b40 {_private=unique_ptr\\n{_instance={ptr_=0x000001b3886a1b40 {_private=unique_ptr\\n{_instance={ptr_=0x000001b3886a1b40 {_private=unique_ptr\\n{_instance={ptr_=0x000001b3886a1b40 {_private=unique_ptr\\n{_instance={ptr_=0x000001b3886a1b40 {_private=unique_ptr\\n{_instance={ptr_=0x000001b3886a1b40 {_private=unique_ptr\\n{_instance={ptr_=0x000001b3886a1b40 {_private=unique_ptr\\n{_instance={ptr_=0x000001b3886a1b40 {_private=unique_ptr\\n{_instance={ptr_=0x000001b3886a1b40 {_private=unique_ptr\\n{_instance={ptr_=0x000001b3886a1b40 {_private=unique_ptr\\n{_instance={ptr_=0x000001b3886a1b40 {_private=unique_ptr\\n{_instance={ptr_=0x000001b3886a1b40 {_private=unique_ptr\\n{_instance={ptr_=0x000001b3886a1b40 {_private=unique_ptr\\n{_instance={ptr_=0x000001b3886a1b40 {_private=unique_ptr\\n{_instance={ptr_=0x000001b3886a1b40 {_private=unique_ptr\\n{_instance={ptr_=0x000001b3886a1b40 {_private=unique_ptr\\n{_instance={ptr_=0x000001b3886a1b40 {_private=unique_ptr\\n{_instance={ptr_=0x000001b3886a1b40 {_private=unique_ptr\\n{_instance={ptr_=0x000001b3886a1b40 {_private=unique_ptr } } _mode=Normal (0)\\n_config=unique_ptr {_dcOptions={...} _fields={...} _updates={...} } ...} } }\\n...} } } ...} } } ...} } } ...} } } ...} } } ...} } } ...} } } ...} } } ...} }\\n} ...} } } ...} } } ...} } } ...} } } ...} } } ...} } } ...} } } ...} } } ...}\\n} } ...} } } ...} } } ...} } } ...} } } ...} } } ...} } } ...} } } ...} } }\\n...} ...}| const Main::AppConfig &  \\ncontext| {...}| QVariant  \\ndomain| web.telegram.org| const QString &  \\ndomains| { size=5 }| std::vector<QString,std::allocator<QString>>  \\n[capacity]| 5| unsigned __int64  \\n[allocator]| allocator|\\nstd::_Compressed_pair<std::allocator<QString>,std::_Vector_val<std::_Simple_types<QString>>,1>  \\n[0]| web.telegram.org| QString  \\n[1]| web.t.me| QString  \\n[2]| k.t.me| QString  \\n[3]| z.t.me| QString  \\n[4]| a.t.me| QString  \\n[Raw View]| {_Mypair=allocator }| std::vector<QString,std::allocator<QString>>  \\ngood| ???| QString  \\nurl| https://web.telegram.org| const QString &  \\n  \\nSo that\\u2019s why I couldn\\u2019t find the keywords earlier! The list of domains this\\ntrick works with is sent to you by the Telegram server and stored in the\\nconfig under the url_auth_domains^2 key. You can see the list of domains\\ncurrently provided in the locals above.\\n\\nOnce you click on a link with a matching domain, your client will send it to\\nTelegram\\u2019s servers and if everything looks alright you\\u2019ll get back a cute\\nlittle temporary URL with the tokens and everything appended. For those\\nplaying along at home, we send a messages_requestUrlAuth with just the url\\nset^3, and hope to get back a urlAuthResultAccepted with the new url inside.\\n\\nHaving figured out how the thing works, and armed with a list of domains, I\\nbegan looking for a way to break it. It seems like the entire initial URL gets\\npreserved, including the path, query parameters, and the hash fragment, with\\nthe exception of the scheme being forced to https.\\n\\nFor example:\\n\\n  * http://web.telegram.org/ becomes https://web.telegram.org/#tgWebAuthToken=...\\n  * https://z.t.me/pony becomes https://z.t.me/pony?tgWebAuth=1#tgWebAuthToken=...\\n  * https://k.t.me/#po=ny becomes https://k.t.me/?tgWebAuth=1#po=ny&tgWebAuthToken=...\\n\\nAll of the domains apart from the web.telegram.org one are sort-of built for\\nthe t.me deep links. Going on any of them without a path will just bring you\\nto the telegram.org homepage. Going on one with a compatible path, such as\\nz.t.me/share?url=lyra.horse, will open up the respective client with a hash\\nfragment, eg:\\nhttps://web.telegram.org/a/#?tgaddr=tg%3A%2F%2Fmsg_url%3Furl%3Dlyra.horse\\n\\nThis is usually performed with a HTTP 301 redirect, but if the tgWebAuth\\nparameter is set and the deep link is valid, you\\u2019ll get to run this fun\\njavascript instead:\\n\\nview-source:https://z.t.me/share?url=lyra.horse&tgWebAuth=1\\n\\n<html>  \\n---  \\n<head>  \\n<meta name=\\\"robots\\\" content=\\\"noindex, nofollow\\\">  \\n<noscript><meta http-equiv=\\\"refresh\\\"\\ncontent=\\\"0;url='https://web.telegram.org/a/#?tgaddr=tg%3A%2F%2Fmsg_url%3Furl%3Dlyra.horse'\\\"></noscript>  \\n<script>  \\ntry {  \\nvar url =\\n\\\"https:\\\\/\\\\/web.telegram.org\\\\/a\\\\/#?tgaddr=tg%3A%2F%2Fmsg_url%3Furl%3Dlyra.horse\\\";  \\nvar hash = location.hash.toString();  \\nif (hash.substr(0, 1) == '#') {  \\nhash = hash.substr(1);  \\n}  \\nlocation.replace(hash ? urlAppendHashParams(url, hash) : url);  \\n} catch (e) { location.href=url; }  \\nfunction urlAppendHashParams(url, addHash) {  \\nvar ind = url.indexOf('#');  \\nif (ind < 0) {  \\nreturn url + '#' + addHash;  \\n}  \\nvar curHash = url.substr(ind + 1);  \\nif (curHash.indexOf('=') >= 0 || curHash.indexOf('?') >= 0) {  \\nreturn url + '&' + addHash;  \\n}  \\nif (curHash.length > 0) {  \\nreturn url + '?' + addHash;  \\n}  \\nreturn url + addHash;  \\n}  \\n</script>  \\n</head>  \\n</html>  \\n<!-- page generated in 4.3ms -->  \\n  \\nI was a bit puzzled at first, but eventually realized that this is all just a\\nsimple hack to deal with URL hash fragments. The hash fragment part of the URL\\nnever gets sent to the server, so the server cannot know where to redirect you\\nif it also wants to add its own hash fragment. In this specific case, we have\\n#tgWebAuthToken=... in the URL already, and we want to combine it with\\n#?tgaddr=... as we redirect to the web client (so in the end we get\\n#?tgaddr=...&tgWebAuthToken=...).\\n\\nFor the rest of the night I played around with Telegram\\u2019s various web clients.\\nA little-known fact is that the legacy Telegram web client can still be\\naccessed to this day by going to web.telegram.org/?legacy=1. What\\u2019s more, the\\nsession is shared between the web clients, so an exploit in the old web client\\nmight still be useful even if the target uses a modern web client.\\n\\nI couldn\\u2019t find anything too interesting in WebK, but both WebZ and the legacy\\nclient provided some promising leads in messing with the tgaddr in the URL. It\\nended up being a dead end for my research though, as I couldn\\u2019t figure out a\\nway to get rid of or bypass the ampersand in the &tgWebAuthToken=... part of\\nthe URL. I even messed around with unicode to see if that\\u2019d somehow let me\\n\\u201cerase\\u201d the ampersand, but it seems like UTF-8 has been designed to withstand\\nthis.\\n\\nI then looked into the mobile apps. Both the iOS and Android clients support\\nthe link authentication thing, which makes the whole situation a tad more\\nworrying considering it\\u2019s generally a lot harder to just copy a session token\\noff a mobile device. On Android I messed around with intents, but ended up at\\nanother dead end as intents for web links have been locked down since Android\\n12 and require domain verification to work. I also messed around with protocol\\nintents, but the way the app has been written prevents the token from being\\nappended in those cases.\\n\\nSo, no exploit?\\n\\nIn my research I was unable to come up with a successful remote exploit. I\\nwon\\u2019t be getting a bug bounty, but that doesn\\u2019t mean it was all in vain.\\nCombining all the research so far, and adding a little cherry on top, we can\\ncreate a scenario where we can steal someone\\u2019s Telegram session in just a few\\nseconds of physical access to their device, no matter if it\\u2019s their computer,\\nphone, or tablet.\\n\\nWe start off by sending \\u201cz.t.me\\u201d in their Telegram app and tapping on the\\nlink. This will redirect their browser to telegram.org/#tgWebAuthToken=....\\nFrom here we edit the domain in the browser to telegramz.org - a domain I own\\n- and hit/tap enter. The javascript on my domain will take it from here,\\nlogging one of my own devices in with the token.\\n\\nHere\\u2019s a demo of me pulling off the entire attack in less than 10 seconds on\\nan Android phone and a laptop:\\n\\nmlgStealing your Telegram account in 10 seconds flat\\n\\nWatch on YouTube\\n\\nNote: YouTube has removed my video for a guidelines violation. I\\u2019m hoping this\\nwill be lifted soon (security research is allowed, \\u201chow to hack facebook by\\ndownloading our exe\\u201d isn\\u2019t), but you can watch a plain mp4 or this twitter\\npost instead for now.\\n\\nThis attack is incredibly easy to pull off even for a low-skill attacker.\\nAssuming some higher forces have already set up a custom domain for you, all\\nyou need to know is how to tap on a link and add a letter onto the URL bar.\\nYou don\\u2019t need any specialized tools, you don\\u2019t need to know anything about\\nthe target, you don\\u2019t even need a phone.\\n\\nSo what should Telegram do about this?\\n\\nLog in to Telegram by QR Code\\n\\n  1. Open Telegram on your phone\\n  2. Go to Settings > Devices > Link Desktop Device\\n  3. Point your phone at this screen to confirm login\\n\\nThe same thing they did with the QR code logins! If you attempt to log onto a\\nnew device by scanning a login QR code, you\\u2019ll still have to enter your 2FA\\npassword - and I think the same mitigation could be implemented for these\\ninstant login web client URLs.\\n\\nDiscuss this post on: twitter, mastodon, hackernews, cohost\\n\\nthank you for reading my first blog post!!\\n\\ni decided to take on the challenge of using no images on the page, and no\\njavascript either. i don\\u2019t think this\\u2019ll be a sustainable way of doing things\\ngoing forward, but it does mean you get fast load times (everything here is\\n~20kB gzipped!), pretty vector graphics on hidpi screens (try zooming in!),\\nand responsive \\u201cscreenshots\\u201d for mobile devices (try resizing the window and\\nsee how neatly things change to accommodate!). also if you\\u2019re someone using\\nassistive technologies, please let me know how this post felt to read and if\\nthere\\u2019s anything to be improved or done differently in the future.\\n\\nnote: the graphics in this blog post are not fully compatible with netscape\\nnavigator, please switch to a modern alternative such as ladybird\\n\\n  1. tdesktop is the official cross-platform desktop client (Telegram Lite on macOS) \\u21a9\\ufe0e\\n\\n  2. url_auth_domains is a list of domains used for logging into the web clients, but there is another list under the autologin_domains key, which is used for webapps such as bugs.telegram.org. \\u21a9\\ufe0e\\n\\n  3. There are also peer, msg_id, and button_id fields, but if we set our flag to f_url (4) we skip them. \\u21a9\\ufe0e\\n\\nIt's 2024. All meows reserved.\\n\\n    \\n    \\n    [38;5;80m\\u2584\\u2584\\u2584\\u2584[39m [48;5;72;38;5;72m\\u2588[38;5;122m\\u2584[49;38;5;72m\\u2584[38;5;80m\\u2584\\u2584[48;5;80;38;5;152m\\u2584[48;5;152m\\u2588\\u2588[48;5;80m\\u2584\\u2584\\u2584[49;38;5;80m\\u2584\\u2584[39m [38;5;80m\\u2584[48;5;80;38;5;152m\\u2584[48;5;115m\\u2584[48;5;122;38;5;115m\\u2584[48;5;72;38;5;80m\\u2584[48;5;152;38;5;152m\\u2588\\u2588[38;5;116m\\u2584[48;5;116;38;5;231m\\u2584\\u2584\\u2584[48;5;152;38;5;116m\\u2584[48;5;72;38;5;72m\\u2588[38;5;122m\\u2584\\u2584[48;5;80;38;5;72m\\u2584[49;38;5;80m\\u2584[39m [48;5;80;38;5;80m\\u2588[48;5;152;38;5;152m\\u2588\\u2588\\u2588[48;5;80m\\u2584[48;5;152m\\u2588[38;5;116m\\u2584[48;5;116;38;5;231m\\u2584[48;5;231m\\u2588[38;5;116m\\u2584\\u2584\\u2584[38;5;231m\\u2588[48;5;72;38;5;72m\\u2588[48;5;122;38;5;122m\\u2588[38;5;115m\\u2584[48;5;72;38;5;122m\\u2584[48;5;152;38;5;72m\\u2584[48;5;80;38;5;80m\\u2588[49;39m [38;5;101m\\u2580[48;5;101;38;5;188m\\u2584\\u2584\\u2584\\u2584\\u2584\\u2584[48;5;80;38;5;80m\\u2588[48;5;152;38;5;152m\\u2588\\u2588\\u2588\\u2588\\u2588[48;5;116;38;5;116m\\u2588[48;5;231;38;5;231m\\u2588[38;5;116m\\u2584[48;5;116;38;5;122m\\u2584[48;5;122m\\u2588\\u2588\\u2588[48;5;116m\\u2584[48;5;122m\\u2588\\u2588[48;5;72;38;5;72m\\u2588[48;5;122;38;5;122m\\u2588[48;5;72;38;5;72m\\u2588[48;5;116;38;5;231m\\u2584[48;5;80;38;5;116m\\u2584[48;5;101;38;5;188m\\u2584\\u2584\\u2584\\u2584\\u2584[49m\\u2584\\u2584\\u2584[39m [48;5;188;38;5;188m\\u2588\\u2588\\u2588\\u2588[38;5;80m\\u2584[48;5;80;38;5;152m\\u2584[48;5;152m\\u2588\\u2588\\u2588[38;5;116m\\u2584[48;5;116;38;5;231m\\u2584[48;5;231;38;5;116m\\u2584[48;5;116;38;5;122m\\u2584[48;5;122m\\u2588\\u2588\\u2588\\u2588\\u2588\\u2588\\u2588\\u2588\\u2588[38;5;116m\\u2584[48;5;72;38;5;72m\\u2588[48;5;231;38;5;231m\\u2588[48;5;116;38;5;116m\\u2588[48;5;188;38;5;188m\\u2588\\u2588\\u2588\\u2588\\u2588\\u2588\\u2588\\u2588[49m\\u2584[39m [38;5;188m\\u2580[48;5;188;38;5;144m\\u2584\\u2584\\u2584[48;5;80;38;5;80m\\u2588[48;5;152;38;5;152m\\u2588\\u2588[38;5;80m\\u2584[48;5;80;38;5;72m\\u2584[48;5;116;38;5;116m\\u2588[38;5;122m\\u2584[48;5;122m\\u2588[38;5;115m\\u2584[38;5;122m\\u2588\\u2588\\u2588\\u2588\\u2588\\u2588\\u2588[38;5;116m\\u2584[48;5;116;38;5;231m\\u2584[48;5;231m\\u2588\\u2588\\u2588[48;5;116;38;5;116m\\u2588[48;5;188;38;5;144m\\u2584\\u2584\\u2584\\u2584\\u2584\\u2584\\u2584\\u2584\\u2584[49m\\u2584[39m [38;5;144m\\u2580[48;5;144;38;5;188m\\u2584\\u2584[48;5;80;38;5;80m\\u2588[38;5;188m\\u2584\\u2584[48;5;144m\\u2584[48;5;72;38;5;72m\\u2588[48;5;122;38;5;122m\\u2588\\u2588[48;5;115;38;5;16m\\u2584[48;5;122;38;5;122m\\u2588\\u2588\\u2588\\u2588[38;5;16m\\u2584[38;5;122m\\u2588\\u2588[48;5;116m\\u2584\\u2584[38;5;116m\\u2588[38;5;231m\\u2584[48;5;231m\\u2588[48;5;116;38;5;116m\\u2588[48;5;144;38;5;188m\\u2584\\u2584\\u2584\\u2584\\u2584\\u2584\\u2584\\u2584\\u2584\\u2584\\u2584[49m\\u2584[39m [48;5;188;38;5;188m\\u2588\\u2588\\u2588\\u2588\\u2588[48;5;72;38;5;72m\\u2588[38;5;122m\\u2584[48;5;122;38;5;115m\\u2584[38;5;122m\\u2588[48;5;16m\\u2584[48;5;122;38;5;16m\\u2584\\u2584\\u2584[48;5;16;38;5;122m\\u2584[48;5;122m\\u2588\\u2588\\u2588\\u2588[38;5;116m\\u2584[48;5;116;38;5;231m\\u2584[48;5;231m\\u2588[38;5;116m\\u2584[48;5;116;38;5;80m\\u2584[48;5;188;38;5;188m\\u2588\\u2588\\u2588\\u2588\\u2588\\u2588\\u2588\\u2588\\u2588\\u2588\\u2588\\u2588[49;39m [48;5;188;38;5;188m\\u2588\\u2588\\u2588\\u2588\\u2588[48;5;72m\\u2584[48;5;122;38;5;72m\\u2584[48;5;72m\\u2588[48;5;122;38;5;122m\\u2588\\u2588\\u2588\\u2588\\u2588\\u2588\\u2588\\u2588\\u2588\\u2588[48;5;116;38;5;116m\\u2588[48;5;231;38;5;231m\\u2588[38;5;116m\\u2584[48;5;116;38;5;152m\\u2584[48;5;80;38;5;80m\\u2588[48;5;188;38;5;72m\\u2584\\u2584\\u2584[48;5;72;38;5;122m\\u2584\\u2584\\u2584\\u2584\\u2584\\u2584\\u2584[48;5;188;38;5;72m\\u2584[38;5;80m\\u2584[49m\\u2584\\u2584[38;5;116m\\u2584[39m [48;5;188;38;5;144m\\u2584\\u2584\\u2584\\u2584\\u2584\\u2584\\u2584\\u2584[48;5;72m\\u2584\\u2584\\u2584\\u2584\\u2584[38;5;72m\\u2588[48;5;122;38;5;122m\\u2588\\u2588\\u2588[48;5;116m\\u2584\\u2584[38;5;80m\\u2584[48;5;152;38;5;152m\\u2588\\u2588[48;5;80;38;5;80m\\u2588[48;5;122;38;5;122m\\u2588\\u2588\\u2588\\u2588\\u2588\\u2588[38;5;72m\\u2584[38;5;215m\\u2584[38;5;186m\\u2584[48;5;186;38;5;115m\\u2584[48;5;215;38;5;215m\\u2588[48;5;72;38;5;72m\\u2588[48;5;116;38;5;80m\\u2584[38;5;152m\\u2584[48;5;231;38;5;116m\\u2584[48;5;116;38;5;231m\\u2584[48;5;80;38;5;116m\\u2584[49;38;5;80m\\u2584[39m [48;5;144;38;5;188m\\u2584\\u2584\\u2584\\u2584\\u2584\\u2584\\u2584\\u2584\\u2584\\u2584\\u2584[38;5;72m\\u2584[48;5;72;38;5;115m\\u2584\\u2584\\u2584[48;5;122;38;5;72m\\u2584[38;5;122m\\u2588\\u2588\\u2588[48;5;80;38;5;80m\\u2588[48;5;152m\\u2584\\u2584[48;5;80;38;5;122m\\u2584[48;5;122;38;5;72m\\u2584[38;5;122m\\u2588\\u2588\\u2588\\u2588\\u2588[48;5;72;38;5;72m\\u2588[48;5;122;38;5;122m\\u2588[48;5;215;38;5;215m\\u2588[48;5;115;38;5;122m\\u2584[48;5;122;38;5;115m\\u2584[48;5;215;38;5;215m\\u2588[48;5;122;38;5;122m\\u2588[48;5;72;38;5;72m\\u2588[48;5;80;38;5;188m\\u2584[48;5;152;38;5;80m\\u2584[48;5;116;38;5;116m\\u2588[48;5;231;38;5;231m\\u2588[48;5;116;38;5;116m\\u2588[48;5;80;38;5;152m\\u2584[49;38;5;80m\\u2584[39m [48;5;188;38;5;188m\\u2588\\u2588\\u2588\\u2588\\u2588\\u2588\\u2588\\u2588\\u2588\\u2588[38;5;72m\\u2584[48;5;72;38;5;115m\\u2584[48;5;115m\\u2588\\u2588\\u2588[38;5;72m\\u2584[48;5;72;38;5;122m\\u2584\\u2584\\u2584\\u2584\\u2584\\u2584[48;5;122;38;5;72m\\u2584[48;5;72m\\u2588[48;5;122;38;5;122m\\u2588\\u2588[38;5;72m\\u2584\\u2584[48;5;72;38;5;122m\\u2584\\u2584\\u2584[48;5;122;38;5;72m\\u2584\\u2584[48;5;215;38;5;122m\\u2584\\u2584[48;5;122m\\u2588[38;5;72m\\u2584[48;5;72;38;5;188m\\u2584[48;5;188;38;5;80m\\u2584[48;5;80;38;5;152m\\u2584[48;5;116;38;5;116m\\u2588[48;5;231;38;5;231m\\u2588\\u2588[48;5;116;38;5;116m\\u2588[48;5;152;38;5;152m\\u2588[48;5;80;38;5;80m\\u2588[49;39m [38;5;237m\\u2584[48;5;237m\\u2588[49m\\u2580[39m [38;5;101m\\u2580\\u2580\\u2580[48;5;101;38;5;188m\\u2584\\u2584\\u2584\\u2584[48;5;72;38;5;72m\\u2588[48;5;115m\\u2584\\u2584\\u2584[48;5;72m\\u2588[48;5;122;38;5;122m\\u2588\\u2588\\u2588\\u2588\\u2588\\u2588\\u2588\\u2588\\u2588\\u2588[48;5;72;38;5;72m\\u2588[48;5;122;38;5;122m\\u2588\\u2588\\u2588\\u2588\\u2588\\u2588[38;5;80m\\u2584[48;5;72m\\u2584[48;5;122m\\u2584\\u2584\\u2584[48;5;80;38;5;152m\\u2584[48;5;152m\\u2588\\u2588[48;5;116;38;5;116m\\u2588[48;5;231;38;5;231m\\u2588\\u2588[48;5;116;38;5;116m\\u2588[48;5;152;38;5;152m\\u2588\\u2588[48;5;80;38;5;80m\\u2588[49;39m [48;5;237;38;5;237m\\u2588[49m\\u2584[39m [38;5;188m\\u2580\\u2580[48;5;188m\\u2588\\u2588\\u2588\\u2588[48;5;72m\\u2584[48;5;122;38;5;72m\\u2584\\u2584\\u2584\\u2584\\u2584[48;5;72;38;5;188m\\u2584\\u2584\\u2584\\u2584[38;5;80m\\u2584\\u2584[48;5;122m\\u2584\\u2584\\u2584\\u2584[48;5;80;38;5;152m\\u2584\\u2584[48;5;152m\\u2588\\u2588\\u2588\\u2588\\u2588\\u2588[38;5;116m\\u2584\\u2584[48;5;116;38;5;231m\\u2584[48;5;231m\\u2588\\u2588[48;5;116;38;5;116m\\u2588[48;5;152;38;5;152m\\u2588\\u2588[48;5;80;38;5;80m\\u2588[49;38;5;188m\\u2584[39m [38;5;237m\\u2584[39m [38;5;237m\\u2580[48;5;237m\\u2588[49;39m [48;5;144;38;5;188m\\u2584\\u2584\\u2584\\u2584\\u2584\\u2584\\u2584\\u2584\\u2584\\u2584\\u2584[38;5;80m\\u2584[48;5;80;38;5;152m\\u2584[48;5;152m\\u2588\\u2588\\u2588\\u2588\\u2588\\u2588\\u2588\\u2588[38;5;116m\\u2584\\u2584\\u2584\\u2584[48;5;116;38;5;231m\\u2584\\u2584[48;5;231m\\u2588\\u2588\\u2588\\u2588[38;5;116m\\u2584[48;5;116;38;5;152m\\u2584[48;5;152m\\u2588[38;5;80m\\u2584[48;5;80;38;5;188m\\u2584[48;5;144m\\u2584[49;39m [38;5;237m\\u2580\\u2580\\u2580\\u2580[39m [38;5;101m\\u2580\\u2580\\u2580[48;5;101;38;5;237m\\u2584\\u2584[49;38;5;101m\\u2580\\u2580\\u2580\\u2580\\u2580\\u2580\\u2580[48;5;101;38;5;80m\\u2584[48;5;80;38;5;152m\\u2584[48;5;152m\\u2588[38;5;116m\\u2584\\u2584\\u2584\\u2584\\u2584\\u2584[48;5;116;38;5;231m\\u2584\\u2584[48;5;231m\\u2588\\u2588\\u2588\\u2588\\u2588\\u2588\\u2588\\u2588[38;5;116m\\u2584[48;5;116;38;5;152m\\u2584[48;5;152m\\u2588\\u2588[38;5;80m\\u2584[49m\\u2580[38;5;101m\\u2580[39m [38;5;237m\\u2584[48;5;237m\\u2588[49;39m [48;5;80;38;5;80m\\u2588[48;5;152;38;5;116m\\u2584[48;5;116;38;5;231m\\u2584[48;5;231m\\u2588\\u2588\\u2588\\u2588\\u2588\\u2588\\u2588\\u2588[38;5;116m\\u2584\\u2584\\u2584\\u2584\\u2584\\u2584[48;5;116;38;5;152m\\u2584\\u2584[48;5;152m\\u2588[38;5;80m\\u2584\\u2584[48;5;80;38;5;237m\\u2584[48;5;237m\\u2588[49;39m [48;5;237;38;5;237m\\u2588[49m\\u2580[39m [38;5;237m\\u2584[39m [38;5;80m\\u2580[48;5;116;38;5;116m\\u2588[48;5;231;38;5;231m\\u2588\\u2588\\u2588[38;5;116m\\u2584\\u2584\\u2584\\u2584[49m\\u2580\\u2580[39m [38;5;80m\\u2584[48;5;80m\\u2588[49m\\u2580\\u2580\\u2580[39m [48;5;237;38;5;237m\\u2588[49m\\u2580[39m [38;5;237m\\u2584[39m [38;5;237m\\u2580\\u2580\\u2580\\u2580[39m [48;5;116;38;5;116m\\u2588[48;5;231;38;5;231m\\u2588\\u2588[48;5;116;38;5;116m\\u2588[49;39m [38;5;237m\\u2580\\u2580\\u2580\\u2580[39m [48;5;116;38;5;116m\\u2588\\u2588[49;39m [38;5;116m\\u2580[39m\\n\\n\", \"frontpage\": false}"}
