{"value":"{\"aid\": \"40229444\", \"title\": \"Show HN: I made an startup advisor chatbot based on YC public content\", \"url\": \"https://yc-gpt.com\", \"domain\": \"yc-gpt.com\", \"votes\": 1, \"user\": \"anttonio\", \"posted_at\": \"2024-05-01 21:08:31\", \"comments\": 0, \"source_title\": \"YC-GPT\", \"source_text\": \"YC-GPT\\n\\n### Welcome to YC-GPT! Your AI powered mentor to assist you while growing your\\nstart up.\\n\\nYC-GPT condenses all the knowledge from YC partners and founders into one AI\\nmodel. Get the best advice from the best in the industry to grow your start\\nup.\\n\\nGet started\\n\\n  * Privacy Policy\\n\\n\\u00a9 yc-gpt.com All rights reserved.\\n\\n\", \"frontpage\": false}"}
