{"value":"{\"aid\": \"40230656\", \"title\": \"Lawsuit against Meta asks if Facebook users have right to control their feeds\", \"url\": \"https://apnews.com/article/meta-unfollow-lawsuit-section-230-ethan-zuckerman-02d05e2c7ea05a373e35d14cfd770aeb\", \"domain\": \"apnews.com\", \"votes\": 5, \"user\": \"c420\", \"posted_at\": \"2024-05-01 22:58:49\", \"comments\": 0, \"source_title\": \"Lawsuit against Meta asks if Facebook users have right to control their feeds using external tools\", \"source_text\": \"Lawsuit against Meta asks if Facebook users have right to control their feeds using external tools | AP News\\n\\nEnable accessibility\\n\\n  * World\\n\\n  * U.S.\\n\\n  * Election 2024\\n\\n  * Politics\\n\\n  * Sports\\n\\n  * Entertainment\\n\\n  * Business\\n\\n  * Science\\n\\n  * Fact Check\\n\\n  * Oddities\\n\\n  * Health\\n\\n  * Newsletters\\n\\n  * Video\\n\\n  * Photography\\n\\n  * Climate\\n\\n  * Personal Finance\\n\\n  * AP Investigations\\n\\n  * Tech\\n\\n  * Lifestyle\\n\\n  * Religion\\n\\n  * AP Buyline Personal Finance\\n\\n  * AP Buyline Shopping\\n\\n  * Press Releases\\n\\n  * My Account\\n\\n  * ...\\n\\n    * World\\n\\n      * Israel-Hamas War\\n      * Russia-Ukraine War\\n      * Global elections\\n      * Asia Pacific\\n      * Latin America\\n      * Europe\\n      * Africa\\n      * Middle East\\n      * China\\n      * Australia\\n\\n    * U.S.\\n\\n    * Election 2024\\n\\n      * Election Results\\n      * Delegate Tracker\\n      * AP & Elections\\n      * Global elections\\n\\n    * Politics\\n\\n      * Joe Biden\\n      * Election 2024\\n      * Congress\\n\\n    * Sports\\n\\n      * MLB\\n      * NBA\\n      * NHL\\n      * NFL\\n      * Soccer\\n      * Golf\\n      * Tennis\\n      * Auto Racing\\n      * 2024 Paris Olympic Games\\n\\n    * Entertainment\\n\\n      * Movie reviews\\n      * Book reviews\\n      * Celebrity\\n      * Television\\n      * Music\\n\\n    * Business\\n\\n      * Inflation\\n      * Personal finance\\n      * Financial Markets\\n      * Business Highlights\\n      * Financial wellness\\n\\n    * Science\\n\\n    * Fact Check\\n\\n    * Oddities\\n\\n    * Health\\n\\n    * Newsletters\\n\\n    * Video\\n\\n    * Photography\\n\\n    * Climate\\n\\n    * Personal Finance\\n\\n    * AP Investigations\\n\\n    * Tech\\n\\n      * Artificial Intelligence\\n      * Social Media\\n\\n    * Lifestyle\\n\\n    * Religion\\n\\n    * AP Buyline Personal Finance\\n\\n    * AP Buyline Shopping\\n\\n    * Press Releases\\n\\n    * My Account\\n\\nEVEN WHEN THE NEWS IS FREE, JOURNALISM IS NOT. SUPPORT INDEPENDENT, FACT-BASED\\nJOURNALISM.\\n\\n  * World\\n\\n  * U.S.\\n\\n  * Election 2024\\n\\n  * Politics\\n\\n  * Sports\\n\\n  * Entertainment\\n\\n  * Business\\n\\n  * Science\\n\\n  * Fact Check\\n\\n  * Oddities\\n\\n  * Health\\n\\n  * Newsletters\\n\\n  * Video\\n\\n  * Photography\\n\\n  * Climate\\n\\n  * Personal Finance\\n\\n  * AP Investigations\\n\\n  * Tech\\n\\n  * Lifestyle\\n\\n  * Religion\\n\\n  * AP Buyline Personal Finance\\n\\n  * AP Buyline Shopping\\n\\n  * Press Releases\\n\\n  * My Account\\n\\n  * ...\\n\\n    * World\\n\\n      * Israel-Hamas War\\n      * Russia-Ukraine War\\n      * Global elections\\n      * Asia Pacific\\n      * Latin America\\n      * Europe\\n      * Africa\\n      * Middle East\\n      * China\\n      * Australia\\n\\n    * U.S.\\n\\n    * Election 2024\\n\\n      * Election Results\\n      * Delegate Tracker\\n      * AP & Elections\\n      * Global elections\\n\\n    * Politics\\n\\n      * Joe Biden\\n      * Election 2024\\n      * Congress\\n\\n    * Sports\\n\\n      * MLB\\n      * NBA\\n      * NHL\\n      * NFL\\n      * Soccer\\n      * Golf\\n      * Tennis\\n      * Auto Racing\\n      * 2024 Paris Olympic Games\\n\\n    * Entertainment\\n\\n      * Movie reviews\\n      * Book reviews\\n      * Celebrity\\n      * Television\\n      * Music\\n\\n    * Business\\n\\n      * Inflation\\n      * Personal finance\\n      * Financial Markets\\n      * Business Highlights\\n      * Financial wellness\\n\\n    * Science\\n\\n    * Fact Check\\n\\n    * Oddities\\n\\n    * Health\\n\\n    * Newsletters\\n\\n    * Video\\n\\n    * Photography\\n\\n    * Climate\\n\\n    * Personal Finance\\n\\n    * AP Investigations\\n\\n    * Tech\\n\\n      * Artificial Intelligence\\n      * Social Media\\n\\n    * Lifestyle\\n\\n    * Religion\\n\\n    * AP Buyline Personal Finance\\n\\n    * AP Buyline Shopping\\n\\n    * Press Releases\\n\\n    * My Account\\n\\nCampus protests\\n\\nIsrael-Hamas war\\n\\nMarijuana reclassification\\n\\nMay Day\\n\\nBusiness\\n\\n# Lawsuit against Meta asks if Facebook users have right to control their\\nfeeds using external tools\\n\\nFILE - Meta\\u2019s logo is seen on a sign at the company\\u2019s headquarters in Menlo\\nPark, Calif., Nov. 9, 2022. A lawsuit filed Wednesday, May 1, 2024, against\\nFacebook parent Meta Platforms Inc. is arguing that a federal law often used\\nto shield internet companies from liability also allows people to use external\\ntools to take control of their feed \\u2014 even if that means shutting it off\\nentirely. (AP Photo/Godofredo A. V\\u00e1squez, File)\\n\\nBy BARBARA ORTUTAY\\n\\nUpdated 10:02 PM UTC, May 1, 2024\\n\\nShare\\n\\n  * Copy\\n\\nLink copied\\n\\n  * Email\\n\\n  * Facebook\\n\\n  * X\\n\\n  * Reddit\\n\\n  * LinkedIn\\n\\n  * Pinterest\\n\\n  * Flipboard\\n\\n  * Print\\n\\nDo social media users have the right to control what they see \\u2014 or don\\u2019t see \\u2014\\non their feeds?\\n\\nA lawsuit filed against Facebook parent Meta Platforms Inc. is arguing that a\\nfederal law often used to shield internet companies from liability also allows\\npeople to use external tools to take control of their feed \\u2014 even if that\\nmeans shutting it off entirely.\\n\\nThe Knight First Amendment Institute at Columbia University filed a lawsuit\\nWednesday against Meta Platforms on behalf of an Amherst professor who wants\\nto release a tool that enables users to unfollow all the content fed to them\\nby Facebook\\u2019s algorithm.\\n\\nThe tool, called Unfollow Everything 2.0, is a browser extension that would\\nlet Facebook users unfollow friends, groups and pages and empty their newsfeed\\n\\u2014 the stream of posts, photos and videos that can keep them scrolling\\nendlessly. The idea is that without this constant, addicting stream of\\ncontent, people might use it less. If the past is any indication, Meta will\\nnot be keen on the idea.\\n\\nA U.K. developer, Luis Barclay, released a similar tool, called Unfollow\\nEverything, but he took it down in 2021, fearing a lawsuit after receiving a\\ncease-and-desist letter and a lifetime Facebook ban from Meta, then called\\nFacebook Inc.\\n\\nREAD MORE\\n\\nJudge dismisses Meta shareholder lawsuit claiming that directors\\u2019 obligations\\nextend beyond company\\n\\nMeta under fire from European Union for not doing enough about election\\ndisinformation\\n\\nInstagram and YouTube could be the biggest winners of a TikTok ban, but\\nsmaller rivals could rise too\\n\\nWith Wednesday\\u2019s lawsuit, Ethan Zuckerman, a professor at the University of\\nMassachusetts at Amherst, is trying to beat Meta to the legal punch to avoid\\ngetting sued by the social media giant over the browser extension.\\n\\n\\u201cThe reason it\\u2019s worth challenging Facebook on this is that right now we have\\nvery little control as users over how we use these networks,\\u201d Zuckerman said\\nin an interview. \\u201cWe basically get whatever controls Facebook wants. And\\nthat\\u2019s actually pretty different from how the internet has worked\\nhistorically.\\u201d Just think of email, which lets people use different email\\nclients, or different web browsers, or anti-tracking software for people who\\ndon\\u2019t want to be tracked.\\n\\nMeta declined to comment.\\n\\nThe lawsuit filed in federal court in California centers on a provision of\\nSection 230 of the 1996 Communications Decency Act, which is often used to\\nprotect internet companies from liability for things posted on their sites. A\\nseparate clause, though, provides immunity to software developers who create\\ntools that \\u201cfilter, screen, allow, or disallow content that the provider or\\nuser considers to be obscene, lewd, lascivious, filthy, excessively violent,\\nharassing, or otherwise objectionable.\\u201d\\n\\nThe lawsuit, in other words, asks the court to determine whether Facebook\\nusers\\u2019 news feed falls into the category of objectionable material that they\\nshould be able to filter out in order to enjoy the platform.\\n\\n\\u201cMaybe CDA 230 provides us with this right to build tools to make your\\nexperience of Facebook or other social networks better and to give you more\\ncontrol over them,\\u201d said Zuckerman, who teaches public policy, communication\\nand information at Amherst. \\u201cAnd you know what? If we\\u2019re able to establish\\nthat, that could really open up a new sphere of research and a new sphere of\\ndevelopment. You might see people starting to build tools to make social\\nnetworks work better for us.\\u201d\\n\\nWhile Facebook does allow users to manually unfollow everything, the process\\ncan be cumbersome with hundreds or even thousands of friends, groups and\\nbusinesses that people often follow.\\n\\nZuckerman also wants to study how turning off the news feed affects people\\u2019s\\nexperience on Facebook. Users would have to agree to take part in the study \\u2014\\nusing the browser tool does not automatically enroll participants.\\n\\n\\u201cSocial media companies can design their products as they want to, but users\\nhave the right to control their experience on social media platforms,\\nincluding by blocking content they consider to be harmful,\\u201d said Ramya\\nKrishnan, senior staff attorney at the Knight Institute. \\u201cUsers don\\u2019t have to\\naccept Facebook as it\\u2019s given to them. The same statute that immunizes Meta\\nfrom liability for the speech of its users gives users the right to decide\\nwhat they see on the platform.\\u201d\\n\\nBARBARA ORTUTAY\\n\\nTechnology writer covering social media and the internet\\n\\ntwitter\\n\\nmailto\\n\\nby Taboola by Taboola\\n\\nSuggested For You\\n\\nKentucky man on death row for killing 3 children and raping their mother has\\ndied\\n\\nUndo\\n\\nPro VerbraucherAd Content\\n\\nAdvertisement Bestatter packt aus: Anspruch auf Sterbegeld ist vielen\\nunbekanntPro Verbraucher:\\n\\nAdvertisement Advertisement\\n\\nUndo\\n\\nFocus turns to demeanor of girlfriend charged in Boston officer's death on\\nsecond day of trial\\n\\nUndo\\n\\nDefending champ Jason Day, hometown favorite Jordan Spieth headline Byron\\nNelson\\n\\nUndo\\n\\nFather of former youth detention center resident testifies against him in New\\nHampshire trial\\n\\nUndo\\n\\nDuo charged with murder in killings of couple whose remains were found\\nscattered on Long IslandTwo people have been charged with murder in the\\nkillings of a couple whose remains were found scattered around Long Island in\\nlate February and early March.AP News\\n\\nUndo\\n\\nGrandparents and a grandchild are among those killed in a police chase in\\nCanadaPolice in Canada say that two grandparents and their infant grandchild\\nwere killed on highway east of Toronto when a van being chased by police\\ncrashed while going the wrong way, causing a six-vehicle collision.AP News\\n\\nUndo\\n\\nAd Content\\n\\nAdvertisement: Pro Verbraucher\\n\\nVor 1987 geboren? Sie haben Anspruch auf diese VersicherungAdvertisement: Pro\\nVerbraucher\\n\\nUndo\\n\\nAdvertisement: Solaranlagen Magazin\\n\\nSo kostet Strom f\\u00fcr Hausbesitzer ab sofort nur noch wenige CentAdvertisement:\\nSolaranlagen Magazin\\n\\nUndo\\n\\nAdvertisement: Treppenlift-Vergleich\\n\\nRentner in Riesa: So kosten Treppenlifte fast nichtsAdvertisement:\\nTreppenlift-Vergleich\\n\\nUndo\\n\\nAd Content\\n\\nAdvertisement: Solar Vergleich\\n\\nRentner entwickelt Solar Rechner - Industrie sprachlosAdvertisement: Solar\\nVergleich\\n\\nUndo\\n\\nAdvertisement: MoreHealth\\n\\nDiese gr\\u00fcnen Kapseln werden als Alternative zur Magenband-OP\\neingesetztAdvertisement: MoreHealth\\n\\nUndo\\n\\nAdvertisement: Gesund im Alter Magazin\\n\\nCOPD ist nicht heilbar. Man kann aber versuchen die k\\u00f6rperliche Belastbarkeit\\nzu verbessern.Advertisement: Gesund im Alter Magazin\\n\\nUndo\\n\\nAdvertisement: Hydrip\\n\\nHandsauger: Erfindung aus Deutschland erobert gerade ganz\\nDeutschlandSaugwunder: Tierhaare, Staub, Schmutz in kleinen Ritzen schafft\\ndieser Handsauger kinderleicht.Advertisement: Hydrip\\n\\nUndo\\n\\nAdvertisement: Gesund im Alter Magazin\\n\\n\\u00c4lter, aber atemlos? Entdecken Sie Strategien f\\u00fcr eine ges\\u00fcndere Lunge im\\nAlterAdvertisement: Gesund im Alter Magazin\\n\\nUndo\\n\\nAd Content\\n\\nAdvertisement: Apotheke Regional\\n\\n\\u00c4rzte ratlos: 62-J\\u00e4hrige sieht fast 20 Jahre j\\u00fcnger aus dank diesem einfachen\\nTrick!Advertisement: Apotheke Regional\\n\\nUndo\\n\\nAdvertisement: MoreHealth\\n\\nAbnehm-Booster: Tausende Deutsche \\u00fcber 40 sind begeistertAdvertisement:\\nMoreHealth\\n\\nUndo\\n\\nAdvertisement: Daily Mail\\n\\nMisinformation: Is This Tweet Correct?Advertisement: Daily Mail\\n\\nUndo\\n\\nThe Associated Press is an independent global news organization dedicated to\\nfactual reporting. Founded in 1846, AP today remains the most trusted source\\nof fast, accurate, unbiased news in all formats and the essential provider of\\nthe technology and services vital to the news business. More than half the\\nworld\\u2019s population sees AP journalism every day.\\n\\nCopyright 2024 The Associated Press. All Rights Reserved.\\n\\n  * twitter\\n\\n  * instagram\\n\\n  * facebook\\n\\n  * World\\n\\n  * U.S.\\n\\n  * Election 2024\\n\\n  * Politics\\n\\n  * Sports\\n\\n  * Entertainment\\n\\n  * Business\\n\\n  * Science\\n\\n  * Fact Check\\n\\n  * Oddities\\n\\n  * Health\\n\\n  * Newsletters\\n\\n  * Video\\n\\n  * Photography\\n\\n  * Climate\\n\\n  * Personal Finance\\n\\n  * AP Investigations\\n\\n  * Tech\\n\\n  * Lifestyle\\n\\n  * Religion\\n\\n  * AP Buyline Personal Finance\\n\\n  * AP Buyline Shopping\\n\\n  * Press Releases\\n\\n  * My Account\\n\\n  * ...\\n\\n    * World\\n\\n      * Israel-Hamas War\\n      * Russia-Ukraine War\\n      * Global elections\\n      * Asia Pacific\\n      * Latin America\\n      * Europe\\n      * Africa\\n      * Middle East\\n      * China\\n      * Australia\\n\\n    * U.S.\\n\\n    * Election 2024\\n\\n      * Election Results\\n      * Delegate Tracker\\n      * AP & Elections\\n      * Global elections\\n\\n    * Politics\\n\\n      * Joe Biden\\n      * Election 2024\\n      * Congress\\n\\n    * Sports\\n\\n      * MLB\\n      * NBA\\n      * NHL\\n      * NFL\\n      * Soccer\\n      * Golf\\n      * Tennis\\n      * Auto Racing\\n      * 2024 Paris Olympic Games\\n\\n    * Entertainment\\n\\n      * Movie reviews\\n      * Book reviews\\n      * Celebrity\\n      * Television\\n      * Music\\n\\n    * Business\\n\\n      * Inflation\\n      * Personal finance\\n      * Financial Markets\\n      * Business Highlights\\n      * Financial wellness\\n\\n    * Science\\n\\n    * Fact Check\\n\\n    * Oddities\\n\\n    * Health\\n\\n    * Newsletters\\n\\n    * Video\\n\\n    * Photography\\n\\n    * Climate\\n\\n    * Personal Finance\\n\\n    * AP Investigations\\n\\n    * Tech\\n\\n      * Artificial Intelligence\\n      * Social Media\\n\\n    * Lifestyle\\n\\n    * Religion\\n\\n    * AP Buyline Personal Finance\\n\\n    * AP Buyline Shopping\\n\\n    * Press Releases\\n\\n    * My Account\\n\\nKeep on reading\\n\\nKentucky man on death row for killing 3 children and raping their mother has\\ndiedOfficials say a western Kentucky man on death row for killing three\\nchildren, raping their mother and setting their home ablaze has died.AP News\\n\\nUndo\\n\\nFocus turns to demeanor of girlfriend charged in Boston officer's death on\\nsecond day of trialThe demeanor of a woman charged in the death of her Boston\\npolice officer boyfriend and the words she used at the crime scene were the\\nfocus of the trial's second day.AP News\\n\\nUndo\\n\\nDefending champ Jason Day, hometown favorite Jordan Spieth headline Byron\\nNelsonJason Day and Jordan Spieth are sharing the spotlight as headliners at\\nthe CJ Cup Byron Nelson. Day is the defending champion of the event starting\\nThursday as TPC Craig Ranch.AP News\\n\\nUndo\\n\\nFather of former youth detention center resident testifies against him in New\\nHampshire trialThe father of a man who says he was raped and beaten as a teen\\nat New Hampshire\\u2019s youth detention center has testified that his son had a\\nreputation for dishonesty.AP News\\n\\nUndo\\n\\nDuo charged with murder in killings of couple whose remains were found\\nscattered on Long IslandTwo people have been charged with murder in the\\nkillings of a couple whose remains were found scattered around Long Island in\\nlate February and early March.AP News\\n\\nUndo\\n\\nAdvertisement: Pro Verbraucher\\n\\nBestatter packt aus: Anspruch auf Sterbegeld ist vielen\\nunbekanntAdvertisement: Pro Verbraucher\\n\\nUndo\\n\\nAdvertisement: Solaranlagen Magazin\\n\\nSo kostet Strom f\\u00fcr Hausbesitzer ab sofort nur noch wenige CentAdvertisement:\\nSolaranlagen Magazin\\n\\nUndo\\n\\nGrandparents and a grandchild are among those killed in a police chase in\\nCanadaPolice in Canada say that two grandparents and their infant grandchild\\nwere killed on highway east of Toronto when a van being chased by police\\ncrashed while going the wrong way, causing a six-vehicle collision.AP News\\n\\nUndo\\n\\nA Colorado woman was reported missing on Mother's Day 2020. Her death was just\\nruled a homicideThe death of a Colorado woman reported missing on Mother's Day\\nnearly four years ago has been ruled a homicide.AP News\\n\\nUndo\\n\\nA former Naval officer will challenge Florida Congressman Matt Gaetz in\\nupcoming GOP primaryFlorida Congressman Matt Gaetz will be challenged by a\\nformer U.S. Navy pilot in the upcoming Republican primary.AP News\\n\\nUndo\\n\\nA Yellowstone trip that ended with a man being arrested for kicking a\\nbisonYellowstone National Park officials say a man who kicked a bison in the\\nleg was then hurt by one of the animals.AP News\\n\\nUndo\\n\\nTrial starts in conspiracy-fueled case of girlfriend charged in Boston police\\nofficer's deathThe trial of a woman charged in the death of her Boston police\\nofficer boyfriend has begun with both sides presenting their opening\\nstatements.AP News\\n\\nUndo\\n\\nPro Verbraucher\\n\\nVor 1987 geboren? Sie haben Anspruch auf diese VersicherungPro Verbraucher\\n\\n:Advertisement:Advertisement\\n\\nUndo\\n\\nSolaranlagen Magazin\\n\\nDeutsches Solar-Genie: Neue Erfindung begeistert HausbesitzerSolaranlagen\\nMagazin\\n\\n:Advertisement:Advertisement\\n\\nUndo\\n\\nThe White House has a new curator. Donna Hayashi Smith is the first Asian\\nAmerican to hold the postThe White House has a new curator and Donna Hayashi\\nSmith is the first Asian American to hold the post.AP News\\n\\nUndo\\n\\nVideos of Georgia pitcher before and during his dominant outing leads A&M\\ncoach to suspect cheatingVideos showing Georgia\\u2019s Christian Mracna\\u2019s activity\\nin the bullpen and during a dominant performance in a game at top-ranked Texas\\nA&M has led Aggies coach Jim Schlossnagle to tell The Associated Press he\\nsuspects the pitcher was putting a foreign substance on the ball.AP News\\n\\nUndo\\n\\n## About Your Privacy Choices\\n\\nWe and our 354 partners store and/or access information on your device, such\\nas unique IDs in cookies to process personal data. We do this to deliver\\npersonalized content. You may accept or manage your choices by clicking `Show\\nPurposes` or at any time in the privacy policy page. The choices you make on\\nthis site are signaled to our partners.AP Privacy Policy\\n\\n### We and our partners process data to:\\n\\nActively scan device characteristics for identification. Measure content\\nperformance. Understand audiences through statistics or combinations of data\\nfrom different sources. Create profiles to personalise content. Develop and\\nimprove services. Store and/or access information on a device. Measure\\nadvertising performance. Personalised advertising and content, advertising and\\ncontent measurement, audience research and services development.\\n\\n## About Your Privacy\\n\\nWe process your data to deliver content or advertisements and measure the\\ndelivery of such content or advertisements to extract insights about our\\nwebsite. We share this information with our partners on the basis of consent.\\nYou may exercise your right to consent, based on a specific purpose below or\\nat a partner level in the link under each purpose. These choices will be\\nsignaled to our vendors participating in the Transparency and Consent\\nFramework. More information\\n\\n### Manage Consent Preferences\\n\\n#### Strictly Necessary Cookies 0 partners can use this purpose\\n\\nAlways Active\\n\\nThese cookies are necessary for the website to function and cannot be switched\\noff in our systems. They are usually only set in response to actions made by\\nyou which amount to a request for services, such as setting your privacy\\npreferences, logging in or filling in forms. You can set your browser to block\\nor alert you about these cookies, but some parts of the site will not then\\nwork. These cookies do not store any personally identifiable information.\\n\\n  * ##### Ensure security, prevent and detect fraud, and fix errors 231 partners can use this purpose\\n\\nlabel\\n\\nYour data can be used to monitor for and prevent unusual and possibly\\nfraudulent activity (for example, regarding advertising, ad clicks by bots),\\nand ensure systems and processes work properly and securely. It can also be\\nused to correct any problems you, the publisher or the advertiser may\\nencounter in the delivery of content and ads and in your interaction with\\nthem.\\n\\n  * ##### Deliver and present advertising and content 220 partners can use this purpose\\n\\nlabel\\n\\nCertain information (like an IP address or device capabilities) is used to\\nensure the technical compatibility of the content or advertising, and to\\nfacilitate the transmission of the content or ad to your device.\\n\\n#### Functional Cookies 0 partners can use this purpose\\n\\nThese cookies enable the website to provide enhanced functionality and\\npersonalisation. They may be set by us or by third party providers whose\\nservices we have added to our pages. If you do not allow these cookies then\\nsome or all of these services may not function properly.\\n\\n  * ##### Understand audiences through statistics or combinations of data from different sources 189 partners can use this purpose\\n\\nReports can be generated based on the combination of data sets (like user\\nprofiles, statistics, market research, analytics data) regarding your\\ninteractions and those of other users with advertising or (non-advertising)\\ncontent to identify common characteristics (for instance, to determine which\\ntarget audiences are more receptive to an ad campaign or to certain contents).\\n\\n  * ##### Create profiles to personalise content 89 partners can use this purpose\\n\\nInformation about your activity on this service (for instance, forms you\\nsubmit, non-advertising content you look at) can be stored and combined with\\nother information about you (such as your previous activity on this service or\\nother websites or apps) or similar users. This is then used to build or\\nimprove a profile about you (which might for example include possible\\ninterests and personal aspects). Your profile can be used (also later) to\\npresent content that appears more relevant based on your possible interests,\\nsuch as by adapting the order in which content is shown to you, so that it is\\neven easier for you to find content that matches your interests.\\n\\n#### Performance Cookies 0 partners can use this purpose\\n\\nThese cookies allow us to count visits and traffic sources so we can measure\\nand improve the performance of our site. They help us to know which pages are\\nthe most and least popular and see how visitors move around the site. All\\ninformation these cookies collect is aggregated and therefore anonymous. If\\nyou do not allow these cookies we will not know when you have visited our\\nsite, and will not be able to monitor its performance.\\n\\n  * ##### Measure content performance 141 partners can use this purpose\\n\\nInformation regarding which content is presented to you and how you interact\\nwith it can be used to determine whether the (non-advertising) content e.g.\\nreached its intended audience and matched your interests. For instance,\\nwhether you read an article, watch a video, listen to a podcast or look at a\\nproduct description, how long you spent on this service and the web pages you\\nvisit etc. This is very helpful to understand the relevance of (non-\\nadvertising) content that is shown to you.\\n\\n  * ##### Develop and improve services 246 partners can use this purpose\\n\\nInformation about your activity on this service, such as your interaction with\\nads or content, can be very helpful to improve products and services and to\\nbuild new products and services based on user interactions, the type of\\naudience, etc. This specific purpose does not include the development or\\nimprovement of user profiles and identifiers.\\n\\n#### Targeting Cookies 0 partners can use this purpose\\n\\nTargeting cookies may be set through our site by our advertising partners, who\\nmay use the information they obtain to build a profile of your interests and\\nshow you relevant ads on this and other sites. These cookies do not store\\ndirectly identifiable personal information, but they include information that\\nmay uniquely identify your browser and internet device. If you decide to opt\\nout of targeted advertising, you will continue to see ads, but they may be\\nless relevant or based only on information that we collect directly from your\\nuse of the site.\\n\\n  * ##### Actively scan device characteristics for identification 48 partners can use this purpose\\n\\nWith your acceptance, certain characteristics specific to your device might be\\nrequested and used to distinguish it from other devices (such as the installed\\nfonts or plugins, the resolution of your screen) in support of the purposes\\nexplained in this notice.\\n\\n#### Personalised advertising and content, advertising and content\\nmeasurement, audience research and services development 277 partners can use\\nthis purpose\\n\\n  * ##### Use limited data to select advertising 256 partners can use this purpose\\n\\nAdvertising presented to you on this service can be based on limited data,\\nsuch as the website or app you are using, your non-precise location, your\\ndevice type or which content you are (or have been) interacting with (for\\nexample, to limit the number of times an ad is presented to you).\\n\\n  * ##### Create profiles for personalised advertising 212 partners can use this purpose\\n\\nInformation about your activity on this service (such as forms you submit,\\ncontent you look at) can be stored and combined with other information about\\nyou (for example, information from your previous activity on this service and\\nother websites or apps) or similar users. This is then used to build or\\nimprove a profile about you (that might include possible interests and\\npersonal aspects). Your profile can be used (also later) to present\\nadvertising that appears more relevant based on your possible interests by\\nthis and other entities.\\n\\n  * ##### Use profiles to select personalised advertising 207 partners can use this purpose\\n\\nAdvertising presented to you on this service can be based on your advertising\\nprofiles, which can reflect your activity on this service or other websites or\\napps (like the forms you submit, content you look at), possible interests and\\npersonal aspects.\\n\\n  * ##### Use profiles to select personalised content 75 partners can use this purpose\\n\\nContent presented to you on this service can be based on your content\\npersonalisation profiles, which can reflect your activity on this or other\\nservices (for instance, the forms you submit, content you look at), possible\\ninterests and personal aspects. This can for example be used to adapt the\\norder in which content is shown to you, so that it is even easier for you to\\nfind (non-advertising) content that matches your interests.\\n\\n  * ##### Use limited data to select content 54 partners can use this purpose\\n\\nContent presented to you on this service can be based on limited data, such as\\nthe website or app you are using, your non-precise location, your device type,\\nor which content you are (or have been) interacting with (for example, to\\nlimit the number of times a video or an article is presented to you).\\n\\n#### Store and/or access information on a device 283 partners can use this\\npurpose\\n\\nCookies, device or similar online identifiers (e.g. login-based identifiers,\\nrandomly assigned identifiers, network based identifiers) together with other\\ninformation (e.g. browser type and information, language, screen size,\\nsupported technologies etc.) can be stored or read on your device to recognise\\nit each time it connects to an app or to a website, for one or several of the\\npurposes presented here.\\n\\n#### Measure advertising performance 303 partners can use this purpose\\n\\nInformation regarding which advertising is presented to you and how you\\ninteract with it can be used to determine how well an advert has worked for\\nyou or other users and whether the goals of the advertising were reached. For\\ninstance, whether you saw an ad, whether you clicked on it, whether it led you\\nto buy a product or visit a website, etc. This is very helpful to understand\\nthe relevance of advertising campaigns.\\n\\n### Cookie List\\n\\nlabel\\n\\nConsent Leg.Interest\\n\\nlabel\\n\\nlabel\\n\\nlabel\\n\\n\", \"frontpage\": true}"}
