{"value":"{\"aid\": \"40230123\", \"title\": \"Power Protects Itself \\u2013 The Nation\", \"url\": \"https://www.thenation.com/article/activism/columbia-ccny-cuny-protest-nypd-police-brutality/\", \"domain\": \"thenation.com\", \"votes\": 3, \"user\": \"zhengiszen\", \"posted_at\": \"2024-05-01 22:05:20\", \"comments\": 0, \"source_title\": \"This Is How Power Protects Itself\", \"source_text\": \"This Is How Power Protects Itself | The Nation\\n\\n# Log In\\n\\nSkip to content Skip to footer\\n\\nThis Is How Power Protects Itself\\n\\n###### Sections\\n\\n###### The Nation\\n\\n###### Current Issue\\n\\nActivism / May 1, 2024\\n\\n# This Is How Power Protects Itself\\n\\nThe decision to sic the police on peaceful protesters is evidence that people\\nin charge are panicking. They\\u2019re terrified of the strength of the movement for\\nPalestine.\\n\\nJack Mirkinson\\n\\nFacebook\\n\\nTwitter\\n\\nEmail\\n\\nFlipboard\\n\\nPocket\\n\\nAd Policy\\n\\nNYPD officers in riot gear march onto Columbia University campus, where pro-\\nPalestinian students are barricaded inside a building and have set up an\\nencampment, in New York City on April 30, 2024.\\n\\n(Kena Betancurt / AFP via Getty Images)\\n\\nColumbia University found itself at the center of a global movement after\\nstudents launched a Gaza Solidarity Encampment late last month. On Tuesday\\nnight, Columbia president Minouche Shafik, having apparently decided that the\\nprotests could no longer be tolerated, called in the New York Police\\nDepartment to \\u201cmaintain order\\u201d and ensure that no more tents pop up on the\\nWest Lawn. The NYPD happily complied. Officers forced their way into Hamilton\\nHall, which had been occupied by protesters, and violently cleared the\\nbuilding. Dozens of people were arrested. Further uptown, police ran riot at\\nthe City College of New York, where another student encampment and occupation\\nhad sprung up. Hundreds of officers stormed the school, violently arrested\\nprotesters, and hauled dozens of people away. After the campus had been\\ncleared, police raised the American flag.\\n\\nNew York City Council member Chi Oss\\u00e9 summed the scene up well, tweeting,\\n\\u201cTonight in the United States of America, we are witnessing a militarized\\npolice force, funded by NYC taxpayers, arresting American students in the name\\nof a foreign country that\\u2019s carrying out a genocide.\\u201d\\n\\n#### Current Issue\\n\\nApril 2024 Issue\\n\\nIn Los Angeles, police stood by and watched as a group of Israel supporters\\nbeat pro-Palestinian demonstrators at UCLA, attacking them with mace and\\nfireworks. Police also used pepper spray on students at the University of\\nSouth Florida earlier on Tuesday.\\n\\nWhile all of this was happening, Israel continued bombing Palestinians up and\\ndown the Gaza Strip.\\n\\nThis shock-and-awe campaign was about smashing a rapidly expanding student\\nmovement whose bravery has captivated people around the world. It was about\\neliminating the threat that the pro-Palestine movement poses to business as\\nusual. It was about showing university donors, Republicans, Democrats, and the\\nWhite House that these schools knew which side they were supposed to be on.\\n\\nAnd it was about reminding these students\\u2014these kids who had the nerve to sit\\nin tents\\u2014of who is in charge and who isn\\u2019t. The students at Columbia and City\\nCollege and UCLA and the University of South Florida and all of the more than\\n70 Gaza solidarity protests that have emerged at campuses around the country\\ncommitted the sin of believing that it is acceptable for them to try to\\ninfluence what happens at their school or\\u2014heaven forbid\\u2014what happens in the\\nworld at large. The hope is that these protesters will learn who the world is\\nreally supposed to work for\\u2014that there is a sky-high price to be paid for\\nquestioning the natural order of things. You can feel the question thrumming\\nthrough the violence and repression: How dare you?\\n\\nBut here\\u2019s the lesson in all this: The people in charge are scared. They are\\nterrified of the power of the movement for Palestine\\u2014of its size, moral\\nrighteousness, fearlessness, diversity, and love. And they are terrified that\\none of the key pillars of the American system\\u2014support for Israel no matter\\nwhat it does\\u2014is being shaken.\\n\\nAdministrators and politicians are panicking. People aren\\u2019t supposed to\\nquestion the billions of dollars we send to Israel or the nature of Israel\\u2019s\\napartheid system. They\\u2019re supposed to think that Zionism is sacred and that no\\nJew could ever oppose it. They\\u2019re supposed to stand by and watch as Israel\\ncommits crimes against humanity. And instead, they are rising up. There are\\nmore encampments every day.\\n\\nThe past seven months have been horrendous. The atrocities Israel has\\ncommitted are almost too much to wrap your mind around, and the US\\ngovernment\\u2019s complicity is almost too much to bear.\\n\\nBut if we have seen the worst of what the world has to offer, we have also\\nseen the best. The movement for Palestinian liberation is stronger than ever.\\nPeople are putting their futures, and their lives, on the line for Palestine\\nin numbers we\\u2019ve never seen. There has been a collective awakening. Nobody\\nknows what that awakening will lead to, but it feels clear that, on some\\nfundamental level it can\\u2019t go back to the status quo.\\n\\nI want to return to that question that you can feel being spat at the students\\nbetween the lines of the statements from the likes of the White House, New\\nYork City Mayor Eric Adams, and Columbia\\u2019s president Minouche Shafik: How dare\\nyou?\\n\\nThe students all over the country know the answer, and so does everyone else\\nfighting for Palestinian liberation. The answer is this: You dare because that\\nis how the world changes. And make no mistake, the world is changing now. All\\nthe cops in the world can\\u2019t stop that.\\n\\nKeep Reading\\n\\n  * Submit a correction\\n  * Send a letter to the editor\\n  * Reprints & permissions\\n\\n## Thank you for reading The Nation!\\n\\nWe hope you enjoyed the story you just read, just one of the many incisive,\\ndeeply-reported articles we publish daily. Now more than ever, we need\\nfearless journalism that shifts the needle on important issues, uncovers\\nmalfeasance and corruption, and uplifts voices and perspectives that often go\\nunheard in mainstream media.\\n\\nThroughout this critical election year and a time of media austerity and\\nrenewed campus activism and rising labor organizing, independent journalism\\nthat gets to the heart of the matter is more critical than ever before. Donate\\nright now and help us hold the powerful accountable, shine a light on issues\\nthat would otherwise be swept under the rug, and build a more just and\\nequitable future.\\n\\nFor nearly 160 years, The Nation has stood for truth, justice, and moral\\nclarity. As a reader-supported publication, we are not beholden to the whims\\nof advertisers or a corporate owner. But it does take financial resources to\\nreport on stories that may take weeks or months to properly investigate,\\nthoroughly edit and fact-check articles, and get our stories into the hands of\\nreaders.\\n\\nDonate today and stand with us for a better future. Thank you for being a\\nsupporter of independent journalism.\\n\\nThank you for your generosity.\\n\\n##### Jack Mirkinson\\n\\nJack Mirkinson is a senior editor at The Nation and cofounder of Discourse\\nBlog.\\n\\n## More from The Nation\\n\\n## Students at Brown Just Secured a Vote on Divestment. What Happens Next?\\nStudents at Brown Just Secured a Vote on Divestment. What Happens Next?\\n\\nOn April 30, protesters disbanded their encampment when the university pledged\\nto vote on divestment from companies affiliated with Israel. This shows a\\ndifferent way of doing thi...\\n\\nStudentNation / Owen Dahlkamp\\n\\n## Killing Them Not Softly Killing Them Not Softly\\n\\nThrow pillow for the NRA.\\n\\nOppArt / Mich\\u00e8le Colburn\\n\\n## Top 12 May Day Songs Top 12 May Day Songs\\n\\nIn tribute to all those planning actions for May Day.\\n\\nMultimedia / Peter Rothberg\\n\\n## The Student Crackdown Didn\\u2019t Start Last Week. Months of Repression Got Us\\nHere. The Student Crackdown Didn\\u2019t Start Last Week. Months of Repression Got\\nUs Here.\\n\\nWe are witnessing the culmination of a months-long effort by universities to\\nsmother pro-Palestinian activism.\\n\\nAlaa Hajyahia et al.\\n\\n## Why Students at Columbia University Are Occupying Hamilton Hall Why\\nStudents at Columbia University Are Occupying Hamilton Hall\\n\\nPro-Palestine students have taken over the same building that anti-Vietnam War\\nand anti-gentrification protesters occupied in 1968.\\n\\nStudentNation / Lara-Nour Walton\\n\\n## Spanish Women in Science Spanish Women in Science\\n\\nJosefina Castellv\\u00ed (1935), Spanish oceanographer, biologist, and writer. Maria\\nAndresa Casamayor (1720- 1780), Spanish mathematician. Margarita Salas\\n(1938-2019), Spanish biochemis...\\n\\nOppArt / Adriana Mosquera Soto\\n\\n## Sections\\n\\n  * Politics\\n  * World\\n  * Economy\\n  * Culture\\n  * Books & the Arts\\n  * OppArt\\n  * Poetry\\n\\n## Magazine\\n\\n  * Current Issue\\n  * Masthead\\n  * Archive\\n  * Subscription Services\\n  * Reprints\\n\\n## More\\n\\n  * About Us\\n  * Contact Us\\n  * Advertise\\n  * Nation Events\\n  * Nation Shop\\n  * Nation Travels\\n  * Nation Wine Club\\n  * Nation Podcasts\\n  * Newsletters\\n\\n## Follow\\n\\n  * Facebook\\n  * Twitter\\n  * Instagram\\n  * YouTube\\n  * RSS\\n\\nFounded by abolitionists in 1865, The Nation has long believed that\\nindependent journalism has the capacity to bring about a more democratic and\\nequitable world.\\n\\nDonate\\n\\n  * Privacy Policy\\n  * Terms of Use\\n  * Accessibility Statement for The Nation magazine\\n  * Help\\n  * Careers\\n  * Nation Fund\\n\\nx\\n\\n## Latest from the nation\\n\\nToday 4:18 pm\\n\\n### The Police Take City College\\n\\nNicolas Niarchos\\n\\nToday 12:35 pm\\n\\n### Harvey Weinstein\\u2019s Reversal of Fortune\\n\\nJoAnn Wypijewski\\n\\nToday 10:40 am\\n\\n### Students at Brown Just Secured a Vote on Divestment. What Happens Next?\\n\\nOwen Dahlkamp\\n\\nToday 9:54 am\\n\\n### Why Terry Southern Was \\u201cthe Most Useful Writer\\u201d in America\\n\\nRichard Kreitner\\n\\nToday 9:47 am\\n\\n### This Is How Power Protects Itself\\n\\nJack Mirkinson\\n\\n## editor's picks\\n\\n### VIDEO: People in Denmark Are a Lot Happier Than People in the United\\nStates. Here\\u2019s Why.\\n\\nThe Nation\\n\\n### Historical Amnesia About Slavery Is a Tool of White Supremacy\\n\\nMychal Denzel Smith\\n\\n\", \"frontpage\": true}"}
