{"value":"{\"aid\": \"40230182\", \"title\": \"Prompt Routers and Modular Prompt Architecture\", \"url\": \"https://blog.promptlayer.com/prompt-routers-and-modular-prompt-architecture-8691d7a57aee\", \"domain\": \"promptlayer.com\", \"votes\": 1, \"user\": \"jzone3\", \"posted_at\": \"2024-05-01 22:09:49\", \"comments\": 0, \"source_title\": \"Just a moment...\", \"source_text\": \"Just a moment...\\n\\n# blog.promptlayer.com\\n\\n## Verifying you are human. This may take a few seconds.\\n\\nblog.promptlayer.com needs to review the security of your connection before\\nproceeding.\\n\\nVerification successful\\n\\nWaiting for blog.promptlayer.com to respond...\\n\\nRay ID: 87d3d6a4093d3657\\n\\nPerformance & security by Cloudflare\\n\\n\", \"frontpage\": false}"}
